NESO BMU ID,SETT UNIT ID,CRM UNIT CAT,BMRS FUEL TYPE,REG FUEL TYPE,REG TYPE,DGB FLG,GC OC2,,Updated: 20/05/2026
ABERU-1,E_ABERDARE,Primary BMU,OCGT,OCGT,BMU,Generation Unit,,,
ABRBO-1,T_ABRBO-1,Primary BMU,WIND,WIND,BMU,Generation Unit,Y,,
ABRTW-1,E_ABRTW-1,Primary BMU,WIND,WIND,BMU,Generation Unit,Y,,
ACHAI-1,,Primary BMU,WIND,WIND,BMU,Generation Unit,,,
ACHLW-1,C__PSMAR001,Primary BMU,WIND,WIND,EELPS,Generation Unit,Y,,
ACHRW-1,T_ACHRW-1,Primary BMU,WIND,WIND,BMU,Generation Unit,Y,,
ACHYW-1,,Primary BMU,WIND,WIND,EELPS,Generation Unit,Y,,
AD-JEDF02,2__JLOND002,Primary BMU,OCGT,OCGT,BMU,Generation Unit,,,
AD-JEDF03,2__JLOND003,Primary BMU,OCGT,OCGT,BMU,Generation Unit,,,
AFTOW-1,T_AFTOW-1,Primary BMU,WIND,WIND,BMU,Generation Unit,Y,,
AG-ADL00B,V__BADEL001,Secondary BMU,OTHER,GAS,BMU,Generation Unit,,,
AG-ADL01M,V__MADEL001,Secondary BMU,OTHER,GAS,BMU,Generation Unit,,,
AG-ADL02G,V__GADEL001,Secondary BMU,OTHER,GAS,BMU,Generation Unit,,,
AG-ADL03E,V__EADEL001,Secondary BMU,OTHER,GAS,BMU,Generation Unit,,,
AG-ADL04H,V__JADEL001,Secondary BMU,OTHER,GAS,BMU,Generation Unit,,,
AG-ADL05H,,Secondary BMU,OTHER,OTHER,BMU,Generation Unit,,,
AG-AECO01,2__AECOT003,Primary BMU,OTHER,SOLAR,BMU,Generation Unit,,,
AG-AEDF01,2__ALOND001,Primary BMU,OTHER,SOLAR,BMU,Generation Unit,,,
AG-AEDF03,2__ALOND003,Additional Supplier BMU,OCGT,OCGT,BMU,Generation Unit,,,
AG-AEDF04,2__ALOND004,Additional Supplier BMU,OTHER,BATTERIES,BMU,Bi-Directional,,,
AG-AFLX03,,Additional Supplier BMU,OTHER,GAS,BMU,Generation Unit,Y,,
AG-AFLX04,,Additional Supplier BMU,OTHER,GAS,BMU,Generation Unit,Y,,
AG-AFLX05,,Additional Supplier BMU,OTHER,GAS,BMU,Generation Unit,Y,,
AG-AHAR01,2__APOWQ001,Additional Supplier BMU,OTHER,BATTERIES,BMU,Bi-Directional,,,
AG-ALIM02,2__AANGE001,Primary BMU,OTHER,BATTERIES,BMU,Bi-Directional,,,
AG-ALIM03,2__AANGE002,Primary BMU,OTHER,BATTERIES,BMU,Bi-Directional,,,
AG-ALIM04,2__AANGE003,Primary BMU,OTHER,OTHER,BMU,Bi-Directional,,,
AG-AOCT01,2__AMRCY001,Additional Supplier BMU,OTHER,LOAD RESPONSE,BMU,Demand Unit,,,
AG-ASTK01,,Additional Supplier BMU,OTHER,OTHER,BMU,Generation Unit,,,
AG-ASTK02,2__ASTAT002,Primary BMU,OTHER,OTHER,BMU,Generation Unit,,,
AG-ASTK03,,Primary BMU,OTHER,GAS,BMU,Generation Unit,Y,,
AG-ASTK04,2__ASTAT004,Primary BMU,OTHER,BATTERIES,BMU,Bi-Directional,,,
AG-ASTK05,,Primary BMU,OTHER,BATTERIES,BMU,Generation Unit,,,
AG-ASTK06,2__ASTAT006,Primary BMU,OTHER,OTHER,BMU,Generation Unit,,,
AG-ASTK07,2__ASTAT007,Primary BMU,OTHER,OTHER,BMU,Generation Unit,,,
AG-ASTK08,,Additional Supplier BMU,OTHER,OTHER,BMU,Bi-Directional,Y,,
AG-ASTK09,2__ASTAT009,Primary BMU,OTHER,BATTERIES,BMU,Bi-Directional,,,
AG-AUKP01,2__AUKPR001,Primary BMU,OTHER,GAS,BMU,Generation Unit,,,
AG-AUKP02,2__AUKP002,Additional Supplier BMU,OTHER,GAS,BMU,Generation Unit,,,
AG-AUKP03,2__AUKP003,Additional Supplier BMU,OTHER,GAS,BMU,Generation Unit,,,
AG-AXL00K,,Secondary BMU,OTHER,LOAD RESPONSE,BMU,Bi-Directional,,,
AG-BEDF03,2__BLOND003,Primary BMU,WIND,WIND,BMU,Generation Unit,Y,,
AG-BEDF04,2__BLOND004,Additional Supplier BMU,OTHER,BATTERIES,BMU,Bi-Directional,,,
AG-BEDG01,2__BEDGE001,Additional Supplier BMU,OTHER,SOLAR,BMU,Generation Unit,,,
AG-BFLX01,,Additional Supplier BMU,OTHER,BATTERIES,BMU,Generation Unit,,,
AG-BFLX03,,Additional Supplier BMU,OTHER,GAS,BMU,Generation Unit,,,
AG-BFLX04,,Additional Supplier BMU,OTHER,BATTERIES,BMU,Bi-Directional,Y,,
AG-BHAR01,2__BPOWQ001,Primary BMU,OTHER,GAS,BMU,Generation Unit,,,
AG-BLIM02,2__BANGE001,Primary BMU,OTHER,BATTERIES,BMU,Bi-Directional,,,
AG-BLIM03,2__BANGE002,Primary BMU,OTHER,BATTERIES,BMU,Bi-Directional,,,
AG-BLIM04,2__BANGE003,Primary BMU,PS,PS,BMU,Bi-Directional,,,
AG-BOCT01,2__BMRCY001,Additional Supplier BMU,OTHER,LOAD RESPONSE,BMU,Demand Unit,,,
AG-BSMA01,2__BSMAR002,Primary BMU,OTHER,OTHER,BMU,Generation Unit,,,
AG-BSTK03,,Primary BMU,OTHER,GAS,BMU,Generation Unit,Y,,
AG-BSTK04,,Additional Supplier BMU,OTHER,GAS,BMU,Generation Unit,,,
AG-BUKP01,,Primary BMU,OTHER,BATTERIES,BMU,Generation Unit,,,
AG-BUKP02,2__BUKP002,Additional Supplier BMU,OTHER,GAS,BMU,Generation Unit,,,
AG-BUKP03,2__BUKP003,Additional Supplier BMU,OTHER,GAS,BMU,Generation Unit,,,
AG-CBS02L,,Secondary BMU,OTHER,BATTERIES,BMU,Generation Unit,,,
AG-CBS05L,,Secondary BMU,OTHER,BATTERIES,BMU,Generation Unit,Y,,
AG-CBS06B,,Secondary BMU,OTHER,BATTERIES,BMU,Generation Unit,Y,,
AG-CBS07B,V__ECEND007,Secondary BMU,OTHER,LOAD RESPONSE,BMU,Demand Unit,,,
AG-CBS08M,,Secondary BMU,OTHER,BATTERIES,BMU,Generation Unit,,,
AG-COCT01,,Additional Supplier BMU,OTHER,LOAD RESPONSE,BMU,Demand Unit,,,
AG-CRE00A,,Secondary BMU,OTHER,DIESEL,BMU,Generation Unit,,,
AG-CRE01K,,Secondary BMU,OTHER,DIESEL,BMU,Generation Unit,,,
AG-CRE02L,,Secondary BMU,OTHER,DIESEL,BMU,Generation Unit,,,
AG-DEDF01,2__DLOND001,Primary BMU,OTHER,GAS,BMU,Generation Unit,Y,,
AG-DEDF02,2__DLOND002,Primary BMU,OCGT,OCGT,BMU,Generation Unit,,,
AG-DLIM01,2__DANGE001,Primary BMU,OTHER,BATTERIES,BMU,Bi-Directional,,,
AG-DOCT01,,Additional Supplier BMU,OTHER,LOAD RESPONSE,BMU,Demand Unit,,,
AG-DSK01G,,Secondary BMU,OTHER,BATTERIES,BMU,Bi-Directional,,,
AG-DSK01H,V__HDSKC001,Secondary BMU,OTHER,BATTERIES,BMU,Bi-Directional,,,
AG-DSTK01,,Primary BMU,OTHER,GAS,NON-STANDARD,Generation Unit,Y,,
AG-DSTK02,,Primary BMU,OTHER,GAS,BMU,Generation Unit,Y,,
AG-DSTK03,,Primary BMU,OTHER,GAS,NON-STANDARD,Generation Unit,Y,,
AG-DSTK04,,Primary BMU,OTHER,GAS,BMU,Generation Unit,Y,,
AG-DSTK05,,Primary BMU,OTHER,GAS,BMU,Generation Unit,Y,,
AG-DSTK07,,Additional Supplier BMU,OTHER,GAS,BMU,Generation Unit,Y,,
AG-DUKP01,,Primary BMU,OTHER,BATTERIES,BMU,Generation Unit,Y,,
AG-DUKP02,2__DUKPR002,Additional Supplier BMU,OTHER,GAS,BMU,Generation Unit,,,
AG-DUKP08,2__DUKPR008,Additional Supplier BMU,OTHER,BATTERIES,BMU,Generation Unit,,,
AG-EDF01C,,Secondary BMU,OTHER,BATTERIES,BMU,Bi-Directional,,,
AG-EEDF02,,Additional Supplier BMU,OCGT,OCGT,BMU,Generation Unit,,,
AG-EFLX02,,Additional Supplier BMU,OTHER,BATTERIES,BMU,Generation Unit,,,
AG-EFLX03,,Additional Supplier BMU,OTHER,GAS,BMU,Bi-Directional,Y,,
AG-EFLX04,2__EFLEX004,Additional Supplier BMU,OTHER,OTHER,BMU,Bi-Directional,Y,,
AG-EFSE01,2__EFSEN003,Primary BMU,OTHER,BATTERIES,BMU,Bi-Directional,,,
AG-ELIM02,2__EANGE001,Primary BMU,OTHER,BATTERIES,BMU,Bi-Directional,,,
AG-ELIM03,2__EANGE002,Primary BMU,OTHER,BATTERIES,BMU,Bi-Directional,,,
AG-EOCT01,2__EMRCY001,Additional Supplier BMU,OTHER,LOAD RESPONSE,BMU,Demand Unit,,,
AG-ERV01M,V__MEROV001,Secondary BMU,OTHER,GAS,BMU,Generation Unit,Y,,
AG-ESTK01,,Primary BMU,OTHER,GAS,NON-STANDARD,Generation Unit,Y,,
AG-ESTK03,,Primary BMU,OTHER,GAS,BMU,Generation Unit,Y,,
AG-ESTK05,2__ESTAT005,Primary BMU,OTHER,GAS,BMU,Generation Unit,,,
AG-EUKP01,2__EUKPR001,Primary BMU,OTHER,GAS,BMU,Generation Unit,,,
AG-EXE00E,,Secondary BMU,OTHER,BATTERIES,BMU,Bi-Directional,,,
AG-FFLX01,2__FFLEX001,Additional Supplier BMU,OTHER,GAS,BMU,Bi-Directional,,,
AG-FLIM02,2__FANGE002,Primary BMU,OTHER,BATTERIES,BMU,Bi-Directional,,,
AG-FLX00L,,Secondary BMU,OTHER,BATTERIES,BMU,Generation Unit,,,
AG-FLX02N,,Secondary BMU,OTHER,BATTERIES,BMU,Bi-Directional,Y,,
AG-FLX06M,,Secondary BMU,OTHER,BATTERIES,BMU,Bi-Directional,,,
AG-FLX09A,V__AFLEX002,Secondary BMU,OTHER,GAS,BMU,Generation Unit,,,
AG-FLX0AA,V__AFLEX003,Secondary BMU,OTHER,BATTERIES,BMU,Demand Unit,,,
AG-FLX0BH,,Secondary BMU,OTHER,BATTERIES,BMU,Bi-Directional,,,
AG-FLX0CN,V__NFLEX003,Secondary BMU,OTHER,BATTERIES,BMU,Bi-Directional,,,
AG-FOCT01,,Additional Supplier BMU,OTHER,LOAD RESPONSE,BMU,Demand Unit,,,
AG-FOR01G,V__GFORS001,Secondary BMU,OTHER,GAS,BMU,Generation Unit,,,
AG-FOR01N,V__,Secondary BMU,OTHER,GAS,BMU,Generation Unit,,,
AG-FOR02N,V__NFORS006,Secondary BMU,OTHER,GAS,BMU,Generation Unit,,,
AG-FSTK02,,Primary BMU,OTHER,GAS,NON-STANDARD,Generation Unit,Y,,
AG-FSTK03,,Primary BMU,OTHER,GAS,NON-STANDARD,Generation Unit,Y,,
AG-GBL01B,,Primary BMU,OTHER,LOAD RESPONSE,BMU,Demand Unit,,,
AG-GBL01G,V__GGBLO027,Secondary BMU,OTHER,LOAD RESPONSE,BMU,Demand Unit,,,
AG-GBL01K,V__KGBLO029,Secondary BMU,OTHER,BATTERIES,BMU,Demand Unit,,,
AG-GBL02E,,Secondary BMU,OTHER,LOAD RESPONSE,BMU,Demand Unit,,,
AG-GBL02K,V__KGBLO031,Secondary BMU,OTHER,LOAD RESPONSE,BMU,Demand Unit,,,
AG-GBL03F,,Secondary BMU,OTHER,LOAD RESPONSE,BMU,Demand Unit,,,
AG-GBL04M,,Secondary BMU,OTHER,LOAD RESPONSE,BMU,Demand Unit,,,
AG-GBL05D,,Secondary BMU,OTHER,GAS,BMU,Generation Unit,,,
AG-GBL06G,,Secondary BMU,OTHER,LOAD RESPONSE,BMU,Demand Unit,,,
AG-GBL07N,,Secondary BMU,OTHER,LOAD RESPONSE,BMU,Demand Unit,,,
AG-GBL08H,,Secondary BMU,OTHER,LOAD RESPONSE,BMU,Demand Unit,,,
AG-GBL08N,V__NGBLO002,Secondary BMU,OTHER,LOAD RESPONSE,BMU,Demand Unit,,,
AG-GBL09B,V__BGBLO009,Secondary BMU,OTHER,BATTERIES,BMU,Demand Unit,,,
AG-GBL09H,V__HGBLO030,Secondary BMU,OTHER,LOAD RESPONSE,BMU,Demand Unit,,,
AG-GBL0AE,,Secondary BMU,OTHER,BATTERIES,BMU,Demand Unit,,,
AG-GBL0BE,,Secondary BMU,OTHER,BATTERIES,BMU,Demand Unit,,,
AG-GBL0CE,,Secondary BMU,OTHER,BATTERIES,BMU,Demand Unit,,,
AG-GBL0DN,,Secondary BMU,OTHER,BATTERIES,BMU,Demand Unit,,,
AG-GBL0EN,,Secondary BMU,OTHER,BATTERIES,BMU,Demand Unit,,,
AG-GBL0FM,,Secondary BMU,OTHER,BATTERIES,BMU,Demand Unit,,,
AG-GBL0GM,,Secondary BMU,OTHER,BATTERIES,BMU,Demand Unit,,,
AG-GBL0HM,,Secondary BMU,OTHER,BATTERIES,BMU,Demand Unit,,,
AG-GBL0IA,,Secondary BMU,OTHER,LOAD RESPONSE,BMU,Demand Unit,,,
AG-GBL0JP,,Secondary BMU,OTHER,LOAD RESPONSE,BMU,Demand Unit,,,
AG-GBL0KB,,Secondary BMU,OTHER,BATTERIES,BMU,Demand Unit,,,
AG-GBL0LB,,Secondary BMU,OTHER,GAS,BMU,Generation Unit,,,
AG-GBL0MM,,Secondary BMU,OTHER,GAS,BMU,Generation Unit,,,
AG-GBL0NN,,Secondary BMU,OTHER,GAS,BMU,Generation Unit,,,
AG-GBL0OH,,Secondary BMU,OTHER,GAS,BMU,Generation Unit,,,
AG-GBL0PE,,Secondary BMU,OTHER,GAS,BMU,Generation Unit,,,
AG-GEDF03,2__GLOND003,Primary BMU,OCGT,OCGT,BMU,Generation Unit,,,
AG-GEDF04,2__GLOND004,Primary BMU,OCGT,OCGT,BMU,Generation Unit,,,
AG-GEDF05,2__GLOND005,Additional Supplier BMU,OTHER,BATTERIES,BMU,Bi-Directional,,,
AG-GFLX01,,Additional Supplier BMU,OTHER,GAS,BMU,Generation Unit,Y,,
AG-GFLX02,,Additional Supplier BMU,OTHER,GAS,NON-STANDARD,Generation Unit,,,
AG-GFLX03,,Additional Supplier BMU,CCGT,CCGT,BMU,Generation Unit,,,
AG-GFLX04,2__GFLEX004,Additional Supplier BMU,OTHER,GAS,BMU,Generation Unit,,,
AG-GFLX05,2__GFLEX005,Additional Supplier BMU,OTHER,GAS,BMU,Generation Unit,,,
AG-GFLX06,2__GFLEX006,Additional Supplier BMU,OTHER,GAS,BMU,Generation Unit,,,
AG-GFLX07,2__GFLEX007,Additional Supplier BMU,OTHER,GAS,BMU,Generation Unit,,,
AG-GFLX08,2__GFLEX008,Additional Supplier BMU,OTHER,BATTERIES,BMU,Bi-Directional,,,
AG-GFLX09,2__GFLEX009,Additional Supplier BMU,OTHER,BATTERIES,BMU,Bi-Directional,,,
AG-GLIM01,,Secondary BMU,OTHER,BATTERIES,BMU,Bi-Directional,,,
AG-GLIM02,2__GANGE002,Primary BMU,OTHER,BATTERIES,BMU,Bi-Directional,,,
AG-GLIM03,2__GANGE003,Primary BMU,OTHER,OTHER,BMU,Bi-Directional,,,
AG-GLIM04,2__GANGE004,Primary BMU,OTHER,OTHER,BMU,Bi-Directional,,,
AG-GOCT01,,Additional Supplier BMU,OTHER,LOAD RESPONSE,BMU,Demand Unit,,,
AG-GSMA02,2__GSMAR002,Primary BMU,OTHER,GAS,BMU,Generation Unit,,,
AG-GSTK07,,Additional Supplier BMU,OTHER,GAS,BMU,Generation Unit,,,
AG-GSTK08,,Primary BMU,OTHER,GAS,BMU,Generation Unit,Y,,
AG-GSTK09,,Additional Supplier BMU,OTHER,BATTERIES,BMU,Generation Unit,Y,,
AG-GSTK10,,Primary BMU,OTHER,GAS,BMU,Generation Unit,Y,,
AG-GSTK11,,Additional Supplier BMU,OTHER,GAS,BMU,Generation Unit,,,
AG-GSTK12,,Additional Supplier BMU,OTHER,GAS,BMU,Generation Unit,Y,,
AG-GSTK13,2__GSTAT013,Primary BMU,OTHER,GAS,BMU,Generation Unit,,,
AG-GSTK14,2_GSTAT014,Additional Supplier BMU,OTHER,GAS,BMU,Generation Unit,,,
AG-GSTK15,,Additional Supplier BMU,OTHER,GAS,BMU,Generation Unit,Y,,
AG-GSTK16,,Additional Supplier BMU,OTHER,BATTERIES,BMU,Bi-Directional,,,
AG-GSTK17,,Additional Supplier BMU,OTHER,GAS,BMU,Generation Unit,Y,,
AG-GUKP01,2__GUKPR001,Primary BMU,OTHER,GAS,BMU,Generation Unit,,,
AG-HAB01B,V__BHAB013,Secondary BMU,OTHER,BATTERIES,BMU,Generation Unit,,,
AG-HAB01D,V__GHAB016,Secondary BMU,OTHER,BATTERIES,BMU,Bi-Directional,,,
AG-HAB01F,V__FHAB014,Secondary BMU,OTHER,BATTERIES,BMU,Generation Unit,,,
AG-HAB01J,V__JHABI009,Secondary BMU,OTHER,BATTERIES,BMU,Bi-Directional,,,
AG-HAB01P,V__PHABI010,Secondary BMU,OTHER,BATTERIES,BMU,Bi-Directional,Y,,
AG-HAB02B,V__BHAB012,Secondary BMU,OTHER,BATTERIES,BMU,Bi-Directional,,,
AG-HAB02F,V__FHABI017,Secondary BMU,OTHER,BATTERIES,BMU,Bi-Directional,,,
AG-HAB02P,V__PHABI011,Secondary BMU,OTHER,BATTERIES,BMU,Bi-Directional,,,
AG-HAB03P,V__PHAB015,Secondary BMU,OTHER,BATTERIES,BMU,Bi-Directional,,,
AG-HEDF01,2__HLOND001,Primary BMU,OTHER,BATTERIES,BMU,Bi-Directional,,,
AG-HEDF02,2__HLOND002,Additional Supplier BMU,OTHER,BATTERIES,BMU,Bi-Directional,,,
AG-HEDF03,2__HLOND003,Additional Supplier BMU,OCGT,OCGT,BMU,Generation Unit,,,
AG-HEL0AG,,Secondary BMU,OTHER,BATTERIES,BMU,Generation Unit,,,
AG-HEL0CP,,Secondary BMU,OTHER,BATTERIES,BMU,Bi-Directional,Y,,
AG-HEL0DN,,Secondary BMU,OTHER,BATTERIES,BMU,Bi-Directional,Y,,
AG-HEL0EP,,Secondary BMU,OTHER,BATTERIES,BMU,Bi-Directional,Y,,
AG-HFLX01,,Additional Supplier BMU,OTHER,GAS,BMU,Generation Unit,Y,,
AG-HFLX02,2__HFLEX002,Additional Supplier BMU,OTHER,BATTERIES,BMU,Bi-Directional,,,
AG-HLIM01,,Primary BMU,OTHER,BATTERIES,BMU,Bi-Directional,,,
AG-HLIM02,,Secondary BMU,OTHER,BATTERIES,BMU,Generation Unit,Y,,
AG-HLIM03,,Primary BMU,OTHER,BATTERIES,BMU,Generation Unit,Y,,
AG-HLIM04,2__HANGE004,Primary BMU,OTHER,BATTERIES,BMU,Generation Unit,Y,,
AG-HLIM05,2__HANGE005,Primary BMU,OTHER,OTHER,BMU,Generation Unit,,,
AG-HOCT01,2__HMRCY001,Additional Supplier BMU,OTHER,LOAD RESPONSE,BMU,Demand Unit,,,
AG-HSTK01,,Primary BMU,OTHER,BATTERIES,BMU,Generation Unit,,,
AG-HSTK02,,Primary BMU,OTHER,BATTERIES,BMU,Bi-Directional,Y,,
AG-HSTK03,,Primary BMU,OTHER,GAS,NON-STANDARD,Generation Unit,Y,,
AG-HSTK05,,Primary BMU,OTHER,GAS,BMU,Generation Unit,Y,,
AG-HSTK06,,Primary BMU,OTHER,GAS,BMU,Generation Unit,Y,,
AG-HSTK07,2__HSTAT007,Primary BMU,OTHER,BATTERIES,BMU,Bi-Directional,,,
AG-HSTK09,2__HSTAT009,Additional Supplier BMU,OTHER,GAS,BMU,Generation Unit,,,
AG-HUKP01,2__HUKPR001,Additional Supplier BMU,OTHER,GAS,BMU,Generation Unit,,,
AG-JEDF02,2__JLOND002,Primary BMU,OCGT,OCGT,BMU,Generation Unit,,,
AG-JEDF03,2__JLOND003,Primary BMU,OCGT,OCGT,BMU,Generation Unit,,,
AG-JEDF04,2__JLOND004,Additional Supplier BMU,OTHER,BATTERIES,BMU,Bi-Directional,,,
AG-JLIM01,2__JANGE001,Primary BMU,OTHER,OTHER,BMU,Generation Unit,,,
AG-JOCT01,2__JMRCY001,Additional Supplier BMU,OTHER,LOAD RESPONSE,BMU,Demand Unit,,,
AG-JSTK01,,Additional Supplier BMU,OTHER,GAS,BMU,Generation Unit,Y,,
AG-JSTK02,,Primary BMU,OTHER,BATTERIES,BMU,Generation Unit,,,
AG-JSTK03,,Primary BMU,OTHER,GAS,BMU,Generation Unit,Y,,
AG-JUKP01,,Primary BMU,OTHER,BATTERIES,BMU,Generation Unit,Y,,
AG-KFLX01,,Additional Supplier BMU,OTHER,GAS,BMU,Generation Unit,Y,,
AG-KFLX02,2__KFLEX002,Additional Supplier BMU,OTHER,GAS,BMU,Generation Unit,,,
AG-KLIM01,2__KANGE001,Primary BMU,OTHER,BATTERIES,BMU,Bi-Directional,,,
AG-KOCT01,,Additional Supplier BMU,OTHER,LOAD RESPONSE,BMU,Demand Unit,,,
AG-KSTK01,,Primary BMU,OTHER,GAS,BMU,Generation Unit,,,
AG-KSTK02,,Primary BMU,OTHER,GAS,BMU,Generation Unit,Y,,
AG-KSTK03,,Primary BMU,OTHER,GAS,BMU,Generation Unit,Y,,
AG-KSTK04,,Additional Supplier BMU,OTHER,GAS,BMU,Generation Unit,Y,,
AG-KSTK07,2__KSTAT007,Primary BMU,OTHER,OTHER,BMU,Generation Unit,,,
AG-KUKP01,2__KUKPR001,Primary BMU,OTHER,GAS,BMU,Generation Unit,,,
AG-LEDG01,,Secondary BMU,OTHER,SOLAR,BMU,Generation Unit,,,
AG-LFLX01,,Additional Supplier BMU,OTHER,BATTERIES,BMU,Bi-Directional,Y,,
AG-LLIM01,,Primary BMU,OTHER,BATTERIES,BMU,Bi-Directional,,,
AG-LLIM02,,Primary BMU,OTHER,BATTERIES,BMU,Generation Unit,,,
AG-LLIM03,2__LANGE003,Primary BMU,OTHER,OTHER,BMU,Generation Unit,,,
AG-LLT00B,V__BLEVE001,Secondary BMU,OTHER,BATTERIES,BMU,Demand Unit,,,
AG-LLT01H,V__HLEVE001,Secondary BMU,OTHER,BATTERIES,BMU,Demand Unit,,,
AG-LLT02L,V__LLEVE001,Secondary BMU,OTHER,BATTERIES,BMU,Demand Unit,,,
AG-LOCT01,,Additional Supplier BMU,OTHER,LOAD RESPONSE,BMU,Demand Unit,,,
AG-LSTK01,2__LSTAT001,Primary BMU,OTHER,GAS,NON-STANDARD,Generation Unit,Y,,
AG-LSTK02,,Primary BMU,OTHER,GAS,BMU,Generation Unit,Y,,
AG-LSTK03,,Primary BMU,OTHER,GAS,NON-STANDARD,Generation Unit,Y,,
AG-LSTK04,2__LSTAT004,Primary BMU,OTHER,OTHER,BMU,Generation Unit,,,
AG-LUKP01,2__LUKPR001,Primary BMU,OTHER,GAS,BMU,Generation Unit,,,
AG-MCAM01,,Additional Supplier BMU,OTHER,BATTERIES,BMU,Bi-Directional,Y,,
AG-MCET01,2__AGMCET00,Additional Supplier BMU,OTHER,GAS,BMU,Generation Unit,,,
AG-MECO01,2__MECOT003,Primary BMU,WIND,WIND,BMU,Generation Unit,,,
AG-MLIM01,2__MANGE001,Primary BMU,OTHER,OTHER,BMU,Bi-Directional,,,
AG-MLIM02,2__MANGE002,Primary BMU,OTHER,BATTERIES,BMU,Bi-Directional,,,
AG-MLIM03,2__MANGE003,Primary BMU,OTHER,OTHER,BMU,Generation Unit,,,
AG-MOCT01,,Additional Supplier BMU,OTHER,LOAD RESPONSE,BMU,Demand Unit,,,
AG-MSTK01,2__MSTAT001,Primary BMU,OTHER,BATTERIES,BMU,Generation Unit,,,
AG-MSTK02,,Primary BMU,OTHER,GAS,NON-STANDARD,Generation Unit,Y,,
AG-MSTK04,2__MSTAT004,Primary BMU,OTHER,GAS,BMU,Generation Unit,,,
AG-MSTK05,,Additional Supplier BMU,OTHER,BATTERIES,BMU,Bi-Directional,,,
AG-MSTK06,,Additional Supplier BMU,OTHER,GAS,BMU,Generation Unit,Y,,
AG-MUPK01,2__MUKPR001,Primary BMU,OTHER,OTHER,BMU,Generation Unit,,,
AG-NEDF01,2__NLOND001,Primary BMU,OCGT,OCGT,BMU,Generation Unit,,,
AG-NEDF02,2__NLOND002,Primary BMU,OCGT,OCGT,BMU,Generation Unit,,,
AG-NEDF03,,Additional Supplier BMU,OTHER,GAS,BMU,Generation Unit,,,
AG-NFLX01,,Additional Supplier BMU,OTHER,BATTERIES,BMU,Bi-Directional,Y,,
AG-NFLX02,2__NFLEX002,Additional Supplier BMU,OTHER,BATTERIES,BMU,Bi-Directional,Y,,
AG-NFLX03,,Additional Supplier BMU,OTHER,GAS,BMU,Generation Unit,,,
AG-NFLX04,,Additional Supplier BMU,OTHER,GAS,BMU,Generation Unit,,,
AG-NFLX05,,Additional Supplier BMU,OTHER,GAS,BMU,Generation Unit,Y,,
AG-NFLX06,,Additional Supplier BMU,OTHER,GAS,BMU,Generation Unit,Y,,
AG-NFLX07,,Additional Supplier BMU,OTHER,GAS,BMU,Generation Unit,Y,,
AG-NFLX08,2__NFLEX008,Additional Supplier BMU,OTHER,OTHER,BMU,Generation Unit,,,
AG-NFLX09,,Additional Supplier BMU,OTHER,BATTERIES,BMU,Bi-Directional,Y,,
AG-NHAV01,2__NHPOW001,Primary BMU,NPSHYD,NPSHYD,BMU,Generation Unit,Y,,
AG-NHAV02,2__NHPOW002,Primary BMU,NPSHYD,NPSHYD,BMU,Generation Unit,Y,,
AG-NHAV03,2__NHPOW003,Additional Supplier BMU,NPSHYD,NPSHYD,BMU,Generation Unit,,,
AG-NLIM01,2__NANGE001,Primary BMU,OTHER,BATTERIES,BMU,Bi-Directional,,,
AG-NLIM02,2__NANGE002,Primary BMU,OTHER,BATTERIES,BMU,Bi-Directional,,,
AG-NLIM03,2__NANGE003,Primary BMU,OTHER,OTHER,BMU,Generation Unit,,,
AG-NLIM04,2__NANGE004,Primary BMU,OTHER,OTHER,BMU,Generation Unit,,,
AG-NOCT01,,Additional Supplier BMU,OTHER,LOAD RESPONSE,BMU,Demand Unit,,,
AG-NSTK04,2__NSTAT004,Primary BMU,OTHER,LOAD RESPONSE,BMU,Demand Unit,,,
AG-OPT01A,V__AOPTI001,Secondary BMU,OTHER,LOAD RESPONSE,BMU,Demand Unit,,,
AG-OPT01B,V__BOPTI001,Secondary BMU,OTHER,LOAD RESPONSE,BMU,Demand Unit,,,
AG-OPT01C,V__COPTI001,Secondary BMU,OTHER,LOAD RESPONSE,BMU,Demand Unit,,,
AG-OPT01N,V__NOPTI001,Secondary BMU,OTHER,LOAD RESPONSE,BMU,Demand Unit,,,
AG-OPT01P,V__POPTI001,Secondary BMU,OTHER,LOAD RESPONSE,BMU,Demand Unit,,,
AG-ORA00A,,Secondary BMU,OTHER,LOAD RESPONSE,BMU,Demand Unit,,,
AG-PEDF01,,Additional Supplier BMU,OTHER,BATTERIES,BMU,Generation Unit,Y,,
AG-PEDF02,2__PLOND002,Primary BMU,OTHER,BATTERIES,BMU,Bi-Directional,,,
AG-PFLX01,,Additional Supplier BMU,OTHER,BATTERIES,BMU,Bi-Directional,Y,,
AG-PFLX02,,Additional Supplier BMU,OTHER,BATTERIES,BMU,Bi-Directional,Y,,
AG-POW01B,V__BJOUL001,Secondary BMU,OTHER,BATTERIES,BMU,Bi-Directional,,,
AG-PSTK01,2_PSTAT001,Additional Supplier BMU,OTHER,BATTERIES,BMU,Bi-Directional,,,
AG-REC05L,,Additional Supplier BMU,OTHER,BATTERIES,BMU,Bi-Directional,,,
AG-REC06B,2__BECOT003,Secondary BMU,WIND,WIND,BMU,Generation Unit,,,
AG-REC07E,2__EECOT001,Secondary BMU,OTHER,BATTERIES,BMU,Bi-Directional,,,
AG-ZEN03J,,Primary BMU,OTHER,BATTERIES,BMU,Generation Unit,Y,,
AG-ZEN7H,V_,Secondary BMU,OTHER,BATTERIES,BMU,Generation Unit,,,
AIGA-1,,Primary BMU,NPSHYD,NPSHYD,BMU,Generation Unit,,,
AIGA-2,,Primary BMU,NPSHYD,NPSHYD,BMU,Generation Unit,,,
AIRSW-1,E_AIRSW-1,Primary BMU,WIND,WIND,BMU,Generation Unit,Y,,
AKGLW-1,,Primary BMU,WIND,WIND,EELPS,Generation Unit,Y,,
AKGLW-2,T_AKGLW-2,Primary BMU,WIND,WIND,BMU,Generation Unit,Y,,
AKGLW-3,T_AKGLW-3,Primary BMU,WIND,WIND,BMU,Generation Unit,Y,,
ALCOA-1,,Primary BMU,OTHER,GAS,BMU,Generation Unit,Y,,
ANGLD-1,T_ANGLD-1,Primary BMU,OTHER,OTHER,BMU,Demand Unit,,,
ANSUW-1,T_ANSUW-1,Primary BMU,WIND,WIND,BMU,Generation Unit,Y,,
ARBRB-1,,Primary BMU,OTHER,BATTERIES,BMU,Bi-Directional,Y,,
ARCHW-1,T_ARCHW-1,Primary BMU,WIND,WIND,BMU,Generation Unit,Y,,
ARNKB-1,,Primary BMU,OTHER,BATTERIES,BMU,Generation Unit,Y,,
ARNKB-2,,Primary BMU,OTHER,BATTERIES,BMU,Generation Unit,,,
ASHWW-1,E_ASHWW-1,Primary BMU,WIND,WIND,BMU,Generation Unit,Y,,
ASLVW-1,E_ASLVW-1,Primary BMU,WIND,WIND,BMU,Generation Unit,Y,,
BABAW-1,E_BABAW-1,Primary BMU,WIND,WIND,BMU,Generation Unit,Y,,
BAGTD-1,T_BAGTD-1,Primary BMU,OTHER,OTHER,BMU,Demand Unit,,,
BARNB-1,E_BARNB-1,Primary BMU,OTHER,BATTERIES,BMU,Generation Unit,Y,,
BDCHW-1,T_BDCHW-1,Primary BMU,WIND,WIND,BMU,Generation Unit,Y,,
BEASC-1,T_BEASC-1,Primary BMU,OTHER,OTHER,BMU,Generation Unit,,,
BEATO-1,T_BEATO-1,Primary BMU,WIND,WIND,BMU,Generation Unit,Y,,
BEATO-2,T_BEATO-2,Primary BMU,WIND,WIND,BMU,Generation Unit,Y,,
BEATO-3,T_BEATO-3,Primary BMU,WIND,WIND,BMU,Generation Unit,Y,,
BEATO-4,T_BEATO-4,Primary BMU,WIND,WIND,BMU,Generation Unit,Y,,
BEINW-1,T_BEINW-1,Primary BMU,WIND,WIND,BMU,Generation Unit,Y,,
BENBW-1,T_BENBW-1,Primary BMU,WIND,WIND,BMU,Bi-Directional,Y,,
BENTB-1,E_BENTB-1,Primary BMU,OTHER,BATTERIES,BMU,Bi-Directional,,,
BERKB-2,E_BERKB-2,Primary BMU,OTHER,BATTERIES,BMU,Generation Unit,,,
BETHW-1,E_BETHW-1,Primary BMU,WIND,WIND,BMU,Generation Unit,Y,,
BFSE02,2__BFSEN006,Primary BMU,OTHER,BATTERIES,BMU,Bi-Directional,,,
BFSE03,2__BFSEN006,Additional Supplier BMU,OTHER,BATTERIES,BMU,Bi-Directional,,,
BGLAW-1,,Primary BMU,WIND,WIND,EELPS,Generation Unit,Y,,
BHLAW-1,T_BHLAW-1,Primary BMU,WIND,WIND,BMU,Generation Unit,Y,,
BHOLB-1,,Primary BMU,OTHER,BATTERIES,BMU,Generation Unit,,,
BLARW-1,E_BLARW-1,Primary BMU,WIND,WIND,BMU,Generation Unit,Y,,
BLHLB-1,T_BLHLB-1,Primary BMU,OTHER,BATTERIES,BMU,Bi-Directional,Y,,
BLHLB-2,T_BLHLB-2,Primary BMU,OTHER,BATTERIES,BMU,Bi-Directional,Y,,
BLHLB-3,T_BLHLB-3,Primary BMU,OTHER,BATTERIES,BMU,Bi-Directional,Y,,
BLHLB-4,,Primary BMU,OTHER,BATTERIES,BMU,Bi-Directional,Y,,
BLHLD-1,T_BLHLD-1,Primary BMU,OTHER,OTHER,BMU,Demand Unit,,,
BLHLD-2,T_BLHLD-2,Primary BMU,OTHER,OTHER,BMU,Demand Unit,,,
BLHLD-3,T_BLHLD-3,Primary BMU,OTHER,OTHER,BMU,Demand Unit,,,
BLKPB-1,E_BLKPB-1,Primary BMU,OTHER,BATTERIES,BMU,Bi-Directional,Y,,
BLKWW-1,T_BLKWW-1,Primary BMU,WIND,WIND,BMU,Generation Unit,Y,,
BLLA-1,T_BLLA-1,Primary BMU,WIND,WIND,BMU,Generation Unit,Y,,
BLLA-2,T_BLLA-2,Primary BMU,WIND,WIND,BMU,Generation Unit,Y,,
BLPFB-1,T_BLPFB-1,Primary BMU,OTHER,BATTERIES,BMU,Bi-Directional,,,
BLPFS-1,T_BLPFS-1,Primary BMU,OTHER,SOLAR,BMU,Generation Unit,,,
BLWNB-1,T_BLWNB-1,Primary BMU,OTHER,BATTERIES,BMU,Bi-Directional,Y,,
BLYDB-1,E_BLYDB-1,Primary BMU,OTHER,BATTERIES,BMU,Bi-Directional,,,
BLYDB-2,E_BLYDB-2,Primary BMU,OTHER,BATTERIES,BMU,Bi-Directional,,,
BLYDD-1,E_BLYDD-1,Primary BMU,OTHER,BATTERIES,BMU,Demand Unit,,,
BNAKW-1,,Primary BMU,WIND,WIND,EELPS,Generation Unit,Y,,
BNCRG-1,V__GFORS002,Secondary BMU,OTHER,GAS,BMU,Generation Unit,,,
BNWKW-1,E_BNWKW-1,Primary BMU,WIND,WIND,EELPS,Generation Unit,Y,,
BOULW-1,,Primary BMU,WIND,WIND,EELPS,Generation Unit,Y,,
BOWLW-1,T_BOWLW-1,Primary BMU,WIND,WIND,BMU,Generation Unit,Y,,
BOYNW-1,,Primary BMU,WIND,WIND,EELPS,Generation Unit,Y,,
BPGRD-1,T_BPGRD-1,Primary BMU,OTHER,OTHER,BMU,Demand Unit,,,
BPGRD-2,T_BPGRD-2,Primary BMU,OTHER,OTHER,BMU,Demand Unit,,,
BRBEO-1,T_BRBEO-1,Primary BMU,WIND,WIND,BMU,Generation Unit,Y,,
BRCHS-1,T_BRCHS-1,Primary BMU,OTHER,SOLAR,BMU,Generation Unit,Y,,
BRDUW-1,E_BRDUW-1,Primary BMU,WIND,WIND,BMU,Generation Unit,Y,,
BREDB-1,T_BREDB-1,Primary BMU,OTHER,BATTERIES,BMU,Bi-Directional,,,
BRETB-2,E_BRETB-2,Primary BMU,OTHER,BATTERIES,BMU,Generation Unit,,,
BRGDG-1,2__MCNDL001,Primary BMU,OCGT,OCGT,BMU,Generation Unit,Y,,
BRIDU-1,E_BRIDGWTR,Primary BMU,OTHER,GAS,BMU,Generation Unit,Y,,
BRNLW-1,E_BRNLW-1,Primary BMU,WIND,WIND,BMU,Generation Unit,Y,,
BROAB-1,,Primary BMU,OTHER,BATTERIES,BMU,Bi-Directional,Y,,
BROCW-1,T_BROCW-1,Primary BMU,WIND,WIND,BMU,Generation Unit,Y,,
BROFB-1,E_BROFB-1,Primary BMU,OTHER,BATTERIES,BMU,Generation Unit,,,
BROUD-1,E_BROUD-1,Primary BMU,OTHER,OTHER,BMU,Demand Unit,,,
BROXB-1,E_BROXB-1,Primary BMU,OTHER,BATTERIES,BMU,Bi-Directional,Y,,
BRYBW-1,E_BRYBW-1,Primary BMU,WIND,WIND,BMU,Generation Unit,Y,,
BRYP-1,E_BRYP-1,Primary BMU,CCGT,CCGT,BMU,Generation Unit,Y,,
BSPHM-1,,Primary BMU,OTHER,GAS,BMU,Generation Unit,Y,,
BTNHL-1,,Primary BMU,OTHER,GAS,BMU,Generation Unit,,,
BTUIW-1,,Primary BMU,WIND,WIND,EELPS,Generation Unit,Y,,
BTUIW-2,E_BTUIW-2,Primary BMU,WIND,WIND,BMU,Generation Unit,Y,,
BTUIW-3,E_BTUIW-3,Primary BMU,WIND,WIND,BMU,Generation Unit,Y,,
BURBW-1,E_BURBO,Primary BMU,WIND,WIND,BMU,Generation Unit,Y,,
BURGH-1,E_BURGH-1,Primary BMU,OCGT,OCGT,BMU,Generation Unit,,,
BURWB-1,,Primary BMU,OTHER,BATTERIES,BMU,Generation Unit,Y,,
BURWB-2,,Primary BMU,OTHER,BATTERIES,BMU,Bi-Directional,,,
BURWB-3,E_BURWB-3,Primary BMU,OTHER,BATTERIES,BMU,Bi-Directional,,,
BURWS-1,T_BURWS-1,Primary BMU,OTHER,SOLAR,BMU,Generation Unit,Y,,
BUSTB-1,,Secondary BMU,OTHER,BATTERIES,BMU,Generation Unit,Y,,
BUXTB-1,,Additional Supplier BMU,OTHER,BATTERIES,BMU,Bi-Directional,,,
BYBRB-1,2__NCPPR001,Additional Supplier BMU,OTHER,BATTERIES,BMU,Bi-Directional,,,
CAIRW-1,2__PPGEN001,Primary BMU,WIND,WIND,EELPS,Generation Unit,Y,,
CAIRW-2,2__PSTAT001,Primary BMU,WIND,WIND,EELPS,Generation Unit,Y,,
CAMFB-1,2__MBPGM001,Additional Supplier BMU,OTHER,BATTERIES,BMU,Bi-Directional,,,
CAPNB-1,T_CAPNB-1,Primary BMU,OTHER,BATTERIES,BMU,Bi-Directional,,,
CARR-1,T_CARR-1,Primary BMU,CCGT,CCGT,BMU,Generation Unit,Y,,
CARR-2,T_CARR-2,Primary BMU,CCGT,CCGT,BMU,Generation Unit,Y,,
CAS-BEU01,M_CAS-BEU01,Primary BMU,NPSHYD,NPSHYD,BMU,Generation Unit,Y,,
CAS-CLU01,M_CAS-CLU01,Primary BMU,NPSHYD,NPSHYD,BMU,Generation Unit,Y,,
CAS-CON01,M_CAS-CON01,Primary BMU,NPSHYD,NPSHYD,BMU,Generation Unit,Y,,
CAS-GAL01,,Primary BMU,NPSHYD,NPSHYD,BMU,Generation Unit,,,
CAS-GAR01,M_CAS-GAR01,Primary BMU,NPSHYD,NPSHYD,BMU,Generation Unit,Y,,
CASH-1,,Primary BMU,NPSHYD,NPSHYD,BMU,Generation Unit,,,
CASKD-1,T_CASKD-1,Primary BMU,OTHER,OTHER,BMU,Demand Unit,,,
CAS-KIL01,M_CAS-KIL01,Primary BMU,NPSHYD,NPSHYD,BMU,Generation Unit,Y,,
CAS-MOR01,M_CAS-MOR01,Primary BMU,NPSHYD,NPSHYD,BMU,Generation Unit,Y,,
CASS-1,,Primary BMU,NPSHYD,NPSHYD,EELPS,Generation Unit,,,
CASS-2,,Primary BMU,NPSHYD,NPSHYD,EELPS,Generation Unit,,,
CATHB-1,E_CATHB-1,Primary BMU,OTHER,BATTERIES,BMU,Bi-Directional,Y,,
CAUSW-1,,Primary BMU,WIND,WIND,EELPS,Generation Unit,Y,,
CDCL-1,T_CDCL-1,Primary BMU,CCGT,CCGT,BMU,Generation Unit,Y,,
CDWTW-1,,Primary BMU,WIND,WIND,EELPS,Generation Unit,Y,,
CEAN-1,,Primary BMU,NPSHYD,NPSHYD,BMU,Generation Unit,,,
CEAN-2,,Primary BMU,NPSHYD,NPSHYD,BMU,Generation Unit,,,
CGTHW-1,T_CGTHW-1,Primary BMU,WIND,WIND,BMU,Generation Unit,Y,,
CHAPB-1,,Primary BMU,OTHER,BATTERIES,BMU,Bi-Directional,Y,,
CHDTG-1,V__GFORS003,Secondary BMU,OTHER,GAS,BMU,Generation Unit,,,
CHICK-1,E_CHICK-1,Primary BMU,OCGT,OCGT,BMU,Generation Unit,,,
CHTRY-1,,Primary BMU,OTHER,GAS,BMU,Generation Unit,Y,,
CLAC-1,E_CLAC-1,Primary BMU,NPSHYD,NPSHYD,BMU,Generation Unit,Y,,
CLACD-1,T_CLACD-1,Primary BMU,OTHER,OTHER,BMU,Demand Unit,,,
CLAYB-1,,Primary BMU,OTHER,BATTERIES,BMU,Bi-Directional,Y,,
CLAYB-2,,Primary BMU,OTHER,BATTERIES,BMU,Bi-Directional,Y,,
CLDCW-1,T_CLDCW-1,Primary BMU,WIND,WIND,BMU,Generation Unit,Y,,
CLDNW-1,T_CLDNW-1,Primary BMU,WIND,WIND,BMU,Generation Unit,Y,,
CLDRW-1,E_CLDRW-1,Primary BMU,WIND,WIND,BMU,Generation Unit,Y,,
CLDSW-1,T_CLDSW-1,Primary BMU,WIND,WIND,BMU,Generation Unit,Y,,
CLFLW-1,E_CLFLW-1,Primary BMU,WIND,WIND,BMU,Generation Unit,Y,,
CLUN-1,,Primary BMU,NPSHYD,NPSHYD,BMU,Generation Unit,,,
CLUN-2,,Primary BMU,NPSHYD,NPSHYD,BMU,Generation Unit,,,
CLUN-3,,Primary BMU,NPSHYD,NPSHYD,BMU,Generation Unit,,,
CLVHS-1,T_CLVHS-1,Primary BMU,OTHER,SOLAR,BMU,Generation Unit,Y,,
CLVHS-2,T_CLVHS-2,Primary BMU,OTHER,SOLAR,BMU,Generation Unit,Y,,
CMSTW-1,2__PPGEN003,Primary BMU,WIND,WIND,EELPS,Generation Unit,Y,,
CMSTW-2,E_CMSTW-2,Primary BMU,WIND,WIND,BMU,Generation Unit,Y,,
CNCLW-1,E_CNCLW-1,Primary BMU,WIND,WIND,BMU,Generation Unit,Y,,
CNCRW-1,,Primary BMU,WIND,WIND,BMU,Generation Unit,,,
CNQPS-1,T_CNQPS-1,Primary BMU,CCGT,CCGT,BMU,Generation Unit,Y,,
CNQPS-2,T_CNQPS-2,Primary BMU,CCGT,CCGT,BMU,Generation Unit,Y,,
CNQPS-3,T_CNQPS-3,Primary BMU,CCGT,CCGT,BMU,Generation Unit,Y,,
CNQPS-4,T_CNQPS-4,Primary BMU,CCGT,CCGT,BMU,Generation Unit,Y,,
COALB-1,T_COALB-1,Primary BMU,OTHER,BATTERIES,BMU,Bi-Directional,,,
COALB-2,T_COALB-2,Primary BMU,OTHER,BATTERIES,BMU,Bi-Directional,,,
COALB-3,T_COALB-3,Primary BMU,OTHER,BATTERIES,BMU,Bi-Directional,,,
COALB-4,T_COALB-4,Primary BMU,OTHER,BATTERIES,BMU,Bi-Directional,,,
COALB-5,T_COALB-5,Primary BMU,OTHER,BATTERIES,BMU,Bi-Directional,,,
COALD-1,T_COALD-1,Primary BMU,OTHER,OTHER,BMU,Demand Unit,,,
COCK-1,T_COCK-1,Primary BMU,COAL,COAL,BMU,Generation Unit,,,
COCK-2,T_COCK-2,Primary BMU,COAL,COAL,BMU,Generation Unit,,,
COCK-3,T_COCK-3,Primary BMU,COAL,COAL,BMU,Generation Unit,,,
COCK-4,T_COCK-4,Primary BMU,COAL,COAL,BMU,Generation Unit,,,
COCKD-1,T_COCKD-1,Primary BMU,OTHER,OTHER,BMU,Demand Unit,,,
CONTB-1,,Primary BMU,OTHER,BATTERIES,BMU,Generation Unit,Y,,
CORB-1,E_CORB-1,Primary BMU,CCGT,CCGT,BMU,Generation Unit,Y,,
CORY-1,,Primary BMU,CCGT,CCGT,NON-STANDARD,Generation Unit,Y,,
COSO-1,T_COSO-1,Primary BMU,CCGT,CCGT,BMU,Generation Unit,Y,,
COTPS-1,T_COTPS-1,Primary BMU,COAL,COAL,BMU,Generation Unit,,,
COTPS-2,T_COTPS-2,Primary BMU,COAL,COAL,BMU,Generation Unit,,,
COTPS-4,T_COTPS-4,Primary BMU,COAL,COAL,BMU,Generation Unit,,,
COUWW-1,T_COUWW-1,Primary BMU,WIND,WIND,BMU,Generation Unit,Y,,
COVNB-1,,Primary BMU,OTHER,BATTERIES,BMU,Bi-Directional,Y,,
COWB-1,,Primary BMU,OTHER,BATTERIES,BMU,Bi-Directional,Y,,
COWE1,E_COWE1,Primary BMU,OCGT,OCGT,BMU,Generation Unit,Y,,
COWE2,E_COWE2,Primary BMU,OCGT,OCGT,BMU,Generation Unit,Y,,
COYLB-1,T_COYLB-1,Primary BMU,OTHER,BATTERIES,BMU,Bi-Directional,,,
CRAGW-1,,Primary BMU,WIND,WIND,BMU,Generation Unit,Y,,
CRDEW-1,T_CRDEW-1,Primary BMU,WIND,WIND,BMU,Generation Unit,Y,,
CRDEW-2,T_CRDEW-2,Primary BMU,WIND,WIND,BMU,Generation Unit,Y,,
CREAW-1,T_CREAW-1,Primary BMU,WIND,WIND,BMU,Generation Unit,Y,,
CRGHW-1,T_CRGHW-1,Primary BMU,WIND,WIND,BMU,Generation Unit,Y,,
CRGTW-1,E_CRGTW-1,Primary BMU,WIND,WIND,BMU,Generation Unit,Y,,
CRMHW-1,,Primary BMU,WIND,WIND,EELPS,Generation Unit,Y,,
CRMLW-1,T_CRMLW-1,Primary BMU,WIND,WIND,BMU,Generation Unit,Y,,
CRMNW-1,,Primary BMU,WIND,WIND,EELPS,Generation Unit,Y,,
CROYD-2,E_CROYD-2,Primary BMU,OCGT,OCGT,BMU,Generation Unit,,,
CRSSB-1,E_CRSSB-1,Primary BMU,OTHER,BATTERIES,BMU,Bi-Directional,Y,,
CRUA-1,T_CRUA-1,Primary BMU,NPSHYD,NPSHYD,BMU,Generation Unit,Y,,
CRUA-2,T_CRUA-2,Primary BMU,NPSHYD,NPSHYD,BMU,Generation Unit,Y,,
CRUA-3,T_CRUA-3,Primary BMU,NPSHYD,NPSHYD,BMU,Generation Unit,Y,,
CRUA-4,T_CRUA-4,Primary BMU,NPSHYD,NPSHYD,BMU,Generation Unit,Y,,
CRUAD-1,T_CRUAD-1,Primary BMU,OTHER,OTHER,BMU,Demand Unit,,,
CRYRW-1,,Primary BMU,WIND,WIND,EELPS,Generation Unit,Y,,
CRYRW-2,T_CRYRW-2,Primary BMU,WIND,WIND,BMU,Generation Unit,Y,,
CRYRW-3,T_CRYRW-3,Primary BMU,WIND,WIND,BMU,Generation Unit,Y,,
CRYRW-4,T_CRYRW-4,Primary BMU,WIND,WIND,BMU,Generation Unit,Y,,
CULL-1,,Primary BMU,NPSHYD,NPSHYD,BMU,Generation Unit,,,
CULL-2,,Primary BMU,NPSHYD,NPSHYD,BMU,Generation Unit,,,
CUMHW-1,T_CUMHW-1,Primary BMU,WIND,WIND,BMU,Generation Unit,Y,,
CUMHW-2,T_CUMHW-2,Primary BMU,WIND,WIND,BMU,Generation Unit,Y,,
CUPAB-1,,Primary BMU,OTHER,BATTERIES,BMU,Bi-Directional,Y,,
CUXTB-1,E_CUXTB-1,Primary BMU,OTHER,BATTERIES,BMU,Bi-Directional,Y,,
CWMD-1,E_CWMD-1,Primary BMU,NPSHYD,NPSHYD,BMU,Generation Unit,,,
DALMB-1,E_DALMB-1,Primary BMU,OTHER,BATTERIES,BMU,Bi-Directional,Y,,
DALQW-1,T_DALQW-1,Primary BMU,WIND,WIND,BMU,Generation Unit,Y,,
DALRD-1,T_DALRD-1,Primary BMU,OTHER,OTHER,BMU,Demand Unit,,,
DALSW-1,E_DALSW-1,Primary BMU,WIND,WIND,BMU,Generation Unit,Y,,
DAMC-1,T_DAMC-1,Primary BMU,CCGT,CCGT,BMU,Generation Unit,Y,,
DBAWO-1,T_DBAWO-1,Primary BMU,WIND,WIND,BMU,Generation Unit,Y,,
DBAWO-2,T_DBAWO-2,Primary BMU,WIND,WIND,BMU,Generation Unit,Y,,
DBAWO-3,T_DBAWO-3,Primary BMU,WIND,WIND,BMU,Generation Unit,Y,,
DBAWO-4,T_DBAWO-4,Primary BMU,WIND,WIND,BMU,Generation Unit,Y,,
DBAWO-5,T_DBAWO-5,Primary BMU,WIND,WIND,BMU,Generation Unit,Y,,
DBBWO-1,T_DBBWO-1,Primary BMU,WIND,WIND,BMU,Generation Unit,Y,,
DBBWO-2,T_DBBWO-2,Primary BMU,WIND,WIND,BMU,Generation Unit,Y,,
DBBWO-3,T_DBBWO-3,Primary BMU,WIND,WIND,BMU,Generation Unit,Y,,
DBBWO-4,T_DBBWO-4,Primary BMU,WIND,WIND,BMU,Generation Unit,Y,,
DBBWO-5,T_DBBWO-5,Primary BMU,WIND,WIND,BMU,Generation Unit,Y,,
DBESS-22,,Primary BMU,OTHER,BATTERIES,BMU,Generation Unit,,,
DBESSA-33,,Primary BMU,OTHER,BATTERIES,BMU,Generation Unit,,,
DBESSC-33,,Primary BMU,OTHER,BATTERIES,BMU,Generation Unit,,,
DBESSF-33,,Primary BMU,OTHER,BATTERIES,BMU,Generation Unit,,,
DBFRM-1,,Primary BMU,OTHER,GAS,BMU,Generation Unit,Y,,
DDGNO-1,T_DDGNO-1,Primary BMU,WIND,WIND,BMU,Generation Unit,Y,,
DDGNO-2,T_DDGNO-2,Primary BMU,WIND,WIND,BMU,Generation Unit,Y,,
DDGNO-3,T_DDGNO-3,Primary BMU,WIND,WIND,BMU,Generation Unit,Y,,
DDGNO-4,T_DDGNO-4,Primary BMU,WIND,WIND,BMU,Generation Unit,Y,,
DEAN-1,,Primary BMU,NPSHYD,NPSHYD,BMU,Generation Unit,,,
DEAN-2,,Primary BMU,NPSHYD,NPSHYD,BMU,Generation Unit,,,
DEAND-1,T_DEAND-1,Primary BMU,OTHER,OTHER,BMU,Demand Unit,,,
DEEPS-1,T_DEEP-1,Primary BMU,CCGT,CCGT,BMU,Generation Unit,,,
DERBY-2,E_DERBY-1,Primary BMU,OCGT,OCGT,BMU,Generation Unit,,,
DERW-1,E_DERW-1,Primary BMU,CCGT,CCGT,BMU,Generation Unit,,,
DEUCW-1,,Primary BMU,WIND,WIND,EELPS,Generation Unit,Y,,
DIDC01G,E_DIDC1G,Primary BMU,OCGT,OCGT,BMU,Generation Unit,Y,,
DIDC02G,E_DIDC2G,Primary BMU,OCGT,OCGT,BMU,Generation Unit,Y,,
DIDC03G,E_DIDC3G,Primary BMU,OCGT,OCGT,BMU,Generation Unit,Y,,
DIDC04G,E_DIDC4G,Primary BMU,OCGT,OCGT,BMU,Generation Unit,Y,,
DIDC2G,T_DIDC2G,Primary BMU,OCGT,OCGT,BMU,Generation Unit,,,
DIDC3G,T_DIDC3G,Primary BMU,OCGT,OCGT,BMU,Generation Unit,,,
DIDC4G,T_DIDC4G,Primary BMU,OCGT,OCGT,BMU,Generation Unit,,,
DIDCB5,T_DIDCB5,Primary BMU,CCGT,CCGT,BMU,Generation Unit,Y,,
DIDCB6,T_DIDCB6,Primary BMU,CCGT,CCGT,BMU,Generation Unit,Y,,
DINO-1,T_DINO-1,Primary BMU,NPSHYD,NPSHYD,BMU,Generation Unit,Y,,
DINO-2,T_DINO-2,Primary BMU,NPSHYD,NPSHYD,BMU,Generation Unit,Y,,
DINO-3,T_DINO-3,Primary BMU,NPSHYD,NPSHYD,BMU,Generation Unit,Y,,
DINO-4,T_DINO-4,Primary BMU,NPSHYD,NPSHYD,BMU,Generation Unit,Y,,
DINO-5,T_DINO-5,Primary BMU,NPSHYD,NPSHYD,BMU,Generation Unit,Y,,
DINO-6,T_DINO-6,Primary BMU,NPSHYD,NPSHYD,BMU,Generation Unit,Y,,
DNBAR-1,2__NSMAE001,Primary BMU,BIOMASS,BIOMASS,EELPS,Generation Unit,Y,,
DNGB21,T_DNGB21,Primary BMU,NUCLEAR,NUCLEAR,BMU,Generation Unit,,,
DNGB22,T_DNGB22,Primary BMU,NUCLEAR,NUCLEAR,BMU,Generation Unit,,,
DNGBD-1,T_DNGB-D,Primary BMU,OTHER,OTHER,BMU,Demand Unit,,,
DNLWW-1,T_DNLWW-1,Primary BMU,WIND,WIND,BMU,Generation Unit,Y,,
DOLLB-1,,Secondary BMU,OTHER,BATTERIES,BMU,Bi-Directional,Y,,
DOREW-1,T_DOREW-1,Primary BMU,WIND,WIND,BMU,Generation Unit,Y,,
DOREW-2,T_DOREW-2,Primary BMU,WIND,WIND,BMU,Generation Unit,Y,,
DOUGW-1,T_DOUGW-1,Primary BMU,WIND,WIND,BMU,Generation Unit,Y,,
DOWL-1,,Primary BMU,OTHER,GAS,BMU,Generation Unit,Y,,
DRAXD-1,E__MDRX001,Primary BMU,COAL,COAL,BMU,Demand Unit,,,
DRAXD-2,E__MDRX002,Primary BMU,COAL,COAL,BMU,Demand Unit,,,
DRAXX-1,,Primary BMU,BIOMASS,BIOMASS,BMU,Generation Unit,Y,,
DRAXX-10G,T_DRAXX-10G,Primary BMU,OCGT,OCGT,BMU,Generation Unit,Y,,
DRAXX-12G,T_DRAXX-12G,Primary BMU,OCGT,OCGT,BMU,Generation Unit,Y,,
DRAXX-2,T_DRAXX-2,Primary BMU,BIOMASS,BIOMASS,BMU,Generation Unit,Y,,
DRAXX-3,T_DRAXX-3,Primary BMU,BIOMASS,BIOMASS,BMU,Generation Unit,Y,,
DRAXX-4,T_DRAXX-4,Primary BMU,BIOMASS,BIOMASS,BMU,Generation Unit,Y,,
DRAXX-5,T_DRAXX-5,Primary BMU,COAL,COAL,BMU,Generation Unit,,,
DRAXX-6,T_DRAXX-6,Primary BMU,COAL,COAL,BMU,Generation Unit,,,
DRAXX-9G,T_DRAXX-9G,Primary BMU,OCGT,OCGT,BMU,Generation Unit,Y,,
DRDGW-1,,Primary BMU,WIND,WIND,EELPS,Generation Unit,Y,,
DRSLW-1,T_DRSLW-1,Primary BMU,WIND,WIND,BMU,Generation Unit,Y,,
DUMMW-1,,Primary BMU,WIND,WIND,EELPS,Generation Unit,Y,,
DUNGW-1,T_DUNGW-1,Primary BMU,WIND,WIND,BMU,Generation Unit,Y,,
DWEXW-1,T_DWEXW-1,Primary BMU,WIND,WIND,BMU,Generation Unit,Y,,
DYCEB-1,E_DYCEB-1,Primary BMU,OTHER,BATTERIES,BMU,Generation Unit,Y,,
EAAO-1,T_EAAO-1,Primary BMU,WIND,WIND,BMU,Generation Unit,Y,,
EAAO-2,T_EAAO-2,Primary BMU,WIND,WIND,BMU,Generation Unit,Y,,
EAD-BRTN1,I_EAD-BRTN1,Primary BMU,INTNED,INTERCONNECTOR,BMU,Demand Unit,,,
EAD-ELEC1,I_EAD-ELEC1,Primary BMU,INTELEC,INTERCONNECTOR,BMU,Demand Unit,,,
EAD-EWIC1,I_EAD-EWIC1,Primary BMU,INTEW,INTERCONNECTOR,BMU,Demand Unit,,,
EAD-FRAN1,I_EAD-FRAN1,Primary BMU,INTFR,INTERCONNECTOR,BMU,Demand Unit,,,
EAD-GRNL1,I_EAD-GRN1,Primary BMU,INTGRNL,INTERCONNECTOR,BMU,Demand Unit,,,
EAD-IFA2,I_EAD-IFA2,Primary BMU,INTIFA2,INTERCONNECTOR,BMU,Demand Unit,,,
EAD-MOYL1,I_EAD-MOYL1,Primary BMU,INTIRL,INTERCONNECTOR,BMU,Demand Unit,,,
EAD-NEMO1,I_EAD-NEMO1,Primary BMU,INTNEM,INTERCONNECTOR,BMU,Demand Unit,,,
EAD-NSL1,I_EAD-NSL1,Primary BMU,INTNSL,INTERCONNECTOR,BMU,Demand Unit,,,
EAD-VKL1,I_EAG-VKL1,Primary BMU,INTVKL,INTERCONNECTOR,BMU,Demand Unit,,,
EAG-BRTN1,I_EAG-BRTN1,Primary BMU,INTNED,INTERCONNECTOR,BMU,Generation Unit,,,
EAG-ELEC1,I_EAG-ELEC1,Primary BMU,OTHER,OTHER,NON-STANDARD,Generation Unit,,,
EAG-EWIC1,I_EAG-EWIC1,Primary BMU,INTEW,INTERCONNECTOR,BMU,Generation Unit,,,
EAG-FRAN1,I_EAG-FRAN1,Primary BMU,INTFR,INTERCONNECTOR,BMU,Generation Unit,,,
EAG-GRNL1,I_EAG-GRN1,Primary BMU,INTGRNL,INTERCONNECTOR,BMU,Generation Unit,,,
EAG-IFA2,I_EAG-IFA2,Primary BMU,INTIFA2,INTERCONNECTOR,BMU,Generation Unit,,,
EAG-MOYL1,I_EAG-MOYL1,Primary BMU,INTIRL,INTERCONNECTOR,BMU,Generation Unit,,,
EAG-NEMO1,I_EAG-NEMO1,Primary BMU,INTNEM,INTERCONNECTOR,BMU,Generation Unit,,,
EAG-NSL1,I_EAG-NSL1,Primary BMU,INTNSL,INTERCONNECTOR,BMU,Generation Unit,,,
EAG-VKL1,I_EAG-VKL1,Primary BMU,INTVKL,INTERCONNECTOR,BMU,Generation Unit,,,
EARBW-1,,Primary BMU,WIND,WIND,EELPS,Generation Unit,Y,,
EAS-ATL01,2__AIMPO000,Primary BMU,OTHER,OTHER,BMU,Demand Unit,,,
EAS-AXPO1,2__AAXPO000,Primary BMU,OTHER,OTHER,BMU,Demand Unit,,,
EAS-BET01,2__ANELC000,Primary BMU,OTHER,OTHER,BMU,Demand Unit,,,
EAS-BGS01,2__ABGAS000,Primary BMU,OTHER,OTHER,BMU,Demand Unit,,,
EAS-BIZ01,2__ABIZZ000,Primary BMU,OTHER,OTHER,BMU,Demand Unit,,,
EAS-EDF01,2__AEDFE000,Primary BMU,OTHER,OTHER,BMU,Demand Unit,,,
EAS-EDR01,2__AEDIR000,Primary BMU,OTHER,OTHER,BMU,Demand Unit,,,
EAS-ENR01,2__AENRD000,Primary BMU,OTHER,OTHER,BMU,Demand Unit,,,
EAS-EON01,2__AEOND000,Primary BMU,OTHER,OTHER,BMU,Demand Unit,,,
EAS-GDF01,2__ARWED000,Primary BMU,OTHER,OTHER,BMU,Demand Unit,,,
EAS-HPW01,2__AHPOW000,Primary BMU,OTHER,OTHER,BMU,Demand Unit,,,
EAS-HVN01,2__AHAVE000,Primary BMU,OTHER,OTHER,BMU,Demand Unit,,,
EAS-LIM01,,Primary BMU,OTHER,OTHER,BMU,Generation Unit,,,
EAS-LON01,2__ALOND000,Primary BMU,OTHER,OTHER,BMU,Demand Unit,,,
EAS-MID01,2__AMIDE000,Primary BMU,OTHER,OTHER,BMU,Demand Unit,,,
EAS-MNW01,2__AMANW000,Primary BMU,OTHER,OTHER,BMU,Demand Unit,,,
EAS-MSG01,2__AMSCG000,Primary BMU,OTHER,OTHER,BMU,Demand Unit,,,
EAS-NPE01,2__ANATP000,Primary BMU,OTHER,OTHER,BMU,Demand Unit,,,
EAS-OCT01,2__AMRCY000,Primary BMU,OTHER,OTHER,BMU,Demand Unit,,,
EAS-OGA01,2__AOGAS000,Primary BMU,OTHER,OTHER,BMU,Demand Unit,,,
EAS-PGE01,2__AEMEB000,Primary BMU,OTHER,OTHER,BMU,Demand Unit,,,
EAS-PGU01,2__APGEN000,Primary BMU,OTHER,OTHER,BMU,Demand Unit,,,
EAS-SEE01,2__ASEEB000,Primary BMU,OTHER,OTHER,BMU,Demand Unit,,,
EAS-SEL01,2__ASMAR000,Primary BMU,OTHER,OTHER,BMU,Demand Unit,,,
EAS-SPC01,2__ASPOW000,Primary BMU,OTHER,OTHER,BMU,Demand Unit,,,
EAS-SSE01,2__AHYDE000,Primary BMU,OTHER,OTHER,BMU,Demand Unit,,,
EAS-STH01,2__ASOUT000,Primary BMU,OTHER,OTHER,BMU,Demand Unit,,,
EAS-SWA01,2__ASWAE000,Primary BMU,OTHER,OTHER,BMU,Demand Unit,,,
EAS-SWT01,2__ASWEB000,Primary BMU,OTHER,OTHER,BMU,Demand Unit,,,
EAS-TFE01,2__ATGPL000,Primary BMU,OTHER,OTHER,BMU,Demand Unit,,,
EASTH-1,,Primary BMU,NPSHYD,NPSHYD,BMU,Generation Unit,,,
ECCFD-1,T_ECCFD-1,Primary BMU,OTHER,OTHER,BMU,Demand Unit,,,
ECEN01,2__ECNDL001,Primary BMU,OTHER,GAS,BMU,Generation Unit,Y,,
EDFE-1,,Primary BMU,OTHER,BATTERIES,BMU,Generation Unit,,,
EDINW-1,T_EDINW-1,Primary BMU,WIND,WIND,BMU,Generation Unit,Y,,
EDTRW-1,,Primary BMU,WIND,WIND,EELPS,Generation Unit,Y,,
EECL-1,T_EECL-1,Primary BMU,CCGT,CCGT,BMU,Generation Unit,Y,,
EGGPD-1,T_EGGPS-D,Primary BMU,OTHER,OTHER,BMU,Demand Unit,,,
EGLSD-1,T_EGLSD-1,Primary BMU,OTHER,OTHER,BMU,Demand Unit,,,
ELVAD-1,T_ELVAD-1,Primary BMU,OTHER,OTHER,BMU,Demand Unit,,,
EMD-ATL01,2__BIMPO000,Primary BMU,OTHER,OTHER,BMU,Demand Unit,,,
EMD-AXPO1,2__BAXPO000,Primary BMU,OTHER,OTHER,BMU,Demand Unit,,,
EMD-BET01,2__BNELC000,Primary BMU,OTHER,OTHER,BMU,Demand Unit,,,
EMD-BGS01,2__BBGAS000,Primary BMU,OTHER,OTHER,BMU,Demand Unit,,,
EMD-BIZ01,2__BBIZZ000,Primary BMU,OTHER,OTHER,BMU,Demand Unit,,,
EMD-EDF01,2__BEDFE000,Primary BMU,OTHER,OTHER,BMU,Demand Unit,,,
EMD-EDR01,2__BEDIR000,Primary BMU,OTHER,OTHER,BMU,Demand Unit,,,
EMD-ENR01,2__BENRD000,Primary BMU,OTHER,OTHER,BMU,Demand Unit,,,
EMD-EON01,2__BEOND000,Primary BMU,OTHER,OTHER,BMU,Demand Unit,,,
EMD-GDF01,2__BRWED000,Primary BMU,OTHER,OTHER,BMU,Demand Unit,,,
EMD-HPW01,2__BHPOW000,Primary BMU,OTHER,OTHER,BMU,Demand Unit,,,
EMD-HVN01,2__BHAVE000,Primary BMU,OTHER,OTHER,BMU,Demand Unit,,,
EMD-LIM01,,Primary BMU,OTHER,OTHER,BMU,Generation Unit,,,
EMD-LON01,2__BLOND000,Primary BMU,OTHER,OTHER,BMU,Demand Unit,,,
EMD-MID01,2__BMIDE000,Primary BMU,OTHER,OTHER,BMU,Demand Unit,,,
EMD-MNW01,2__BMANW000,Primary BMU,OTHER,OTHER,BMU,Demand Unit,,,
EMD-MSG01,2__BMSCG000,Primary BMU,OTHER,OTHER,BMU,Demand Unit,,,
EMD-NPE01,2__BNATP000,Primary BMU,OTHER,OTHER,BMU,Demand Unit,,,
EMD-OCT01,2__BMRCY000,Primary BMU,OTHER,OTHER,BMU,Demand Unit,,,
EMD-OGA01,2__BOGAS000,Primary BMU,OTHER,OTHER,BMU,Demand Unit,,,
EMD-PGE01,2__BEMEB000,Primary BMU,OTHER,OTHER,BMU,Demand Unit,,,
EMD-PGU01,2__BPGEN000,Primary BMU,OTHER,OTHER,BMU,Demand Unit,,,
EMD-SEE01,2__BSEEB000,Primary BMU,OTHER,OTHER,BMU,Demand Unit,,,
EMD-SEL01,2__BSMAR000,Primary BMU,OTHER,OTHER,BMU,Demand Unit,,,
EMD-SELA1,2__BSMAR001,Primary BMU,OTHER,OTHER,BMU,Demand Unit,,,
EMD-SPC01,2__BSPOW000,Primary BMU,OTHER,OTHER,BMU,Demand Unit,,,
EMD-SSE01,2__BHYDE000,Primary BMU,OTHER,OTHER,BMU,Demand Unit,,,
EMD-STH01,2__BSOUT000,Primary BMU,OTHER,OTHER,BMU,Demand Unit,,,
EMD-SWA01,2__BSWAE000,Primary BMU,OTHER,OTHER,BMU,Demand Unit,,,
EMD-SWT01,2__BSWEB000,Primary BMU,OTHER,OTHER,BMU,Demand Unit,,,
EMD-TFE01,2__BTGPL000,Primary BMU,OTHER,OTHER,BMU,Demand Unit,,,
ENDRB-1,T_ENDRB-1,Primary BMU,OTHER,BATTERIES,BMU,Bi-Directional,Y,,
ENDSR-12,,Primary BMU,OTHER,LOAD RESPONSE,NON-STANDARD,Demand Unit,,,
ENHLW-1,T_ENHLW-1,Primary BMU,WIND,WIND,BMU,Generation Unit,Y,,
ERRO-1,T_ERRO-1,Primary BMU,NPSHYD,NPSHYD,BMU,Generation Unit,Y,,
ERRO-2,T_ERRO-2,Primary BMU,NPSHYD,NPSHYD,BMU,Generation Unit,Y,,
ERRO-3,T_ERRO-3,Primary BMU,NPSHYD,NPSHYD,BMU,Generation Unit,Y,,
EWHLW-1,T_EWHLW-1,Primary BMU,WIND,WIND,BMU,Generation Unit,Y,,
EXETR-2,E_EXETR-2,Primary BMU,OCGT,OCGT,BMU,Generation Unit,,,
FAARW-1,T_FARR-1,Primary BMU,WIND,WIND,BMU,Generation Unit,Y,,
FAARW-2,T_FARR-2,Primary BMU,WIND,WIND,BMU,Generation Unit,Y,,
FALGW-1,T_FALGW-1,Primary BMU,WIND,WIND,BMU,Generation Unit,Y,,
FARNB-1,,Primary BMU,OTHER,BATTERIES,BMU,Bi-Directional,Y,,
FASN-1,T_FASN-1,Primary BMU,NPSHYD,NPSHYD,BMU,Generation Unit,Y,,
FASN2,T_FASN-2,Primary BMU,NPSHYD,NPSHYD,BMU,Generation Unit,Y,,
FASN3,E_FASN-3,Primary BMU,NPSHYD,NPSHYD,BMU,Generation Unit,Y,,
FASN-4,E_FASN-4,Primary BMU,NPSHYD,NPSHYD,BMU,Generation Unit,Y,,
FAWL2G,T_FAWL2G,Primary BMU,OCGT,OCGT,BMU,Generation Unit,,,
FAWL4G,T_FAWL4G,Primary BMU,OCGT,OCGT,BMU,Generation Unit,,,
FAWN-1,E_FAWN-1,Primary BMU,CCGT,CCGT,BMU,Generation Unit,Y,,
FBPG01,,Additional Supplier BMU,OTHER,BATTERIES,BMU,Bi-Directional,Y,,
FBPG02,,Additional Supplier BMU,OTHER,BATTERIES,BMU,Bi-Directional,Y,,
FDUNT-1,E_FDUN-1,Primary BMU,OCGT,OCGT,BMU,Generation Unit,,,
FELL-1,E_FELL-1,Primary BMU,CCGT,CCGT,BMU,Generation Unit,Y,,
FERR-1,T_FERR-1,Primary BMU,COAL,COAL,BMU,Generation Unit,,,
FERR-2,T_FERR-2,Primary BMU,COAL,COAL,BMU,Generation Unit,,,
FERR-3,T_FERR-3,Primary BMU,COAL,COAL,BMU,Generation Unit,,,
FERRB-1,T_FERRB-1,Primary BMU,OTHER,BATTERIES,BMU,Bi-Directional,Y,,
FERRB-2,T_FERRB-2,Primary BMU,OTHER,BATTERIES,BMU,Bi-Directional,Y,,
FFES-1,T_FFES-1,Primary BMU,NPSHYD,NPSHYD,BMU,Generation Unit,Y,,
FFES-2,T_FFES-2,Primary BMU,NPSHYD,NPSHYD,BMU,Generation Unit,Y,,
FFES-3,T_FFES-3,Primary BMU,NPSHYD,NPSHYD,BMU,Generation Unit,Y,,
FFES-4,T_FFES-4,Primary BMU,NPSHYD,NPSHYD,BMU,Generation Unit,Y,,
FFSE01,E_POTES-1,Primary BMU,OTHER,BATTERIES,BMU,Bi-Directional,Y,,
FINL-1,T_FINL-1,Primary BMU,NPSHYD,NPSHYD,BMU,Generation Unit,Y,,
FOXJD-1,T_FOXJD-1,Primary BMU,OTHER,OTHER,BMU,Demand Unit,,,
FOXJD-2,T_FOXJD-2,Primary BMU,OTHER,OTHER,BMU,Demand Unit,,,
FOYED-1,T_FOYED-1,Primary BMU,OTHER,OTHER,BMU,Demand Unit,,,
FRASFFR,,Primary BMU,OTHER,DIESEL,NON-STANDARD,Generation Unit,,,
FRBRW-1,,Primary BMU,WIND,WIND,EELPS,Generation Unit,Y,,
FSDLW-1,T_FSDLW-1,Primary BMU,WIND,WIND,BMU,Generation Unit,Y,,
FUABW-1,,Primary BMU,WIND,WIND,BMU,Generation Unit,Y,,
GABNE-1,,Primary BMU,WIND,WIND,BMU,Generation Unit,,,
GAOFO-1,T_GANW-11,Primary BMU,WIND,WIND,BMU,Generation Unit,Y,,
GAOFO-2,T_GANW-22,Primary BMU,WIND,WIND,BMU,Generation Unit,Y,,
GAOFO-3,T_GANW-13,Primary BMU,WIND,WIND,BMU,Generation Unit,Y,,
GAOFO-4,T_GANW-24,Primary BMU,WIND,WIND,BMU,Generation Unit,Y,,
GARBR-1,,Primary BMU,WIND,WIND,BMU,Generation Unit,,,
GAUR-1,,Primary BMU,NPSHYD,NPSHYD,EELPS,Generation Unit,,,
GBND_11,,Secondary BMU,OTHER,BATTERIES,BMU,Generation Unit,,,
GBND_9,,Secondary BMU,OTHER,BATTERIES,BMU,Generation Unit,,,
GCAAD-1,,Primary BMU,WIND,WIND,BMU,Generation Unit,,,
GCAAD-2,,Primary BMU,WIND,WIND,BMU,Generation Unit,,,
GCHAP-1,,Primary BMU,WIND,WIND,BMU,Generation Unit,,,
GCOAT-1,,Primary BMU,WIND,WIND,BMU,Generation Unit,,,
GCOUA-1,,Primary BMU,WIND,WIND,BMU,Generation Unit,,,
GCOYL-1,,Primary BMU,WIND,WIND,BMU,Generation Unit,,,
GCOYL-2,,Primary BMU,WIND,WIND,BMU,Generation Unit,,,
GCUMB-1,,Primary BMU,WIND,WIND,BMU,Generation Unit,,,
GDEVO-1,,Primary BMU,WIND,WIND,BMU,Generation Unit,,,
GDSTW-1,E_GDSTW-1,Primary BMU,WIND,WIND,BMU,Generation Unit,Y,,
GFLDW-1,E_GFLDW-1,Primary BMU,WIND,WIND,BMU,Generation Unit,Y,,
GHAV01,2__GHPOW001,Primary BMU,CCGT,CCGT,BMU,Generation Unit,,,
GLCHW-1,E_GLCHW-1,Primary BMU,WIND,WIND,BMU,Generation Unit,Y,,
GLEN-1,,Primary BMU,NPSHYD,NPSHYD,BMU,Generation Unit,,,
GLEN-2,,Primary BMU,NPSHYD,NPSHYD,BMU,Generation Unit,,,
GLEND-1,T_GLEND-1,Primary BMU,OTHER,OTHER,BMU,Demand Unit,,,
GLLEH-1,,Primary BMU,NPSHYD,NPSHYD,BMU,Generation Unit,,,
GLNDO-1,T_GLNDO-1,Primary BMU,NPSHYD,NPSHYD,BMU,Generation Unit,Y,,
GLNKW-1,T_GLNKW-1,Primary BMU,WIND,WIND,BMU,Generation Unit,Y,,
GLOFW-1,E_GLOFW-1,Primary BMU,WIND,WIND,BMU,Generation Unit,Y,,
GLSBB-1,,Additional Supplier BMU,OTHER,BATTERIES,BMU,Bi-Directional,,,
GLWSW-1,T_GLWSW-1,Primary BMU,WIND,WIND,BMU,Generation Unit,Y,,
GNAPW-1,T_GNAPW-1,Primary BMU,WIND,WIND,BMU,Generation Unit,Y,,
GNFSW-1,T_GNFSW-1,Primary BMU,WIND,WIND,BMU,Generation Unit,Y,,
GNFSW-2,T_GNFSW-2,Primary BMU,WIND,WIND,BMU,Generation Unit,Y,,
GORDW-1,T_GORDW-1,Primary BMU,WIND,WIND,BMU,Generation Unit,Y,,
GOSHS-1,,Primary BMU,OTHER,GAS,BMU,Generation Unit,Y,,
GOWKD-1,T_GOWKD-1,Primary BMU,OTHER,OTHER,BMU,Demand Unit,,,
GPEHG-1,,Primary BMU,WIND,WIND,BMU,Generation Unit,,,
GPOOB-1,,Primary BMU,WIND,WIND,BMU,Generation Unit,,,
GRAI1G,T_GRAI1G,Primary BMU,OCGT,OCGT,BMU,Generation Unit,Y,,
GRAI4G,T_GRAI4G,Primary BMU,OCGT,OCGT,BMU,Generation Unit,Y,,
GRAI-6,T_GRAI-6,Primary BMU,CCGT,CCGT,BMU,Generation Unit,Y,,
GRAI-7,T_GRAI-7,Primary BMU,CCGT,CCGT,BMU,Generation Unit,Y,,
GRAI-8,T_GRAI-8,Primary BMU,CCGT,CCGT,BMU,Generation Unit,Y,,
GRAISC-1,T_GRAISC-1,Primary BMU,OTHER,OTHER,BMU,Generation Unit,,,
GRAISC-2,T_GRAISC-2,Primary BMU,OTHER,OTHER,BMU,Generation Unit,,,
GRCRB-1,E_GRCRB-1,Primary BMU,OTHER,BATTERIES,BMU,Bi-Directional,,,
GRFLB-1,,Primary BMU,OTHER,BATTERIES,BMU,Generation Unit,,,
GRGBW-1,T_GRGBW-1,Primary BMU,WIND,WIND,BMU,Generation Unit,Y,,
GRGBW-2,T_GRGBW-2,Primary BMU,WIND,WIND,BMU,Generation Unit,Y,,
GRGBW-3,T_GRGBW-3,Primary BMU,WIND,WIND,BMU,Generation Unit,Y,,
GRGRW-1,E_GRGRW-1,Primary BMU,WIND,WIND,BMU,Generation Unit,Y,,
GRIFW-1,T_GRIFW-1,Primary BMU,WIND,WIND,BMU,Generation Unit,Y,,
GRIFW-2,T_GRIFW-2,Primary BMU,WIND,WIND,BMU,Generation Unit,Y,,
GRKNW-1,,Primary BMU,WIND,WIND,BMU,Generation Unit,Y,,
GRMO-1,T_GRMO-1,Primary BMU,BIOMASS,BIOMASS,BMU,Generation Unit,Y,,
GRTSC-1,T_GRTSC-1,Primary BMU,OTHER,LOAD RESPONSE,BMU,Generation Unit,,,
GRUB-1,2__PIMPO006,Primary BMU,NPSHYD,NPSHYD,EELPS,Generation Unit,Y,,
GRUB-2,2__PIMPO007,Primary BMU,NPSHYD,NPSHYD,EELPS,Generation Unit,Y,,
GSACO-1,,Primary BMU,WIND,WIND,BMU,Generation Unit,,,
GSACO-2,,Primary BMU,WIND,WIND,BMU,Generation Unit,,,
GSMA03,2__GSMAE003,Primary BMU,CCGT,CCGT,BMU,Generation Unit,Y,,
GSTRI-3,,Primary BMU,WIND,WIND,BMU,Generation Unit,,,
GTAYN-1,,Primary BMU,WIND,WIND,BMU,Generation Unit,,,
GTHSO-1,,Primary BMU,WIND,WIND,BMU,Generation Unit,,,
GTHSO-2,,Primary BMU,WIND,WIND,BMU,Generation Unit,,,
GYAR-1,E_GYAR-1,Primary BMU,CCGT,CCGT,BMU,Generation Unit,Y,,
GYMRO-15,T_GYMR-15,Primary BMU,WIND,WIND,BMU,Generation Unit,Y,,
GYMRO-17,T_GYMR-17,Primary BMU,WIND,WIND,BMU,Generation Unit,Y,,
GYMRO-26,T_GYMR-26,Primary BMU,WIND,WIND,BMU,Generation Unit,Y,,
GYMRO-28,T_GYMR-28,Primary BMU,WIND,WIND,BMU,Generation Unit,Y,,
HADHW-1,T_HADHW-1,Primary BMU,WIND,WIND,BMU,Generation Unit,Y,,
HAGHW-2,T_HAGHW-2,Primary BMU,WIND,WIND,BMU,Generation Unit,,,
HAHAW-1,T_HAHAW-1,Primary BMU,WIND,WIND,BMU,Generation Unit,Y,,
HALSW-1,T_HALSW-1,Primary BMU,WIND,WIND,BMU,Generation Unit,Y,,
HAWFW-1,,Primary BMU,WIND,WIND,NON-STANDARD,Generation Unit,Y,,
HAWKB-1,,Primary BMU,OTHER,BATTERIES,BMU,Bi-Directional,Y,,
HBHDW-1,E_HBHDW-1,Primary BMU,WIND,WIND,BMU,Generation Unit,Y,,
HEYM11,T_HEYM11,Primary BMU,NUCLEAR,NUCLEAR,BMU,Generation Unit,Y,,
HEYM12,T_HEYM12,Primary BMU,NUCLEAR,NUCLEAR,BMU,Generation Unit,Y,,
HEYM27,T_HEYM27,Primary BMU,NUCLEAR,NUCLEAR,BMU,Generation Unit,Y,,
HEYM28,T_HEYM28,Primary BMU,NUCLEAR,NUCLEAR,BMU,Generation Unit,Y,,
HEYM2D-1,T_HEYM2-D,Primary BMU,OTHER,OTHER,BMU,Demand Unit,,,
HFSE01,2__HFSEN005,Primary BMU,OTHER,BATTERIES,BMU,Bi-Directional,,,
HFSE02,2__HFSEN006,Primary BMU,OTHER,BATTERIES,BMU,Bi-Directional,,,
HINB-7,T_HINB-7,Primary BMU,NUCLEAR,NUCLEAR,BMU,Generation Unit,,,
HINB-8,T_HINB-8,Primary BMU,NUCLEAR,NUCLEAR,BMU,Generation Unit,,,
HIRWB-1,V__KHABI007,Secondary BMU,OTHER,BATTERIES,BMU,Bi-Directional,,,
HIRWN-1,T_HIRWN-1,Primary BMU,OCGT,OCGT,BMU,Generation Unit,Y,,
HLGLW-1,E_HLGLW-1,Primary BMU,WIND,WIND,BMU,Generation Unit,Y,,
HLLHG-1,V__GFORS004,Secondary BMU,OTHER,GAS,BMU,Generation Unit,,,
HLTWW-1,E_HLTWW-1,Primary BMU,WIND,WIND,BMU,Generation Unit,Y,,
HMGTO-1,T_HMGTO-1,Primary BMU,WIND,WIND,BMU,Generation Unit,Y,,
HMGTO-2,T_HMGTO-2,Primary BMU,WIND,WIND,BMU,Generation Unit,Y,,
HOWAO-1,T_HOWAO-1,Primary BMU,WIND,WIND,BMU,Generation Unit,Y,,
HOWAO-2,T_HOWAO-2,Primary BMU,WIND,WIND,BMU,Generation Unit,Y,,
HOWAO-3,T_HOWAO-3,Primary BMU,WIND,WIND,BMU,Generation Unit,Y,,
HOWBO-1,T_HOWBO-1,Primary BMU,WIND,WIND,BMU,Generation Unit,Y,,
HOWBO-2,T_HOWBO-2,Primary BMU,WIND,WIND,BMU,Generation Unit,Y,,
HOWBO-3,T_HOWBO-3,Primary BMU,WIND,WIND,BMU,Generation Unit,Y,,
HRHLW-1,E_HRHLW-1,Primary BMU,WIND,WIND,BMU,Generation Unit,Y,,
HRSTB-1,T_HRSTB-1,Primary BMU,OTHER,BATTERIES,BMU,Bi-Directional,Y,,
HRSTW-1,T_HRSTW-1,Primary BMU,WIND,WIND,BMU,Generation Unit,Y,,
HRTL-1,T_HRTL-1,Primary BMU,NUCLEAR,NUCLEAR,BMU,Generation Unit,Y,,
HRTL-2,T_HRTL-2,Primary BMU,NUCLEAR,NUCLEAR,BMU,Generation Unit,Y,,
HRTMG-1,V__FFORS001,Secondary BMU,OTHER,GAS,BMU,Generation Unit,,,
HSSE01,,Primary BMU,OTHER,BATTERIES,BMU,Demand Unit,Y,,
HUMR-1,,Primary BMU,CCGT,CCGT,BMU,Generation Unit,Y,,
HUMR-2,,Primary BMU,OTHER,GAS,BMU,Generation Unit,Y,,
HUMR-4,T_HUMR-4,Primary BMU,OCGT,OCGT,BMU,Generation Unit,Y,,
HYWDW-1,E_HYWDW-1,Primary BMU,WIND,WIND,BMU,Generation Unit,Y,,
I2D-ALEU1,I_I2D-ALEU1,Primary BMU,INTIFA2,INTERCONNECTOR,BMU,Demand Unit,,,
I2D-ALIP1,I_I2D-ALIP1,Primary BMU,INTIFA2,INTERCONNECTOR,BMU,Demand Unit,,,
I2D-ALPE1,I_I2D-ALPE1,Primary BMU,INTIFA2,INTERCONNECTOR,BMU,Demand Unit,,,
I2D-ARON1,I_I2D-ARON1,Primary BMU,INTIFA2,INTERCONNECTOR,BMU,Demand Unit,,,
I2D-AROS1,I_I2G-AROS1,Primary BMU,INTIFA2,INTERCONNECTOR,BMU,Demand Unit,,,
I2D-ARTH1,I_I2D-ARTH1,Primary BMU,INTIFA2,INTERCONNECTOR,BMU,Demand Unit,,,
I2D-ATLS1,I_I2D-ATLS1,Primary BMU,INTIFA2,INTERCONNECTOR,BMU,Demand Unit,,,
I2D-AXPO1,I_I2D-AXPO1,Primary BMU,INTIFA2,INTERCONNECTOR,BMU,Demand Unit,,,
I2D-BAYW1,I_I2D-BAYW1,Primary BMU,INTIFA2,INTERCONNECTOR,BMU,Demand Unit,,,
I2D-BDEN1,I_I2D-BDEN1,Primary BMU,INTIFA2,INTERCONNECTOR,BMU,Demand Unit,,,
I2D-BKWE1,I_I2D-BKWE1,Primary BMU,INTIFA2,INTERCONNECTOR,BMU,Demand Unit,,,
I2D-BNPS1,I_I2D-BNPS1,Primary BMU,INTIFA2,INTERCONNECTOR,BMU,Demand Unit,,,
I2D-BPGM1,I_I2D-BPGM1,Primary BMU,INTIFA2,INTERCONNECTOR,BMU,Demand Unit,,,
I2D-CACM1,I_I2D-CACM1,Primary BMU,INTIFA2,INTERCONNECTOR,BMU,Demand Unit,,,
I2D-CBST1,I_I2D-CBST1,Primary BMU,INTIFA2,INTERCONNECTOR,BMU,Demand Unit,,,
I2D-CCME1,I_I2D-CCME1,Primary BMU,INTIFA2,INTERCONNECTOR,BMU,Demand Unit,,,
I2D-CENT1,I_I2D-CENT1,Primary BMU,INTIFA2,INTERCONNECTOR,BMU,Demand Unit,,,
I2D-CETL1,I_I2D-CETL1,Primary BMU,INTIFA2,INTERCONNECTOR,BMU,Demand Unit,,,
I2D-CEZC1,I_I2D-CEZC1,Primary BMU,INTIFA2,INTERCONNECTOR,BMU,Demand Unit,,,
I2D-CFPE1,I_I2D-CFPE1,Primary BMU,INTIFA2,INTERCONNECTOR,BMU,Demand Unit,,,
I2D-CNGS1,I_I2D-CNGS1,Primary BMU,INTIFA2,INTERCONNECTOR,BMU,Demand Unit,,,
I2D-CNRE1,I_I2D-CNRE1,Primary BMU,INTIFA2,INTERCONNECTOR,BMU,Demand Unit,,,
I2D-COMM1,I_I2D-COMM1,Primary BMU,INTIFA2,INTERCONNECTOR,BMU,Demand Unit,,,
I2D-CONS1,I_I2D-CONS1,Primary BMU,INTIFA2,INTERCONNECTOR,BMU,Demand Unit,,,
I2D-CONV1,I_I2D-CONV1,Primary BMU,INTIFA2,INTERCONNECTOR,BMU,Demand Unit,,,
I2D-COPN1,I_I2D-COPN1,Primary BMU,INTIFA2,INTERCONNECTOR,BMU,Demand Unit,,,
I2D-CURR1,I_I2G-CURR1,Primary BMU,INTIFA2,INTERCONNECTOR,BMU,Demand Unit,,,
I2D-DARE1,I_I2D-DARE1,Primary BMU,INTIFA2,INTERCONNECTOR,BMU,Demand Unit,,,
I2D-DMCC1,I_I2D-DMCC1,Primary BMU,INTIFA2,INTERCONNECTOR,BMU,Demand Unit,,,
I2D-DSKC1,I_I2D-DSKC1,Primary BMU,INTIFA2,INTERCONNECTOR,BMU,Demand Unit,,,
I2D-DUEN1,I_I2D-DUEN1,Primary BMU,INTIFA2,INTERCONNECTOR,BMU,Demand Unit,,,
I2D-DUGE1,I_I2D-DUGE1,Primary BMU,INTIFA2,INTERCONNECTOR,BMU,Demand Unit,,,
I2D-DVAL1,I_I2D-DVAL1,Primary BMU,INTIFA2,INTERCONNECTOR,BMU,Demand Unit,,,
I2D-DVTD1,I_I2D-DVTD1,Primary BMU,INTIFA2,INTERCONNECTOR,BMU,Demand Unit,,,
I2D-EDFT1,I_I2D-EDFT1,Primary BMU,INTIFA2,INTERCONNECTOR,BMU,Demand Unit,,,
I2D-EDMK1,I_I2D-EDMK1,Primary BMU,INTIFA2,INTERCONNECTOR,BMU,Demand Unit,,,
I2D-EENG1,I_I2D-EENG1,Primary BMU,INTIFA2,INTERCONNECTOR,BMU,Demand Unit,,,
I2D-ELEE1,I_I2D-ELEE1,Primary BMU,INTIFA2,INTERCONNECTOR,BMU,Demand Unit,,,
I2D-ELTR1,I_I2D-ELTR1,Primary BMU,INTIFA2,INTERCONNECTOR,BMU,Demand Unit,,,
I2D-ENBW1,I_I2G-ENBW1,Primary BMU,INTIFA2,INTERCONNECTOR,BMU,Demand Unit,,,
I2D-ENKI1,I_I2D-ENKI1,Primary BMU,INTIFA2,INTERCONNECTOR,BMU,Demand Unit,,,
I2D-ENSC1,I_I2D-ENSC1,Primary BMU,INTIFA2,INTERCONNECTOR,BMU,Demand Unit,,,
I2D-ENSP1,,Primary BMU,INTIFA2,INTERCONNECTOR,BMU,Demand Unit,,,
I2D-ENTC1,I_I2D-ENTC1,Primary BMU,INTIFA2,INTERCONNECTOR,BMU,Demand Unit,,,
I2D-ENZL1,I_I2D-ENZL1,Primary BMU,INTIFA2,INTERCONNECTOR,BMU,Demand Unit,,,
I2D-EPCO1,I_I2D-EPCO1,Primary BMU,INTIFA2,INTERCONNECTOR,BMU,Demand Unit,,,
I2D-EWII1,I_I2D-EWII1,Primary BMU,INTIFA2,INTERCONNECTOR,BMU,Demand Unit,,,
I2D-EXXO1,I_I2D-EXXO1,Primary BMU,INTIFA2,INTERCONNECTOR,BMU,Demand Unit,,,
I2D-EZCO1,I_I2D-EZCO1,Primary BMU,INTIFA2,INTERCONNECTOR,BMU,Demand Unit,,,
I2D-EZPD1,I_I2D-EZPD1,Primary BMU,INTIFA2,INTERCONNECTOR,BMU,Demand Unit,,,
I2D-FLEX1,I_I2D-FLEX1,Primary BMU,INTIFA2,INTERCONNECTOR,BMU,Demand Unit,,,
I2D-GASE1,I_I2D-GASE1,Primary BMU,INTIFA2,INTERCONNECTOR,BMU,Demand Unit,,,
I2D-GAZP1,I_I2G-GAZP1,Primary BMU,INTIFA2,INTERCONNECTOR,BMU,Demand Unit,,,
I2D-GENI1,I_I2D-GENI1,Primary BMU,INTIFA2,INTERCONNECTOR,BMU,Demand Unit,,,
I2D-GLEN1,I_I2D-GLEN1,Primary BMU,INTIFA2,INTERCONNECTOR,BMU,Demand Unit,,,
I2D-GRMC1,I_I2D-GRMC1,Primary BMU,INTIFA2,INTERCONNECTOR,BMU,Generation Unit,,,
I2D-GRMT1,I_I2D-GRMT1,Primary BMU,INTIFA2,INTERCONNECTOR,BMU,Demand Unit,,,
I2D-HART1,I_I2D-HART1,Primary BMU,INTIFA2,INTERCONNECTOR,BMU,Demand Unit,,,
I2D-HELI1,I_I2D-HELI1,Primary BMU,INTIFA2,INTERCONNECTOR,BMU,Demand Unit,,,
I2D-IBES1,I_I2D-IBES1,Primary BMU,INTIFA2,INTERCONNECTOR,BMU,Demand Unit,,,
I2D-IDCT1,I_I2D-IDCT1,Primary BMU,INTIFA2,INTERCONNECTOR,BMU,Demand Unit,,,
I2D-IMPT1,I_I2D-IMPT1,Primary BMU,INTIFA2,INTERCONNECTOR,BMU,Demand Unit,,,
I2D-INCM1,I_I2D-INCM1,Primary BMU,INTIFA2,INTERCONNECTOR,BMU,Demand Unit,,,
I2D-JWME1,I_I2D-JWME1,Primary BMU,INTIFA2,INTERCONNECTOR,BMU,Demand Unit,,,
I2D-KVAS1,I_I2D-KVAS1,Primary BMU,INTIFA2,INTERCONNECTOR,BMU,Demand Unit,,,
I2D-MCRA1,I_I2D-MCRA1,Primary BMU,INTIFA2,INTERCONNECTOR,BMU,Demand Unit,,,
I2D-MELT1,I_I2D_METL1,Primary BMU,INTIFA2,INTERCONNECTOR,BMU,Demand Unit,,,
I2D-MFTE1,I_I2D-MFTE1,Primary BMU,INTIFA2,INTERCONNECTOR,BMU,Demand Unit,,,
I2D-MQBN1,I_I2D-MQBN1,Primary BMU,INTIFA2,INTERCONNECTOR,BMU,Demand Unit,,,
I2D-NDPL1,I_I2D-NDPL1,Primary BMU,INTIFA2,INTERCONNECTOR,BMU,Demand Unit,,,
I2D-NEAS1,I_I2D-NEAS1,Primary BMU,INTIFA2,INTERCONNECTOR,BMU,Demand Unit,,,
I2D-NEHO1,I_I2D-NEHO1,Primary BMU,INTIFA2,INTERCONNECTOR,BMU,Demand Unit,,,
I2D-NITR1,I_I2D-NITR1,Primary BMU,INTIFA2,INTERCONNECTOR,BMU,Demand Unit,,,
I2D-NORL1,I_I2D-NORL1,Primary BMU,INTIFA2,INTERCONNECTOR,BMU,Demand Unit,,,
I2D-NTPL1,I_I2D-NTPL1,Primary BMU,INTIFA2,INTERCONNECTOR,BMU,Demand Unit,,,
I2D-OMPX1,I_I2D-OMPX1,Primary BMU,INTIFA2,INTERCONNECTOR,BMU,Demand Unit,,,
I2D-OPMX1,I_I2D-OPMX1,Primary BMU,INTIFA2,INTERCONNECTOR,BMU,Demand Unit,,,
I2D-OUTL1,I_I2D-OUTL1,Primary BMU,INTIFA2,INTERCONNECTOR,BMU,Demand Unit,,,
I2D-PEAK1,I_I2D-PEAK1,Primary BMU,INTIFA2,INTERCONNECTOR,BMU,Demand Unit,,,
I2D-PETC1,I_I2D-PETC1,Primary BMU,INTIFA2,INTERCONNECTOR,BMU,Demand Unit,,,
I2D-POWT1,I_I2D-POWT1,Primary BMU,INTIFA2,INTERCONNECTOR,BMU,Demand Unit,,,
I2D-PREP1,I_I2D-PREP1,Primary BMU,INTIFA2,INTERCONNECTOR,BMU,Demand Unit,,,
I2D-PWMR1,I_I2D-PWMR1,Primary BMU,INTIFA2,INTERCONNECTOR,BMU,Demand Unit,,,
I2D-QTPT1,I_I2D-QTPT1,Primary BMU,INTIFA2,INTERCONNECTOR,BMU,Demand Unit,,,
I2D-QUAR1,I_I2D-QUAR1,Primary BMU,INTIFA2,INTERCONNECTOR,BMU,Demand Unit,,,
I2D-QUEN1,I_I2D-QUEN1,Primary BMU,INTIFA2,INTERCONNECTOR,BMU,Demand Unit,,,
I2D-RESP1,I_I2D-RESP1,Primary BMU,INTIFA2,INTERCONNECTOR,BMU,Demand Unit,,,
I2D-RISQ1,I_I2D-RISQ1,Primary BMU,INTIFA2,INTERCONNECTOR,BMU,Demand Unit,,,
I2D-RWES1,I_I2D-RWES1,Primary BMU,INTIFA2,INTERCONNECTOR,BMU,Demand Unit,,,
I2D-SEAG1,I_I2D-SEAG1,Primary BMU,INTIFA2,INTERCONNECTOR,BMU,Demand Unit,,,
I2D-SECF1,I_I2D-SECF1,Primary BMU,INTIFA2,INTERCONNECTOR,BMU,Demand Unit,,,
I2D-SETL1,I_I2D-SETL1,Primary BMU,INTIFA2,INTERCONNECTOR,BMU,Demand Unit,,,
I2D-SIRI1,I_I2D-SIRI1,Primary BMU,INTIFA2,INTERCONNECTOR,BMU,Demand Unit,,,
I2D-SSEG1,I_I2D-SSEG1,Primary BMU,INTIFA2,INTERCONNECTOR,BMU,Demand Unit,,,
I2D-STAT1,I_I2D-STAT1,Primary BMU,INTIFA2,INTERCONNECTOR,BMU,Demand Unit,,,
I2D-STGS1,I_I2D-STGS1,Primary BMU,INTIFA2,INTERCONNECTOR,BMU,Demand Unit,,,
I2D-TGPL1,I_I2D-TGPL1,Primary BMU,INTIFA2,INTERCONNECTOR,BMU,Demand Unit,,,
I2D-TILD1,I_I2D-TILD1,Primary BMU,INTIFA2,INTERCONNECTOR,BMU,Demand Unit,,,
I2D-TRFD1,I_I2D-TRFD1,Primary BMU,INTIFA2,INTERCONNECTOR,BMU,Demand Unit,,,
I2D-TRFG1,I_I2D-TRFG1,Primary BMU,INTIFA2,INTERCONNECTOR,BMU,Demand Unit,,,
I2D-TRGY1,I_I2D-TRGY1,Primary BMU,INTIFA2,INTERCONNECTOR,BMU,Demand Unit,,,
I2D-TRLS1,I_I2D-TRLS1,Primary BMU,INTIFA2,INTERCONNECTOR,BMU,Demand Unit,,,
I2D-TRSI1,I_I2D-TRSI1,Primary BMU,INTIFA2,INTERCONNECTOR,BMU,Demand Unit,,,
I2D-VOLT1,I_I2D-VOLT1,Primary BMU,INTIFA2,INTERCONNECTOR,BMU,Demand Unit,,,
I2D-VSAL1,I_I2D-VSAL1,Primary BMU,INTIFA2,INTERCONNECTOR,BMU,Demand Unit,,,
I2D-VTUS1,I_I2D-VTUS1,Primary BMU,INTIFA2,INTERCONNECTOR,BMU,Demand Unit,,,
I2D-WOLF1,I_I2D-WOLF1,Primary BMU,INTIFA2,INTERCONNECTOR,BMU,Demand Unit,,,
I2D-XNON1,I_I2D-XNON1,Primary BMU,INTIFA2,INTERCONNECTOR,BMU,Demand Unit,,,
I2G-ALEU1,I_I2G-ALEU1,Primary BMU,INTIFA2,INTERCONNECTOR,BMU,Generation Unit,,,
I2G-ALIP1,I_I2G-ALIP1,Primary BMU,INTIFA2,INTERCONNECTOR,BMU,Generation Unit,,,
I2G-ALPE1,I_I2G-ALPE1,Primary BMU,INTIFA2,INTERCONNECTOR,BMU,Generation Unit,,,
I2G-ARON1,I_I2G-ARON1,Primary BMU,INTIFA2,INTERCONNECTOR,BMU,Generation Unit,,,
I2G-AROS1,I_I2G-AROS1,Primary BMU,INTIFA2,INTERCONNECTOR,BMU,Generation Unit,,,
I2G-ARTH1,I_I2G-ARTH1,Primary BMU,INTIFA2,INTERCONNECTOR,BMU,Generation Unit,,,
I2G-ATLS1,I_I2G-ATLS1,Primary BMU,INTIFA2,INTERCONNECTOR,BMU,Generation Unit,,,
I2G-AXPO1,I_I2G-AXPO1,Primary BMU,INTIFA2,INTERCONNECTOR,BMU,Generation Unit,,,
I2G-BAYW1,I_I2G-BAYW1,Primary BMU,INTIFA2,INTERCONNECTOR,BMU,Generation Unit,,,
I2G-BDEN1,I_I2G-BDEN1,Primary BMU,INTIFA2,INTERCONNECTOR,BMU,Generation Unit,,,
I2G-BKWE1,I_I2G-BKWE1,Primary BMU,INTIFA2,INTERCONNECTOR,BMU,Generation Unit,,,
I2G-BNPS1,I_I2G-BNPS1,Primary BMU,INTIFA2,INTERCONNECTOR,BMU,Generation Unit,,,
I2G-BPGM1,I_I2G-BPGM1,Primary BMU,INTIFA2,INTERCONNECTOR,BMU,Generation Unit,,,
I2G-CACM1,I_I2G-CACM1,Primary BMU,INTIFA2,INTERCONNECTOR,BMU,Generation Unit,,,
I2G-CBST1,I_I2G-CBST1,Primary BMU,INTIFA2,INTERCONNECTOR,BMU,Generation Unit,,,
I2G-CCME1,I_I2G-CCME1,Primary BMU,INTIFA2,INTERCONNECTOR,BMU,Generation Unit,,,
I2G-CENT1,I_I2G-CENT1,Primary BMU,INTIFA2,INTERCONNECTOR,BMU,Generation Unit,,,
I2G-CETL1,I_I2G-CETL1,Primary BMU,INTIFA2,INTERCONNECTOR,BMU,Generation Unit,,,
I2G-CEZC1,I_I2G-CEZC1,Primary BMU,INTIFA2,INTERCONNECTOR,BMU,Generation Unit,,,
I2G-CFPE1,I_I2G-CFPE1,Primary BMU,INTIFA2,INTERCONNECTOR,BMU,Generation Unit,,,
I2G-CNGS1,I_I2G-CNGS1,Primary BMU,INTIFA2,INTERCONNECTOR,BMU,Generation Unit,,,
I2G-CNRE1,I_I2G-CNRE1,Primary BMU,INTIFA2,INTERCONNECTOR,BMU,Generation Unit,,,
I2G-COMM1,I_I2G-COMM1,Primary BMU,INTIFA2,INTERCONNECTOR,BMU,Generation Unit,,,
I2G-CONS1,I_I2G-CONS1,Primary BMU,INTIFA2,INTERCONNECTOR,BMU,Generation Unit,,,
I2G-CONV1,I_I2G-CONV1,Primary BMU,INTIFA2,INTERCONNECTOR,BMU,Generation Unit,,,
I2G-COPN1,I_I2G-COPN1,Primary BMU,INTIFA2,INTERCONNECTOR,BMU,Generation Unit,,,
I2G-CURR1,I_I2D-CURR1,Primary BMU,INTIFA2,INTERCONNECTOR,BMU,Generation Unit,,,
I2G-DARE1,I_I2G-DARE1,Primary BMU,INTIFA2,INTERCONNECTOR,BMU,Generation Unit,,,
I2G-DMCC1,I_I2G-DMCC1,Primary BMU,INTIFA2,INTERCONNECTOR,BMU,Generation Unit,,,
I2G-DSKC1,I_I2G-DSKC1,Primary BMU,INTIFA2,INTERCONNECTOR,BMU,Generation Unit,,,
I2G-DUEN1,I_I2G-DUEN1,Primary BMU,INTIFA2,INTERCONNECTOR,BMU,Generation Unit,,,
I2G-DUGE1,I_I2G-DUGE1,Primary BMU,INTIFA2,INTERCONNECTOR,BMU,Generation Unit,,,
I2G-DVAL1,I_I2G-DVAL1,Primary BMU,INTIFA2,INTERCONNECTOR,BMU,Generation Unit,,,
I2G-DVTD1,I_I2G-DVTD1,Primary BMU,INTIFA2,INTERCONNECTOR,BMU,Generation Unit,,,
I2G-EDFT1,I_I2G-EDFT1,Primary BMU,INTIFA2,INTERCONNECTOR,BMU,Generation Unit,,,
I2G-EDMK1,I_I2G-EDMK1,Primary BMU,INTIFA2,INTERCONNECTOR,BMU,Generation Unit,,,
I2G-EENG1,I_I2G-EENG1,Primary BMU,INTIFA2,INTERCONNECTOR,BMU,Generation Unit,,,
I2G-ELEE1,I_I2G-ELEE1,Primary BMU,INTIFA2,INTERCONNECTOR,BMU,Generation Unit,,,
I2G-ELTR1,I_I2G-ELTR1,Primary BMU,INTIFA2,INTERCONNECTOR,BMU,Generation Unit,,,
I2G-ENBW1,I_I2G-ENBW1,Primary BMU,INTIFA2,INTERCONNECTOR,BMU,Generation Unit,,,
I2G-ENKI1,I_I2G-ENKI1,Primary BMU,INTIFA2,INTERCONNECTOR,BMU,Generation Unit,,,
I2G-ENSC1,I_I2G-ENSC1,Primary BMU,INTIFA2,INTERCONNECTOR,BMU,Generation Unit,,,
I2G-ENSP1,,Primary BMU,INTIFA2,INTERCONNECTOR,BMU,Generation Unit,,,
I2G-ENTC1,I_I2G-ENTC1,Primary BMU,INTIFA2,INTERCONNECTOR,BMU,Generation Unit,,,
I2G-ENZL1,I_I2G-ENZL1,Primary BMU,INTIFA2,INTERCONNECTOR,BMU,Generation Unit,,,
I2G-EPCO1,I_I2G-EPCO1,Primary BMU,INTIFA2,INTERCONNECTOR,BMU,Generation Unit,,,
I2G-EWII1,I_I2G-EWII1,Primary BMU,INTIFA2,INTERCONNECTOR,BMU,Generation Unit,,,
I2G-EXXO1,I_I2G-EXXO1,Primary BMU,INTIFA2,INTERCONNECTOR,BMU,Generation Unit,,,
I2G-EZCO1,I_I2G-EZCO1,Primary BMU,INTIFA2,INTERCONNECTOR,BMU,Generation Unit,,,
I2G-EZPD1,I_I2G-EZPD1,Primary BMU,INTIFA2,INTERCONNECTOR,BMU,Generation Unit,,,
I2G-FLEX1,I_I2G-FLEX1,Primary BMU,INTIFA2,INTERCONNECTOR,BMU,Generation Unit,,,
I2G-GASE1,I_I2G-GASE1,Primary BMU,INTIFA2,INTERCONNECTOR,BMU,Generation Unit,,,
I2G-GAZP1,I_I2G-GAZP1,Primary BMU,INTIFA2,INTERCONNECTOR,BMU,Generation Unit,,,
I2G-GENI1,I_I2G-GENI1,Primary BMU,INTIFA2,INTERCONNECTOR,BMU,Generation Unit,,,
I2G-GLEN1,I_I2G-GLEN1,Primary BMU,INTIFA2,INTERCONNECTOR,BMU,Generation Unit,,,
I2G-GRMC1,I_I2G-GRMC1,Primary BMU,INTIFA2,INTERCONNECTOR,BMU,Generation Unit,,,
I2G-GRMT1,I_I2G-GRMT1,Primary BMU,INTIFA2,INTERCONNECTOR,BMU,Generation Unit,,,
I2G-HART1,I_I2G-HART1,Primary BMU,INTIFA2,INTERCONNECTOR,BMU,Generation Unit,,,
I2G-HELI1,I_I2G-HELI1,Primary BMU,INTIFA2,INTERCONNECTOR,BMU,Generation Unit,,,
I2G-IBES1,I_I2G-IBES1,Primary BMU,INTIFA2,INTERCONNECTOR,BMU,Generation Unit,,,
I2G-IDCT1,I_I2G-IDCT1,Primary BMU,INTIFA2,INTERCONNECTOR,BMU,Generation Unit,,,
I2G-IMPT1,I_I2G-IMPT1,Primary BMU,INTIFA2,INTERCONNECTOR,BMU,Generation Unit,,,
I2G-INCM1,I_I2G-INCM1,Primary BMU,INTIFA2,INTERCONNECTOR,BMU,Generation Unit,,,
I2G-JWME1,I_I2G-JWME1,Primary BMU,INTIFA2,INTERCONNECTOR,BMU,Generation Unit,,,
I2G-KVAS1,I_I2G-KVAS1,Primary BMU,INTIFA2,INTERCONNECTOR,BMU,Generation Unit,,,
I2G-MCRA1,I_I2G-MCRA1,Primary BMU,INTIFA2,INTERCONNECTOR,BMU,Generation Unit,,,
I2G-MELT1,I_I2G_METL1,Primary BMU,INTIFA2,INTERCONNECTOR,BMU,Generation Unit,,,
I2G-MFTE1,I_I2G-MFTE1,Primary BMU,INTIFA2,INTERCONNECTOR,BMU,Generation Unit,,,
I2G-MQBN1,I_I2G-MQBN1,Primary BMU,INTIFA2,INTERCONNECTOR,BMU,Generation Unit,,,
I2G-NDPL1,I_I2G-NDPL1,Primary BMU,INTIFA2,INTERCONNECTOR,BMU,Generation Unit,,,
I2G-NEAS1,I_I2G-NEAS1,Primary BMU,INTIFA2,INTERCONNECTOR,BMU,Generation Unit,,,
I2G-NEHO1,I_I2G-NEHO1,Primary BMU,INTIFA2,INTERCONNECTOR,BMU,Generation Unit,,,
I2G-NITR1,I_I2G-NITR1,Primary BMU,INTIFA2,INTERCONNECTOR,BMU,Generation Unit,,,
I2G-NORL1,I_I2G-NORL1,Primary BMU,INTIFA2,INTERCONNECTOR,BMU,Generation Unit,,,
I2G-NTPL1,I_I2G-NTPL1,Primary BMU,INTIFA2,INTERCONNECTOR,BMU,Generation Unit,,,
I2G-OMPX1,I_I2G-OMPX1,Primary BMU,INTIFA2,INTERCONNECTOR,BMU,Generation Unit,,,
I2G-OPMX1,I_I2G-OPMX1,Primary BMU,INTIFA2,INTERCONNECTOR,BMU,Generation Unit,,,
I2G-OUTL1,I_I2G-OUTL1,Primary BMU,INTIFA2,INTERCONNECTOR,BMU,Generation Unit,,,
I2G-PEAK1,I_I2G-PEAK1,Primary BMU,INTIFA2,INTERCONNECTOR,BMU,Generation Unit,,,
I2G-PETC1,I_I2G-PETC1,Primary BMU,INTIFA2,INTERCONNECTOR,BMU,Generation Unit,,,
I2G-POWT1,I_I2G-POWT1,Primary BMU,INTIFA2,INTERCONNECTOR,BMU,Generation Unit,,,
I2G-PREP1,I_I2G-PREP1,Primary BMU,INTIFA2,INTERCONNECTOR,BMU,Generation Unit,,,
I2G-PWMR1,I_I2G-PWMR1,Primary BMU,INTIFA2,INTERCONNECTOR,BMU,Generation Unit,,,
I2G-QTPT1,I_I2G-QTPT1,Primary BMU,INTIFA2,INTERCONNECTOR,BMU,Generation Unit,,,
I2G-QUAR1,I_I2G-QUAR1,Primary BMU,INTIFA2,INTERCONNECTOR,BMU,Generation Unit,,,
I2G-QUEN1,I_I2G-QUEN1,Primary BMU,INTIFA2,INTERCONNECTOR,BMU,Generation Unit,,,
I2G-RESP1,I_I2G-RESP1,Primary BMU,INTIFA2,INTERCONNECTOR,BMU,Generation Unit,,,
I2G-RISQ1,I_I2G-RISQ1,Primary BMU,INTIFA2,INTERCONNECTOR,BMU,Generation Unit,,,
I2G-RWES1,I_I2G-RWES,Primary BMU,INTIFA2,INTERCONNECTOR,BMU,Generation Unit,,,
I2G-SEAG1,I_I2G-SEAG1,Primary BMU,INTIFA2,INTERCONNECTOR,BMU,Generation Unit,,,
I2G-SECF1,I_I2G-SECF1,Primary BMU,INTIFA2,INTERCONNECTOR,BMU,Generation Unit,,,
I2G-SETL1,I_I2G-SETL1,Primary BMU,INTIFA2,INTERCONNECTOR,BMU,Generation Unit,,,
I2G-SIRI1,I_I2G-SIRI1,Primary BMU,INTIFA2,INTERCONNECTOR,BMU,Generation Unit,,,
I2G-SSEG1,I_I2G-SSEG1,Primary BMU,INTIFA2,INTERCONNECTOR,BMU,Generation Unit,,,
I2G-STAT1,I_I2G-STAT1,Primary BMU,INTIFA2,INTERCONNECTOR,BMU,Generation Unit,,,
I2G-STGS1,I_I2G-STGS1,Primary BMU,INTIFA2,INTERCONNECTOR,BMU,Generation Unit,,,
I2G-TGPL1,I_I2G-TGPL1,Primary BMU,INTIFA2,INTERCONNECTOR,BMU,Generation Unit,,,
I2G-TILD1,I_I2G-TILD1,Primary BMU,INTIFA2,INTERCONNECTOR,BMU,Generation Unit,,,
I2G-TRFD1,I_I2G-TRFD1,Primary BMU,INTIFA2,INTERCONNECTOR,BMU,Generation Unit,,,
I2G-TRFG1,I_I2G-TRFG1,Primary BMU,INTIFA2,INTERCONNECTOR,BMU,Generation Unit,,,
I2G-TRGY1,I_I2G-TRGY1,Primary BMU,INTIFA2,INTERCONNECTOR,BMU,Generation Unit,,,
I2G-TRLS1,I_I2G-TRLS1,Primary BMU,INTIFA2,INTERCONNECTOR,BMU,Generation Unit,,,
I2G-TRSI1,I_I2G-TRSI1,Primary BMU,INTIFA2,INTERCONNECTOR,BMU,Generation Unit,,,
I2G-VOLT1,I_I2G-VOLT1,Primary BMU,INTIFA2,INTERCONNECTOR,BMU,Generation Unit,,,
I2G-VSAL1,I_I2G-VSAL1,Primary BMU,INTIFA2,INTERCONNECTOR,BMU,Generation Unit,,,
I2G-VTUS1,I_I2G-VTUS1,Primary BMU,INTIFA2,INTERCONNECTOR,BMU,Generation Unit,,,
I2G-WOLF1,I_I2G-WOLF1,Primary BMU,INTIFA2,INTERCONNECTOR,BMU,Generation Unit,,,
I2G-XNON1,I_I2G-XNON1,Primary BMU,INTIFA2,INTERCONNECTOR,BMU,Generation Unit,,,
IBD-AARH1,I_IBD-AARH1,Primary BMU,INTNED,INTERCONNECTOR,BMU,Demand Unit,,,
IBD-ALIP1,I_IBD-ALIP1,Primary BMU,INTNED,INTERCONNECTOR,BMU,Demand Unit,,,
IBD-ALPE1,I_IBG-ALPE1,Primary BMU,INTNED,INTERCONNECTOR,BMU,Demand Unit,,,
IBD-ARON1,I_IBD-ARON1,Primary BMU,INTNED,INTERCONNECTOR,BMU,Demand Unit,,,
IBD-AROS1,I_IBD-AROS1,Primary BMU,INTNED,INTERCONNECTOR,BMU,Demand Unit,,,
IBD-ARTH1,I_IBD-ARTH1,Primary BMU,INTNED,INTERCONNECTOR,BMU,Demand Unit,,,
IBD-ATLS1,I_IBD-ATLS1,Primary BMU,INTNED,INTERCONNECTOR,BMU,Demand Unit,,,
IBD-BARC1,I_IBD-BARC1,Primary BMU,INTNED,INTERCONNECTOR,BMU,Demand Unit,,,
IBD-BAYW1,I_IBD_BAYW1,Primary BMU,INTNED,INTERCONNECTOR,BMU,Demand Unit,,,
IBD-BDEN1,,Primary BMU,INTNED,INTERCONNECTOR,BMU,Demand Unit,,,
IBD-BKWE1,I_IBD-BKWE1,Primary BMU,INTNED,INTERCONNECTOR,BMU,Demand Unit,,,
IBD-BPGE1,I_IBD-BPGE1,Primary BMU,INTNED,INTERCONNECTOR,BMU,Demand Unit,,,
IBD-BRTN1,I_IBD-BRTN1,Primary BMU,INTNED,INTERCONNECTOR,BMU,Demand Unit,,,
IBD-CACM1,I_IBD-CACM1,Primary BMU,INTNED,INTERCONNECTOR,BMU,Demand Unit,,,
IBD-CBST1,I_IBD-CBST1,Primary BMU,INTNED,INTERCONNECTOR,BMU,Demand Unit,,,
IBD-CCME1,I_IBD_CCME1,Primary BMU,INTNED,INTERCONNECTOR,BMU,Demand Unit,,,
IBD-CENT1,I_IBD-CENT1,Primary BMU,INTNED,INTERCONNECTOR,BMU,Demand Unit,,,
IBD-CETA1,I_IBD-CETA1,Primary BMU,INTNED,INTERCONNECTOR,BMU,Demand Unit,,,
IBD-CEZC1,I_IBD-CEZC1,Primary BMU,INTNED,INTERCONNECTOR,BMU,Demand Unit,,,
IBD-CFPE1,I_IBD-CFPE1,Primary BMU,INTNED,INTERCONNECTOR,BMU,Demand Unit,,,
IBD-CGML1,I_IBD-CGML1,Primary BMU,INTNED,INTERCONNECTOR,BMU,Demand Unit,,,
IBD-CNGS1,I_IBD-CNGS1,Primary BMU,INTNED,INTERCONNECTOR,BMU,Demand Unit,,,
IBD-COMM1,I_IBD-COMM1,Primary BMU,INTNED,INTERCONNECTOR,BMU,Demand Unit,,,
IBD-CONS1,I_IBD-CONS1,Primary BMU,INTNED,INTERCONNECTOR,BMU,Demand Unit,,,
IBD-CONV1,I_IBD-CONV1,Primary BMU,INTNED,INTERCONNECTOR,BMU,Demand Unit,,,
IBD-COPN1,I_IBD-COPN1,Primary BMU,INTNED,INTERCONNECTOR,BMU,Demand Unit,,,
IBD-CURR1,I_IBD-CURR1,Primary BMU,INTNED,INTERCONNECTOR,BMU,Demand Unit,,,
IBD-DARE1,I_IBD-DARE1,Primary BMU,INTNED,INTERCONNECTOR,BMU,Demand Unit,,,
IBD-DBNK1,I_IBD-DBNK1,Primary BMU,INTNED,INTERCONNECTOR,BMU,Demand Unit,,,
IBD-DMCC1,I_IBD-DMCC1,Primary BMU,INTNED,INTERCONNECTOR,BMU,Demand Unit,,,
IBD-DNGN1,I_IBD-DNGN1,Primary BMU,INTNED,INTERCONNECTOR,BMU,Demand Unit,,,
IBD-DSKC1,I_IBD-DSKC1,Primary BMU,INTNED,INTERCONNECTOR,BMU,Demand Unit,,,
IBD-DUFE1,I_IBD-DUFE1,Primary BMU,INTNED,INTERCONNECTOR,BMU,Demand Unit,,,
IBD-DVAL1,I_IBD-DVAL1,Primary BMU,INTNED,INTERCONNECTOR,BMU,Demand Unit,,,
IBD-DVTD1,I_IBD-DVTD1,Primary BMU,INTNED,INTERCONNECTOR,BMU,Demand Unit,,,
IBD-EDFT1,I_IBD-EDFT1,Primary BMU,INTNED,INTERCONNECTOR,BMU,Demand Unit,,,
IBD-EDMK1,I_IBD-EDMK1,Primary BMU,INTNED,INTERCONNECTOR,BMU,Demand Unit,,,
IBD-EGEN1,I_IBD-EGEN1,Primary BMU,INTNED,INTERCONNECTOR,BMU,Demand Unit,,,
IBD-EGLE1,I_IBD-EGLE1,Primary BMU,INTNED,INTERCONNECTOR,BMU,Demand Unit,,,
IBD-ELEE1,I_IBD-ELEE1,Primary BMU,INTNED,INTERCONNECTOR,BMU,Demand Unit,,,
IBD-ELTR1,I_IBD-ELTR1,Primary BMU,INTNED,INTERCONNECTOR,BMU,Demand Unit,,,
IBD-ENEL1,I_IBD-ENEL1,Primary BMU,INTNED,INTERCONNECTOR,BMU,Demand Unit,,,
IBD-ENET1,I_IBD-ENET1,Primary BMU,INTNED,INTERCONNECTOR,BMU,Demand Unit,,,
IBD-ENGI1,,Primary BMU,INTNED,INTERCONNECTOR,BMU,Demand Unit,,,
IBD-ENGM1,I_IBD-ENGM1,Primary BMU,INTNED,INTERCONNECTOR,BMU,Demand Unit,,,
IBD-ENSP1,I_IBD-ENSP1,Primary BMU,INTNED,INTERCONNECTOR,BMU,Demand Unit,,,
IBD-ENTC1,I_IBD-ENTC1,Primary BMU,INTNED,INTERCONNECTOR,BMU,Demand Unit,,,
IBD-ENZL1,I_IBD-ENZL1,Primary BMU,INTNED,INTERCONNECTOR,BMU,Demand Unit,,,
IBD-EOET1,I_IBD-EOET1,Primary BMU,INTNED,INTERCONNECTOR,BMU,Demand Unit,,,
IBD-EPCO1,I_IBD-EPCO1,Primary BMU,INTNED,INTERCONNECTOR,BMU,Demand Unit,,,
IBD-ERVA1,I_IBD-ERVA1,Primary BMU,INTNED,INTERCONNECTOR,BMU,Demand Unit,,,
IBD-ETSA1,I_IBD-ETSA1,Primary BMU,INTNED,INTERCONNECTOR,BMU,Demand Unit,,,
IBD-EWII1,I_IBD-EWII1,Primary BMU,INTNED,INTERCONNECTOR,BMU,Demand Unit,,,
IBD-EZCO1,I_IBD-EZCO1,Primary BMU,INTNED,INTERCONNECTOR,BMU,Demand Unit,,,
IBD-EZPD1,I_IBD-EZPD1,Primary BMU,INTNED,INTERCONNECTOR,BMU,Demand Unit,,,
IBD-FLEX1,I_IBD-FLEX1,Primary BMU,INTNED,INTERCONNECTOR,BMU,Demand Unit,,,
IBD-FPCD1,I_IBD-FPCD1,Primary BMU,INTNED,INTERCONNECTOR,BMU,Demand Unit,,,
IBD-GAZP1,I_IBD-GAZP1,Primary BMU,INTNED,INTERCONNECTOR,BMU,Demand Unit,,,
IBD-GENI1,I_IBD-GENI1,Primary BMU,INTNED,INTERCONNECTOR,BMU,Demand Unit,,,
IBD-GLEN1,I_IBD-GLEN1,Primary BMU,INTNED,INTERCONNECTOR,BMU,Demand Unit,,,
IBD-GRMC1,I_IBD-GRMC1,Primary BMU,INTNED,INTERCONNECTOR,BMU,Demand Unit,,,
IBD-GRMT1,I_IBD-GRMT1,Primary BMU,INTNED,INTERCONNECTOR,BMU,Demand Unit,,,
IBD-GRNC1,I_IBD-GRNC1,Primary BMU,INTNED,INTERCONNECTOR,BMU,Demand Unit,,,
IBD-HART1,I_IBD-HART1,Primary BMU,INTNED,INTERCONNECTOR,BMU,Demand Unit,,,
IBD-HELI1,I_IBD-HELI1,Primary BMU,INTNED,INTERCONNECTOR,BMU,Demand Unit,,,
IBD-IBER1,I_IBD-IBER1,Primary BMU,INTNED,INTERCONNECTOR,BMU,Demand Unit,,,
IBD-IBES1,I_IBD-IBES1,Primary BMU,INTNED,INTERCONNECTOR,BMU,Demand Unit,,,
IBD-IDCE1,I_IBD-IDCE1,Primary BMU,INTNED,INTERCONNECTOR,BMU,Demand Unit,,,
IBD-IDCT1,I_IBD-IDCT1,Primary BMU,INTNED,INTERCONNECTOR,BMU,Demand Unit,,,
IBD-IMCE1,I_IBD-IMCE1,Primary BMU,INTNED,INTERCONNECTOR,BMU,Demand Unit,,,
IBD-IMPT1,I_IBD-IMPT1,Primary BMU,INTNED,INTERCONNECTOR,BMU,Demand Unit,,,
IBD-IMTC1,I_IBD-IMTC1,Primary BMU,INTNED,INTERCONNECTOR,BMU,Demand Unit,,,
IBD-INCM1,I_IBD-INCM1,Primary BMU,INTNED,INTERCONNECTOR,BMU,Demand Unit,,,
IBD-JPMS1,I_IBD-JPMS1,Primary BMU,INTNED,INTERCONNECTOR,BMU,Demand Unit,,,
IBD-KCST1,I_IBD-KCST1,Primary BMU,INTNED,INTERCONNECTOR,BMU,Demand Unit,,,
IBD-KRIA1,I_IBD-KRIA1,Primary BMU,INTNED,INTERCONNECTOR,BMU,Demand Unit,,,
IBD-LTFD1,I_IBD-LTFD1,Primary BMU,INTNED,INTERCONNECTOR,BMU,Demand Unit,,,
IBD-MCRA1,I_IBD-MCRA1,Primary BMU,INTNED,INTERCONNECTOR,BMU,Demand Unit,,,
IBD-MFTE1,I_IBD-MFTE1,Primary BMU,INTNED,INTERCONNECTOR,BMU,Demand Unit,,,
IBD-MLCE1,I_IBD-MLCE1,Primary BMU,INTNED,INTERCONNECTOR,BMU,Demand Unit,,,
IBD-MONL1,I_IBD-MONL1,Primary BMU,INTNED,INTERCONNECTOR,BMU,Demand Unit,,,
IBD-MQBK1,I_IBD-MQBK1,Primary BMU,INTNED,INTERCONNECTOR,BMU,Demand Unit,,,
IBD-MSCG1,I_IBD-MSCG1,Primary BMU,INTNED,INTERCONNECTOR,BMU,Demand Unit,,,
IBD-NBCF1,I_IBD-NBCF1,Primary BMU,INTNED,INTERCONNECTOR,BMU,Demand Unit,,,
IBD-NEAS1,I_IBD-NEAS1,Primary BMU,INTNED,INTERCONNECTOR,BMU,Demand Unit,,,
IBD-NEHO1,I_IBD-NEHO1,Primary BMU,INTNED,INTERCONNECTOR,BMU,Demand Unit,,,
IBD-NITR1,I_IBD-NITR1,Primary BMU,INTNED,INTERCONNECTOR,BMU,Demand Unit,,,
IBD-NORL1,I_IBD-NORL1,Primary BMU,INTNED,INTERCONNECTOR,BMU,Demand Unit,,,
IBD-NTPL1,I_IBD-NTPL1,Primary BMU,INTNED,INTERCONNECTOR,BMU,Demand Unit,,,
IBD-OMPX1,I_IBD-OMPX1,Primary BMU,INTNED,INTERCONNECTOR,BMU,Demand Unit,,,
IBD-OPMX1,I_IBD-OPMX1,Primary BMU,INTNED,INTERCONNECTOR,BMU,Demand Unit,,,
IBD-OUTL1,I_IBD-OUTL1,Primary BMU,INTNED,INTERCONNECTOR,BMU,Demand Unit,,,
IBD-PETC1,,Primary BMU,INTNED,INTERCONNECTOR,BMU,Demand Unit,,,
IBD-PWMR1,I_IBD-PWMR1,Primary BMU,INTNED,INTERCONNECTOR,BMU,Demand Unit,,,
IBD-PZEM1,I_IBD-PZEM1,Primary BMU,INTNED,INTERCONNECTOR,BMU,Demand Unit,,,
IBD-QTPT1,I_IBD-QTPT1,Primary BMU,INTNED,INTERCONNECTOR,BMU,Demand Unit,,,
IBD-QUAR1,I_IBD-QUAR1,Primary BMU,INTNED,INTERCONNECTOR,BMU,Demand Unit,,,
IBD-QUEN1,I_IBD-QUEN1,Primary BMU,INTNED,INTERCONNECTOR,BMU,Demand Unit,,,
IBD-RESP1,I_IBD-RESP1,Primary BMU,INTNED,INTERCONNECTOR,BMU,Demand Unit,,,
IBD-RISQ1,I_IBD-RISQ1,Primary BMU,INTNED,INTERCONNECTOR,BMU,Demand Unit,,,
IBD-RWES1,I_IBD-RWES1,Primary BMU,INTNED,INTERCONNECTOR,BMU,Demand Unit,,,
IBD-SEAG1,I_IBD-SEAG1,Primary BMU,INTNED,INTERCONNECTOR,BMU,Demand Unit,,,
IBD-SECF1,I_IBD-SECF1,Primary BMU,INTNED,INTERCONNECTOR,BMU,Demand Unit,,,
IBD-SETL1,I_IBD-SETL1,Primary BMU,INTNED,INTERCONNECTOR,BMU,Demand Unit,,,
IBD-SIRI1,I_IBD-SIRI1,Primary BMU,INTNED,INTERCONNECTOR,BMU,Demand Unit,,,
IBD-SSEG1,I_IBD-SSEG1,Primary BMU,INTNED,INTERCONNECTOR,BMU,Demand Unit,,,
IBD-STAT1,I_IBD-STAT1,Primary BMU,INTNED,INTERCONNECTOR,BMU,Demand Unit,,,
IBD-STGS1,I_IBD-STGS1,Primary BMU,INTNED,INTERCONNECTOR,BMU,Demand Unit,,,
IBD-TGPL1,I_IBD-TGPL1,Primary BMU,INTNED,INTERCONNECTOR,BMU,Demand Unit,,,
IBD-TILD1,I_IBD-TILD1,Primary BMU,INTNED,INTERCONNECTOR,BMU,Demand Unit,,,
IBD-TRFD1,I_IBD-TRFD1,Primary BMU,INTNED,INTERCONNECTOR,BMU,Demand Unit,,,
IBD-TRFG1,I_IBD-TRFG1,Primary BMU,INTNED,INTERCONNECTOR,BMU,Demand Unit,,,
IBD-TRLS1,I_IBD-TRLS1,Primary BMU,INTNED,INTERCONNECTOR,BMU,Demand Unit,,,
IBD-VETR1,I_IBD-VETR1,Primary BMU,INTNED,INTERCONNECTOR,BMU,Demand Unit,,,
IBD-VOLT1,I_IBD-VOLT1,Primary BMU,INTNED,INTERCONNECTOR,BMU,Demand Unit,,,
IBD-VSAL1,I_IBD-VSAL1,Primary BMU,INTNED,INTERCONNECTOR,BMU,Demand Unit,,,
IBD-VTUS1,I_IBD-VTUS1,Primary BMU,INTNED,INTERCONNECTOR,BMU,Demand Unit,,,
IBD-XNON1,I_IBD-XNON1,Primary BMU,INTNED,INTERCONNECTOR,BMU,Demand Unit,,,
IBG-AARH1,I_IBG-AARH1,Primary BMU,INTNED,INTERCONNECTOR,BMU,Generation Unit,,,
IBG-ALIP1,I_IBG-ALIP1,Primary BMU,INTNED,INTERCONNECTOR,BMU,Generation Unit,,,
IBG-ALPE1,I_IBG-ALPE1,Primary BMU,INTNED,INTERCONNECTOR,BMU,Generation Unit,,,
IBG-ARON1,I_IBG-ARON1,Primary BMU,INTNED,INTERCONNECTOR,BMU,Generation Unit,,,
IBG-AROS1,I_IBG-AROS1,Primary BMU,INTNED,INTERCONNECTOR,BMU,Generation Unit,,,
IBG-ARTH1,I_IBG-ARTH1,Primary BMU,INTNED,INTERCONNECTOR,BMU,Generation Unit,,,
IBG-ATLS1,I_IBG-ATLS1,Primary BMU,INTNED,INTERCONNECTOR,BMU,Generation Unit,,,
IBG-BARC1,I_IBG-BARC1,Primary BMU,INTNED,INTERCONNECTOR,BMU,Generation Unit,,,
IBG-BAYW1,I_IBG-BAYW1,Primary BMU,INTNED,INTERCONNECTOR,BMU,Generation Unit,,,
IBG-BDEN1,,Primary BMU,INTNED,INTERCONNECTOR,BMU,Generation Unit,,,
IBG-BKWE1,I_IBG-BKWE1,Primary BMU,INTNED,INTERCONNECTOR,BMU,Generation Unit,,,
IBG-BPGE1,I_IBG-BPGE1,Primary BMU,INTNED,INTERCONNECTOR,BMU,Generation Unit,,,
IBG-BRTN1,I_IBG-BRTN1,Primary BMU,OTHER,OTHER,BMU,Generation Unit,Y,,
IBG-CACM1,I_IBG-CACM1,Primary BMU,INTNED,INTERCONNECTOR,BMU,Generation Unit,,,
IBG-CBST1,I_IBG-CBST1,Primary BMU,INTNED,INTERCONNECTOR,BMU,Generation Unit,,,
IBG-CCME1,I_IBG_CCME1,Primary BMU,INTNED,INTERCONNECTOR,BMU,Generation Unit,,,
IBG-CENT1,I_IBG-CENT1,Primary BMU,INTNED,INTERCONNECTOR,BMU,Generation Unit,,,
IBG-CETA1,I_IBG-CETA1,Primary BMU,INTNED,INTERCONNECTOR,BMU,Generation Unit,,,
IBG-CEZC1,I_IBG-CEZC1,Primary BMU,INTNED,INTERCONNECTOR,BMU,Generation Unit,,,
IBG-CFPE1,I_IBG-CFPE1,Primary BMU,INTNED,INTERCONNECTOR,BMU,Generation Unit,,,
IBG-CGML1,I_IBG-CGML1,Primary BMU,INTNED,INTERCONNECTOR,BMU,Generation Unit,,,
IBG-CNGS1,I_IBG-CNGS1,Primary BMU,INTNED,INTERCONNECTOR,BMU,Generation Unit,,,
IBG-COMM1,I_IBG-COMM1,Primary BMU,INTNED,INTERCONNECTOR,BMU,Generation Unit,,,
IBG-CONS1,I_IBG-CONS1,Primary BMU,INTNED,INTERCONNECTOR,BMU,Generation Unit,,,
IBG-CONV1,I_IBG-CONV1,Primary BMU,INTNED,INTERCONNECTOR,BMU,Generation Unit,,,
IBG-COPN1,I_IBG-COPN1,Primary BMU,INTNED,INTERCONNECTOR,BMU,Generation Unit,,,
IBG-CURR1,I_IBG-CURR1,Primary BMU,INTNED,INTERCONNECTOR,BMU,Generation Unit,,,
IBG-DARE1,I_IBG-DARE1,Primary BMU,INTNED,INTERCONNECTOR,BMU,Generation Unit,,,
IBG-DBNK1,I_IBG-DBNK1,Primary BMU,INTNED,INTERCONNECTOR,BMU,Generation Unit,,,
IBG-DMCC1,I_IBG-DMCC1,Primary BMU,INTNED,INTERCONNECTOR,BMU,Generation Unit,,,
IBG-DNGN1,I_IBG-DNGN1,Primary BMU,INTNED,INTERCONNECTOR,BMU,Generation Unit,,,
IBG-DSKC1,I_IBG-DSKC1,Primary BMU,INTNED,INTERCONNECTOR,BMU,Generation Unit,,,
IBG-DUFE1,I_IBG-DUFE1,Primary BMU,INTNED,INTERCONNECTOR,BMU,Generation Unit,,,
IBG-DVAL1,I_IBG-DVAL1,Primary BMU,INTNED,INTERCONNECTOR,BMU,Generation Unit,,,
IBG-DVTD1,I_IBG-DVTD1,Primary BMU,INTNED,INTERCONNECTOR,BMU,Generation Unit,,,
IBG-EDFT1,I_IBG-EDFT1,Primary BMU,INTNED,INTERCONNECTOR,BMU,Generation Unit,,,
IBG-EDMK1,I_IBG-EDMK1,Primary BMU,INTNED,INTERCONNECTOR,BMU,Generation Unit,,,
IBG-EGEN1,I_IBG-EGEN1,Primary BMU,INTNED,INTERCONNECTOR,BMU,Generation Unit,,,
IBG-EGLE1,I_IBG-EGLE1,Primary BMU,INTNED,INTERCONNECTOR,BMU,Generation Unit,,,
IBG-ELEE1,I_IBG-ELEE1,Primary BMU,INTNED,INTERCONNECTOR,BMU,Generation Unit,,,
IBG-ELTR1,I_IBG-ELTR1,Primary BMU,INTNED,INTERCONNECTOR,BMU,Generation Unit,,,
IBG-ENEL1,I_IBG-ENEL1,Primary BMU,INTNED,INTERCONNECTOR,BMU,Generation Unit,,,
IBG-ENET1,I_IBG-ENET1,Primary BMU,INTNED,INTERCONNECTOR,BMU,Generation Unit,,,
IBG-ENGI1,,Primary BMU,INTNED,INTERCONNECTOR,BMU,Generation Unit,,,
IBG-ENGM1,I_IBG-ENGM1,Primary BMU,INTNED,INTERCONNECTOR,BMU,Generation Unit,,,
IBG-ENSP1,I_IBG-ENSP1,Primary BMU,INTNED,INTERCONNECTOR,BMU,Generation Unit,,,
IBG-ENTC1,I_IBG-ENCT1,Primary BMU,INTNED,INTERCONNECTOR,BMU,Generation Unit,,,
IBG-ENZL1,I_IBG-ENZL1,Primary BMU,INTNED,INTERCONNECTOR,BMU,Generation Unit,,,
IBG-EOET1,I_IBG-EOET1,Primary BMU,INTNED,INTERCONNECTOR,BMU,Generation Unit,,,
IBG-EPCO1,I_IBG-EPCO1,Primary BMU,INTNED,INTERCONNECTOR,BMU,Generation Unit,,,
IBG-ERVA1,I_IBG-ERVA1,Primary BMU,INTNED,INTERCONNECTOR,BMU,Generation Unit,,,
IBG-ETSA1,I_IBG-ETSA1,Primary BMU,INTNED,INTERCONNECTOR,BMU,Generation Unit,,,
IBG-EWII1,I_IBG-EWII1,Primary BMU,INTNED,INTERCONNECTOR,BMU,Generation Unit,,,
IBG-EZCO1,I_IBG-EZCO1,Primary BMU,INTNED,INTERCONNECTOR,BMU,Generation Unit,,,
IBG-EZPD1,I_IBG-EZPD1,Primary BMU,INTNED,INTERCONNECTOR,BMU,Generation Unit,,,
IBG-FLEX1,I_IBG-FLEX1,Primary BMU,INTNED,INTERCONNECTOR,BMU,Generation Unit,,,
IBG-FPCD1,I_IBG-FPCD1,Primary BMU,INTNED,INTERCONNECTOR,BMU,Generation Unit,,,
IBG-GAZP1,I_IBG-GAZP1,Primary BMU,INTNED,INTERCONNECTOR,BMU,Generation Unit,,,
IBG-GENI1,I_IBG-GENI1,Primary BMU,INTNED,INTERCONNECTOR,BMU,Generation Unit,,,
IBG-GLEN1,I_IBG-GLEN1,Primary BMU,INTNED,INTERCONNECTOR,BMU,Generation Unit,,,
IBG-GRMC1,I_IBG-GRMC1,Primary BMU,INTNED,INTERCONNECTOR,BMU,Generation Unit,,,
IBG-GRMT1,I_IBG-GRMT1,Primary BMU,INTNED,INTERCONNECTOR,BMU,Generation Unit,,,
IBG-GRNC1,I_IBG-GRNC1,Primary BMU,INTNED,INTERCONNECTOR,BMU,Generation Unit,,,
IBG-HART1,I_IBG-HART1,Primary BMU,INTNED,INTERCONNECTOR,BMU,Generation Unit,,,
IBG-HELI1,I_IBG-HELI1,Primary BMU,INTNED,INTERCONNECTOR,BMU,Generation Unit,,,
IBG-IBER1,I_IBG-IBER1,Primary BMU,INTNED,INTERCONNECTOR,BMU,Generation Unit,,,
IBG-IBES1,I_IBG-IBES1,Primary BMU,INTNED,INTERCONNECTOR,BMU,Generation Unit,,,
IBG-IDCE1,I_IBG-IDCE1,Primary BMU,INTNED,INTERCONNECTOR,BMU,Generation Unit,,,
IBG-IDCT1,I_IBG-IDCT1,Primary BMU,INTNED,INTERCONNECTOR,BMU,Generation Unit,,,
IBG-IMCE1,I_IBG-IMCE1,Primary BMU,INTNED,INTERCONNECTOR,BMU,Generation Unit,,,
IBG-IMPT1,I_IBG-IMPT1,Primary BMU,INTNED,INTERCONNECTOR,BMU,Generation Unit,,,
IBG-IMTC1,I_IBG-IMTC1,Primary BMU,INTNED,INTERCONNECTOR,BMU,Generation Unit,,,
IBG-INCM1,I_IBG-INCM1,Primary BMU,INTNED,INTERCONNECTOR,BMU,Generation Unit,,,
IBG-JPMS1,I_IBG-JPMS1,Primary BMU,INTNED,INTERCONNECTOR,BMU,Generation Unit,,,
IBG-KCST1,I_IBG-KCST1,Primary BMU,INTNED,INTERCONNECTOR,BMU,Generation Unit,,,
IBG-KRIA1,I_IBG-KRIA1,Primary BMU,INTNED,INTERCONNECTOR,BMU,Generation Unit,,,
IBG-LTFD1,I_IBG-LTFD1,Primary BMU,INTNED,INTERCONNECTOR,BMU,Generation Unit,,,
IBG-MCRA1,I_IBG-MCRA1,Primary BMU,INTNED,INTERCONNECTOR,BMU,Generation Unit,,,
IBG-MFTE1,I_IBG-MFTE1,Primary BMU,INTNED,INTERCONNECTOR,BMU,Generation Unit,,,
IBG-MLCE1,I_IBG-MLCE1,Primary BMU,INTNED,INTERCONNECTOR,BMU,Generation Unit,,,
IBG-MONL1,I_IBG-MONL1,Primary BMU,INTNED,INTERCONNECTOR,BMU,Generation Unit,,,
IBG-MQBK1,I_IBG-MQBK1,Primary BMU,INTNED,INTERCONNECTOR,BMU,Generation Unit,,,
IBG-MSCG1,I_IBG-MSCG1,Primary BMU,INTNED,INTERCONNECTOR,BMU,Generation Unit,,,
IBG-NBCF1,I_IBG-NBCF1,Primary BMU,INTNED,INTERCONNECTOR,BMU,Generation Unit,,,
IBG-NEAS1,I_IBG-NEAS1,Primary BMU,INTNED,INTERCONNECTOR,BMU,Generation Unit,,,
IBG-NEHO1,I_IBG-NEHO1,Primary BMU,INTNED,INTERCONNECTOR,BMU,Generation Unit,,,
IBG-NITR1,I_IBG-NITR1,Primary BMU,INTNED,INTERCONNECTOR,BMU,Generation Unit,,,
IBG-NORL1,I_IBG-NORL1,Primary BMU,INTNED,INTERCONNECTOR,BMU,Generation Unit,,,
IBG-NTPL1,I_IBG-NTPL1,Primary BMU,INTNED,INTERCONNECTOR,BMU,Generation Unit,,,
IBG-OMPX1,I_IBG-OMPX1,Primary BMU,INTNED,INTERCONNECTOR,BMU,Generation Unit,,,
IBG-OPMX1,I_IBG-OPMX1,Primary BMU,INTNED,INTERCONNECTOR,BMU,Generation Unit,,,
IBG-OUTL1,I_IBG-OUTL1,Primary BMU,INTNED,INTERCONNECTOR,BMU,Generation Unit,,,
IBG-PETC1,I_IBG-PETC1,Primary BMU,INTNED,INTERCONNECTOR,BMU,Generation Unit,,,
IBG-PWMR1,I_IBG-PWMR1,Primary BMU,INTNED,INTERCONNECTOR,BMU,Generation Unit,,,
IBG-PZEM1,I_IBG-PZEM1,Primary BMU,INTNED,INTERCONNECTOR,BMU,Generation Unit,,,
IBG-QTPT1,I_IBG-QTPT1,Primary BMU,INTNED,INTERCONNECTOR,BMU,Generation Unit,,,
IBG-QUAR1,I_IBG-QUAR1,Primary BMU,INTNED,INTERCONNECTOR,BMU,Generation Unit,,,
IBG-QUEN1,I_IBG-QUEN1,Primary BMU,INTNED,INTERCONNECTOR,BMU,Generation Unit,,,
IBG-RESP1,I_IBG-RESP1,Primary BMU,INTNED,INTERCONNECTOR,BMU,Generation Unit,,,
IBG-RSQ1,I_IBG-RISQ1,Primary BMU,INTNED,INTERCONNECTOR,BMU,Generation Unit,,,
IBG-RWES1,I_IBG-RWES1,Primary BMU,INTNED,INTERCONNECTOR,BMU,Generation Unit,,,
IBG-SEAG1,I_IBG-SEAG1,Primary BMU,INTNED,INTERCONNECTOR,BMU,Generation Unit,,,
IBG-SECF1,I_IBG-SECF1,Primary BMU,INTNED,INTERCONNECTOR,BMU,Generation Unit,,,
IBG-SETL1,I_IBG-SETL1,Primary BMU,INTNED,INTERCONNECTOR,BMU,Generation Unit,,,
IBG-SIRI1,I_IBG-SIRI1,Primary BMU,INTNED,INTERCONNECTOR,BMU,Generation Unit,,,
IBG-SSEG1,I_IBG-SSEG1,Primary BMU,INTNED,INTERCONNECTOR,BMU,Generation Unit,,,
IBG-STAT1,I_IBG-STAT1,Primary BMU,INTNED,INTERCONNECTOR,BMU,Generation Unit,,,
IBG-STGS1,I_IBG-STGS1,Primary BMU,INTNED,INTERCONNECTOR,BMU,Generation Unit,,,
IBG-TGPL1,I_IBG-TGPL1,Primary BMU,INTNED,INTERCONNECTOR,BMU,Generation Unit,,,
IBG-TILD1,I_IBG-TILD1,Primary BMU,INTNED,INTERCONNECTOR,BMU,Generation Unit,,,
IBG-TRFD1,I_IBG-TRFD1,Primary BMU,INTNED,INTERCONNECTOR,BMU,Generation Unit,,,
IBG-TRFG1,I_IBG-TRFG1,Primary BMU,INTNED,INTERCONNECTOR,BMU,Generation Unit,,,
IBG-TRLS1,I_IBG-TRLS1,Primary BMU,INTNED,INTERCONNECTOR,BMU,Generation Unit,,,
IBG-VETR1,I_IBG-VETR1,Primary BMU,INTNED,INTERCONNECTOR,BMU,Generation Unit,,,
IBG-VOLT1,I_IBG-VOLT1,Primary BMU,INTNED,INTERCONNECTOR,BMU,Generation Unit,,,
IBG-VSAL1,I_IBG-VSAL1,Primary BMU,INTNED,INTERCONNECTOR,BMU,Generation Unit,,,
IBG-VTUS1,I_IBG-VTUS1,Primary BMU,INTNED,INTERCONNECTOR,BMU,Generation Unit,,,
IBG-XNON1,I_IBG-XNON1,Primary BMU,INTNED,INTERCONNECTOR,BMU,Generation Unit,,,
IED-ELEC1,I_IED-ELEC1,Primary BMU,INTELEC,INTERCONNECTOR,BMU,Demand Unit,,,
IED-EWIC1,I_IED-EWIC1,Primary BMU,INTEW,INTERCONNECTOR,BMU,Demand Unit,,,
IED-FRAN1,I_IED-FRAN1,Primary BMU,INTFR,INTERCONNECTOR,BMU,Demand Unit,,,
IED-GRNL1,,Primary BMU,INTGRNL,INTERCONNECTOR,BMU,Demand Unit,,,
IED-IFA2,I_IED-IFA2,Primary BMU,INTIFA2,INTERCONNECTOR,BMU,Demand Unit,,,
IED-MOYL1,I_IED-MOYL1,Primary BMU,INTIRL,INTERCONNECTOR,BMU,Demand Unit,,,
IED-NSL1,I_IED-NSL1,Primary BMU,INTNSL,INTERCONNECTOR,BMU,Demand Unit,,,
IEG-ELEC1,I_IEG-ELEC1,Primary BMU,OTHER,OTHER,NON-STANDARD,Generation Unit,Y,,
IEG-EWIC1,I_IEG-EWIC1,Primary BMU,OTHER,OTHER,NON-STANDARD,Generation Unit,Y,,
IEG-FRAN1,I_IEG-FRAN1,Primary BMU,OTHER,OTHER,NON-STANDARD,Generation Unit,Y,,
IEG-GRN1,I_IEG-GRN1,Primary BMU,OTHER,OTHER,BMU,Generation Unit,Y,,
IEG-IFA2,I_IEG-IFA2,Primary BMU,OTHER,OTHER,BMU,Generation Unit,Y,,
IEG-MOYL1,I_IEG-MOYL1,Primary BMU,OTHER,OTHER,NON-STANDARD,Generation Unit,Y,,
IEG-NSL1,I_IEG-NSL1,Primary BMU,OTHER,OTHER,BMU,Generation Unit,Y,,
IEG-VKL1,I_IEG-VKL1,Primary BMU,OTHER,OTHER,BMU,Generation Unit,Y,,
IFD-ACCE1,I_IFD-ACCE1,Primary BMU,INTFR,INTERCONNECTOR,BMU,Demand Unit,,,
IFD-ALEU1,I_IFD-ALEU1,Primary BMU,INTFR,INTERCONNECTOR,BMU,Demand Unit,,,
IFD-ALIP1,I_IFD-ALIP1,Primary BMU,INTFR,INTERCONNECTOR,BMU,Demand Unit,,,
IFD-ALPE1,I_IFD-ALPE1,Primary BMU,INTFR,INTERCONNECTOR,BMU,Demand Unit,,,
IFD-ARON1,I_IFD-ARON1,Primary BMU,INTFR,INTERCONNECTOR,BMU,Demand Unit,,,
IFD-AROS1,I_IFD-AROS1,Primary BMU,INTFR,INTERCONNECTOR,BMU,Demand Unit,,,
IFD-ARTH1,I_IFD-ARTH1,Primary BMU,INTFR,INTERCONNECTOR,BMU,Demand Unit,,,
IFD-ATLS1,I_IFD-ATLS1,Primary BMU,INTFR,INTERCONNECTOR,BMU,Demand Unit,,,
IFD-AXIE1,I_IFD-AXIE1,Primary BMU,INTFR,INTERCONNECTOR,BMU,Demand Unit,,,
IFD-AXPO1,I_IFD-AXPO1,Primary BMU,INTFR,INTERCONNECTOR,BMU,Demand Unit,,,
IFD-BARB1,I_IFD-BARB1,Primary BMU,INTFR,INTERCONNECTOR,BMU,Demand Unit,,,
IFD-BAYW1,I_IFD-BAYW1,Primary BMU,INTFR,INTERCONNECTOR,BMU,Demand Unit,,,
IFD-BDEN1,I_IFD-BDEN1,Primary BMU,INTFR,INTERCONNECTOR,BMU,Demand Unit,,,
IFD-BKWE1,I_IFD-BKWE1,Primary BMU,INTFR,INTERCONNECTOR,BMU,Demand Unit,,,
IFD-BNPS1,I_IFD-BNPS1,Primary BMU,INTFR,INTERCONNECTOR,BMU,Demand Unit,,,
IFD-BPGE1,I_IFD-BPGE1,Primary BMU,INTFR,INTERCONNECTOR,BMU,Demand Unit,,,
IFD-BTGP1,I_IFD-BTGP1,Primary BMU,INTFR,INTERCONNECTOR,BMU,Demand Unit,,,
IFD-CACM1,I_IFD-CACM1,Primary BMU,INTFR,INTERCONNECTOR,BMU,Demand Unit,,,
IFD-CARE1,I_IFD-CARE1,Primary BMU,INTFR,INTERCONNECTOR,BMU,Demand Unit,,,
IFD-CBST1,I_IFD-CBST1,Primary BMU,INTFR,INTERCONNECTOR,BMU,Demand Unit,,,
IFD-CCME1,I_IFD-CCME1,Primary BMU,INTFR,INTERCONNECTOR,BMU,Demand Unit,,,
IFD-CETL1,I_IFD-CETL1,Primary BMU,INTFR,INTERCONNECTOR,BMU,Demand Unit,,,
IFD-CEZC1,I_IFD-CEZC1,Primary BMU,INTFR,INTERCONNECTOR,BMU,Demand Unit,,,
IFD-CFPE1,I_IFD-CFPE1,Primary BMU,INTFR,INTERCONNECTOR,BMU,Demand Unit,,,
IFD-CGML1,I_IFD-CGML1,Primary BMU,INTFR,INTERCONNECTOR,BMU,Demand Unit,,,
IFD-CGTE1,I_IFD-CGTE1,Primary BMU,INTFR,INTERCONNECTOR,BMU,Demand Unit,,,
IFD-CNGS1,I_IFD-CNGS1,Primary BMU,INTFR,INTERCONNECTOR,BMU,Demand Unit,,,
IFD-CNRE1,I_IFD-CNRE1,Primary BMU,INTFR,INTERCONNECTOR,BMU,Demand Unit,,,
IFD-COMM1,I_IFD-COMM1,Primary BMU,INTFR,INTERCONNECTOR,BMU,Demand Unit,,,
IFD-CONS1,I_IFD-CONS1,Primary BMU,INTFR,INTERCONNECTOR,BMU,Demand Unit,,,
IFD-CONV1,I_IFD-CONV1,Primary BMU,INTFR,INTERCONNECTOR,BMU,Demand Unit,,,
IFD-COPN1,I_IFD-COPN1,Primary BMU,INTFR,INTERCONNECTOR,BMU,Demand Unit,,,
IFD-CPUK1,I_IFD-CPUK1,Primary BMU,INTFR,INTERCONNECTOR,BMU,Demand Unit,,,
IFD-CURR1,I_IFD-CURR1,Primary BMU,INTFR,INTERCONNECTOR,BMU,Demand Unit,,,
IFD-DARE1,I_IFD-DARE1,Primary BMU,INTFR,INTERCONNECTOR,BMU,Demand Unit,,,
IFD-DBNK1,I_IFD-DBNK1,Primary BMU,INTFR,INTERCONNECTOR,BMU,Demand Unit,,,
IFD-DMCC1,I_IFD-DMCC1,Primary BMU,INTFR,INTERCONNECTOR,BMU,Demand Unit,,,
IFD-DNGN1,I_IFD-DNGN1,Primary BMU,INTFR,INTERCONNECTOR,BMU,Demand Unit,,,
IFD-DRIV1,I_IFD-DRIV1,Primary BMU,INTFR,INTERCONNECTOR,BMU,Demand Unit,,,
IFD-DSKC1,I_IFD-DSKC1,Primary BMU,INTFR,INTERCONNECTOR,BMU,Demand Unit,,,
IFD-DUEN1,I_IFD-DUEN1,Primary BMU,INTFR,INTERCONNECTOR,BMU,Demand Unit,,,
IFD-DUFE1,I_IFD-DUFE1,Primary BMU,INTFR,INTERCONNECTOR,BMU,Demand Unit,,,
IFD-DVAL1,I_IFD-DVAL1,Primary BMU,INTFR,INTERCONNECTOR,BMU,Demand Unit,,,
IFD-DVTD1,I_IFD-DVTD1,Primary BMU,INTFR,INTERCONNECTOR,BMU,Demand Unit,,,
IFD-ECCA1,I_IFD-ECCA1,Primary BMU,INTFR,INTERCONNECTOR,BMU,Demand Unit,,,
IFD-EDFT1,I_IFD-EDFT1,Primary BMU,INTFR,INTERCONNECTOR,BMU,Demand Unit,,,
IFD-EDMK1,I_IFD-EDMK1,Primary BMU,INTFR,INTERCONNECTOR,BMU,Demand Unit,,,
IFD-EENG1,I_IFD-EENG1,Primary BMU,INTFR,INTERCONNECTOR,BMU,Demand Unit,,,
IFD-EGLE1,I_IFD-EGLE1,Primary BMU,INTFR,INTERCONNECTOR,BMU,Demand Unit,,,
IFD-ELEE1,I_IFD-ELEE1,Primary BMU,INTFR,INTERCONNECTOR,BMU,Demand Unit,,,
IFD-ELTR1,I_IFD-ELTR1,Primary BMU,INTFR,INTERCONNECTOR,BMU,Demand Unit,,,
IFD-ENBW1,I_IFD-ENBW1,Primary BMU,INTFR,INTERCONNECTOR,BMU,Demand Unit,,,
IFD-ENEL1,I_IFD-ENEL1,Primary BMU,INTFR,INTERCONNECTOR,BMU,Demand Unit,,,
IFD-ENET1,I_IFD-ENET1,Primary BMU,INTFR,INTERCONNECTOR,BMU,Demand Unit,,,
IFD-ENKI1,I_IFD-ENKI1,Primary BMU,INTFR,INTERCONNECTOR,BMU,Demand Unit,,,
IFD-ENSC1,I_IFD-ENSC1,Primary BMU,INTFR,INTERCONNECTOR,BMU,Demand Unit,,,
IFD-ENSP1,,Primary BMU,INTFR,INTERCONNECTOR,BMU,Demand Unit,,,
IFD-ENTC1,I_IFG-ENTC1,Primary BMU,INTFR,INTERCONNECTOR,BMU,Demand Unit,,,
IFD-ENZL1,I_IFD-ENZL1,Primary BMU,INTFR,INTERCONNECTOR,BMU,Demand Unit,,,
IFD-EOET1,I_IFD-EOET1,Primary BMU,INTFR,INTERCONNECTOR,BMU,Demand Unit,,,
IFD-EOSE1,I_IFD-EOSE1,Primary BMU,INTFR,INTERCONNECTOR,BMU,Demand Unit,,,
IFD-EPCO1,I_IFD-EPCO1,Primary BMU,INTFR,INTERCONNECTOR,BMU,Demand Unit,,,
IFD-ERVA1,I_IFD-ERVA1,Primary BMU,INTFR,INTERCONNECTOR,BMU,Demand Unit,,,
IFD-ETSA1,I_IFD-ETSA1,Primary BMU,INTFR,INTERCONNECTOR,BMU,Demand Unit,,,
IFD-EWII1,I_IFD-EWII1,Primary BMU,INTFR,INTERCONNECTOR,BMU,Demand Unit,,,
IFD-EWSE1,I_IFD-EWSE1,Primary BMU,INTFR,INTERCONNECTOR,BMU,Demand Unit,,,
IFD-EXXO1,I_IFD-EXXO1,Primary BMU,INTFR,INTERCONNECTOR,BMU,Demand Unit,,,
IFD-EZCO1,I_IFD-EZCO1,Primary BMU,INTFR,INTERCONNECTOR,BMU,Demand Unit,,,
IFD-EZPD1,I_IFD-EZPD1,Primary BMU,INTFR,INTERCONNECTOR,BMU,Demand Unit,,,
IFD-FLEX1,I_IFD-FLEX1,Primary BMU,INTFR,INTERCONNECTOR,BMU,Demand Unit,,,
IFD-FPCD1,I_IFD-FPCD1,Primary BMU,INTFR,INTERCONNECTOR,BMU,Demand Unit,,,
IFD-GASE1,I_IFD-GASE1,Primary BMU,INTFR,INTERCONNECTOR,BMU,Demand Unit,,,
IFD-GAZP1,I_IFD-GAZP1,Primary BMU,INTFR,INTERCONNECTOR,BMU,Demand Unit,,,
IFD-GDFE1,I_IFD-GDFE1,Primary BMU,INTFR,INTERCONNECTOR,BMU,Demand Unit,,,
IFD-GENI1,I_IFD-GENI1,Primary BMU,INTFR,INTERCONNECTOR,BMU,Demand Unit,,,
IFD-GLEN1,I_IFD-GLEN1,Primary BMU,INTFR,INTERCONNECTOR,BMU,Demand Unit,,,
IFD-GLTR1,I_IFD-GLTR1,Primary BMU,INTFR,INTERCONNECTOR,BMU,Demand Unit,,,
IFD-GRMC1,I_IFD-GRMC1,Primary BMU,INTFR,INTERCONNECTOR,BMU,Demand Unit,,,
IFD-GRMT1,I_IFD-GRMT1,Primary BMU,INTFR,INTERCONNECTOR,BMU,Demand Unit,,,
IFD-HART1,I_IFD-HART1,Primary BMU,INTFR,INTERCONNECTOR,BMU,Demand Unit,,,
IFD-HELI1,I_IFD-HELI1,Primary BMU,INTFR,INTERCONNECTOR,BMU,Demand Unit,,,
IFD-IBER1,I_IFD-IBER1,Primary BMU,INTFR,INTERCONNECTOR,BMU,Demand Unit,,,
IFD-IBES1,I_IFD-IBES1,Primary BMU,INTFR,INTERCONNECTOR,BMU,Demand Unit,,,
IFD-IDCT1,I_IFD-IDCT1,Primary BMU,INTFR,INTERCONNECTOR,BMU,Demand Unit,,,
IFD-IMPT1,I_IFD-IMPT1,Primary BMU,INTFR,INTERCONNECTOR,BMU,Demand Unit,,,
IFD-INCM1,I_IFD-INCM1,Primary BMU,INTFR,INTERCONNECTOR,BMU,Demand Unit,,,
IFD-INNE1,I_IFD-INNE1,Primary BMU,INTFR,INTERCONNECTOR,BMU,Demand Unit,,,
IFD-JPMS1,I_IFD_JPMS1,Primary BMU,INTFR,INTERCONNECTOR,BMU,Demand Unit,,,
IFD-JPMV1,I_IFD-JPMV1,Primary BMU,INTFR,INTERCONNECTOR,BMU,Demand Unit,,,
IFD-JWME1,I_IFD-JWME1,Primary BMU,INTFR,INTERCONNECTOR,BMU,Demand Unit,,,
IFD-KCST1,I_IFD-KCST1,Primary BMU,INTFR,INTERCONNECTOR,BMU,Demand Unit,,,
IFD-KVAS1,I_IFD-KVAS1,Primary BMU,INTFR,INTERCONNECTOR,BMU,Demand Unit,,,
IFD-LTFD1,I_IFD-LTFD1,Primary BMU,INTFR,INTERCONNECTOR,BMU,Demand Unit,,,
IFD-MCRA1,I_IFD-MCRA1,Primary BMU,INTFR,INTERCONNECTOR,BMU,Demand Unit,,,
IFD-MELT1,I_IFD_METL1,Primary BMU,INTFR,INTERCONNECTOR,BMU,Demand Unit,,,
IFD-MFTE1,I_IFD-MFTE1,Primary BMU,INTFR,INTERCONNECTOR,BMU,Demand Unit,,,
IFD-MKFT1,I_IFD-MKFT1,Primary BMU,INTFR,INTERCONNECTOR,BMU,Demand Unit,,,
IFD-MQBK1,I_IFD-MQBK1,Primary BMU,INTFR,INTERCONNECTOR,BMU,Demand Unit,,,
IFD-MQBN1,I_IFD-MQBN1,Primary BMU,INTFR,INTERCONNECTOR,BMU,Demand Unit,,,
IFD-MSCG1,I_IFD-MSCG1,Primary BMU,INTFR,INTERCONNECTOR,BMU,Demand Unit,,,
IFD-NBCF1,I_IFD-NBCF1,Primary BMU,INTFR,INTERCONNECTOR,BMU,Demand Unit,,,
IFD-NEAS1,I_IFD-NEAS1,Primary BMU,INTFR,INTERCONNECTOR,BMU,Demand Unit,,,
IFD-NEHO1,I_IFD-NEHO1,Primary BMU,INTFR,INTERCONNECTOR,BMU,Demand Unit,,,
IFD-NEXE1,I_IFD-NEXE1,Primary BMU,INTFR,INTERCONNECTOR,BMU,Demand Unit,,,
IFD-NITR1,I_IFD-NITR1,Primary BMU,INTFR,INTERCONNECTOR,BMU,Demand Unit,,,
IFD-NORL1,I_IFD-NORL1,Primary BMU,INTFR,INTERCONNECTOR,BMU,Demand Unit,,,
IFD-NTPL1,I_IFD-NTPL1,Primary BMU,INTFR,INTERCONNECTOR,BMU,Demand Unit,,,
IFD-NUON1,I_IFD-NUON1,Primary BMU,INTFR,INTERCONNECTOR,BMU,Demand Unit,,,
IFD-OMPX1,I_IFD-OMPX1,Primary BMU,INTFR,INTERCONNECTOR,BMU,Demand Unit,,,
IFD-OPMX1,I_IFD-OPMX1,Primary BMU,INTFR,INTERCONNECTOR,BMU,Demand Unit,,,
IFD-OUTL1,I_IFD-OUTL1,Primary BMU,INTFR,INTERCONNECTOR,BMU,Demand Unit,,,
IFD-PEAK1,I_IFD-PEAK1,Primary BMU,INTFR,INTERCONNECTOR,BMU,Demand Unit,,,
IFD-PETC1,I_IFD-PETC1,Primary BMU,INTFR,INTERCONNECTOR,BMU,Demand Unit,,,
IFD-POWT1,I_IFD-POWT1,Primary BMU,INTFR,INTERCONNECTOR,BMU,Demand Unit,,,
IFD-PWMR1,I_IFD-PWMR1,Primary BMU,INTFR,INTERCONNECTOR,BMU,Demand Unit,,,
IFD-QTPT1,I_IFD-QTPT1,Primary BMU,INTFR,INTERCONNECTOR,BMU,Demand Unit,,,
IFD-QUAR1,I_IFD-QUAR1,Primary BMU,INTFR,INTERCONNECTOR,BMU,Demand Unit,,,
IFD-QUEN1,I_IFD-QUEN1,Primary BMU,INTFR,INTERCONNECTOR,BMU,Demand Unit,,,
IFD-RBOS1,I_IFD-RBOS1,Primary BMU,INTFR,INTERCONNECTOR,BMU,Demand Unit,,,
IFD-RESP1,I_IFD-RESP1,Primary BMU,INTFR,INTERCONNECTOR,BMU,Demand Unit,,,
IFD-RISQ1,I_IFD-RISQ1,Primary BMU,INTFR,INTERCONNECTOR,BMU,Demand Unit,,,
IFD-RWES1,I_IFD-RWES1,Primary BMU,INTFR,INTERCONNECTOR,BMU,Demand Unit,,,
IFD-SEAG1,I_IFD-SEAG1,Primary BMU,INTFR,INTERCONNECTOR,BMU,Demand Unit,,,
IFD-SECF1,I_IFD-SECF1,Primary BMU,INTFR,INTERCONNECTOR,BMU,Demand Unit,,,
IFD-SEME1,I_IFD-SEME1,Primary BMU,INTFR,INTERCONNECTOR,BMU,Demand Unit,,,
IFD-SETL1,I_IFD-SETL1,Primary BMU,INTFR,INTERCONNECTOR,BMU,Demand Unit,,,
IFD-SIRI1,I_IFD-SIRI1,Primary BMU,INTFR,INTERCONNECTOR,BMU,Demand Unit,,,
IFD-SSEG1,I_IFD-SSEG1,Primary BMU,INTFR,INTERCONNECTOR,BMU,Demand Unit,,,
IFD-STAT1,I_IFD-STAT1,Primary BMU,INTFR,INTERCONNECTOR,BMU,Demand Unit,,,
IFD-STGS1,I_IFD-STGS1,Primary BMU,INTFR,INTERCONNECTOR,BMU,Demand Unit,,,
IFD-TFEE1,I_IFD-TFEE1,Primary BMU,INTFR,INTERCONNECTOR,BMU,Demand Unit,,,
IFD-TILD1,I_IFD-TILD1,Primary BMU,INTFR,INTERCONNECTOR,BMU,Demand Unit,,,
IFD-TRFD1,I_IFD-TRFD1,Primary BMU,INTFR,INTERCONNECTOR,BMU,Demand Unit,,,
IFD-TRFG1,I_IFD-TRFG1,Primary BMU,INTFR,INTERCONNECTOR,BMU,Demand Unit,,,
IFD-TRGY1,I_IFD-TRGY1,Primary BMU,INTFR,INTERCONNECTOR,BMU,Demand Unit,,,
IFD-TRLS1,I_IFD-TRLS1,Primary BMU,INTFR,INTERCONNECTOR,BMU,Demand Unit,,,
IFD-TRSI1,I_IFD-TRSI1,Primary BMU,INTFR,INTERCONNECTOR,BMU,Demand Unit,,,
IFD-VOLT1,I_IFD-VOLT1,Primary BMU,INTFR,INTERCONNECTOR,BMU,Demand Unit,,,
IFD-VSAL1,I_IFD-VSAL1,Primary BMU,INTFR,INTERCONNECTOR,BMU,Demand Unit,,,
IFD-VTFS1,I_IFD-VTFS1,Primary BMU,INTFR,INTERCONNECTOR,BMU,Demand Unit,,,
IFD-VTUS1,I_IFD-VTUS1,Primary BMU,INTFR,INTERCONNECTOR,BMU,Demand Unit,,,
IFD-WOLF1,I_IFD-WOLF1,Primary BMU,INTFR,INTERCONNECTOR,BMU,Demand Unit,,,
IFD-XNEN1,,Primary BMU,INTFR,INTERCONNECTOR,BMU,Demand Unit,,,
IFD-XNON1,I_IFD-XNON1,Primary BMU,INTFR,INTERCONNECTOR,BMU,Demand Unit,,,
IFG-ACCE1,I_IFG-ACCE1,Primary BMU,INTFR,INTERCONNECTOR,BMU,Generation Unit,,,
IFG-ALEU1,I_IFG-ALEU1,Primary BMU,INTFR,INTERCONNECTOR,BMU,Generation Unit,,,
IFG-ALIP1,I_IFG-ALIP1,Primary BMU,INTFR,INTERCONNECTOR,BMU,Generation Unit,,,
IFG-ALPE1,I_IFG-ALPE,Primary BMU,INTFR,INTERCONNECTOR,BMU,Generation Unit,,,
IFG-ARON1,I_IFG-ARON1,Primary BMU,INTFR,INTERCONNECTOR,BMU,Generation Unit,,,
IFG-AROS1,I_IFG-AROS1,Primary BMU,INTFR,INTERCONNECTOR,BMU,Generation Unit,,,
IFG-ARTH1,I_IFG-ARTH1,Primary BMU,INTFR,INTERCONNECTOR,BMU,Generation Unit,,,
IFG-ATLS1,I_IFG-ATLS1,Primary BMU,INTFR,INTERCONNECTOR,BMU,Generation Unit,,,
IFG-AXIE1,I_IFG-AXIE1,Primary BMU,INTFR,INTERCONNECTOR,BMU,Generation Unit,,,
IFG-AXPO1,I_IFG-AXPO1,Primary BMU,INTFR,INTERCONNECTOR,BMU,Generation Unit,,,
IFG-BARB1,I_IFG-BARB1,Primary BMU,INTFR,INTERCONNECTOR,BMU,Generation Unit,,,
IFG-BAYW1,I_IFG-BAYW1,Primary BMU,INTFR,INTERCONNECTOR,BMU,Generation Unit,,,
IFG-BDEN1,I_IFG-BDEN1,Primary BMU,INTFR,INTERCONNECTOR,BMU,Generation Unit,,,
IFG-BKWE1,I_IFG-BKWE1,Primary BMU,INTFR,INTERCONNECTOR,BMU,Generation Unit,,,
IFG-BNPS1,I_IFG-BNPS1,Primary BMU,INTFR,INTERCONNECTOR,BMU,Generation Unit,,,
IFG-BPGE1,I_IFG-BPGE1,Primary BMU,INTFR,INTERCONNECTOR,BMU,Generation Unit,,,
IFG-BTGP1,I_IFG-BTGP1,Primary BMU,INTFR,INTERCONNECTOR,BMU,Generation Unit,,,
IFG-CACM1,I_IFG-CACM1,Primary BMU,INTFR,INTERCONNECTOR,BMU,Generation Unit,,,
IFG-CARE1,I_IFG-CARE1,Primary BMU,INTFR,INTERCONNECTOR,BMU,Generation Unit,,,
IFG-CBST1,I_IFG-CBST1,Primary BMU,INTFR,INTERCONNECTOR,BMU,Generation Unit,,,
IFG-CCME1,I_IFG-CCME1,Primary BMU,INTFR,INTERCONNECTOR,BMU,Generation Unit,,,
IFG-CETL1,I_IFG-CETL1,Primary BMU,INTFR,INTERCONNECTOR,BMU,Generation Unit,,,
IFG-CEZC1,I_IFG-CEZC1,Primary BMU,INTFR,INTERCONNECTOR,BMU,Generation Unit,,,
IFG-CFPE1,I_IFG-CFPE1,Primary BMU,INTFR,INTERCONNECTOR,BMU,Generation Unit,,,
IFG-CGML1,I_IFG-CGML1,Primary BMU,INTFR,INTERCONNECTOR,BMU,Generation Unit,,,
IFG-CGTE1,I_IFG-CGTE1,Primary BMU,INTFR,INTERCONNECTOR,BMU,Generation Unit,,,
IFG-CNGS1,I_IFG-CNGS1,Primary BMU,INTFR,INTERCONNECTOR,BMU,Generation Unit,,,
IFG-CNRE1,I_IFG-CNRE1,Primary BMU,INTFR,INTERCONNECTOR,BMU,Generation Unit,,,
IFG-COMM1,I_IFG-COMM1,Primary BMU,INTFR,INTERCONNECTOR,BMU,Generation Unit,,,
IFG-CONS1,I_IFG-CONS1,Primary BMU,INTFR,INTERCONNECTOR,BMU,Generation Unit,,,
IFG-CONV1,I_IFG-CONV1,Primary BMU,INTFR,INTERCONNECTOR,BMU,Generation Unit,,,
IFG-COPN1,I_IFG-COPN1,Primary BMU,INTFR,INTERCONNECTOR,BMU,Generation Unit,,,
IFG-CPUK1,I_IFG-CPUK1,Primary BMU,INTFR,INTERCONNECTOR,BMU,Generation Unit,,,
IFG-CURR1,I_IFD-CURR1,Primary BMU,INTFR,INTERCONNECTOR,BMU,Generation Unit,,,
IFG-DARE1,I_IFG-DARE1,Primary BMU,INTFR,INTERCONNECTOR,BMU,Generation Unit,,,
IFG-DBNK1,I_IFG-DBNK1,Primary BMU,INTFR,INTERCONNECTOR,BMU,Generation Unit,,,
IFG-DMCC1,I_IFG-DMCC1,Primary BMU,INTFR,INTERCONNECTOR,BMU,Generation Unit,,,
IFG-DNGN1,I_IFG-DNGN1,Primary BMU,INTFR,INTERCONNECTOR,BMU,Generation Unit,,,
IFG-DRIV1,I_IFG-DRIV1,Primary BMU,INTFR,INTERCONNECTOR,BMU,Generation Unit,,,
IFG-DSKC1,I_IFG-DSKC1,Primary BMU,INTFR,INTERCONNECTOR,BMU,Generation Unit,,,
IFG-DUEN1,I_IFG-DUEN1,Primary BMU,INTFR,INTERCONNECTOR,BMU,Generation Unit,,,
IFG-DUFE1,I_IFG-DUFE1,Primary BMU,INTFR,INTERCONNECTOR,BMU,Generation Unit,,,
IFG-DVAL1,I_IFG-DVAL1,Primary BMU,INTFR,INTERCONNECTOR,BMU,Generation Unit,,,
IFG-DVTD1,I_IFG-DVTD1,Primary BMU,,INTERCONNECTOR,BMU,Generation Unit,,,
IFG-ECCA1,I_IFG-ECCA1,Primary BMU,INTFR,INTERCONNECTOR,BMU,Generation Unit,,,
IFG-EDFT1,I_IFG-EDFT1,Primary BMU,INTFR,INTERCONNECTOR,BMU,Generation Unit,,,
IFG-EDMK1,I_IFG-EDMK1,Primary BMU,INTFR,INTERCONNECTOR,BMU,Generation Unit,,,
IFG-EENG1,I_IFG-EENG1,Primary BMU,INTFR,INTERCONNECTOR,BMU,Generation Unit,,,
IFG-EGLE1,I_IFG-EGLE1,Primary BMU,INTFR,INTERCONNECTOR,BMU,Generation Unit,,,
IFG-ELEE1,I_IFG-ELEE1,Primary BMU,INTFR,INTERCONNECTOR,BMU,Generation Unit,,,
IFG-ELTR1,I_IFG-ELTR1,Primary BMU,INTFR,INTERCONNECTOR,BMU,Generation Unit,,,
IFG-ENBW1,I_IFG-ENBW1,Primary BMU,INTFR,INTERCONNECTOR,BMU,Generation Unit,,,
IFG-ENEL1,I_IFG-ENEL1,Primary BMU,INTFR,INTERCONNECTOR,BMU,Generation Unit,,,
IFG-ENET1,I_IFG-ENET1,Primary BMU,INTFR,INTERCONNECTOR,BMU,Generation Unit,,,
IFG-ENKI1,I_IFG-ENKI1,Primary BMU,INTFR,INTERCONNECTOR,BMU,Generation Unit,,,
IFG-ENSC1,I_IFG-ENSC1,Primary BMU,INTFR,INTERCONNECTOR,BMU,Generation Unit,,,
IFG-ENSP1,,Primary BMU,INTFR,INTERCONNECTOR,BMU,Generation Unit,,,
IFG-ENTC1,I_IFG-ENTC1,Primary BMU,INTFR,INTERCONNECTOR,BMU,Generation Unit,,,
IFG-ENZL1,I_IFG-ENZL1,Primary BMU,INTFR,INTERCONNECTOR,BMU,Generation Unit,,,
IFG-EOET1,I_IFG-EOET1,Primary BMU,INTFR,INTERCONNECTOR,BMU,Generation Unit,,,
IFG-EOSE1,I_IFG-EOSE1,Primary BMU,INTFR,INTERCONNECTOR,BMU,Generation Unit,,,
IFG-EPCO1,I_IFG-EPCO1,Primary BMU,INTFR,INTERCONNECTOR,BMU,Generation Unit,,,
IFG-ERVA1,I_IFG-ERVA1,Primary BMU,INTFR,INTERCONNECTOR,BMU,Generation Unit,,,
IFG-ETSA1,I_IFG-ETSA1,Primary BMU,INTFR,INTERCONNECTOR,BMU,Generation Unit,,,
IFG-EWII1,I_IFG-EWII1,Primary BMU,INTFR,INTERCONNECTOR,BMU,Generation Unit,,,
IFG-EWSE1,I_IFG-EWSE1,Primary BMU,INTFR,INTERCONNECTOR,BMU,Generation Unit,,,
IFG-EXXO1,I_IFG-EXXO1,Primary BMU,INTFR,INTERCONNECTOR,BMU,Generation Unit,,,
IFG-EZCO1,I_IFG-EZCO1,Primary BMU,INTFR,INTERCONNECTOR,BMU,Generation Unit,,,
IFG-EZPD1,I_IFG-EZPD1,Primary BMU,INTFR,INTERCONNECTOR,BMU,Generation Unit,,,
IFG-FLEX1,I_IFG-FLEX1,Primary BMU,INTFR,INTERCONNECTOR,BMU,Generation Unit,,,
IFG-FPCD1,I_IFG-FPCD1,Primary BMU,INTFR,INTERCONNECTOR,BMU,Generation Unit,,,
IFG-GASE1,I_IFG-GASE1,Primary BMU,INTFR,INTERCONNECTOR,BMU,Generation Unit,,,
IFG-GAZP1,I_IFG-GAZP1,Primary BMU,INTFR,INTERCONNECTOR,BMU,Generation Unit,,,
IFG-GDFE1,I_IFG-GDFE1,Primary BMU,INTFR,INTERCONNECTOR,BMU,Generation Unit,,,
IFG-GENI1,I_IFG-GENI1,Primary BMU,INTFR,INTERCONNECTOR,BMU,Generation Unit,,,
IFG-GLEN1,I_IFG-GLEN1,Primary BMU,INTFR,INTERCONNECTOR,BMU,Generation Unit,,,
IFG-GLTR1,I_IFG-GLTR1,Primary BMU,INTFR,INTERCONNECTOR,BMU,Generation Unit,,,
IFG-GRMC1,I_IFG-GRMC1,Primary BMU,INTFR,INTERCONNECTOR,BMU,Generation Unit,,,
IFG-GRMT1,I_IFG-GRMT1,Primary BMU,INTFR,INTERCONNECTOR,BMU,Generation Unit,,,
IFG-HART1,I_IFG-HART1,Primary BMU,INTFR,INTERCONNECTOR,BMU,Generation Unit,,,
IFG-HELI1,I_IFG-HELI1,Primary BMU,INTFR,INTERCONNECTOR,BMU,Generation Unit,,,
IFG-IBER1,I_IFG-IBER1,Primary BMU,INTFR,INTERCONNECTOR,BMU,Generation Unit,,,
IFG-IBES1,I_IFG-IBES1,Primary BMU,INTFR,INTERCONNECTOR,BMU,Generation Unit,,,
IFG-IDCT1,I_IFG-IDCT1,Primary BMU,INTFR,INTERCONNECTOR,BMU,Generation Unit,,,
IFG-IMPT1,I_IFG-IMPT1,Primary BMU,INTFR,INTERCONNECTOR,BMU,Generation Unit,,,
IFG-INCM1,I_IFG-INCM1,Primary BMU,INTFR,INTERCONNECTOR,BMU,Generation Unit,,,
IFG-INNE1,I_IFG-INNE1,Primary BMU,INTFR,INTERCONNECTOR,BMU,Generation Unit,,,
IFG-JPMS1,I_IFG_JPMS1,Primary BMU,INTFR,INTERCONNECTOR,BMU,Generation Unit,,,
IFG-JPMV1,I_IFG-JPMV1,Primary BMU,INTFR,INTERCONNECTOR,BMU,Generation Unit,,,
IFG-JWME1,I_IFG-JWME1,Primary BMU,INTFR,INTERCONNECTOR,BMU,Generation Unit,,,
IFG-KCST1,I_IFG-KCST1,Primary BMU,INTFR,INTERCONNECTOR,BMU,Generation Unit,,,
IFG-KVAS1,I_IFG-KVAS1,Primary BMU,INTFR,INTERCONNECTOR,BMU,Generation Unit,,,
IFG-LTFD1,I_IFG-LTFD1,Primary BMU,INTFR,INTERCONNECTOR,BMU,Generation Unit,,,
IFG-MCRA1,I_IFG-MCRA1,Primary BMU,INTFR,INTERCONNECTOR,BMU,Generation Unit,,,
IFG-MELT1,I_IFG_METL1,Primary BMU,INTFR,INTERCONNECTOR,BMU,Generation Unit,,,
IFG-MFTE1,I_IFG-MFTE1,Primary BMU,INTFR,INTERCONNECTOR,BMU,Generation Unit,,,
IFG-MKFT1,I_IFG-MKFT1,Primary BMU,INTFR,INTERCONNECTOR,BMU,Generation Unit,,,
IFG-MQBK1,I_IFG-MQBK1,Primary BMU,INTFR,INTERCONNECTOR,BMU,Generation Unit,,,
IFG-MQBN1,I_IFG-MQBN1,Primary BMU,INTFR,INTERCONNECTOR,BMU,Generation Unit,,,
IFG-MSCG1,I_IFG-MSCG1,Primary BMU,INTFR,INTERCONNECTOR,BMU,Generation Unit,,,
IFG-NBCF1,I_IFG-NBCF1,Primary BMU,INTFR,INTERCONNECTOR,BMU,Generation Unit,,,
IFG-NEAS1,I_IFG-NEAS1,Primary BMU,INTFR,INTERCONNECTOR,BMU,Generation Unit,,,
IFG-NEHO1,I_IFG-NEHO1,Primary BMU,INTFR,INTERCONNECTOR,BMU,Generation Unit,,,
IFG-NEXE1,I_IFG-NEXE1,Primary BMU,INTFR,INTERCONNECTOR,BMU,Generation Unit,,,
IFG-NITR1,I_IFG-NITR1,Primary BMU,INTFR,INTERCONNECTOR,BMU,Generation Unit,,,
IFG-NORL1,I_IFG-NORL1,Primary BMU,INTFR,INTERCONNECTOR,BMU,Generation Unit,,,
IFG-NTPL1,I_IFG-NTPL1,Primary BMU,INTFR,INTERCONNECTOR,BMU,Generation Unit,,,
IFG-NUON1,I_IFG-NUON1,Primary BMU,INTFR,INTERCONNECTOR,BMU,Generation Unit,,,
IFG-OMPX1,I_IFG-OMPX1,Primary BMU,INTFR,INTERCONNECTOR,BMU,Generation Unit,,,
IFG-OPMX1,I_IFG-OPMX1,Primary BMU,INTFR,INTERCONNECTOR,BMU,Generation Unit,,,
IFG-OUTL1,I_IFG-OUTL1,Primary BMU,INTFR,INTERCONNECTOR,BMU,Generation Unit,,,
IFG-PEAK1,I_IFG-PEAK1,Primary BMU,INTFR,INTERCONNECTOR,BMU,Generation Unit,,,
IFG-PETC1,I_IFG-PETC1,Primary BMU,INTFR,INTERCONNECTOR,BMU,Generation Unit,,,
IFG-POWT1,I_IFG-POWT1,Primary BMU,INTFR,INTERCONNECTOR,BMU,Generation Unit,,,
IFG-PWMR1,I_IFG-PWMR1,Primary BMU,INTFR,INTERCONNECTOR,BMU,Generation Unit,,,
IFG-QTPT1,I_IFG-QTPT1,Primary BMU,INTFR,INTERCONNECTOR,BMU,Generation Unit,,,
IFG-QUAR1,I_IFG-QUAR1,Primary BMU,INTFR,INTERCONNECTOR,BMU,Generation Unit,,,
IFG-QUEN1,I_IFG-QUEN1,Primary BMU,INTFR,INTERCONNECTOR,BMU,Generation Unit,,,
IFG-RBOS1,I_IFG_RBOS1,Primary BMU,INTFR,INTERCONNECTOR,BMU,Generation Unit,,,
IFG-RESP1,I_IFG-RESP1,Primary BMU,INTFR,INTERCONNECTOR,BMU,Generation Unit,,,
IFG-RISQ1,I_IFG-RISQ1,Primary BMU,INTFR,INTERCONNECTOR,BMU,Generation Unit,,,
IFG-RWES1,I_IFG-RWES1,Primary BMU,INTFR,INTERCONNECTOR,BMU,Generation Unit,,,
IFG-SEAG1,I_IFG-SEAG1,Primary BMU,INTFR,INTERCONNECTOR,BMU,Generation Unit,,,
IFG-SECF1,I_IFG-SECF1,Primary BMU,INTFR,INTERCONNECTOR,BMU,Generation Unit,,,
IFG-SEME1,I_IFG-SEME1,Primary BMU,INTFR,INTERCONNECTOR,BMU,Generation Unit,,,
IFG-SETL1,I_IFG-SETL1,Primary BMU,INTFR,INTERCONNECTOR,BMU,Generation Unit,,,
IFG-SIRI1,I_IFG-SIRI1,Primary BMU,INTFR,INTERCONNECTOR,BMU,Generation Unit,,,
IFG-SSEG1,I_IFG-SSEG1,Primary BMU,INTFR,INTERCONNECTOR,BMU,Generation Unit,,,
IFG-STAT1,I_IFG-STAT1,Primary BMU,INTFR,INTERCONNECTOR,BMU,Generation Unit,,,
IFG-STGS1,I_IFG-STGS1,Primary BMU,INTFR,INTERCONNECTOR,BMU,Generation Unit,,,
IFG-TFEE1,I_IFG-TFEE1,Primary BMU,INTFR,INTERCONNECTOR,BMU,Generation Unit,,,
IFG-TILD1,I_IFG-TILD1,Primary BMU,INTFR,INTERCONNECTOR,BMU,Generation Unit,,,
IFG-TRFD1,I_IFG-TRFD1,Primary BMU,INTFR,INTERCONNECTOR,BMU,Generation Unit,,,
IFG-TRFG1,I_IFG-TRFG1,Primary BMU,INTFR,INTERCONNECTOR,BMU,Generation Unit,,,
IFG-TRGY1,I_IFG-TRGY1,Primary BMU,INTFR,INTERCONNECTOR,BMU,Generation Unit,,,
IFG-TRLS1,I_IFG-TRLS1,Primary BMU,INTFR,INTERCONNECTOR,BMU,Generation Unit,,,
IFG-TRSI1,I_IFG-TRSI1,Primary BMU,INTFR,INTERCONNECTOR,BMU,Generation Unit,,,
IFG-VOLT1,I_IFG-VOLT1,Primary BMU,INTFR,INTERCONNECTOR,BMU,Generation Unit,,,
IFG-VSAL1,I_IFG-VSAL1,Primary BMU,INTFR,INTERCONNECTOR,BMU,Generation Unit,,,
IFG-VTFS1,I_IFG-VTFS1,Primary BMU,INTFR,INTERCONNECTOR,BMU,Generation Unit,,,
IFG-VTUS1,I_IFG-VTUS1,Primary BMU,INTFR,INTERCONNECTOR,BMU,Generation Unit,,,
IFG-WOLF1,I_IFG-WOLF1,Primary BMU,INTFR,INTERCONNECTOR,BMU,Generation Unit,,,
IFG-XNEN1,,Primary BMU,INTFR,INTERCONNECTOR,BMU,Generation Unit,,,
IFG-XNON1,I_IFG-XNON1,Primary BMU,INTFR,INTERCONNECTOR,BMU,Generation Unit,,,
IGD-STAT1,I_IGD-STAT1,Primary BMU,INTGRNL,INTERCONNECTOR,BMU,Demand Unit,,,
IGG-STAT1,I_IGG-STAT1,Primary BMU,INTGRNL,INTERCONNECTOR,BMU,Generation Unit,,,
IID-AXPO1,I_IID-AXPO1,Primary BMU,INTEW,INTERCONNECTOR,BMU,Demand Unit,,,
IID-BDGS1,I_IID-BDGS1,Primary BMU,INTEW,INTERCONNECTOR,BMU,Demand Unit,,,
IID-BGSE1,I_IID-BGSE1,Primary BMU,INTEW,INTERCONNECTOR,BMU,Demand Unit,,,
IID-BRKF1,I_IID-BRKF1,Primary BMU,INTEW,INTERCONNECTOR,BMU,Demand Unit,,,
IID-CAPT1,I_IID-CAPT1,Primary BMU,INTEW,INTERCONNECTOR,BMU,Demand Unit,,,
IID-CNGS1,I_IID-CNGS1,Primary BMU,INTEW,INTERCONNECTOR,BMU,Demand Unit,,,
IID-DSKC1,I_IID-DSKC1,Primary BMU,INTEW,INTERCONNECTOR,BMU,Demand Unit,,,
IID-ECCA1,I_IID-ECCA1,Primary BMU,INTEW,INTERCONNECTOR,BMU,Demand Unit,,,
IID-EGEN1,I_IID-EGEN1,Primary BMU,INTEW,INTERCONNECTOR,BMU,Demand Unit,,,
IID-ELTR1,I_IID-ELTR1,Primary BMU,INTEW,INTERCONNECTOR,BMU,Demand Unit,,,
IID-ENGI1,I_IID-ENGI1,Primary BMU,INTEW,INTERCONNECTOR,BMU,Demand Unit,,,
IID-ERVA1,I_IID-ERVA1,Primary BMU,INTEW,INTERCONNECTOR,BMU,Demand Unit,,,
IID-ESBI1,I_IID-ESBI1,Primary BMU,INTEW,INTERCONNECTOR,BMU,Demand Unit,,,
IID-ESBI2,I_IID-ESBI2,Primary BMU,INTEW,INTERCONNECTOR,BMU,Demand Unit,,,
IID-ETSA1,I_IID-ETSA1,Primary BMU,INTEW,INTERCONNECTOR,BMU,Demand Unit,,,
IID-GLTR1,I_IID-GLTR1,Primary BMU,INTEW,INTERCONNECTOR,BMU,Demand Unit,,,
IID-INCM1,I_IID-INCM1,Primary BMU,INTEW,INTERCONNECTOR,BMU,Demand Unit,,,
IID-LTFD1,I_IID-LTFD1,Primary BMU,INTEW,INTERCONNECTOR,BMU,Demand Unit,,,
IID-NSEN1,I_IID-NSEN1,Primary BMU,INTEW,INTERCONNECTOR,BMU,Demand Unit,,,
IID-PRNI1,I_IID-PRNI1,Primary BMU,INTEW,INTERCONNECTOR,BMU,Demand Unit,,,
IID-RWES1,I_IID-RWES1,Primary BMU,INTEW,INTERCONNECTOR,BMU,Demand Unit,,,
IID-SEEL1,I_IID-SEEL1,Primary BMU,INTEW,INTERCONNECTOR,BMU,Demand Unit,,,
IID-SSES1,I_IID-SSES1,Primary BMU,INTEW,INTERCONNECTOR,BMU,Demand Unit,,,
IID-STAT1,I_IID-STAT1,Primary BMU,INTEW,INTERCONNECTOR,BMU,Demand Unit,,,
IID-TRLS1,I_IID-TRLS1,Primary BMU,INTEW,INTERCONNECTOR,BMU,Demand Unit,,,
IID-VAYU1,I_IID-VAYU1,Primary BMU,INTEW,INTERCONNECTOR,BMU,Demand Unit,,,
IID-VESL1,I_IID-VESL1,Primary BMU,INTEW,INTERCONNECTOR,BMU,Demand Unit,,,
IIG-AXPO1,I_IIG-AXPO1,Primary BMU,INTEW,INTERCONNECTOR,BMU,Generation Unit,,,
IIG-BDGS1,I_IIG-BDGS1,Primary BMU,INTEW,INTERCONNECTOR,BMU,Generation Unit,,,
IIG-BGSE1,I_IIG-BGSE1,Primary BMU,INTEW,INTERCONNECTOR,BMU,Generation Unit,,,
IIG-BRKF1,I_IIG-BRKF1,Primary BMU,INTEW,INTERCONNECTOR,BMU,Generation Unit,,,
IIG-CAPT1,I_IIG-CAPT1,Primary BMU,INTEW,INTERCONNECTOR,BMU,Generation Unit,,,
IIG-CNGS1,I_IIG-CNGS1,Primary BMU,INTEW,INTERCONNECTOR,BMU,Generation Unit,,,
IIG-DSKC1,I_IIG-DSKC1,Primary BMU,INTEW,INTERCONNECTOR,BMU,Generation Unit,,,
IIG-ECCA1,I_IIG-ECCA1,Primary BMU,INTEW,INTERCONNECTOR,BMU,Generation Unit,,,
IIG-EGEN1,I_IIG-EGEN1,Primary BMU,INTEW,INTERCONNECTOR,BMU,Generation Unit,,,
IIG-ELTR1,I_IIG-ELTR1,Primary BMU,INTEW,INTERCONNECTOR,BMU,Generation Unit,,,
IIG-ENGI1,I_IIG-ENGI1,Primary BMU,INTEW,INTERCONNECTOR,BMU,Generation Unit,,,
IIG-ERVA1,I_IIG-ERVA1,Primary BMU,INTEW,INTERCONNECTOR,BMU,Generation Unit,,,
IIG-ESBI1,I_IIG-ESBI1,Primary BMU,INTEW,INTERCONNECTOR,BMU,Generation Unit,,,
IIG-ESBI2,I_IIG-ESBI2,Primary BMU,INTEW,INTERCONNECTOR,BMU,Generation Unit,,,
IIG-ETSA1,I_IIG-ETSA1,Primary BMU,INTEW,INTERCONNECTOR,BMU,Generation Unit,,,
IIG-GLTR1,I_IIG-GLTR1,Primary BMU,INTEW,INTERCONNECTOR,BMU,Generation Unit,,,
IIG-INCM1,I_IIG-INCM1,Primary BMU,INTEW,INTERCONNECTOR,BMU,Generation Unit,,,
IIG-LTFD1,I_IIG-LTFD1,Primary BMU,INTEW,INTERCONNECTOR,BMU,Generation Unit,,,
IIG-NSEN1,I_IIG-NSEN1,Primary BMU,INTEW,INTERCONNECTOR,BMU,Generation Unit,,,
IIG-PRNI1,I_IIG-PRNI1,Primary BMU,INTEW,INTERCONNECTOR,BMU,Generation Unit,,,
IIG-RWES1,I_IIG-RWES1,Primary BMU,INTEW,INTERCONNECTOR,BMU,Generation Unit,,,
IIG-SEEL1,I_IIG-SEEL1,Primary BMU,INTEW,INTERCONNECTOR,BMU,Generation Unit,,,
IIG-SSES1,I_IIG-SSES1,Primary BMU,INTEW,INTERCONNECTOR,BMU,Generation Unit,,,
IIG-STAT1,I_IIG-STAT1,Primary BMU,INTEW,INTERCONNECTOR,BMU,Generation Unit,,,
IIG-TRLS1,I_IIG-TRLS1,Primary BMU,INTEW,INTERCONNECTOR,BMU,Generation Unit,,,
IIG-VAYU1,I_IIG-VAYU1,Primary BMU,INTEW,INTERCONNECTOR,BMU,Generation Unit,,,
IIG-VESL1,I_IIG-VESL1,Primary BMU,INTEW,INTERCONNECTOR,BMU,Generation Unit,,,
ILD-ALIP1,I_ILD-ALIP1,Primary BMU,INTELEC,INTERCONNECTOR,BMU,Demand Unit,,,
ILD-ALPE1,I_ILD-ALPE1,Primary BMU,INTELEC,INTERCONNECTOR,BMU,Demand Unit,,,
ILD-ARON1,I_ILD-ARON1,Primary BMU,INTELEC,INTERCONNECTOR,BMU,Demand Unit,,,
ILD-AROS1,I_ILG-AROS1,Primary BMU,INTELEC,INTERCONNECTOR,BMU,Demand Unit,,,
ILD-ARTH1,I_ILD-ARTH1,Primary BMU,INTELEC,INTERCONNECTOR,BMU,Demand Unit,,,
ILD-ATLS1,I_ILD-ATLS1,Primary BMU,INTELEC,INTERCONNECTOR,BMU,Demand Unit,,,
ILD-BAYW1,I_ILD-BAYW1,Primary BMU,INTELEC,INTERCONNECTOR,BMU,Demand Unit,,,
ILD-BKWE1,I_ILG-BKWE1,Primary BMU,INTELEC,INTERCONNECTOR,BMU,Demand Unit,,,
ILD-BPGM1,I_ILD-BPGM1,Primary BMU,INTELEC,INTERCONNECTOR,BMU,Demand Unit,,,
ILD-CACM1,I_ILD-CACM1,Primary BMU,INTELEC,INTERCONNECTOR,BMU,Demand Unit,,,
ILD-CBST1,I_ILD-CBST1,Primary BMU,INTELEC,INTERCONNECTOR,BMU,Demand Unit,,,
ILD-CCME1,I_ILD-CCME1,Primary BMU,INTELEC,INTERCONNECTOR,BMU,Demand Unit,,,
ILD-CENT1,I_ILD-CENT1,Primary BMU,INTELEC,INTERCONNECTOR,BMU,Demand Unit,,,
ILD-CETL1,I_ILD-CETL1,Primary BMU,INTELEC,INTERCONNECTOR,BMU,Demand Unit,,,
ILD-CEZC1,I_ILD-CEZC1,Primary BMU,INTELEC,INTERCONNECTOR,BMU,Demand Unit,,,
ILD-CFPE1,I_ILD-CFPE1,Primary BMU,INTELEC,INTERCONNECTOR,BMU,Demand Unit,,,
ILD-COMM1,I_ILD-COMM1,Primary BMU,INTELEC,INTERCONNECTOR,BMU,Demand Unit,,,
ILD-CONS1,I_ILD-CONS1,Primary BMU,INTELEC,INTERCONNECTOR,BMU,Demand Unit,,,
ILD-COPN1,I_ILD-COPN1,Primary BMU,INTELEC,INTERCONNECTOR,BMU,Demand Unit,,,
ILD-CURR1,I_ILD-CURR1,Primary BMU,INTELEC,INTERCONNECTOR,BMU,Demand Unit,,,
ILD-DARE1,I_ILD-DARE1,Primary BMU,INTELEC,INTERCONNECTOR,BMU,Demand Unit,,,
ILD-DMCC1,I_ILD-DMCC1,Primary BMU,INTELEC,INTERCONNECTOR,BMU,Demand Unit,,,
ILD-DUEN1,I_ILD-DUEN1,Primary BMU,INTELEC,INTERCONNECTOR,BMU,Demand Unit,,,
ILD-DUFE1,I_ILD-DUFE1,Primary BMU,INTELEC,INTERCONNECTOR,BMU,Demand Unit,,,
ILD-DVAL1,I_ILD-DVAL1,Primary BMU,INTELEC,INTERCONNECTOR,BMU,Demand Unit,,,
ILD-DVTD1,I_ILD-DVTD1,Primary BMU,INTELEC,INTERCONNECTOR,BMU,Demand Unit,,,
ILD-EDFT1,I_ILD-EDFT1,Primary BMU,INTELEC,INTERCONNECTOR,BMU,Demand Unit,,,
ILD-EDMK1,I_ILD-EDMK1,Primary BMU,INTELEC,INTERCONNECTOR,BMU,Demand Unit,,,
ILD-EENG1,I_ILD-EENG1,Primary BMU,INTELEC,INTERCONNECTOR,BMU,Demand Unit,,,
ILD-ELTR1,I_ILD-ELTR1,Primary BMU,INTELEC,INTERCONNECTOR,BMU,Demand Unit,,,
ILD-ENBW1,I_ILD-ENBW1,Primary BMU,INTELEC,INTERCONNECTOR,BMU,Demand Unit,,,
ILD-ENGM1,I_ILD-ENGM1,Primary BMU,INTELEC,INTERCONNECTOR,BMU,Demand Unit,,,
ILD-ENSC1,I_ILD-ENSC1,Primary BMU,INTELEC,INTERCONNECTOR,BMU,Demand Unit,,,
ILD-ENTC1,I_ILD-ENTC1,Primary BMU,INTELEC,INTERCONNECTOR,BMU,Demand Unit,,,
ILD-EPCO1,I_ILD-EPCO1,Primary BMU,INTELEC,INTERCONNECTOR,BMU,Demand Unit,,,
ILD-EWII1,I_ILD-EWII1,Primary BMU,INTELEC,INTERCONNECTOR,BMU,Demand Unit,,,
ILD-EXXO1,I_ILD-EXX01,Primary BMU,INTELEC,INTERCONNECTOR,BMU,Demand Unit,,,
ILD-EZCO1,I_ILD_EZCO1,Primary BMU,INTELEC,INTERCONNECTOR,BMU,Demand Unit,,,
ILD-EZPD1,I_ILD-EZPD1,Primary BMU,INTELEC,INTERCONNECTOR,BMU,Demand Unit,,,
ILD-FLEX1,I_ILD-FLEX1,Primary BMU,INTELEC,INTERCONNECTOR,BMU,Demand Unit,,,
ILD-GENI1,I_ILD-GENI1,Primary BMU,INTELEC,INTERCONNECTOR,BMU,Demand Unit,,,
ILD-GLEN1,I_ILD-GLEN1,Primary BMU,INTELEC,INTERCONNECTOR,BMU,Demand Unit,,,
ILD-GNER1,I_ILD-GNER1,Primary BMU,INTELEC,INTERCONNECTOR,BMU,Demand Unit,,,
ILD-GRMC1,I_ILD-GRMC1,Primary BMU,INTELEC,INTERCONNECTOR,BMU,Demand Unit,,,
ILD-HART1,I_ILD-HART1,Primary BMU,INTELEC,INTERCONNECTOR,BMU,Demand Unit,,,
ILD-HELI1,I_ILD-HELI1,Primary BMU,INTELEC,INTERCONNECTOR,BMU,Demand Unit,,,
ILD-IMPT1,I_ILD-IMPT1,Primary BMU,INTELEC,INTERCONNECTOR,BMU,Demand Unit,,,
ILD-INCM1,I_ILD-INCM1,Primary BMU,INTELEC,INTERCONNECTOR,BMU,Demand Unit,,,
ILD-JWME1,I_ILD-JWME1,Primary BMU,INTELEC,INTERCONNECTOR,BMU,Demand Unit,,,
ILD-MCRA1,I_ILD-MCRA1,Primary BMU,INTELEC,INTERCONNECTOR,BMU,Demand Unit,,,
ILD-MFTE1,I_ILG-MFTE1,Primary BMU,INTELEC,INTERCONNECTOR,BMU,Demand Unit,,,
ILD-NDPL1,I_ILD-NDPL1,Primary BMU,INTELEC,INTERCONNECTOR,BMU,Demand Unit,,,
ILD-NEAS1,I_ILD-NEAS1,Primary BMU,INTELEC,INTERCONNECTOR,BMU,Demand Unit,,,
ILD-NEHO1,I_ILD-NEHO1,Primary BMU,INTELEC,INTERCONNECTOR,BMU,Demand Unit,,,
ILD-NITR1,I_ILD-NITR1,Primary BMU,INTELEC,INTERCONNECTOR,BMU,Demand Unit,,,
ILD-NORL1,I_ILD-NORL1,Primary BMU,INTELEC,INTERCONNECTOR,BMU,Demand Unit,,,
ILD-NTPL1,I_ILD-NTPL1,Primary BMU,INTELEC,INTERCONNECTOR,BMU,Demand Unit,,,
ILD-OPMX1,I_ILD-OPMX1,Primary BMU,INTELEC,INTERCONNECTOR,BMU,Demand Unit,,,
ILD-OUTL1,I_ILD-OUTL1,Primary BMU,INTELEC,INTERCONNECTOR,BMU,Demand Unit,,,
ILD-PEAK1,I_ILD-PEAK1,Primary BMU,INTELEC,INTERCONNECTOR,BMU,Demand Unit,,,
ILD-PETC1,I_ILD-PETC1,Primary BMU,INTELEC,INTERCONNECTOR,BMU,Demand Unit,,,
ILD-PREP1,I_ILD-PREP1,Primary BMU,INTELEC,INTERCONNECTOR,BMU,Demand Unit,,,
ILD-PWMR1,I_ILD-PWMR1,Primary BMU,INTELEC,INTERCONNECTOR,BMU,Demand Unit,,,
ILD-QUAR1,I_ILD-QUAR1,Primary BMU,INTELEC,INTERCONNECTOR,BMU,Demand Unit,,,
ILD-RESP1,I_ILD-RESP1,Primary BMU,INTELEC,INTERCONNECTOR,BMU,Demand Unit,,,
ILD-RISQ1,I_ILD-RISQ1,Primary BMU,INTELEC,INTERCONNECTOR,BMU,Demand Unit,,,
ILD-RWES1,I_ILD-RWES1,Primary BMU,INTELEC,INTERCONNECTOR,BMU,Demand Unit,,,
ILD-SEFE1,I_ILD-SEFE1,Primary BMU,INTELEC,INTERCONNECTOR,BMU,Demand Unit,,,
ILD-SETL1,I_ILD-SETL1,Primary BMU,INTELEC,INTERCONNECTOR,BMU,Demand Unit,,,
ILD-SIRI1,I_ILD-SIRI1,Primary BMU,INTELEC,INTERCONNECTOR,BMU,Demand Unit,,,
ILD-STGS1,I_ILD-STGS1,Primary BMU,INTELEC,INTERCONNECTOR,BMU,Demand Unit,,,
ILD-TGPL1,I_ILD-TGPL1,Primary BMU,INTELEC,INTERCONNECTOR,BMU,Demand Unit,,,
ILD-TRFD1,I_ILD-TRFD1,Primary BMU,INTELEC,INTERCONNECTOR,BMU,Demand Unit,,,
ILD-TRFG1,I_ILD-TRFG1,Primary BMU,INTELEC,INTERCONNECTOR,BMU,Demand Unit,,,
ILD-VOLT1,I_ILD-VOLT1,Primary BMU,INTELEC,INTERCONNECTOR,BMU,Demand Unit,,,
ILD-VSAL1,I_ILD_VSAL1,Primary BMU,INTELEC,INTERCONNECTOR,BMU,Demand Unit,,,
ILD-XNON1,I_ILD-XNON1,Primary BMU,INTELEC,INTERCONNECTOR,BMU,Demand Unit,,,
ILG_EZCO1,I_ILG-EZCO1,Primary BMU,INTELEC,INTERCONNECTOR,BMU,Generation Unit,,,
ILG-ALIP1,I_ILG-ALIP1,Primary BMU,INTELEC,INTERCONNECTOR,BMU,Generation Unit,,,
ILG-ALPE1,I_ILG-ALPE1,Primary BMU,INTELEC,INTERCONNECTOR,BMU,Generation Unit,,,
ILG-ARON1,I_ILG-ARON1,Primary BMU,INTELEC,INTERCONNECTOR,BMU,Generation Unit,,,
ILG-AROS1,I_ILG-AROS1,Primary BMU,INTELEC,INTERCONNECTOR,BMU,Generation Unit,,,
ILG-ARTH1,I_ILG-ARTH1,Primary BMU,INTELEC,INTERCONNECTOR,BMU,Generation Unit,,,
ILG-ATLS1,I_ILG-ATLS1,Primary BMU,INTELEC,INTERCONNECTOR,BMU,Generation Unit,,,
ILG-BAYW1,I_ILG-BAYW1,Primary BMU,INTELEC,INTERCONNECTOR,BMU,Generation Unit,,,
ILG-BKWE1,I_ILG-BKWE1,Primary BMU,INTELEC,INTERCONNECTOR,BMU,Generation Unit,,,
ILG-BPGM1,I_ILG-BPGM1,Primary BMU,INTELEC,INTERCONNECTOR,BMU,Generation Unit,,,
ILG-CACM1,I_ILG-CACM1,Primary BMU,INTELEC,INTERCONNECTOR,BMU,Generation Unit,,,
ILG-CBST1,I_ILG-CBST1,Primary BMU,INTELEC,INTERCONNECTOR,BMU,Generation Unit,,,
ILG-CCME1,I_ILG-CCME1,Primary BMU,INTELEC,INTERCONNECTOR,BMU,Generation Unit,,,
ILG-CENT1,I_ILG-CENT1,Primary BMU,INTELEC,INTERCONNECTOR,BMU,Generation Unit,,,
ILG-CETL1,I_ILG-CETL1,Primary BMU,INTELEC,INTERCONNECTOR,BMU,Generation Unit,,,
ILG-CEZC1,I_ILG-CEZC1,Primary BMU,INTELEC,INTERCONNECTOR,BMU,Generation Unit,,,
ILG-CFPE1,I_ILG-CFPE1,Primary BMU,INTELEC,INTERCONNECTOR,BMU,Generation Unit,,,
ILG-COMM1,I_ILG-COMM1,Primary BMU,INTELEC,INTERCONNECTOR,BMU,Generation Unit,,,
ILG-CONS1,I_ILG-CONS1,Primary BMU,INTELEC,INTERCONNECTOR,BMU,Generation Unit,,,
ILG-COPN1,I_ILG-COPN1,Primary BMU,INTELEC,INTERCONNECTOR,BMU,Generation Unit,,,
ILG-CURR1,I_ILD-CURR1,Primary BMU,INTELEC,INTERCONNECTOR,BMU,Generation Unit,,,
ILG-DARE1,I_ILG-DARE1,Primary BMU,INTELEC,INTERCONNECTOR,BMU,Generation Unit,,,
ILG-DMCC1,I_ILG-DMCC1,Primary BMU,INTELEC,INTERCONNECTOR,BMU,Generation Unit,,,
ILG-DUEN1,I_ILG-DUEN1,Primary BMU,INTELEC,INTERCONNECTOR,BMU,Generation Unit,,,
ILG-DUFE1,I_ILG_DUFE1,Primary BMU,INTELEC,INTERCONNECTOR,BMU,Generation Unit,,,
ILG-DVAL1,I_ILG-DVAL1,Primary BMU,INTELEC,INTERCONNECTOR,BMU,Generation Unit,,,
ILG-DVTD1,I_ILG-DVTD1,Primary BMU,INTELEC,INTERCONNECTOR,BMU,Generation Unit,,,
ILG-EDFT1,I_ILG-EDFT1,Primary BMU,INTELEC,INTERCONNECTOR,BMU,Generation Unit,,,
ILG-EDMK1,I_ILG-EDMK1,Primary BMU,INTELEC,INTERCONNECTOR,BMU,Generation Unit,,,
ILG-EENG1,I_ILG-EENG1,Primary BMU,INTELEC,INTERCONNECTOR,BMU,Generation Unit,,,
ILG-ELTR1,I_ILG-ELTR1,Primary BMU,INTELEC,INTERCONNECTOR,BMU,Generation Unit,,,
ILG-ENBW1,I_ILG-ENBW1,Primary BMU,INTELEC,INTERCONNECTOR,BMU,Generation Unit,,,
ILG-ENGM1,I_ILG-ENGM1,Primary BMU,INTELEC,INTERCONNECTOR,BMU,Generation Unit,,,
ILG-ENSC1,I_ILG-ENSC1,Primary BMU,INTELEC,INTERCONNECTOR,BMU,Generation Unit,,,
ILG-ENTC1,I_ILG-ENTC1,Primary BMU,INTELEC,INTERCONNECTOR,BMU,Generation Unit,,,
ILG-EPCO1,I_ILG-EPCO1,Primary BMU,INTELEC,INTERCONNECTOR,BMU,Generation Unit,,,
ILG-EWII1,I_ILG-EWII1,Primary BMU,INTELEC,INTERCONNECTOR,BMU,Generation Unit,,,
ILG-EXXO1,I_ILG-EXX01,Primary BMU,INTELEC,INTERCONNECTOR,BMU,Generation Unit,,,
ILG-EZPD1,I_ILG-EZPD1,Primary BMU,INTELEC,INTERCONNECTOR,BMU,Generation Unit,,,
ILG-FLEX1,I_ILG-FLEX1,Primary BMU,INTELEC,INTERCONNECTOR,BMU,Generation Unit,,,
ILG-GENI1,I_ILG-GENI1,Primary BMU,INTELEC,INTERCONNECTOR,BMU,Generation Unit,,,
ILG-GLEN1,I_ILG-GLEN1,Primary BMU,INTELEC,INTERCONNECTOR,BMU,Generation Unit,,,
ILG-GNER1,I_ILG-GNER1,Primary BMU,INTELEC,INTERCONNECTOR,BMU,Generation Unit,,,
ILG-GRMC1,I_ILG-GRMC1,Primary BMU,INTELEC,INTERCONNECTOR,BMU,Generation Unit,,,
ILG-HART1,I_ILG-HART1,Primary BMU,INTELEC,INTERCONNECTOR,BMU,Generation Unit,,,
ILG-HELI1,I_ILG-HELI1,Primary BMU,INTELEC,INTERCONNECTOR,BMU,Generation Unit,,,
ILG-IMPT1,I_ILG-IMPT1,Primary BMU,INTELEC,INTERCONNECTOR,BMU,Generation Unit,,,
ILG-INCM1,I_ILG-INCM1,Primary BMU,INTELEC,INTERCONNECTOR,BMU,Generation Unit,,,
ILG-JWME1,I_ILG-JWME1,Primary BMU,INTELEC,INTERCONNECTOR,BMU,Generation Unit,,,
ILG-MCRA1,I_ILG-MCRA1,Primary BMU,INTELEC,INTERCONNECTOR,BMU,Generation Unit,,,
ILG-MFTE1,I_ILG-MFTE1,Primary BMU,INTELEC,INTERCONNECTOR,BMU,Generation Unit,,,
ILG-NDPL1,I_ILG-NDPL1,Primary BMU,INTELEC,INTERCONNECTOR,BMU,Generation Unit,,,
ILG-NEAS1,I_ILG-NEAS1,Primary BMU,INTELEC,INTERCONNECTOR,BMU,Generation Unit,,,
ILG-NEHO1,I_ILG-NEHO1,Primary BMU,INTELEC,INTERCONNECTOR,BMU,Generation Unit,,,
ILG-NITR1,I_ILG-NITR1,Primary BMU,INTELEC,INTERCONNECTOR,BMU,Generation Unit,,,
ILG-NORL1,I_ILG-NORL1,Primary BMU,INTELEC,INTERCONNECTOR,BMU,Generation Unit,,,
ILG-NTPL1,I_ILG-NTPL1,Primary BMU,INTELEC,INTERCONNECTOR,BMU,Generation Unit,,,
ILG-OPMX1,I_ILG-OPMX1,Primary BMU,INTELEC,INTERCONNECTOR,BMU,Generation Unit,,,
ILG-OUTL1,I_ILG-OUTL1,Primary BMU,INTELEC,INTERCONNECTOR,BMU,Generation Unit,,,
ILG-PEAK1,I_ILG-PEAK1,Primary BMU,INTELEC,INTERCONNECTOR,BMU,Generation Unit,,,
ILG-PETC1,I_ILG-PETC1,Primary BMU,INTELEC,INTERCONNECTOR,BMU,Generation Unit,,,
ILG-PREP1,I_ILG-PREP1,Primary BMU,INTELEC,INTERCONNECTOR,BMU,Generation Unit,,,
ILG-PWMR1,I_ILG-PWMR1,Primary BMU,INTELEC,INTERCONNECTOR,BMU,Generation Unit,,,
ILG-QUAR1,I_ILG-QUAR1,Primary BMU,INTELEC,INTERCONNECTOR,BMU,Generation Unit,,,
ILG-RESP1,I_ILG-RESP1,Primary BMU,INTELEC,INTERCONNECTOR,BMU,Generation Unit,,,
ILG-RISQ1,I_ILG-RISQ1,Primary BMU,INTELEC,INTERCONNECTOR,BMU,Generation Unit,,,
ILG-RWES1,I_ILG-RWES1,Primary BMU,INTELEC,INTERCONNECTOR,BMU,Generation Unit,,,
ILG-SEFE1,I_ILG-SEFE1,Primary BMU,INTELEC,INTERCONNECTOR,BMU,Generation Unit,,,
ILG-SETL1,I_ILG-SETL1,Primary BMU,INTELEC,INTERCONNECTOR,BMU,Generation Unit,,,
ILG-SIRI1,I_ILG-SIRI1,Primary BMU,INTELEC,INTERCONNECTOR,BMU,Generation Unit,,,
ILG-STGS1,I_ILG-STGS1,Primary BMU,INTELEC,INTERCONNECTOR,BMU,Generation Unit,,,
ILG-TGPL1,I_ILG-TGPL1,Primary BMU,INTELEC,INTERCONNECTOR,BMU,Generation Unit,,,
ILG-TRFD1,I_ILG-TRFD1,Primary BMU,INTELEC,INTERCONNECTOR,BMU,Generation Unit,,,
ILG-TRFG1,I_ILD-TRFG1,Primary BMU,INTELEC,INTERCONNECTOR,BMU,Generation Unit,,,
ILG-VOLT1,I_ILG-VOLT1,Primary BMU,INTELEC,INTERCONNECTOR,BMU,Generation Unit,,,
ILG-VSAL1,I_ILG-VSAL1,Primary BMU,INTELEC,INTERCONNECTOR,BMU,Generation Unit,,,
ILG-XNON1,I_ILG-XNON1,Primary BMU,INTELEC,INTERCONNECTOR,BMU,Generation Unit,,,
ILMEB-1,,Primary BMU,OTHER,BATTERIES,BMU,Bi-Directional,Y,,
IMD-AIRL1,I_IMD-AIRL1,Primary BMU,INTIRL,INTERCONNECTOR,BMU,Demand Unit,,,
IMD-AXPO1,I_IMD-AXPO1,Primary BMU,INTIRL,INTERCONNECTOR,BMU,Demand Unit,,,
IMD-BDGS1,I_IMD-BDGS1,Primary BMU,INTIRL,INTERCONNECTOR,BMU,Demand Unit,,,
IMD-BGSE1,I_IMD-BGSE1,Primary BMU,INTIRL,INTERCONNECTOR,BMU,Demand Unit,,,
IMD-BRKF1,I_IMD-BRKF1,Primary BMU,INTIRL,INTERCONNECTOR,BMU,Demand Unit,,,
IMD-CAPT1,I_IMD-CAPT1,Primary BMU,INTIRL,INTERCONNECTOR,BMU,Demand Unit,,,
IMD-CNGS1,I_IMD-CNGS1,Primary BMU,INTIRL,INTERCONNECTOR,BMU,Demand Unit,,,
IMD-DSKC1,I_IMD-DSKC1,Primary BMU,INTIRL,INTERCONNECTOR,BMU,Demand Unit,,,
IMD-ECCA1,I_IMD-ECCA1,Primary BMU,INTIRL,INTERCONNECTOR,BMU,Demand Unit,,,
IMD-EGEN1,I_IMD-EGEN1,Primary BMU,INTIRL,INTERCONNECTOR,BMU,Demand Unit,,,
IMD-ELTR1,I_IMD-ELTR1,Primary BMU,INTIRL,INTERCONNECTOR,BMU,Demand Unit,,,
IMD-ENGI1,I_IMD-ENGI1,Primary BMU,INTIRL,INTERCONNECTOR,BMU,Demand Unit,,,
IMD-ERVA1,I_IMD-ERVA1,Primary BMU,INTIRL,INTERCONNECTOR,BMU,Demand Unit,,,
IMD-ESBE1,I_IMD-ESBE1,Primary BMU,INTIRL,INTERCONNECTOR,BMU,Demand Unit,,,
IMD-ESBI1,I_IMD-ESBI1,Primary BMU,INTIRL,INTERCONNECTOR,BMU,Demand Unit,,,
IMD-ETSA1,I_IMD-ETSA1,Primary BMU,INTIRL,INTERCONNECTOR,BMU,Demand Unit,,,
IMD-GAZP1,I_IMD-GAZP1,Primary BMU,INTIRL,INTERCONNECTOR,BMU,Demand Unit,,,
IMD-GLTR1,I_IMD-GLTR1,Primary BMU,INTIRL,INTERCONNECTOR,BMU,Demand Unit,,,
IMD-INCM1,I_IMD-INCM1,Primary BMU,INTIRL,INTERCONNECTOR,BMU,Demand Unit,,,
IMD-LTFD1,I_IMD-LTFD1,Primary BMU,INTIRL,INTERCONNECTOR,BMU,Demand Unit,,,
IMD-NSEN1,I_IMD-NSEN1,Primary BMU,INTIRL,INTERCONNECTOR,BMU,Demand Unit,,,
IMD-PRNI1,I_IMD-PRNI1,Primary BMU,INTIRL,INTERCONNECTOR,BMU,Demand Unit,,,
IMD-RWEM1,I_IMD-RWEM1,Primary BMU,INTIRL,INTERCONNECTOR,BMU,Demand Unit,,,
IMD-RWES1,I_IMD-RWES1,Primary BMU,INTIRL,INTERCONNECTOR,BMU,Demand Unit,,,
IMD-SEEL1,I_IMD-SEEL1,Primary BMU,INTIRL,INTERCONNECTOR,BMU,Demand Unit,,,
IMD-SPEM1,I_IMD-SPEM1,Primary BMU,INTIRL,INTERCONNECTOR,BMU,Demand Unit,,,
IMD-SSIR1,I_IMD-SSIR1,Primary BMU,INTIRL,INTERCONNECTOR,BMU,Demand Unit,,,
IMD-SSTH1,I_IMD-SSTH1,Primary BMU,INTIRL,INTERCONNECTOR,BMU,Demand Unit,,,
IMD-STAT1,I_IMD-STAT1,Primary BMU,INTIRL,INTERCONNECTOR,BMU,Demand Unit,,,
IMD-TRLS1,I_IMD-TRLS1,Primary BMU,INTIRL,INTERCONNECTOR,BMU,Demand Unit,,,
IMD-VESL1,I_IMD-VESL1,Primary BMU,INTIRL,INTERCONNECTOR,BMU,Demand Unit,,,
IMG-AIRL1,I_IMG-AIRL1,Primary BMU,INTIRL,INTERCONNECTOR,BMU,Generation Unit,,,
IMG-AXPO1,I_IMG-AXPO1,Primary BMU,INTIRL,INTERCONNECTOR,BMU,Generation Unit,,,
IMG-BDGS1,I_IMG-BDGS1,Primary BMU,INTIRL,INTERCONNECTOR,BMU,Generation Unit,,,
IMG-BGSE1,I_IMG-BGSE1,Primary BMU,INTIRL,INTERCONNECTOR,BMU,Generation Unit,,,
IMG-BRKF1,I_IMG-BRKF1,Primary BMU,INTIRL,INTERCONNECTOR,BMU,Generation Unit,,,
IMG-CAPT1,I_IMG-CAPT1,Primary BMU,INTIRL,INTERCONNECTOR,BMU,Generation Unit,,,
IMG-CNGS1,I_IMG-CNGS1,Primary BMU,INTIRL,INTERCONNECTOR,BMU,Generation Unit,,,
IMG-DSKC1,I_IMG-DSKC1,Primary BMU,INTIRL,INTERCONNECTOR,BMU,Generation Unit,,,
IMG-ECCA1,I_IMG-ECCA1,Primary BMU,INTIRL,INTERCONNECTOR,BMU,Generation Unit,,,
IMG-EGEN1,I_IMG-EGEN1,Primary BMU,INTIRL,INTERCONNECTOR,BMU,Generation Unit,,,
IMG-ELTR1,I_IMG-ELTR1,Primary BMU,INTIRL,INTERCONNECTOR,BMU,Generation Unit,,,
IMG-ENGI1,I_IMG-ENGI1,Primary BMU,INTIRL,INTERCONNECTOR,BMU,Generation Unit,,,
IMG-ERVA1,I_IMG-ERVA1,Primary BMU,INTIRL,INTERCONNECTOR,BMU,Generation Unit,,,
IMG-ESBE1,I_IMG-ESBE1,Primary BMU,INTIRL,INTERCONNECTOR,BMU,Generation Unit,,,
IMG-ESBI1,I_IMG-ESBI1,Primary BMU,INTIRL,INTERCONNECTOR,BMU,Generation Unit,,,
IMG-ETSA1,I_IMG-ETSA1,Primary BMU,INTIRL,INTERCONNECTOR,BMU,Generation Unit,,,
IMG-GAZP1,I_IMG-GAZP1,Primary BMU,INTIRL,INTERCONNECTOR,BMU,Generation Unit,,,
IMG-GLTR1,I_IMG-GLTR1,Primary BMU,INTIRL,INTERCONNECTOR,BMU,Generation Unit,,,
IMG-INCM1,I_IMG-INCM1,Primary BMU,INTIRL,INTERCONNECTOR,BMU,Generation Unit,,,
IMG-LTFD1,I_IMG-LTFD1,Primary BMU,INTIRL,INTERCONNECTOR,BMU,Generation Unit,,,
IMG-NSEN1,I_IMG-NSEN1,Primary BMU,INTIRL,INTERCONNECTOR,BMU,Generation Unit,,,
IMG-PRNI1,I_IMG-PRNI1,Primary BMU,INTIRL,INTERCONNECTOR,BMU,Generation Unit,,,
IMG-RWEM1,I_IMG-RWEM1,Primary BMU,INTIRL,INTERCONNECTOR,BMU,Generation Unit,,,
IMG-RWES1,I_IMG-RWES1,Primary BMU,INTIRL,INTERCONNECTOR,BMU,Generation Unit,,,
IMG-SEEL1,I_IMG-SEEL1,Primary BMU,INTIRL,INTERCONNECTOR,BMU,Generation Unit,,,
IMG-SPEM1,I_IMG-SPEM1,Primary BMU,INTIRL,INTERCONNECTOR,BMU,Generation Unit,,,
IMG-SSIR1,I_IMG-SSIR1,Primary BMU,INTIRL,INTERCONNECTOR,BMU,Generation Unit,,,
IMG-SSTH1,I_IMG-SSTH1,Primary BMU,INTIRL,INTERCONNECTOR,BMU,Generation Unit,,,
IMG-STAT1,I_IMG-STAT1,Primary BMU,INTIRL,INTERCONNECTOR,BMU,Generation Unit,,,
IMG-TRLS1,I_IMG-TRLS1,Primary BMU,INTIRL,INTERCONNECTOR,BMU,Generation Unit,,,
IMG-VESL1,I_IMG-VESL1,Primary BMU,INTIRL,INTERCONNECTOR,BMU,Generation Unit,,,
INAW-1,,Primary BMU,NPSHYD,NPSHYD,EELPS,Generation Unit,Y,,
IND-ALIP1,I_IND-ALIP1,Primary BMU,INTNEM,INTERCONNECTOR,BMU,Demand Unit,,,
IND-ALPE1,I_IND-ALPE1,Primary BMU,INTNEM,INTERCONNECTOR,BMU,Demand Unit,,,
IND-ARON1,I_IND-ARON1,Primary BMU,INTNEM,INTERCONNECTOR,BMU,Demand Unit,,,
IND-AROS1,I_IND-AROS1,Primary BMU,INTNEM,INTERCONNECTOR,BMU,Demand Unit,,,
IND-ARTH1,I_IND-ARTH1,Primary BMU,INTNEM,INTERCONNECTOR,BMU,Demand Unit,,,
IND-ATLS1,I_IND-ATLS1,Primary BMU,INTNEM,INTERCONNECTOR,BMU,Demand Unit,,,
IND-AXPO1,I_IND-AXPO1,Primary BMU,INTNEM,INTERCONNECTOR,BMU,Demand Unit,,,
IND-BAYW1,I_IND-BAYW1,Primary BMU,INTNEM,INTERCONNECTOR,BMU,Demand Unit,,,
IND-BDEN1,I_IND-BDEN1,Primary BMU,INTNEM,INTERCONNECTOR,BMU,Demand Unit,,,
IND-BKWE1,I_IND-BKWE1,Primary BMU,INTNEM,INTERCONNECTOR,BMU,Demand Unit,,,
IND-BPGM1,I_IND-BPGM1,Primary BMU,INTNEM,INTERCONNECTOR,BMU,Demand Unit,,,
IND-CACM1,I_IND-CACM1,Primary BMU,INTNEM,INTERCONNECTOR,BMU,Demand Unit,,,
IND-CBST1,I_IND-CBST1,Primary BMU,INTNEM,INTERCONNECTOR,BMU,Demand Unit,,,
IND-CCME1,I_IND-CCME1,Primary BMU,INTNEM,INTERCONNECTOR,BMU,Demand Unit,,,
IND-CENT1,I_IND-CENT1,Primary BMU,INTNEM,INTERCONNECTOR,BMU,Demand Unit,,,
IND-CEZC1,I_IND-CEZC1,Primary BMU,INTNEM,INTERCONNECTOR,BMU,Demand Unit,,,
IND-CFPE1,I_IND-CFPE1,Primary BMU,INTNEM,INTERCONNECTOR,BMU,Demand Unit,,,
IND-CNGS1,I_IND-CNGS1,Primary BMU,INTNEM,INTERCONNECTOR,BMU,Demand Unit,,,
IND-COMM1,I_IND-COMM1,Primary BMU,INTNEM,INTERCONNECTOR,BMU,Demand Unit,,,
IND-CONS1,I_IND-CONS1,Primary BMU,INTNEM,INTERCONNECTOR,BMU,Demand Unit,,,
IND-CONV1,I_IND-CONV1,Primary BMU,INTNEM,INTERCONNECTOR,BMU,Demand Unit,,,
IND-COPN1,I_IND-COPN1,Primary BMU,INTNEM,INTERCONNECTOR,BMU,Demand Unit,,,
IND-DARE1,I_IND-DARE1,Primary BMU,INTNEM,INTERCONNECTOR,BMU,Demand Unit,,,
IND-DMCC1,I_IND-DMCC1,Primary BMU,INTNEM,INTERCONNECTOR,BMU,Demand Unit,,,
IND-DSKC1,I_IND-DSKC1,Primary BMU,INTNEM,INTERCONNECTOR,BMU,Demand Unit,,,
IND-DUFE1,I_IND-DUFE1,Primary BMU,INTNEM,INTERCONNECTOR,BMU,Demand Unit,,,
IND-DVAL1,I_IND-DVAL1,Primary BMU,INTNEM,INTERCONNECTOR,BMU,Demand Unit,,,
IND-DVTD1,I_IND-DVTD1,Primary BMU,INTNEM,INTERCONNECTOR,BMU,Demand Unit,,,
IND-EDFT1,I_IND-EDFT1,Primary BMU,INTNEM,INTERCONNECTOR,BMU,Demand Unit,,,
IND-EDMK1,I_IND-EDMK1,Primary BMU,INTNEM,INTERCONNECTOR,BMU,Demand Unit,,,
IND-ELEE1,I_IND-ELEE1,Primary BMU,INTNEM,INTERCONNECTOR,BMU,Demand Unit,,,
IND-ELTR1,I_IND-ELTR1,Primary BMU,INTNEM,INTERCONNECTOR,BMU,Demand Unit,,,
IND-ENET1,I_IND-ENET1,Primary BMU,INTNEM,INTERCONNECTOR,BMU,Demand Unit,,,
IND-ENTC1,I_IND-ENTC1,Primary BMU,INTNEM,INTERCONNECTOR,BMU,Demand Unit,,,
IND-ENZL1,I_IND-ENZL1,Primary BMU,INTNEM,INTERCONNECTOR,BMU,Demand Unit,,,
IND-EPCO1,I_IND-EPOC1,Primary BMU,INTNEM,INTERCONNECTOR,BMU,Demand Unit,,,
IND-EWII1,I_IND-EWII1,Primary BMU,INTNEM,INTERCONNECTOR,BMU,Demand Unit,,,
IND-EZCO1,I_IND-EZCO1,Primary BMU,INTNEM,INTERCONNECTOR,BMU,Demand Unit,,,
IND-FLEX1,I_IND-FLEX1,Primary BMU,INTNEM,INTERCONNECTOR,BMU,Demand Unit,,,
IND-GASE1,I_IND-GASE1,Primary BMU,INTNEM,INTERCONNECTOR,BMU,Demand Unit,,,
IND-GAZP1,I_IND-GAZP1,Primary BMU,INTNEM,INTERCONNECTOR,BMU,Demand Unit,,,
IND-GENI1,I_IND-GENI1,Primary BMU,INTNEM,INTERCONNECTOR,BMU,Demand Unit,,,
IND-GLEN1,I_IND-GLEN1,Primary BMU,INTNEM,INTERCONNECTOR,BMU,Demand Unit,,,
IND-GRMC1,I_IND-GRMC1,Primary BMU,INTNEM,INTERCONNECTOR,BMU,Demand Unit,,,
IND-HART1,I_IND-HART1,Primary BMU,INTNEM,INTERCONNECTOR,BMU,Demand Unit,,,
IND-HELI1,I_IND-HELI1,Primary BMU,INTNEM,INTERCONNECTOR,BMU,Demand Unit,,,
IND-IDCE1,I_IND-IDCE1,Primary BMU,INTNEM,INTERCONNECTOR,BMU,Demand Unit,,,
IND-IDCT1,I_IND-IDCT1,Primary BMU,INTNEM,INTERCONNECTOR,BMU,Demand Unit,,,
IND-IMTC1,I_IND-IMCT1,Primary BMU,INTNEM,INTERCONNECTOR,BMU,Demand Unit,,,
IND-INCM1,I_IND-INCM1,Primary BMU,INTNEM,INTERCONNECTOR,BMU,Demand Unit,,,
IND-KCST1,I_IND-KCST1,Primary BMU,INTNEM,INTERCONNECTOR,BMU,Demand Unit,,,
IND-KVAS1,I_IND-KVAS1,Primary BMU,INTNEM,INTERCONNECTOR,BMU,Demand Unit,,,
IND-LMUS1,I_IND-LMUS1,Primary BMU,INTNEM,INTERCONNECTOR,BMU,Demand Unit,,,
IND-MCRA1,I_IND-MCRA1,Primary BMU,INTNEM,INTERCONNECTOR,BMU,Demand Unit,,,
IND-MFTE1,I_IND-MFTE1,Primary BMU,INTNEM,INTERCONNECTOR,BMU,Demand Unit,,,
IND-NDPL1,I_IND-NDPL1,Primary BMU,INTNEM,INTERCONNECTOR,BMU,Demand Unit,,,
IND-NEAS1,I_IND-NEAS1,Primary BMU,INTNEM,INTERCONNECTOR,BMU,Demand Unit,,,
IND-NEHO1,I_IND-NEHO1,Primary BMU,INTNEM,INTERCONNECTOR,BMU,Demand Unit,,,
IND-NEMO1,I_IND-NEMO1,Primary BMU,INTNEM,INTERCONNECTOR,BMU,Demand Unit,,,
IND-NITR1,I_IND-NITR1,Primary BMU,INTNEM,INTERCONNECTOR,BMU,Demand Unit,,,
IND-NORL1,I_IND-NORL1,Primary BMU,INTNEM,INTERCONNECTOR,BMU,Demand Unit,,,
IND-NTPL1,I_IND-NTPL1,Primary BMU,INTNEM,INTERCONNECTOR,BMU,Demand Unit,,,
IND-OMPX1,I_IND-OMPX1,Primary BMU,INTNEM,INTERCONNECTOR,BMU,Demand Unit,,,
IND-OPMX1,I_IND-OPMX1,Primary BMU,INTNEM,INTERCONNECTOR,BMU,Demand Unit,,,
IND-OUTL1,I_IND-OUTL1,Primary BMU,INTNEM,INTERCONNECTOR,BMU,Demand Unit,,,
IND-PWMR1,I_IND-PWMR1,Primary BMU,INTNEM,INTERCONNECTOR,BMU,Demand Unit,,,
INDQ-1,T_INDQ-1,Primary BMU,CCGT,CCGT,BMU,Generation Unit,Y,,
INDQB-1,T_INDQB-1,Primary BMU,OTHER,BATTERIES,BMU,Bi-Directional,,,
IND-QUEN1,I_IND-QUEN1,Primary BMU,INTNEM,INTERCONNECTOR,BMU,Demand Unit,,,
IND-RESP1,I_IND-RESP1,Primary BMU,INTNEM,INTERCONNECTOR,BMU,Demand Unit,,,
IND-RISQ1,I_IND-RISQ1,Primary BMU,INTNEM,INTERCONNECTOR,BMU,Demand Unit,,,
IND-RWES1,I_IND-RWES1,Primary BMU,INTNEM,INTERCONNECTOR,BMU,Demand Unit,,,
IND-SCAL1,I_IND-SCAL1,Primary BMU,INTNEM,INTERCONNECTOR,BMU,Demand Unit,,,
IND-SECF1,I_IND-SECF1,Primary BMU,INTNEM,INTERCONNECTOR,BMU,Demand Unit,,,
IND-SETL1,I_IND-SETL1,Primary BMU,INTNEM,INTERCONNECTOR,BMU,Demand Unit,,,
IND-SIRI1,I_IND-SIRI1,Primary BMU,INTNEM,INTERCONNECTOR,BMU,Demand Unit,,,
IND-SMAR1,I_IND-SMAR1,Primary BMU,INTNEM,INTERCONNECTOR,BMU,Demand Unit,,,
IND-SSEG1,I_IND-SSEG1,Primary BMU,INTNEM,INTERCONNECTOR,BMU,Demand Unit,,,
IND-STAT1,I_IND-STAT1,Primary BMU,INTNEM,INTERCONNECTOR,BMU,Demand Unit,,,
IND-STGS1,I_IND-STGS1,Primary BMU,INTNEM,INTERCONNECTOR,BMU,Demand Unit,,,
IND-TGPL1,I_IND-TGPL1,Primary BMU,INTNEM,INTERCONNECTOR,BMU,Demand Unit,,,
IND-TRFD1,I_IND-TRFD1,Primary BMU,INTNEM,INTERCONNECTOR,BMU,Demand Unit,,,
IND-TRFG1,I_IND-TRFG1,Primary BMU,INTNEM,INTERCONNECTOR,BMU,Demand Unit,,,
IND-TRLS1,I_IND-TRLS1,Primary BMU,INTNEM,INTERCONNECTOR,BMU,Demand Unit,,,
IND-VOLT1,I_IND-VOLT1,Primary BMU,INTNEM,INTERCONNECTOR,BMU,Demand Unit,,,
IND-VSAL1,I_IND-VSAL1,Primary BMU,INTNEM,INTERCONNECTOR,BMU,Demand Unit,,,
IND-VTET1,I_IND-VTET1,Primary BMU,INTNEM,INTERCONNECTOR,BMU,Demand Unit,,,
IND-XNON1,I_IND-XNON1,Primary BMU,INTNEM,INTERCONNECTOR,BMU,Demand Unit,,,
INGA-1,,Primary BMU,NPSHYD,NPSHYD,BMU,Generation Unit,,,
INGAD-1,T_INGAD-1,Primary BMU,OTHER,OTHER,BMU,Demand Unit,,,
ING-ALIP1,I_ING-ALIP1,Primary BMU,INTNEM,INTERCONNECTOR,BMU,Generation Unit,,,
ING-ALPE1,I_ING-ALPE1,Primary BMU,INTNEM,INTERCONNECTOR,BMU,Generation Unit,,,
ING-ARON1,I_ING-ARON1,Primary BMU,INTNEM,INTERCONNECTOR,BMU,Generation Unit,,,
ING-AROS1,I_ING-AROS1,Primary BMU,INTNEM,INTERCONNECTOR,BMU,Generation Unit,,,
ING-ARTH1,I_ING-ARTH1,Primary BMU,INTNEM,INTERCONNECTOR,BMU,Generation Unit,,,
ING-ATLS1,I_ING-ATLS1,Primary BMU,INTNEM,INTERCONNECTOR,BMU,Generation Unit,,,
ING-AXPO1,I_ING-AXPO1,Primary BMU,INTNEM,INTERCONNECTOR,BMU,Generation Unit,,,
ING-BAYW1,I_ING-BAYW1,Primary BMU,INTNEM,INTERCONNECTOR,BMU,Generation Unit,,,
ING-BDEN1,I_ING-BDEN1,Primary BMU,INTNEM,INTERCONNECTOR,BMU,Generation Unit,,,
ING-BKWE1,I_ING-BKWE1,Primary BMU,INTNEM,INTERCONNECTOR,BMU,Generation Unit,,,
ING-BPGM1,I_ING-BPGM1,Primary BMU,INTNEM,INTERCONNECTOR,BMU,Generation Unit,,,
ING-CACM1,I_ING-CACM1,Primary BMU,INTNEM,INTERCONNECTOR,BMU,Generation Unit,,,
ING-CBST1,I_ING-CBST1,Primary BMU,INTNEM,INTERCONNECTOR,BMU,Generation Unit,,,
ING-CCME1,I_ING-CCME1,Primary BMU,INTNEM,INTERCONNECTOR,BMU,Generation Unit,,,
ING-CENT1,I_ING-CENT1,Primary BMU,INTNEM,INTERCONNECTOR,BMU,Generation Unit,,,
ING-CEZC1,I_ING-CEZC1,Primary BMU,INTNEM,INTERCONNECTOR,BMU,Generation Unit,,,
ING-CFPE1,I_ING-CFPE1,Primary BMU,INTNEM,INTERCONNECTOR,BMU,Generation Unit,,,
ING-CNGS1,I_ING-CNGS1,Primary BMU,INTNEM,INTERCONNECTOR,BMU,Generation Unit,,,
ING-COMM1,I_ING-COMM1,Primary BMU,INTNEM,INTERCONNECTOR,BMU,Generation Unit,,,
ING-CONS1,I_ING-CONS1,Primary BMU,INTNEM,INTERCONNECTOR,BMU,Generation Unit,,,
ING-CONV1,I_ING-CONV1,Primary BMU,INTNEM,INTERCONNECTOR,BMU,Generation Unit,,,
ING-COPN1,I_ING-COPN1,Primary BMU,INTNEM,INTERCONNECTOR,BMU,Generation Unit,,,
ING-DARE1,I_ING-DARE1,Primary BMU,INTNEM,INTERCONNECTOR,BMU,Generation Unit,,,
ING-DMCC1,I_ING-DMCC1,Primary BMU,INTNEM,INTERCONNECTOR,BMU,Generation Unit,,,
ING-DSKC1,I_ING-DSKC1,Primary BMU,INTNEM,INTERCONNECTOR,BMU,Generation Unit,,,
ING-DUFE1,I_ING-DUFE1,Primary BMU,INTNEM,INTERCONNECTOR,BMU,Generation Unit,,,
ING-DVAL1,I_ING-DVAL1,Primary BMU,INTNEM,INTERCONNECTOR,BMU,Generation Unit,,,
ING-DVTD1,I_ING-DVTD1,Primary BMU,INTNEM,INTERCONNECTOR,BMU,Generation Unit,,,
ING-EDFT1,I_ING-EDFT1,Primary BMU,INTNEM,INTERCONNECTOR,BMU,Generation Unit,,,
ING-EDMK1,I_ING-EDMK1,Primary BMU,INTNEM,INTERCONNECTOR,BMU,Generation Unit,,,
ING-ELEE1,I_ING-ELEE1,Primary BMU,INTNEM,INTERCONNECTOR,BMU,Generation Unit,,,
ING-ELTR1,I_ING-ELTR1,Primary BMU,INTNEM,INTERCONNECTOR,BMU,Generation Unit,,,
ING-ENET1,I_ING-ENET1,Primary BMU,INTNEM,INTERCONNECTOR,BMU,Generation Unit,,,
ING-ENTC1,I_ING-ENTC1,Primary BMU,INTNEM,INTERCONNECTOR,BMU,Generation Unit,,,
ING-ENZL1,I_ING-ENZL1,Primary BMU,INTNEM,INTERCONNECTOR,BMU,Generation Unit,,,
ING-EPCO1,I_ING-EPCO1,Primary BMU,INTNEM,INTERCONNECTOR,BMU,Generation Unit,,,
ING-EWII1,I_ING-EWII1,Primary BMU,INTNEM,INTERCONNECTOR,BMU,Generation Unit,,,
ING-EZCO1,I_ING-EZCO1,Primary BMU,INTNEM,INTERCONNECTOR,BMU,Generation Unit,,,
ING-FLEX1,I_ING-FLEX1,Primary BMU,INTNEM,INTERCONNECTOR,BMU,Generation Unit,,,
ING-GASE1,I_ING-GASE1,Primary BMU,INTNEM,INTERCONNECTOR,BMU,Generation Unit,,,
ING-GAZP1,I_ING-GAZP1,Primary BMU,INTNEM,INTERCONNECTOR,BMU,Generation Unit,,,
ING-GENI1,I_ING-GENI1,Primary BMU,INTNEM,INTERCONNECTOR,BMU,Generation Unit,,,
ING-GLEN1,I_IFG-GLEN1,Primary BMU,INTNEM,INTERCONNECTOR,BMU,Generation Unit,,,
ING-GRMC1,I_ING-GRMC1,Primary BMU,INTNEM,INTERCONNECTOR,BMU,Generation Unit,,,
ING-HART1,I_ING-HART1,Primary BMU,INTNEM,INTERCONNECTOR,BMU,Generation Unit,,,
ING-HELI1,I_ING-HELI1,Primary BMU,INTNEM,INTERCONNECTOR,BMU,Generation Unit,,,
ING-IDCE1,I_ING-IDCE1,Primary BMU,INTNEM,INTERCONNECTOR,BMU,Generation Unit,,,
ING-IDCT1,I_ING-IDCT1,Primary BMU,INTNEM,INTERCONNECTOR,BMU,Generation Unit,,,
ING-IMTC1,I_ING-IMTC1,Primary BMU,INTNEM,INTERCONNECTOR,BMU,Generation Unit,,,
ING-INCM1,I_ING-INCM1,Primary BMU,INTNEM,INTERCONNECTOR,BMU,Generation Unit,,,
ING-KCST1,I_ING-KCST1,Primary BMU,INTNEM,INTERCONNECTOR,BMU,Generation Unit,,,
ING-KVAS1,I_ING-KVAS1,Primary BMU,INTNEM,INTERCONNECTOR,BMU,Generation Unit,,,
ING-LMUS1,I_ING-LMUS1,Primary BMU,INTNEM,INTERCONNECTOR,BMU,Generation Unit,,,
ING-MCRA1,I_ING-MCRA1,Primary BMU,INTNEM,INTERCONNECTOR,BMU,Generation Unit,,,
ING-MFTE1,I_ING-MFTE1,Primary BMU,INTNEM,INTERCONNECTOR,BMU,Generation Unit,,,
ING-NEAS1,I_ING-NEAS1,Primary BMU,INTNEM,INTERCONNECTOR,BMU,Generation Unit,,,
ING-NEHO1,I_ING-NEHO1,Primary BMU,INTNEM,INTERCONNECTOR,BMU,Generation Unit,,,
ING-NEMO1,I_ING-NEMO1,Primary BMU,OTHER,OTHER,BMU,Generation Unit,Y,,
ING-NITR1,I_ING-NITR1,Primary BMU,INTNEM,INTERCONNECTOR,BMU,Generation Unit,,,
ING-NORL1,I_ING-NORL1,Primary BMU,INTNEM,INTERCONNECTOR,BMU,Generation Unit,,,
ING-NTPL1,I_ING-NTPL1,Primary BMU,INTNEM,INTERCONNECTOR,BMU,Generation Unit,,,
ING-OMPX1,I_ING-OMPX1,Primary BMU,INTNEM,INTERCONNECTOR,BMU,Generation Unit,,,
ING-OPMX1,I_ING-OPMX1,Primary BMU,INTNEM,INTERCONNECTOR,BMU,Generation Unit,,,
ING-OUTL1,I_ING-OUTL1,Primary BMU,INTNEM,INTERCONNECTOR,BMU,Generation Unit,,,
ING-PWMR1,I_ING-PWMR1,Primary BMU,INTNEM,INTERCONNECTOR,BMU,Generation Unit,,,
ING-QUEN1,I_ING-QUEN1,Primary BMU,INTNEM,INTERCONNECTOR,BMU,Generation Unit,,,
ING-RESP1,I_ING-RESP1,Primary BMU,INTNEM,INTERCONNECTOR,BMU,Generation Unit,,,
ING-RISQ1,I_ING-RISQ1,Primary BMU,INTNEM,INTERCONNECTOR,BMU,Generation Unit,,,
ING-RWES1,I_ING-RWES1,Primary BMU,INTNEM,INTERCONNECTOR,BMU,Generation Unit,,,
ING-SCAL1,I_ING-SCAL1,Primary BMU,INTNEM,INTERCONNECTOR,BMU,Generation Unit,,,
ING-SECF1,I_ING-SECF1,Primary BMU,INTNEM,INTERCONNECTOR,BMU,Generation Unit,,,
ING-SETL1,I_ING-SETL1,Primary BMU,INTNEM,INTERCONNECTOR,BMU,Generation Unit,,,
ING-SIRI1,I_ING-SIRI1,Primary BMU,INTNEM,INTERCONNECTOR,BMU,Generation Unit,,,
ING-SMAR1,I_ING-SMAR1,Primary BMU,INTNEM,INTERCONNECTOR,BMU,Generation Unit,,,
ING-SSEG1,I_ING-SSEG1,Primary BMU,INTNEM,INTERCONNECTOR,BMU,Generation Unit,,,
ING-STAT1,I_ING-STAT1,Primary BMU,INTNEM,INTERCONNECTOR,BMU,Generation Unit,,,
ING-STGS1,I_ING-STGS1,Primary BMU,INTNEM,INTERCONNECTOR,BMU,Generation Unit,,,
ING-TGPL1,I_ING-TGPL1,Primary BMU,INTNEM,INTERCONNECTOR,BMU,Generation Unit,,,
ING-TRFD1,I_ING-TRFD1,Primary BMU,INTNEM,INTERCONNECTOR,BMU,Generation Unit,,,
ING-TRFG1,I_ING-TRFG1,Primary BMU,INTNEM,INTERCONNECTOR,BMU,Generation Unit,,,
ING-TRLS1,I_ING-TRLS1,Primary BMU,INTNEM,INTERCONNECTOR,BMU,Generation Unit,,,
ING-VOLT1,I_ING-VOLT1,Primary BMU,INTNEM,INTERCONNECTOR,BMU,Generation Unit,,,
ING-VSAL1,I_ING-VSAL1,Primary BMU,INTNEM,INTERCONNECTOR,BMU,Generation Unit,,,
ING-VTET1,I_ING-VTET1,Primary BMU,INTNEM,INTERCONNECTOR,BMU,Generation Unit,,,
ING-XNON1,I_ING-XNON1,Primary BMU,INTNEM,INTERCONNECTOR,BMU,Generation Unit,,,
INNDW-1,,Primary BMU,WIND,WIND,BMU,Generation Unit,Y,,
INQSB-1,T_INQSB-1,Primary BMU,OTHER,BATTERIES,BMU,Bi-Directional,,,
INWID-1,T_INWID-1,Primary BMU,OTHER,OTHER,BMU,Demand Unit,,,
ISD-DMCC1,I_ISD-DMCC1,Primary BMU,INTNSL,INTERCONNECTOR,BMU,Demand Unit,,,
ISD-NDPL1,I_ISD-NDPL1,Primary BMU,INTNSL,INTERCONNECTOR,BMU,Demand Unit,,,
ISG-DMCC1,I_ISG-DMCC1,Primary BMU,INTNSL,INTERCONNECTOR,BMU,Generation Unit,,,
ISG-NDPL1,I_ISG-NDPL1,Primary BMU,INTNSL,INTERCONNECTOR,BMU,Generation Unit,,,
IVD-AARH1,I_IVD-AARH1,Primary BMU,INTVKL,INTERCONNECTOR,BMU,Demand Unit,,,
IVD-AENG1,I_IVD-AENG1,Primary BMU,INTVKL,INTERCONNECTOR,BMU,Demand Unit,,,
IVD-ALIP1,I_IVD-ALIP1,Primary BMU,INTVKL,INTERCONNECTOR,BMU,Demand Unit,,,
IVD-ALPE1,I_IVD-ALPE1,Primary BMU,INTVKL,INTERCONNECTOR,BMU,Demand Unit,,,
IVD-AROS1,I_IVG-AROS1,Primary BMU,INTVKL,INTERCONNECTOR,BMU,Demand Unit,,,
IVD-ARTH1,I_IVD-ARTH1,Primary BMU,INTVKL,INTERCONNECTOR,BMU,Demand Unit,,,
IVD-ATLS1,I_IVD-ATLS1,Primary BMU,INTVKL,INTERCONNECTOR,BMU,Demand Unit,,,
IVD-BDEN1,I_IVD-BDEN1,Primary BMU,INTVKL,INTERCONNECTOR,BMU,Demand Unit,,,
IVD-CACM1,I_IVD-CACM1,Primary BMU,INTVKL,INTERCONNECTOR,BMU,Demand Unit,,,
IVD-CONV1,I_IVD-CONV1,Primary BMU,INTVKL,INTERCONNECTOR,BMU,Demand Unit,,,
IVD-COPN1,I_IVD-COPN1,Primary BMU,INTVKL,INTERCONNECTOR,BMU,Demand Unit,,,
IVD-CURR1,I_IVD-CURR1,Primary BMU,INTVKL,INTERCONNECTOR,BMU,Demand Unit,,,
IVD-DARE1,I_IVD-DARE1,Primary BMU,INTVKL,INTERCONNECTOR,BMU,Demand Unit,,,
IVD-DSKC1,I_IVD-DSKC1,Primary BMU,INTVKL,INTERCONNECTOR,BMU,Demand Unit,,,
IVD-DUFE1,I_IVD-DUFE1,Primary BMU,INTVKL,INTERCONNECTOR,BMU,Demand Unit,,,
IVD-DVAL1,I_IVD-DVAL1,Primary BMU,INTVKL,INTERCONNECTOR,BMU,Demand Unit,,,
IVD-EDFT1,I_IVD-EDFT1,Primary BMU,INTVKL,INTERCONNECTOR,BMU,Demand Unit,,,
IVD-EDMK1,I_IVD-EDMK1,Primary BMU,INTVKL,INTERCONNECTOR,BMU,Demand Unit,,,
IVD-EENG1,I_IVD-EENG1,Primary BMU,INTVKL,INTERCONNECTOR,BMU,Demand Unit,,,
IVD-ELTR1,,Primary BMU,INTVKL,INTERCONNECTOR,BMU,Demand Unit,,,
IVD-ENGE1,I_IVD-ENGE1,Primary BMU,INTVKL,INTERCONNECTOR,BMU,Demand Unit,,,
IVD-ENSC1,I_IVD-ENSC1,Primary BMU,INTVKL,INTERCONNECTOR,BMU,Demand Unit,,,
IVD-ENZL1,I_IVD-ENZL1,Primary BMU,INTVKL,INTERCONNECTOR,BMU,Demand Unit,,,
IVD-EWII1,I_IVD-EWII1,Primary BMU,INTVKL,INTERCONNECTOR,BMU,Demand Unit,,,
IVD-EZCO1,I_IVD-EZCO1,Primary BMU,INTVKL,INTERCONNECTOR,BMU,Demand Unit,,,
IVD-FLEX1,I_IVD-FLEX1,Primary BMU,INTVKL,INTERCONNECTOR,BMU,Demand Unit,,,
IVD-GRDC1,I_IVD-GRDC1,Primary BMU,INTVKL,INTERCONNECTOR,BMU,Demand Unit,,,
IVD-GRMC1,I_IVD-GRMC1,Primary BMU,INTVKL,INTERCONNECTOR,BMU,Demand Unit,,,
IVD-GRMT1,I_IVG-GRMT1,Primary BMU,INTVKL,INTERCONNECTOR,BMU,Demand Unit,,,
IVD-HART1,I_IVD-HART1,Primary BMU,INTVKL,INTERCONNECTOR,BMU,Demand Unit,,,
IVD-HELI1,I_IVD-HELI1,Primary BMU,INTVKL,INTERCONNECTOR,BMU,Demand Unit,,,
IVD-HELI2,I_IVD-HELI1,Primary BMU,INTVKL,INTERCONNECTOR,BMU,Demand Unit,,,
IVD-IDCE1,I_IVD-IDCE1,Primary BMU,INTVKL,INTERCONNECTOR,BMU,Demand Unit,,,
IVD-IDCT1,I_IVD-IDCT1,Primary BMU,INTVKL,INTERCONNECTOR,BMU,Demand Unit,,,
IVD-IMPT1,I_IVD-IMPT1,Primary BMU,INTVKL,INTERCONNECTOR,BMU,Demand Unit,,,
IVD-IMTC1,I_IVD-IMCT1,Primary BMU,INTVKL,INTERCONNECTOR,BMU,Demand Unit,,,
IVD-INCM1,I_IVD-INCM1,Primary BMU,INTVKL,INTERCONNECTOR,BMU,Demand Unit,,,
IVD-KVAS1,I _IVD-KVAS,Primary BMU,INTVKL,INTERCONNECTOR,BMU,Demand Unit,,,
IVD-LYSE1,I_IVD-LYSE1,Primary BMU,INTVKL,INTERCONNECTOR,BMU,Demand Unit,,,
IVD-MFTE1,I_IVD-MFTE1,Primary BMU,INTVKL,INTERCONNECTOR,BMU,Demand Unit,,,
IVD-NEAS1,I_IVD-NEAS1,Primary BMU,INTVKL,INTERCONNECTOR,BMU,Demand Unit,,,
IVD-NEHO1,,Primary BMU,INTVKL,INTERCONNECTOR,BMU,Demand Unit,,,
IVD-NEXT1,I_IVD-NEXT1,Primary BMU,INTVKL,INTERCONNECTOR,BMU,Demand Unit,,,
IVD-NITR1,,Primary BMU,INTVKL,INTERCONNECTOR,BMU,Demand Unit,,,
IVD-NORL1,I_IVD-NORL1,Primary BMU,INTVKL,INTERCONNECTOR,BMU,Demand Unit,,,
IVD-NTPL1,I_IVD-NTPL1,Primary BMU,INTVKL,INTERCONNECTOR,BMU,Demand Unit,,,
IVD-OPMX1,I_IVD-OPMX1,Primary BMU,INTVKL,INTERCONNECTOR,BMU,Demand Unit,,,
IVD-OUTL1,I_IVD-OUTL1,Primary BMU,INTVKL,INTERCONNECTOR,BMU,Demand Unit,,,
IVD-PWMR1,I_IVD-PWMR1,Primary BMU,INTVKL,INTERCONNECTOR,BMU,Demand Unit,,,
IVD-QTPT1,I_IVD-QTPT1,Primary BMU,INTVKL,INTERCONNECTOR,BMU,Demand Unit,,,
IVD-QUEN1,I_IVD-QUEN1,Primary BMU,INTVKL,INTERCONNECTOR,BMU,Demand Unit,,,
IVD-RESP1,I_IVD-RESP1,Primary BMU,INTVKL,INTERCONNECTOR,BMU,Demand Unit,,,
IVD-RWES1,I_IVD-RWES1,Primary BMU,INTVKL,INTERCONNECTOR,BMU,Demand Unit,,,
IVD-SCAL1,I_IVD-SCAL1,Primary BMU,INTVKL,INTERCONNECTOR,BMU,Demand Unit,,,
IVD-SECF1,I_IVD-SECF1,Primary BMU,INTVKL,INTERCONNECTOR,BMU,Demand Unit,,,
IVD-SEFE1,I_IVD-SEFE1,Primary BMU,INTVKL,INTERCONNECTOR,BMU,Demand Unit,,,
IVD-SSEG1,I_IVD-SSEG1,Primary BMU,INTVKL,INTERCONNECTOR,BMU,Demand Unit,,,
IVD-STAT1,I_IVD-STAT1,Primary BMU,INTVKL,INTERCONNECTOR,BMU,Demand Unit,,,
IVD-STGS1,I_IVD-STGS1,Primary BMU,INTVKL,INTERCONNECTOR,BMU,Demand Unit,,,
IVD-STGS2,,Primary BMU,INTVKL,INTERCONNECTOR,BMU,Demand Unit,,,
IVD-TGPL1,I_IVD-TGPL1,Primary BMU,INTVKL,INTERCONNECTOR,BMU,Demand Unit,,,
IVD-TILD1,I_IVD-TILD1,Primary BMU,INTVKL,INTERCONNECTOR,BMU,Generation Unit,,,
IVD-TRAS1,I_IVD-TRAS1,Primary BMU,INTVKL,INTERCONNECTOR,BMU,Demand Unit,,,
IVD-TRLS1,I_IVD-TRLS1,Primary BMU,INTVKL,INTERCONNECTOR,BMU,Demand Unit,,,
IVD-VISC1,I_IVD-VISC1,Primary BMU,INTVKL,INTERCONNECTOR,BMU,Demand Unit,,,
IVD-VKL1,I_IVD-VKL1,Primary BMU,OTHER,OTHER,BMU,Demand Unit,,,
IVD-VOLT1,I_IVD-VOLT1,Primary BMU,INTVKL,INTERCONNECTOR,BMU,Demand Unit,,,
IVD-VSAL1,I_IVD-VSAL1,Primary BMU,INTVKL,INTERCONNECTOR,BMU,Demand Unit,,,
IVD-VTFS1,I_IVD-VTFS1,Primary BMU,INTVKL,INTERCONNECTOR,BMU,Demand Unit,,,
IVD-WOLF1,I_IVD-WOLF1,Primary BMU,INTVKL,INTERCONNECTOR,NON-STANDARD,Demand Unit,,,
IVG-AARH1,I_IVG-AARH1,Primary BMU,INTVKL,INTERCONNECTOR,BMU,Generation Unit,,,
IVG-AENG1,I_IVG-AENG1,Primary BMU,INTVKL,INTERCONNECTOR,BMU,Generation Unit,,,
IVG-ALIP1,I_IVG-ALIP1,Primary BMU,INTVKL,INTERCONNECTOR,BMU,Generation Unit,,,
IVG-ALPE1,I_IVG-ALPE1,Primary BMU,INTVKL,INTERCONNECTOR,BMU,Generation Unit,,,
IVG-AROS1,I_IVG-AROS1,Primary BMU,INTVKL,INTERCONNECTOR,BMU,Generation Unit,,,
IVG-ARTH1,I_IVG-ARTH1,Primary BMU,INTVKL,INTERCONNECTOR,BMU,Generation Unit,,,
IVG-ATLS1,I_IVG-ATLS1,Primary BMU,INTVKL,INTERCONNECTOR,BMU,Generation Unit,,,
IVG-BDEN1,I_IVG-BDEN1,Primary BMU,INTVKL,INTERCONNECTOR,BMU,Generation Unit,,,
IVG-CACM1,I_IVG-CACM1,Primary BMU,INTVKL,INTERCONNECTOR,BMU,Generation Unit,,,
IVG-CONV1,I_IVG-CONV1,Primary BMU,INTVKL,INTERCONNECTOR,BMU,Generation Unit,,,
IVG-COPN1,I_IVG-COPN1,Primary BMU,INTVKL,INTERCONNECTOR,BMU,Generation Unit,,,
IVG-CURR1,I_IVG-CURR1,Primary BMU,INTVKL,INTERCONNECTOR,BMU,Generation Unit,,,
IVG-DARE1,I_IVG-DARE1,Primary BMU,INTVKL,INTERCONNECTOR,BMU,Generation Unit,,,
IVG-DSKC1,I_IVG-DSKC1,Primary BMU,INTVKL,INTERCONNECTOR,BMU,Generation Unit,,,
IVG-DUFE1,I_IVG-DUFE1,Primary BMU,INTVKL,INTERCONNECTOR,BMU,Generation Unit,,,
IVG-DVAL1,I_IVG-DVAL1,Primary BMU,INTVKL,INTERCONNECTOR,BMU,Generation Unit,,,
IVG-EDFT1,I_IVG-EDFT1,Primary BMU,INTVKL,INTERCONNECTOR,BMU,Generation Unit,,,
IVG-EDMK1,I_IVG-EDMK1,Primary BMU,INTVKL,INTERCONNECTOR,BMU,Generation Unit,,,
IVG-EENG1,I_IVG-EENG1,Primary BMU,INTVKL,INTERCONNECTOR,BMU,Generation Unit,,,
IVG-ELTR1,,Primary BMU,INTVKL,INTERCONNECTOR,BMU,Generation Unit,,,
IVG-ENGE1,I_IVG-ENGE1,Primary BMU,INTVKL,INTERCONNECTOR,BMU,Generation Unit,,,
IVG-ENSC1,I_IVG-ENSC1,Primary BMU,INTVKL,INTERCONNECTOR,BMU,Generation Unit,,,
IVG-ENZL1,I_IVG-ENZL1,Primary BMU,INTVKL,INTERCONNECTOR,BMU,Generation Unit,,,
IVG-EWII1,I_IVG-EWII1,Primary BMU,INTVKL,INTERCONNECTOR,BMU,Generation Unit,,,
IVG-EZCO1,I_IVG-EZCO1,Primary BMU,INTVKL,INTERCONNECTOR,BMU,Generation Unit,,,
IVG-FLEX1,I_IVG-FLEX1,Primary BMU,INTVKL,INTERCONNECTOR,BMU,Generation Unit,,,
IVG-GRDC1,I_IVG-GRDC1,Primary BMU,INTVKL,INTERCONNECTOR,BMU,Generation Unit,,,
IVG-GRMC1,I_IVG-GRMC1,Primary BMU,INTVKL,INTERCONNECTOR,BMU,Generation Unit,,,
IVG-GRMT1,I_IVD-GRMT1,Primary BMU,INTVKL,INTERCONNECTOR,BMU,Generation Unit,,,
IVG-HART1,I_IVG-HART1,Primary BMU,INTVKL,INTERCONNECTOR,BMU,Generation Unit,,,
IVG-HELI1,I_IVG-HELI1,Primary BMU,INTVKL,INTERCONNECTOR,BMU,Generation Unit,,,
IVG-HELI2,I_IVG-HELI1,Primary BMU,INTVKL,INTERCONNECTOR,BMU,Generation Unit,,,
IVG-IDCE1,I_IVG-IDCE1,Primary BMU,INTVKL,INTERCONNECTOR,BMU,Generation Unit,,,
IVG-IDCT1,I_IVG-IDCT1,Primary BMU,INTVKL,INTERCONNECTOR,BMU,Generation Unit,,,
IVG-IMPT1,I_IVG-IMPT1,Primary BMU,INTVKL,INTERCONNECTOR,BMU,Generation Unit,,,
IVG-IMTC1,I_IVG-IMTC1,Primary BMU,INTVKL,INTERCONNECTOR,BMU,Generation Unit,,,
IVG-INCM1,I_IVG-INCM1,Primary BMU,INTVKL,INTERCONNECTOR,BMU,Generation Unit,,,
IVG-KVAS1,I_IVG-KVAS1,Primary BMU,INTVKL,INTERCONNECTOR,BMU,Generation Unit,,,
IVG-LYSE1,I_IVG-LYSE1,Primary BMU,INTVKL,INTERCONNECTOR,BMU,Generation Unit,,,
IVG-MFTE1,I_IVG-MFTE1,Primary BMU,INTVKL,INTERCONNECTOR,BMU,Generation Unit,,,
IVG-NEAS1,I_IVG-NEAS1,Primary BMU,INTVKL,INTERCONNECTOR,BMU,Generation Unit,,,
IVG-NEHO1,,Primary BMU,INTVKL,INTERCONNECTOR,BMU,Generation Unit,,,
IVG-NEXT1,I_IVG-NEXT1,Primary BMU,INTVKL,INTERCONNECTOR,BMU,Generation Unit,,,
IVG-NITR1,,Primary BMU,INTVKL,INTERCONNECTOR,BMU,Generation Unit,,,
IVG-NORL1,I_IVG-NORL1,Primary BMU,INTVKL,INTERCONNECTOR,BMU,Generation Unit,,,
IVG-NTPL1,I_IVG-NTPL1,Primary BMU,INTVKL,INTERCONNECTOR,BMU,Generation Unit,,,
IVG-OPMX1,I_IVG-OPMX1,Primary BMU,INTVKL,INTERCONNECTOR,BMU,Generation Unit,,,
IVG-OUTL1,I_IVG-OUTL1,Primary BMU,INTVKL,INTERCONNECTOR,BMU,Generation Unit,,,
IVG-PWMR1,I_IVG-PWMR1,Primary BMU,INTVKL,INTERCONNECTOR,BMU,Generation Unit,,,
IVG-QTPT1,I_IVG-QTPT1,Primary BMU,INTVKL,INTERCONNECTOR,BMU,Generation Unit,,,
IVG-QUEN1,I_IVG-QUEN1,Primary BMU,INTVKL,INTERCONNECTOR,BMU,Generation Unit,,,
IVG-RESP1,I_IVG-RESP1,Primary BMU,INTVKL,INTERCONNECTOR,BMU,Generation Unit,,,
IVG-RWES1,I_IVG-RWES1,Primary BMU,INTVKL,INTERCONNECTOR,BMU,Generation Unit,,,
IVG-SCAL1,I_IVG-SCAL1,Primary BMU,INTVKL,INTERCONNECTOR,BMU,Generation Unit,,,
IVG-SECF1,I_IVG-SECF1,Primary BMU,INTVKL,INTERCONNECTOR,BMU,Generation Unit,,,
IVG-SEFE1,I_IVG-SEFE1,Primary BMU,INTVKL,INTERCONNECTOR,BMU,Generation Unit,,,
IVG-SSEG1,I_IVG-SSEG1,Primary BMU,INTVKL,INTERCONNECTOR,BMU,Generation Unit,,,
IVG-STAT1,I_IVG-STAT1,Primary BMU,INTVKL,INTERCONNECTOR,BMU,Generation Unit,,,
IVG-STGS1,I_IVG-STGS1,Primary BMU,INTVKL,INTERCONNECTOR,BMU,Generation Unit,,,
IVG-STGS2,,Primary BMU,INTVKL,INTERCONNECTOR,BMU,Generation Unit,,,
IVG-TGPL1,I_IVG-TGPL1,Primary BMU,INTVKL,INTERCONNECTOR,BMU,Generation Unit,,,
IVG-TILD1,I_IVG-TILD1,Primary BMU,INTVKL,INTERCONNECTOR,BMU,Demand Unit,,,
IVG-TRAS1,I_IVG-TRAS1,Primary BMU,INTVKL,INTERCONNECTOR,BMU,Generation Unit,,,
IVG-TRLS1,I_IVG-TRLS1,Primary BMU,INTVKL,INTERCONNECTOR,BMU,Generation Unit,,,
IVG-VISC1,I_IVG-VISC1,Primary BMU,INTVKL,INTERCONNECTOR,BMU,Generation Unit,,,
IVG-VKL1,I_IVG-VKL1,Primary BMU,OTHER,OTHER,BMU,Generation Unit,,,
IVG-VOLT1,I_IVG-VOLT1,Primary BMU,INTVKL,INTERCONNECTOR,BMU,Generation Unit,,,
IVG-VSAL1,I_IVG-VSAL1,Primary BMU,INTVKL,INTERCONNECTOR,BMU,Generation Unit,,,
IVG-VTFS1,I_IVG-VTFS1,Primary BMU,INTVKL,INTERCONNECTOR,BMU,Generation Unit,,,
IVG-WOLF1,I_IVG-WOLF1,Primary BMU,INTVKL,INTERCONNECTOR,BMU,Generation Unit,,,
JAMBB-1,E_JAMBB-1,Primary BMU,OTHER,BATTERIES,BMU,Bi-Directional,Y,,
JAMBB-2,E_ JAMBB-2,Primary BMU,OTHER,BATTERIES,BMU,Bi-Directional,Y,,
JGPR-1,T_JGPR-1,Primary BMU,BIOMASS,BIOMASS,BMU,Generation Unit,Y,,
KEAD-1,T_KEAD-1,Primary BMU,CCGT,CCGT,BMU,Generation Unit,Y,,
KEAD-2,T_KEAD-2,Primary BMU,CCGT,CCGT,BMU,Generation Unit,Y,,
KEADGT-3,T_KEADGT-3,Primary BMU,OCGT,OCGT,BMU,Generation Unit,Y,,
KEMB-1,,Primary BMU,OTHER,BATTERIES,BMU,Generation Unit,Y,,
KENFW-1,,Primary BMU,WIND,WIND,BMU,Generation Unit,,,
KENNW-1,,Primary BMU,WIND,WIND,BMU,Generation Unit,Y,,
KEOOH-1,,Primary BMU,NPSHYD,NPSHYD,BMU,Generation Unit,,,
KHLLW-1,E_KHLLW-1,Primary BMU,WIND,WIND,BMU,Generation Unit,Y,,
KILBW-1,T_KILBW-1,Primary BMU,WIND,WIND,BMU,Generation Unit,Y,,
KILLPG-1,T_KILLPG-1,Primary BMU,OTHER,GAS,BMU,Generation Unit,Y,,
KILLPG-2,T_KILLPG-2,Primary BMU,OTHER,GAS,BMU,Generation Unit,Y,,
KILLSC-1,T_KILLSC-1,Primary BMU,OTHER,OTHER,BMU,Generation Unit,,,
KILLSC-2,T_KILLSC-2,Primary BMU,OTHER,OTHER,BMU,Generation Unit,,,
KILNS-1,T_KILNS-1,Primary BMU,CCGT,CCGT,BMU,Generation Unit,Y,,
KILSB-1,T_KILSB-1,Primary BMU,OTHER,BATTERIES,BMU,Generation Unit,,,
KILSB-2,T_KILSB-2,Primary BMU,OTHER,BATTERIES,BMU,Generation Unit,,,
KILSB-3,T_KILSB-3,Primary BMU,OTHER,BATTERIES,BMU,Generation Unit,,,
KILSB-4,T_KILSB-4,Primary BMU,OTHER,BATTERIES,BMU,Generation Unit,,,
KILSB-5,T_KILSB-5,Primary BMU,OTHER,BATTERIES,BMU,Generation Unit,,,
KILSB-6,T_KILSB-6,Primary BMU,OTHER,BATTERIES,BMU,Generation Unit,,,
KILSD-1,T_KILSD-1,Primary BMU,OTHER,OTHER,BMU,Demand Unit,,,
KILSD-2,T_KILSD-2,Primary BMU,OTHER,OTHER,BMU,Demand Unit,,,
KILSD-3,T_KILSD-3,Primary BMU,OTHER,OTHER,BMU,Demand Unit,,,
KILSD-4,T_KILSD-4,Primary BMU,OTHER,OTHER,BMU,Demand Unit,,,
KINCS-1,E_KINCS-1,Primary BMU,OTHER,SOLAR,BMU,Generation Unit,Y,,
KINCW-1,E_KINCW-1,Primary BMU,WIND,WIND,BMU,Generation Unit,Y,,
KIOR-1,,Primary BMU,NPSHYD,NPSHYD,BMU,Generation Unit,,,
KIOR-2,,Primary BMU,NPSHYD,NPSHYD,BMU,Generation Unit,,,
KIWIE-2,,Primary BMU,OTHER,BATTERIES,BMU,Generation Unit,,,
KLDMW-1,,Primary BMU,WIND,WIND,EELPS,Generation Unit,Y,,
KLGLW-1,T_KLGLW-1,Primary BMU,WIND,WIND,BMU,Generation Unit,Y,,
KLGLW-2,T_KLGLW-2,Primary BMU,WIND,WIND,BMU,Generation Unit,,,
KLYN-A-1,E_KLYN-A-1,Primary BMU,CCGT,CCGT,BMU,Generation Unit,Y,,
KNAPB-1,V__FCEND001,Secondary BMU,OTHER,BATTERIES,BMU,Generation Unit,,,
KNLCV-1,2__PMARB002,Primary BMU,NPSHYD,NPSHYD,EELPS,Generation Unit,Y,,
KPMRW-1,T_KPMRW-1,Primary BMU,WIND,WIND,BMU,Generation Unit,Y,,
KTHLW-1,T_KTHLW-1,Primary BMU,WIND,WIND,BMU,Generation Unit,Y,,
KTHRS-1,T_KTHRS-1,Primary BMU,CCGT,CCGT,BMU,Generation Unit,,,
KTHRS-2,T_KTHRS-2,Primary BMU,CCGT,CCGT,BMU,Generation Unit,,,
KYPEW-1,T_KYPEW-1,Primary BMU,WIND,WIND,BMU,Generation Unit,Y,,
LAGA-1,T_LAGA-1,Primary BMU,CCGT,CCGT,BMU,Generation Unit,Y,,
LAIG-1,2__PIMPO001,Primary BMU,NPSHYD,NPSHYD,EELPS,Generation Unit,,,
LARKB-1,,Primary BMU,OTHER,BATTERIES,BMU,Bi-Directional,Y,,
LARKS-1,T_LARKS-1,Primary BMU,OTHER,SOLAR,BMU,Generation Unit,Y,,
LARYO-1,T_LARYW-1,Primary BMU,WIND,WIND,BMU,Generation Unit,Y,,
LARYO-2,T_LARYW-2,Primary BMU,WIND,WIND,BMU,Generation Unit,Y,,
LARYO-3,T_LARYW-3,Primary BMU,WIND,WIND,BMU,Generation Unit,Y,,
LARYO-4,T_LARYW-4,Primary BMU,WIND,WIND,BMU,Generation Unit,Y,,
LARYW-2,T_LARYW-2,Primary BMU,WIND,WIND,BMU,Generation Unit,,,
LARYW-3,T_LARYW-3,Primary BMU,WIND,WIND,BMU,Generation Unit,,,
LARYW-4,T_LARYW-4,Primary BMU,WIND,WIND,BMU,Generation Unit,,,
LBAR-1,T_LBAR-1,Primary BMU,CCGT,CCGT,BMU,Generation Unit,Y,,
LBAR-1G,T_LBAR-1G,Primary BMU,OCGT,OCGT,BMU,Generation Unit,Y,,
LCHWT-1,,Primary BMU,OTHER,GAS,BMU,Generation Unit,Y,,
LCKLB-1,2__LRWED001,Primary BMU,OTHER,BATTERIES,BMU,Bi-Directional,,,
LCLTW-1,T_LCLTW-1,Primary BMU,WIND,WIND,BMU,Generation Unit,Y,,
LCSMH-1,2__PMARB001,Primary BMU,NPSHYD,NPSHYD,EELPS,Generation Unit,Y,,
LEGCB-1,T_LEGCB-1,Primary BMU,OTHER,BATTERIES,BMU,Bi-Directional,,,
LEVNG-1,V__NFORS002,Secondary BMU,OTHER,GAS,BMU,Generation Unit,,,
LFSE01,2__LFSEN200,Primary BMU,OTHER,BATTERIES,BMU,Bi-Directional,,,
LGPKW-1,,Primary BMU,WIND,WIND,EELPS,Generation Unit,Y,,
LIMKW-1,T_LIMKW-1,Primary BMU,WIND,WIND,BMU,Generation Unit,Y,,
LIONB-1,T_LIONB-1,Primary BMU,OTHER,BATTERIES,BMU,Bi-Directional,,,
LIONB-2,T_LIONB-2,Primary BMU,OTHER,BATTERIES,BMU,Bi-Directional,,,
LIONB-3,T_LIONB-3,Primary BMU,OTHER,BATTERIES,BMU,Bi-Directional,,,
LIOND-1,T_LIOND-1,Primary BMU,OTHER,OTHER,BMU,Demand Unit,,,
LITRB-1,E_LITRB-1,Primary BMU,OTHER,BATTERIES,BMU,Bi-Directional,Y,,
LITT1G,T_LITTD1G,Primary BMU,OCGT,OCGT,BMU,Generation Unit,,,
LITT2G,T_LITTD2G,Primary BMU,OCGT,OCGT,BMU,Generation Unit,,,
LITT3G,T_LITTD3G,Primary BMU,OCGT,OCGT,BMU,Generation Unit,,,
LITTD1,T_LITTD1,Primary BMU,OTHER,DIESEL,BMU,Generation Unit,,,
LITTD2,T_LITTD2,Primary BMU,OTHER,DIESEL,BMU,Generation Unit,,,
LITTD3,T_LITTD3,Primary BMU,OTHER,DIESEL,BMU,Generation Unit,,,
LIVI-1,,Primary BMU,NPSHYD,NPSHYD,BMU,Generation Unit,,,
LKSDB-1,,Primary BMU,OTHER,BATTERIES,BMU,Generation Unit,Y,,
LLWSD-1,T_LLWSD-1,Primary BMU,OTHER,OTHER,BMU,Demand Unit,,,
LNCSO-1,T_LNCSW-1,Primary BMU,WIND,WIND,BMU,Generation Unit,Y,,
LNCSO-2,T_LNCSW-2,Primary BMU,WIND,WIND,BMU,Generation Unit,Y,,
LNMTH-1,E_LYNE1,Primary BMU,COAL,COAL,BMU,Generation Unit,Y,,
LNMTH-2,E_LYNE2,Primary BMU,COAL,COAL,BMU,Generation Unit,Y,,
LNMTH-3,E_LYNE3,Primary BMU,COAL,COAL,BMU,Generation Unit,Y,,
LOAN-1,T_LOAN-1,Primary BMU,COAL,COAL,BMU,Generation Unit,,,
LOAN-2,T_LOAN-2,Primary BMU,COAL,COAL,BMU,Generation Unit,,,
LOAN-3,T_LOAN-3,Primary BMU,COAL,COAL,BMU,Generation Unit,,,
LOAN-4,T_LOAN-4,Primary BMU,COAL,COAL,BMU,Generation Unit,,,
LOAND-1,T_LOAND-1,Primary BMU,OTHER,OTHER,BMU,Demand Unit,,,
LOAND-2,T_LOAND-2,Primary BMU,OTHER,OTHER,BMU,Demand Unit,,,
LOCG-1,2__PIMPO002,Primary BMU,NPSHYD,NPSHYD,EELPS,Generation Unit,,,
LOCH-1,,Primary BMU,NPSHYD,NPSHYD,BMU,Generation Unit,,,
LOCH-2,,Primary BMU,NPSHYD,NPSHYD,BMU,Generation Unit,,,
LON-ATL01,2__CIMPO000,Primary BMU,OTHER,OTHER,BMU,Demand Unit,,,
LON-AXPO1,2__CAXPO000,Primary BMU,OTHER,OTHER,BMU,Demand Unit,,,
LON-BET01,2__CNELC000,Primary BMU,OTHER,OTHER,BMU,Demand Unit,,,
LON-BGS01,2__CBGAS000,Primary BMU,OTHER,OTHER,BMU,Demand Unit,,,
LON-BIZ01,2__CBIZZ000,Primary BMU,OTHER,OTHER,BMU,Demand Unit,,,
LON-EDF01,2__CEDFE000,Primary BMU,OTHER,OTHER,BMU,Demand Unit,,,
LON-EDR01,2__CEDIR000,Primary BMU,OTHER,OTHER,BMU,Demand Unit,,,
LON-ENR01,2__CENRD000,Primary BMU,OTHER,OTHER,BMU,Demand Unit,,,
LON-EON01,2__CEOND000,Primary BMU,OTHER,OTHER,BMU,Demand Unit,,,
LON-GDF01,2__CRWED000,Primary BMU,OTHER,OTHER,BMU,Demand Unit,,,
LON-HPW01,2__CHPOW000,Primary BMU,OTHER,OTHER,BMU,Demand Unit,,,
LON-HVN01,2__CHAVE000,Primary BMU,OTHER,OTHER,BMU,Demand Unit,,,
LON-LON01,2__CLOND000,Primary BMU,OTHER,OTHER,BMU,Demand Unit,,,
LON-MID01,2__CMIDE000,Primary BMU,OTHER,OTHER,BMU,Demand Unit,,,
LON-MNW01,2__CMANW000,Primary BMU,OTHER,OTHER,BMU,Demand Unit,,,
LON-MSG01,2__CMSCG000,Primary BMU,OTHER,OTHER,BMU,Demand Unit,,,
LON-NPE01,2__CNATP000,Primary BMU,OTHER,OTHER,BMU,Demand Unit,,,
LON-OCT01,2__CMRCY000,Primary BMU,OTHER,OTHER,BMU,Demand Unit,,,
LON-OGA01,2__COGAS000,Primary BMU,OTHER,OTHER,BMU,Demand Unit,,,
LON-PGE01,2__CEMEB000,Primary BMU,OTHER,OTHER,BMU,Demand Unit,,,
LON-PGU01,2__CPGEN000,Primary BMU,OTHER,OTHER,BMU,Demand Unit,,,
LON-SEE01,2__CSEEB000,Primary BMU,OTHER,OTHER,BMU,Demand Unit,,,
LON-SEL01,2__CSMAR000,Primary BMU,OTHER,OTHER,BMU,Demand Unit,,,
LON-SPC01,2__CSPOW000,Primary BMU,OTHER,OTHER,BMU,Demand Unit,,,
LON-SSE01,2__CHYDE000,Primary BMU,OTHER,OTHER,BMU,Demand Unit,,,
LON-STH01,2__CSOUT000,Primary BMU,OTHER,OTHER,BMU,Demand Unit,,,
LON-SWA01,2__CSWAE000,Primary BMU,OTHER,OTHER,BMU,Demand Unit,,,
LON-SWT01,2__CSWEB000,Primary BMU,OTHER,OTHER,BMU,Demand Unit,,,
LON-TFE01,2__CTGPL000,Primary BMU,OTHER,OTHER,BMU,Demand Unit,,,
LRDSC-1,T_LRDSC-1,Primary BMU,OTHER,OTHER,BMU,Generation Unit,Y,,
LRDSC-2,T_LRDSC-2,Primary BMU,OTHER,OTHER,BMU,Generation Unit,Y,,
LSTWY-1,,Primary BMU,OTHER,GAS,BMU,Generation Unit,Y,,
LTCHW-1,,Primary BMU,WIND,WIND,BMU,Generation Unit,,,
LUBR-1,,Primary BMU,NPSHYD,NPSHYD,BMU,Generation Unit,,,
LUIC-1,,Primary BMU,NPSHYD,NPSHYD,BMU,Generation Unit,,,
LUIC-2,,Primary BMU,NPSHYD,NPSHYD,BMU,Generation Unit,,,
LUICD-1,T_LUICD-1,Primary BMU,OTHER,OTHER,BMU,Demand Unit,,,
LYNNW-1,,Primary BMU,WIND,WIND,BMU,Generation Unit,Y,,
MANNB-1,V__HFEEL002,Secondary BMU,OTHER,BATTERIES,BMU,Bi-Directional,,,
MANXENR-1,E_MANXENR-1,Primary BMU,OTHER,OTHER,BMU,Demand Unit,,,
MARK-1,E_MARK-1,Primary BMU,OTHER,OTHER,BMU,Generation Unit,Y,,
MARK-2,E_MARK-2,Primary BMU,OTHER,OTHER,BMU,Generation Unit,Y,,
MARMD-1,T_MARMD-1,Primary BMU,OTHER,OTHER,BMU,Demand Unit,,,
MDHLW-1,2__PSTAT002,Primary BMU,WIND,WIND,EELPS,Generation Unit,Y,,
MDLWH-1,,Primary BMU,OTHER,GAS,BMU,Generation Unit,Y,,
MEADD-1,T_MEADD-1,Primary BMU,OTHER,OTHER,BMU,Demand Unit,,,
MEDP-1,T_MEDP-1,Primary BMU,CCGT,CCGT,BMU,Generation Unit,Y,,
MELKB-1,V__HHABI008,Secondary BMU,OTHER,BATTERIES,BMU,Bi-Directional,,,
MID-ATL01,2__EIMPO000,Primary BMU,OTHER,OTHER,BMU,Demand Unit,,,
MID-AXPO1,2__EAXPO000,Primary BMU,OTHER,OTHER,BMU,Demand Unit,,,
MID-BET01,2__ENELC000,Primary BMU,OTHER,OTHER,BMU,Demand Unit,,,
MID-BGS01,2__EBGAS000,Primary BMU,OTHER,OTHER,BMU,Demand Unit,,,
MID-BIZ01,2__EBIZZ000,Primary BMU,OTHER,OTHER,BMU,Demand Unit,,,
MID-EDF01,2__EEDFE000,Primary BMU,OTHER,OTHER,BMU,Demand Unit,,,
MID-EDR01,2__EEDIR000,Primary BMU,OTHER,OTHER,BMU,Demand Unit,,,
MID-ENR01,2__EENRD000,Primary BMU,OTHER,OTHER,BMU,Demand Unit,,,
MID-EON01,2__EEOND000,Primary BMU,OTHER,OTHER,BMU,Demand Unit,,,
MID-GDF01,2__ERWED000,Primary BMU,OTHER,OTHER,BMU,Demand Unit,,,
MID-HPW01,2__EHPOW000,Primary BMU,OTHER,OTHER,BMU,Demand Unit,,,
MID-HVN01,2__EHAVE000,Primary BMU,OTHER,OTHER,BMU,Demand Unit,,,
MID-LIM01,,Primary BMU,OTHER,OTHER,BMU,Generation Unit,,,
MID-LON01,2__ELOND000,Primary BMU,OTHER,OTHER,BMU,Demand Unit,,,
MID-MID01,2__EMIDE000,Primary BMU,OTHER,OTHER,BMU,Demand Unit,,,
MID-MNW01,2__EMANW000,Primary BMU,OTHER,OTHER,BMU,Demand Unit,,,
MID-MSG01,2__EMSCG000,Primary BMU,OTHER,OTHER,BMU,Demand Unit,,,
MIDMW-1,T_MIDMW-1,Primary BMU,WIND,WIND,BMU,Generation Unit,Y,,
MID-NPE01,2__ENATP000,Primary BMU,OTHER,OTHER,BMU,Demand Unit,,,
MID-OCT01,2__EMRCY000,Primary BMU,OTHER,OTHER,BMU,Demand Unit,,,
MID-OGA01,2__EOGAS000,Primary BMU,OTHER,OTHER,BMU,Demand Unit,,,
MID-PGE01,2__EEMEB000,Primary BMU,OTHER,OTHER,BMU,Demand Unit,,,
MID-PGU01,2__EPGEN000,Primary BMU,OTHER,OTHER,BMU,Demand Unit,,,
MID-SEE01,2__ESEEB000,Primary BMU,OTHER,OTHER,BMU,Demand Unit,,,
MID-SEL01,2__ESMAR000,Primary BMU,OTHER,OTHER,BMU,Demand Unit,,,
MID-SPC01,2__ESPOW000,Primary BMU,OTHER,OTHER,BMU,Demand Unit,,,
MID-SSE01,2__EHYDE000,Primary BMU,OTHER,OTHER,BMU,Demand Unit,,,
MID-STH01,2__ESOUT000,Primary BMU,OTHER,OTHER,BMU,Demand Unit,,,
MID-SWA01,2__ESWAE000,Primary BMU,OTHER,OTHER,BMU,Demand Unit,,,
MID-SWT01,2__ESWEB000,Primary BMU,OTHER,OTHER,BMU,Demand Unit,,,
MID-TFE01,2__ETGPL000,Primary BMU,OTHER,OTHER,BMU,Demand Unit,,,
MILWW-1,T_MILWW-1,Primary BMU,WIND,WIND,BMU,Generation Unit,Y,,
MINSW-1,E_MINSW-1,Primary BMU,WIND,WIND,BMU,Generation Unit,Y,,
MKFRB-1,T_MKFRB-1,Primary BMU,OTHER,BATTERIES,BMU,Bi-Directional,,,
MKHLW-1,T_MKHLW-1,Primary BMU,WIND,WIND,BMU,Generation Unit,Y,,
MLBRK-1,T_MLBRK-1,Primary BMU,OCGT,OCGT,BMU,Generation Unit,,,
MNFRB-1,T_MNFRB-1,Primary BMU,OTHER,BATTERIES,BMU,Bi-Directional,,,
MNFRB-2,T_MNFRB-2,Primary BMU,OTHER,BATTERIES,BMU,Bi-Directional,,,
MNFRB-3,T_MNFRB-3,Primary BMU,OTHER,BATTERIES,BMU,Bi-Directional,,,
MNFRB-4,T_MNFRB-4,Primary BMU,OTHER,BATTERIES,BMU,Bi-Directional,,,
MNW-ATL01,2__DIMPO000,Primary BMU,OTHER,OTHER,BMU,Demand Unit,,,
MNW-AXPO1,2__DAXPO000,Primary BMU,OTHER,OTHER,BMU,Demand Unit,,,
MNW-BET01,2__DNELC000,Primary BMU,OTHER,OTHER,BMU,Demand Unit,,,
MNW-BGS01,2__DBGAS000,Primary BMU,OTHER,OTHER,BMU,Demand Unit,,,
MNW-BIZ01,2__DBIZZ000,Primary BMU,OTHER,OTHER,BMU,Demand Unit,,,
MNW-EDF01,2__DEDFE000,Primary BMU,OTHER,OTHER,BMU,Demand Unit,,,
MNW-EDR01,2__DEDIR000,Primary BMU,OTHER,OTHER,BMU,Demand Unit,,,
MNW-ENR01,2__DENRD000,Primary BMU,OTHER,OTHER,BMU,Demand Unit,,,
MNW-EON01,2__DEOND000,Primary BMU,OTHER,OTHER,BMU,Demand Unit,,,
MNW-GDF01,2__DRWED000,Primary BMU,OTHER,OTHER,BMU,Demand Unit,,,
MNW-HPW01,2__DHPOW000,Primary BMU,OTHER,OTHER,BMU,Demand Unit,,,
MNW-HVN01,2__DHAVE000,Primary BMU,OTHER,OTHER,BMU,Demand Unit,,,
MNW-LON01,2__DLOND000,Primary BMU,OTHER,OTHER,BMU,Demand Unit,,,
MNW-MID01,2__DMIDE000,Primary BMU,OTHER,OTHER,BMU,Demand Unit,,,
MNW-MNW01,2__DMANW000,Primary BMU,OTHER,OTHER,BMU,Demand Unit,,,
MNW-MSG01,2__DMSCG000,Primary BMU,OTHER,OTHER,BMU,Demand Unit,,,
MNW-NPE01,2__DNATP000,Primary BMU,OTHER,OTHER,BMU,Demand Unit,,,
MNW-OCT01,2__DMRCY000,Primary BMU,OTHER,OTHER,BMU,Demand Unit,,,
MNW-OGA01,2__DOGAS000,Primary BMU,OTHER,OTHER,BMU,Demand Unit,,,
MNW-PGE01,2__DEMEB000,Primary BMU,OTHER,OTHER,BMU,Demand Unit,,,
MNW-PGU01,2__DPGEN000,Primary BMU,OTHER,OTHER,BMU,Demand Unit,,,
MNW-PGU02,2__DPGEN001,Primary BMU,OTHER,GAS,BMU,Generation Unit,,,
MNW-PGU03,2__DPGEN002,Primary BMU,OTHER,GAS,BMU,Generation Unit,,,
MNW-SEE01,2__DSEEB000,Primary BMU,OTHER,OTHER,BMU,Demand Unit,,,
MNW-SEL01,2__DSMAR000,Primary BMU,OTHER,OTHER,BMU,Demand Unit,,,
MNW-SPC01,2__DSPOW000,Primary BMU,OTHER,OTHER,BMU,Demand Unit,,,
MNW-SSE01,2__DHYDE000,Primary BMU,OTHER,OTHER,BMU,Demand Unit,,,
MNW-STH01,2__DSOUT000,Primary BMU,OTHER,OTHER,BMU,Demand Unit,,,
MNW-SWA01,2__DSWAE000,Primary BMU,OTHER,OTHER,BMU,Demand Unit,,,
MNW-SWT01,2__DSWEB000,Primary BMU,OTHER,OTHER,BMU,Demand Unit,,,
MNW-TFE01,2__DTGPL000,Primary BMU,OTHER,OTHER,BMU,Demand Unit,,,
MORFL-1,,Primary BMU,OTHER,GAS,BMU,Generation Unit,Y,,
MOSED-1,T_MOSED-1,Primary BMU,OTHER,OTHER,BMU,Demand Unit,,,
MOSS-1,,Primary BMU,NPSHYD,NPSHYD,BMU,Generation Unit,,,
MOSS-2,,Primary BMU,NPSHYD,NPSHYD,BMU,Generation Unit,,,
MOSWD-1,T_EXMOSSD-1,Primary BMU,OTHER,OTHER,BMU,Demand Unit,,,
MOWEO-1,T_MOWEO-1,Primary BMU,WIND,WIND,BMU,Generation Unit,Y,,
MOWEO-2,T_MOWEO-2,Primary BMU,WIND,WIND,BMU,Generation Unit,Y,,
MOWEO-3,T_MOWEO-3,Primary BMU,WIND,WIND,BMU,Generation Unit,Y,,
MOWWO-1,T_MOWWO-1,Primary BMU,WIND,WIND,BMU,Generation Unit,Y,,
MOWWO-2,T_MOWWO-2,Primary BMU,WIND,WIND,BMU,Generation Unit,Y,,
MOWWO-3,T_MOWWO-3,Primary BMU,WIND,WIND,BMU,Generation Unit,Y,,
MOWWO-4,T_MOWWO-4,Primary BMU,WIND,WIND,BMU,Generation Unit,Y,,
MOYEW-1,E_MOYEW-1,Primary BMU,WIND,WIND,BMU,Generation Unit,Y,,
Moyle,,Primary BMU,,INTERCONNECTOR,BMU,Bi-Directional,,,
MRWD-1,T_MRWD-1,Primary BMU,CCGT,CCGT,BMU,Generation Unit,Y,,
MYGPW-1,T_MYGPW-1,Primary BMU,WIND,WIND,BMU,Generation Unit,Y,,
NANT-1,T_NANT-1,Primary BMU,NPSHYD,NPSHYD,BMU,Generation Unit,Y,,
NEE-ATL01,2__FIMPO000,Primary BMU,OTHER,OTHER,BMU,Demand Unit,,,
NEE-AXPO1,2__FAXPO000,Primary BMU,OTHER,OTHER,BMU,Demand Unit,,,
NEE-BET01,2__FNELC000,Primary BMU,OTHER,OTHER,BMU,Demand Unit,,,
NEE-BGS01,2__FBGAS000,Primary BMU,OTHER,OTHER,BMU,Demand Unit,,,
NEE-BIZ01,2__FBIZZ000,Primary BMU,OTHER,OTHER,BMU,Demand Unit,,,
NEE-DON01,2__FMAGN000,Primary BMU,OTHER,OTHER,BMU,Demand Unit,,,
NEE-EDF01,2__FEDFE000,Primary BMU,OTHER,OTHER,BMU,Demand Unit,,,
NEE-EDR01,2__FEDIR000,Primary BMU,OTHER,OTHER,BMU,Demand Unit,,,
NEE-ENR01,2__FENRD000,Primary BMU,OTHER,OTHER,BMU,Demand Unit,,,
NEE-EON01,2__FEOND000,Primary BMU,OTHER,OTHER,BMU,Demand Unit,,,
NEE-GDF01,2__FRWED000,Primary BMU,OTHER,OTHER,BMU,Demand Unit,,,
NEE-HPW01,2__FHPOW000,Primary BMU,OTHER,OTHER,BMU,Demand Unit,,,
NEE-HVN01,2__FHAVE000,Primary BMU,OTHER,OTHER,BMU,Demand Unit,,,
NEE-INE01,2__FINDE000,Primary BMU,OTHER,OTHER,BMU,Demand Unit,,,
NEE-LON01,2__FLOND000,Primary BMU,OTHER,OTHER,BMU,Demand Unit,,,
NEE-MID01,2__FMIDE000,Primary BMU,OTHER,OTHER,BMU,Demand Unit,,,
NEE-MNW01,2__FMANW000,Primary BMU,OTHER,OTHER,BMU,Demand Unit,,,
NEE-MSG01,2__FMSCG000,Primary BMU,OTHER,OTHER,BMU,Demand Unit,,,
NEE-NPE01,2__FNATP000,Primary BMU,OTHER,OTHER,BMU,Demand Unit,,,
NEE-OCT01,2__FMRCY000,Primary BMU,OTHER,OTHER,BMU,Demand Unit,,,
NEE-OGA01,2__FOGAS000,Primary BMU,OTHER,OTHER,BMU,Demand Unit,,,
NEE-PGE01,2__FEMEB000,Primary BMU,OTHER,OTHER,BMU,Demand Unit,,,
NEE-PGU01,2__FPGEN000,Primary BMU,OTHER,OTHER,BMU,Demand Unit,,,
NEE-SEE01,2__FSEEB000,Primary BMU,OTHER,OTHER,BMU,Demand Unit,,,
NEE-SEL01,2__FSMAR000,Primary BMU,OTHER,OTHER,BMU,Demand Unit,,,
NEE-SPC01,2__FSPOW000,Primary BMU,OTHER,OTHER,BMU,Demand Unit,,,
NEE-SSE01,2__FHYDE000,Primary BMU,OTHER,OTHER,BMU,Demand Unit,,,
NEE-STH01,2__FSOUT000,Primary BMU,OTHER,OTHER,BMU,Demand Unit,,,
NEE-SWA01,2__FSWAE000,Primary BMU,OTHER,OTHER,BMU,Demand Unit,,,
NEE-SWT01,2__FSWEB000,Primary BMU,OTHER,OTHER,BMU,Demand Unit,,,
NEE-TFE01,2__FTGPL000,Primary BMU,OTHER,OTHER,BMU,Demand Unit,,,
NEWPB-1,E_NEWPB-1,Primary BMU,OTHER,BATTERIES,BMU,Bi-Directional,,,
NEWTB-1,E_NEWTB-1,Primary BMU,OTHER,BATTERIES,BMU,Generation Unit,,,
NFSE01,2__NFSEN005,Primary BMU,OTHER,BATTERIES,BMU,Bi-Directional,,,
NHOYW-1,,Primary BMU,WIND,WIND,BMU,Generation Unit,Y,,
NLSSC-1,T_NLSSC-1,Primary BMU,OTHER,LOAD RESPONSE,BMU,Generation Unit,,,
NLSTB-1,T_NLSTB-1,Primary BMU,OTHER,BATTERIES,BMU,Bi-Directional,Y,,
NNGAO-1,T_NNGAO-1,Primary BMU,WIND,WIND,BMU,Generation Unit,Y,,
NNGAO-2,T_NNGAO-2,Primary BMU,WIND,WIND,BMU,Generation Unit,Y,,
NNPW01,2__NNATP001,Primary BMU,WIND,WIND,BMU,Generation Unit,Y,,
NOKYW-1,T_NOKYW-1,Primary BMU,WIND,WIND,BMU,Generation Unit,Y,,
NOKYW-2,T_NOKYW-2,Primary BMU,WIND,WIND,BMU,Generation Unit,Y,,
NORHW-1,,Primary BMU,WIND,WIND,BMU,Generation Unit,Y,,
NOVAW-1,,Primary BMU,WIND,WIND,EELPS,Generation Unit,Y,,
NOVAW-2,,Primary BMU,WIND,WIND,EELPS,Generation Unit,Y,,
NSC-ATL01,2__PIMPO000,Primary BMU,OTHER,OTHER,BMU,Demand Unit,,,
NSC-AXPO1,2__PAXPO000,Primary BMU,OTHER,OTHER,BMU,Demand Unit,,,
NSC-BET01,2__PNELC000,Primary BMU,OTHER,OTHER,BMU,Demand Unit,,,
NSC-BGS01,2__PBGAS000,Primary BMU,OTHER,OTHER,BMU,Demand Unit,,,
NSC-BIZ01,2__PBIZZ000,Primary BMU,OTHER,OTHER,BMU,Demand Unit,,,
NSC-ECO01,2__PECON000,Primary BMU,OTHER,OTHER,BMU,Demand Unit,,,
NSC-EDF01,2__PEDFE000,Primary BMU,OTHER,OTHER,BMU,Demand Unit,,,
NSC-EDR01,2__PEDIR000,Primary BMU,OTHER,OTHER,BMU,Demand Unit,,,
NSC-ENR01,2__PENRD000,Primary BMU,OTHER,OTHER,BMU,Demand Unit,,,
NSC-EON01,2__PEOND000,Primary BMU,OTHER,OTHER,BMU,Demand Unit,,,
NSC-GDF01,2__PRWED000,Primary BMU,OTHER,OTHER,BMU,Demand Unit,,,
NSC-HPW01,2__PHPOW000,Primary BMU,OTHER,OTHER,BMU,Demand Unit,,,
NSC-HVN01,2__PHAVE000,Primary BMU,OTHER,OTHER,BMU,Demand Unit,,,
NSC-LON01,2__PLOND000,Primary BMU,OTHER,OTHER,BMU,Demand Unit,,,
NSC-MID01,2__PMIDE000,Primary BMU,OTHER,OTHER,BMU,Demand Unit,,,
NSC-MNW01,2__PMANW000,Primary BMU,OTHER,OTHER,BMU,Demand Unit,,,
NSC-MSG01,2__PMSCG000,Primary BMU,OTHER,OTHER,BMU,Demand Unit,,,
NSC-NPE01,2__PNATP000,Primary BMU,OTHER,OTHER,BMU,Demand Unit,,,
NSC-OCT01,2__PMRCY000,Primary BMU,OTHER,OTHER,BMU,Demand Unit,,,
NSC-OGA01,2__POGAS000,Primary BMU,OTHER,OTHER,BMU,Demand Unit,,,
NSC-PGE01,2__PEMEB000,Primary BMU,OTHER,OTHER,BMU,Demand Unit,,,
NSC-PGU01,2__PPGEN000,Primary BMU,OTHER,OTHER,BMU,Demand Unit,,,
NSC-SEE01,2__PSEEB000,Primary BMU,OTHER,OTHER,BMU,Demand Unit,,,
NSC-SEL01,2__PSMAR000,Primary BMU,OTHER,OTHER,BMU,Demand Unit,,,
NSC-SPC01,2__PSPOW000,Primary BMU,OTHER,OTHER,BMU,Demand Unit,,,
NSC-SSE01,2__PHYDE000,Primary BMU,OTHER,OTHER,BMU,Demand Unit,,,
NSC-STH01,2__PSOUT000,Primary BMU,OTHER,OTHER,BMU,Demand Unit,,,
NSC-SWA01,2__PSWAE000,Primary BMU,OTHER,OTHER,BMU,Demand Unit,,,
NSC-SWT01,2__PSWEB000,Primary BMU,OTHER,OTHER,BMU,Demand Unit,,,
NSQYT-1,,Primary BMU,OTHER,OTHER,EELPS,Generation Unit,Y,,
NTAWB-1,E_NTAWB-1,Primary BMU,OTHER,BATTERIES,BMU,Bi-Directional,,,
NTRVB-1,T_NTRVB-1,Primary BMU,OTHER,BATTERIES,BMU,Bi-Directional,,,
NURSB-1,,Primary BMU,OTHER,BATTERIES,BMU,Generation Unit,Y,,
NWP-ATL01,2__GIMPO000,Primary BMU,OTHER,OTHER,BMU,Demand Unit,,,
NWP-AXPO1,2__GAXPO000,Primary BMU,OTHER,OTHER,BMU,Demand Unit,,,
NWP-BET01,2__GNELC000,Primary BMU,OTHER,OTHER,BMU,Demand Unit,,,
NWP-BGS01,2__GBGAS000,Primary BMU,OTHER,OTHER,BMU,Demand Unit,,,
NWP-BIZ01,2__GBIZZ000,Primary BMU,OTHER,OTHER,BMU,Demand Unit,,,
NWP-EDF01,2__GEDFE000,Primary BMU,OTHER,OTHER,BMU,Demand Unit,,,
NWP-EDR01,2__GEDIR000,Primary BMU,OTHER,OTHER,BMU,Demand Unit,,,
NWP-ENR01,2__GENRD000,Primary BMU,OTHER,OTHER,BMU,Demand Unit,,,
NWP-EON01,2__GEOND000,Primary BMU,OTHER,OTHER,BMU,Demand Unit,,,
NWP-GDF01,2__GRWED000,Primary BMU,OTHER,OTHER,BMU,Demand Unit,,,
NWP-HPW01,2__GHPOW000,Primary BMU,OTHER,OTHER,BMU,Demand Unit,,,
NWP-HVN01,2__GHAVE000,Primary BMU,OTHER,OTHER,BMU,Demand Unit,,,
NWP-LON01,2__GLOND000,Primary BMU,OTHER,OTHER,BMU,Demand Unit,,,
NWP-MID01,2__GMIDE000,Primary BMU,OTHER,OTHER,BMU,Demand Unit,,,
NWP-MNW01,2__GMANW000,Primary BMU,OTHER,OTHER,BMU,Demand Unit,,,
NWP-MSG01,2__GMSCG000,Primary BMU,OTHER,OTHER,BMU,Demand Unit,,,
NWP-NPE01,2__GNATP000,Primary BMU,OTHER,OTHER,BMU,Demand Unit,,,
NWP-OCT01,2__GMRCY000,Primary BMU,OTHER,OTHER,BMU,Demand Unit,,,
NWP-OGA01,2__GOGAS000,Primary BMU,OTHER,OTHER,BMU,Demand Unit,,,
NWP-PGE01,2__GEMEB000,Primary BMU,OTHER,OTHER,BMU,Demand Unit,,,
NWP-PGU01,2__GPGEN000,Primary BMU,OTHER,OTHER,BMU,Demand Unit,,,
NWP-SEE01,2__GSEEB000,Primary BMU,OTHER,OTHER,BMU,Demand Unit,,,
NWP-SEL01,2__GSMAR000,Primary BMU,OTHER,OTHER,BMU,Demand Unit,,,
NWP-SPC01,2__GSPOW000,Primary BMU,OTHER,OTHER,BMU,Demand Unit,,,
NWP-SSE01,2__GHYDE000,Primary BMU,OTHER,OTHER,BMU,Demand Unit,,,
NWP-STH01,2__GSOUT000,Primary BMU,OTHER,OTHER,BMU,Demand Unit,,,
NWP-SWA01,2__GSWAE000,Primary BMU,OTHER,OTHER,BMU,Demand Unit,,,
NWP-SWT01,2__GSWEB000,Primary BMU,OTHER,OTHER,BMU,Demand Unit,,,
NWP-TFE01,2__GTGPL000,Primary BMU,OTHER,OTHER,BMU,Demand Unit,,,
OCHLB-1,T_OCHLB-1,Primary BMU,OTHER,BATTERIES,BMU,Bi-Directional,,,
OLDHB-1,,Primary BMU,OTHER,BATTERIES,BMU,Bi-Directional,,,
OMNDO-1,T_OMNDW-1,Primary BMU,WIND,WIND,BMU,Generation Unit,Y,,
ORRI-1,,Primary BMU,NPSHYD,NPSHYD,BMU,Generation Unit,,,
OVRHB-1,E_OVRHB-1,Primary BMU,OTHER,BATTERIES,BMU,Bi-Directional,Y,,
PARHD-1,T_PARHD-1,Primary BMU,OTHER,OTHER,BMU,Demand Unit,,,
PAUHW-1,2__PENEC002,Primary BMU,WIND,WIND,EELPS,Generation Unit,Y,,
PEHE-1,T_PEHE-1,Primary BMU,OTHER,GAS,BMU,Generation Unit,Y,,
PEHE-2,T_PEHE-2,Primary BMU,OTHER,DIESEL,BMU,Generation Unit,,,
PEHED-1,T_PEHED-1,Primary BMU,OTHER,OTHER,BMU,Demand Unit,,,
PEMB-11,T_PEMB-11,Primary BMU,CCGT,CCGT,BMU,Generation Unit,Y,,
PEMB-21,T_PEMB-21,Primary BMU,CCGT,CCGT,BMU,Generation Unit,Y,,
PEMB-31,T_PEMB-31,Primary BMU,CCGT,CCGT,BMU,Generation Unit,Y,,
PEMB-41,T_PEMB-41,Primary BMU,CCGT,CCGT,BMU,Generation Unit,Y,,
PEMB-51,T_PEMB-51,Primary BMU,CCGT,CCGT,BMU,Generation Unit,Y,,
PETDG-1,2__ACNDL001,Primary BMU,OTHER,OTHER,BMU,Generation Unit,,,
PETEM1,E_PETEM1,Primary BMU,CCGT,CCGT,BMU,Generation Unit,Y,,
PETEM3,E_PETEM3,Primary BMU,OTHER,GAS,BMU,Generation Unit,Y,,
PGBIW-1,T_PGBIW-1,Primary BMU,WIND,WIND,BMU,Generation Unit,Y,,
PGBRK-1,E_PGBRKL,Primary BMU,OTHER,DIESEL,BMU,Generation Unit,,,
PGBRY-1,E_PGBARY,Primary BMU,OTHER,DIESEL,BMU,Generation Unit,,,
PGCOV-1,E_PGCOVE,Primary BMU,OTHER,DIESEL,BMU,Generation Unit,,,
PGDID-1,E_PGDIDC,Primary BMU,OTHER,DIESEL,BMU,Generation Unit,,,
PGEXT-1,E_PGEXTR,Primary BMU,OTHER,DIESEL,BMU,Generation Unit,,,
PGFAR-1,E_PGFARE,Primary BMU,OTHER,DIESEL,BMU,Generation Unit,,,
PGHAT-1,E_PGHATF,Primary BMU,OTHER,DIESEL,BMU,Generation Unit,,,
PGHAY-1,E_PGHAYD,Primary BMU,OTHER,DIESEL,BMU,Generation Unit,,,
PGHVT-1,E_PGHVNT,Primary BMU,OTHER,DIESEL,BMU,Generation Unit,,,
PGLAN-1,,Primary BMU,OTHER,DIESEL,BMU,Generation Unit,,,
PGPET-1,E_PGPETE,Primary BMU,BIOMASS,BIOMASS,BMU,Generation Unit,,,
PGSOU-1,E_PGSOUT,Primary BMU,OTHER,DIESEL,BMU,Generation Unit,,,
PIBUW-1,E_PIBUW-1,Primary BMU,WIND,WIND,BMU,Generation Unit,Y,,
PILLB-1,E_PILLB-1,Primary BMU,OTHER,BATTERIES,BMU,Bi-Directional,Y,,
PILLB-2,,Primary BMU,OTHER,BATTERIES,BMU,Bi-Directional,Y,,
PINFB-1,,Primary BMU,OTHER,BATTERIES,BMU,Generation Unit,Y,,
PINFB-2,,Primary BMU,OTHER,BATTERIES,BMU,Generation Unit,Y,,
PINFB-3,,Primary BMU,OTHER,BATTERIES,BMU,Generation Unit,Y,,
PINFB-4,T_PINFB-4,Primary BMU,OTHER,BATTERIES,BMU,Generation Unit,Y,,
PINFD-5,T_PINFD-5,Primary BMU,OTHER,OTHER,BMU,Demand Unit,,,
PINFD-6,T_PINFD-6,Primary BMU,OTHER,OTHER,BMU,Demand Unit,,,
PITL-1,,Primary BMU,NPSHYD,NPSHYD,BMU,Generation Unit,,,
PITL-2,,Primary BMU,NPSHYD,NPSHYD,BMU,Generation Unit,,,
PLHM-1,,Primary BMU,OTHER,OTHER,BMU,Generation Unit,,,
PLOEW-1,T_PLOEW-1,Primary BMU,WIND,WIND,BMU,Generation Unit,Y,,
PLYRK-1,,Primary BMU,OTHER,GAS,BMU,Generation Unit,Y,,
PMBSC-61,T_PMBSC-61,Primary BMU,OTHER,OTHER,BMU,Generation Unit,,,
PNYCW-1,T_PNYCW-1,Primary BMU,WIND,WIND,BMU,Generation Unit,Y,,
POOBD-1,T_POOBD-1,Primary BMU,OTHER,OTHER,BMU,Demand Unit,,,
PORGD-1,T_PORGD-1,Primary BMU,OTHER,OTHER,BMU,Demand Unit,,,
POTES-1,,Primary BMU,OTHER,BATTERIES,BMU,Bi-Directional,Y,,
PROG-1,T_PROG-1,Primary BMU,OCGT,OCGT,BMU,Generation Unit,,,
PTLDW-1,,Primary BMU,WIND,WIND,EELPS,Generation Unit,Y,,
QUOI-1,,Primary BMU,NPSHYD,NPSHYD,BMU,Generation Unit,,,
RAKE-1,,Primary BMU,OTHER,GAS,BMU,Generation Unit,Y,,
RANN-1,2__PIMPO008,Primary BMU,NPSHYD,NPSHYD,EELPS,Generation Unit,Y,,
RANN-2,2__PIMPO009,Primary BMU,NPSHYD,NPSHYD,EELPS,Generation Unit,Y,,
RANN-3,2__PIMPO010,Primary BMU,NPSHYD,NPSHYD,EELPS,Generation Unit,Y,,
RASSP-1,E_RASSP-1,Primary BMU,OTHER,OTHER,BMU,Generation Unit,,,
RATS-1,T_RATS-1,Primary BMU,COAL,COAL,BMU,Generation Unit,,,
RATS-2,T_RATS-2,Primary BMU,COAL,COAL,BMU,Generation Unit,,,
RATS-3,T_RATS-3,Primary BMU,COAL,COAL,BMU,Generation Unit,,,
RATS-4,T_RATS-4,Primary BMU,COAL,COAL,BMU,Generation Unit,,,
RATSGT-2,T_RATSGT-2,Primary BMU,OCGT,OCGT,BMU,Generation Unit,Y,,
RATSGT-4,T_RATSGT-4,Primary BMU,OCGT,OCGT,BMU,Generation Unit,Y,,
RAVED-1,T_RAVED-1,Primary BMU,OTHER,OTHER,BMU,Demand Unit,,,
RCBKO-1,T_RCBKO-1,Primary BMU,WIND,WIND,BMU,Generation Unit,Y,,
RCBKO-2,T_RCBKO-2,Primary BMU,WIND,WIND,BMU,Generation Unit,Y,,
RCKFB-1,V__EFEEL400,Secondary BMU,OTHER,BATTERIES,BMU,Bi-Directional,,,
RDFRB-1,,Primary BMU,OTHER,GAS,BMU,Generation Unit,Y,,
RDFRD-1,,Primary BMU,OTHER,GAS,BMU,Generation Unit,Y,,
RDSCR-1,,Primary BMU,OTHER,GAS,BMU,Generation Unit,Y,,
RHAMD-1,T__MYELT001,Primary BMU,OTHER,OTHER,BMU,Demand Unit,,,
RHEI-4,E_RHEI-1,Primary BMU,NPSHYD,NPSHYD,BMU,Generation Unit,Y,,
RHYFW-1,,Primary BMU,WIND,WIND,BMU,Generation Unit,Y,,
RICHB-1,,Primary BMU,OTHER,BATTERIES,BMU,Bi-Directional,Y,,
RICHB-2,,Primary BMU,OTHER,BATTERIES,BMU,Bi-Directional,Y,,
RIVEN-1,E_RIVEN-1,Primary BMU,OTHER,OTHER,BMU,Generation Unit,Y,,
RMPNO-1,T_RMPNO-1,Primary BMU,WIND,WIND,BMU,Generation Unit,Y,,
RMPNO-2,T_RMPNO-2,Primary BMU,WIND,WIND,BMU,Generation Unit,Y,,
ROARB-1,E_ROARB-1,Primary BMU,OTHER,BATTERIES,BMU,Bi-Directional,Y,,
ROCK-1,T_ROCK-1,Primary BMU,CCGT,CCGT,BMU,Generation Unit,Y,,
ROOSB-1,,Primary BMU,OTHER,BATTERIES,BMU,Generation Unit,Y,,
ROTHW-1,2__PENEC001,Primary BMU,WIND,WIND,BMU,Generation Unit,Y,,
RREW-1,T_RREW-1,Primary BMU,WIND,WIND,BMU,Generation Unit,Y,,
RRWW-1,T_RRWW-1,Primary BMU,WIND,WIND,BMU,Generation Unit,Y,,
RSCRB-1,2__FRWED001,Primary BMU,OTHER,BATTERIES,BMU,Bi-Directional,,,
RSHLW-1,E_RSHLW-1,Primary BMU,WIND,WIND,EELPS,Generation Unit,Y,,
RTHSC-1,T_RTHSC-1,Primary BMU,OTHER,LOAD RESPONSE,BMU,Generation Unit,,,
RYHPS-1,T_RYHPS-1,Primary BMU,CCGT,CCGT,BMU,Generation Unit,Y,,
SACOD-1,T_SACOD-1,Primary BMU,OTHER,OTHER,BMU,Demand Unit,,,
SAKNW-1,T_SAKNW-1,Primary BMU,WIND,WIND,BMU,Generation Unit,Y,,
SANDW-1,,Primary BMU,WIND,WIND,EELPS,Generation Unit,Y,,
SANQW-1,T_SANQW-1,Primary BMU,WIND,WIND,BMU,Generation Unit,Y,,
SCCL-1,T_SCCL-1,Primary BMU,CCGT,CCGT,BMU,Generation Unit,Y,,
SCCL-2,T_SCCL-2,Primary BMU,CCGT,CCGT,BMU,Generation Unit,Y,,
SCCL-3,T_SCCL-3,Primary BMU,CCGT,CCGT,BMU,Generation Unit,Y,,
SCCLD-1,T_SCCL-4,Primary BMU,OTHER,OTHER,BMU,Demand Unit,,,
SCMRW-1,,Primary BMU,WIND,WIND,BMU,Generation Unit,,,
SEE-ATL01,2__JIMPO000,Primary BMU,OTHER,OTHER,BMU,Demand Unit,,,
SEE-AXPO1,2__JAXPO000,Primary BMU,OTHER,OTHER,BMU,Demand Unit,,,
SEE-BET01,2__JNELC000,Primary BMU,OTHER,OTHER,BMU,Demand Unit,,,
SEE-BGS01,2__JBGAS000,Primary BMU,OTHER,OTHER,BMU,Demand Unit,,,
SEE-BIZ01,2__JBIZZ000,Primary BMU,OTHER,OTHER,BMU,Demand Unit,,,
SEE-EAS01,2__JEELC000,Primary BMU,OTHER,OTHER,BMU,Demand Unit,,,
SEE-EDF01,2__JEDFE000,Primary BMU,OTHER,OTHER,BMU,Demand Unit,,,
SEE-EDR01,2__JEDIR000,Primary BMU,OTHER,OTHER,BMU,Demand Unit,,,
SEE-ENR01,2__JENRD000,Primary BMU,OTHER,OTHER,BMU,Demand Unit,,,
SEE-EON01,2__JEOND000,Primary BMU,OTHER,OTHER,BMU,Demand Unit,,,
SEE-GDF01,2__JRWED000,Primary BMU,OTHER,OTHER,BMU,Demand Unit,,,
SEE-HPW01,2__JHPOW000,Primary BMU,OTHER,OTHER,BMU,Demand Unit,,,
SEE-HVN01,2__JHAVE000,Primary BMU,OTHER,OTHER,BMU,Demand Unit,,,
SEEL-1,T_SEEL-1,Primary BMU,OCGT,OCGT,BMU,Generation Unit,Y,,
SEE-LON01,2__JLOND000,Primary BMU,OTHER,OTHER,BMU,Demand Unit,,,
SEE-MID01,2__JMIDE000,Primary BMU,OTHER,OTHER,BMU,Demand Unit,,,
SEE-MNW01,2__JMANW000,Primary BMU,OTHER,OTHER,BMU,Demand Unit,,,
SEE-MSG01,2__JMSCG000,Primary BMU,OTHER,OTHER,BMU,Demand Unit,,,
SEE-NPE01,2__JNATP000,Primary BMU,OTHER,OTHER,BMU,Demand Unit,,,
SEE-OCT01,2__JMRCY000,Primary BMU,OTHER,OTHER,BMU,Demand Unit,,,
SEE-OGA01,2__JOGAS000,Primary BMU,OTHER,OTHER,BMU,Demand Unit,,,
SEE-PGE01,2__JEMEB000,Primary BMU,OTHER,OTHER,BMU,Demand Unit,,,
SEE-PGU01,2__JPGEN000,Primary BMU,OTHER,OTHER,BMU,Demand Unit,,,
SEE-SEE01,2__JSEEB000,Primary BMU,OTHER,OTHER,BMU,Demand Unit,,,
SEE-SEL01,2__JSMAR000,Primary BMU,OTHER,OTHER,BMU,Demand Unit,,,
SEE-SPC01,2__JSPOW000,Primary BMU,OTHER,OTHER,BMU,Demand Unit,,,
SEE-SSE01,2__JHYDE000,Primary BMU,OTHER,OTHER,BMU,Demand Unit,,,
SEE-STH01,2__JSOUT000,Primary BMU,OTHER,OTHER,BMU,Demand Unit,,,
SEE-SWA01,2__JSWAE000,Primary BMU,OTHER,OTHER,BMU,Demand Unit,,,
SEE-SWT01,2__JSWEB000,Primary BMU,OTHER,OTHER,BMU,Demand Unit,,,
SEE-TFE01,2__JTGPL000,Primary BMU,OTHER,OTHER,BMU,Demand Unit,,,
SEE-VTF01,2__JVETS000,Primary BMU,OTHER,OTHER,BMU,Demand Unit,,,
SEVIU-1,E_SEVINGTN,Primary BMU,OTHER,GAS,BMU,Bi-Directional,Y,,
SFERD-1,T_STFERGD-1,Primary BMU,OTHER,OTHER,BMU,Demand Unit,,,
SFGSD-1,T_SFGSD-1,Primary BMU,OTHER,OTHER,BMU,Demand Unit,,,
SFGSD-2,T_SFGSD-2,Primary BMU,OTHER,OTHER,BMU,Demand Unit,,,
SFIL-1,2__PIMPO011,Primary BMU,NPSHYD,NPSHYD,EELPS,Generation Unit,Y,,
SFILD-1,T_SFILD-1,Primary BMU,OTHER,OTHER,BMU,Demand Unit,,,
SGRWO-1,T_SGRWO-1,Primary BMU,WIND,WIND,BMU,Generation Unit,Y,,
SGRWO-2,T_SGRWO-2,Primary BMU,WIND,WIND,BMU,Generation Unit,Y,,
SGRWO-3,T_SGRWO-3,Primary BMU,WIND,WIND,BMU,Generation Unit,Y,,
SGRWO-4,T_SGRWO-4,Primary BMU,WIND,WIND,BMU,Generation Unit,Y,,
SGRWO-5,T_SGRWO-5,Primary BMU,WIND,WIND,BMU,Generation Unit,Y,,
SGRWO-6,T_SGRWO-6,Primary BMU,WIND,WIND,BMU,Generation Unit,Y,,
SHBA-1,T_SHBA-1,Primary BMU,CCGT,CCGT,BMU,Generation Unit,Y,,
SHBA-2,T_SHBA-2,Primary BMU,CCGT,CCGT,BMU,Generation Unit,Y,,
SHESD-1,2__JRWED001,Primary BMU,OTHER,OTHER,BMU,Demand Unit,,,
SHILB-1,E_SHILB-1,Primary BMU,OTHER,BATTERIES,BMU,Bi-Directional,Y,,
SHIN-1,2__PIMPO012,Primary BMU,NPSHYD,NPSHYD,EELPS,Generation Unit,Y,,
SHIN-2,2__PIMPO013,Primary BMU,NPSHYD,NPSHYD,EELPS,Generation Unit,Y,,
SHOPD-1,E_SHOT-P,Primary BMU,OTHER,OTHER,BMU,Demand Unit,,,
SHOS-1,E_SHOS-1,Primary BMU,CCGT,CCGT,BMU,Generation Unit,Y,,
SHRSO-1,T_SHRSW-1,Primary BMU,WIND,WIND,BMU,Generation Unit,Y,,
SHRSO-2,T_SHRSW-2,Primary BMU,WIND,WIND,BMU,Generation Unit,Y,,
SIMEC-1,T_SIMEC-1,Primary BMU,BIOMASS,BIOMASS,BMU,Generation Unit,Y,,
SIZB-1,T_SIZB-1,Primary BMU,NUCLEAR,NUCLEAR,BMU,Generation Unit,Y,,
SIZB-2,T_SIZB-2,Primary BMU,NUCLEAR,NUCLEAR,BMU,Generation Unit,Y,,
SKELB-1,,Primary BMU,OTHER,BATTERIES,BMU,Bi-Directional,Y,,
SLOY-1,M_SLOY-1,Primary BMU,NPSHYD,NPSHYD,BMU,Generation Unit,Y,,
SLOY-2,T_SLOY-2,Primary BMU,NPSHYD,NPSHYD,BMU,Generation Unit,Y,,
SLOY-3,T_SLOY-3,Primary BMU,NPSHYD,NPSHYD,BMU,Generation Unit,Y,,
SLOY-4,M_SLOY-4,Primary BMU,NPSHYD,NPSHYD,BMU,Generation Unit,Y,,
SLOYD-1,T_SLOYD-1,Primary BMU,OTHER,OTHER,BMU,Demand Unit,,,
SOAYS-1,T_SOAYS-1,Primary BMU,OTHER,SOLAR,BMU,Generation Unit,,,
SOFWO-11,T_SOFOW-11,Primary BMU,WIND,WIND,BMU,Generation Unit,,,
SOFWO-12,T_SOFOW-12,Primary BMU,WIND,WIND,BMU,Generation Unit,,,
SOFWO-21,T_SOFOW-21,Primary BMU,WIND,WIND,BMU,Generation Unit,,,
SOFWO-22,T_SOFOW-22,Primary BMU,WIND,WIND,BMU,Generation Unit,,,
SOKYW-1,T_SOKYW-1,Primary BMU,WIND,WIND,BMU,Generation Unit,Y,,
SOLUU-1,E_SOLUTIA,Primary BMU,OTHER,GAS,BMU,Generation Unit,Y,,
SPEY-1,,Primary BMU,OTHER,OTHER,EELPS,Generation Unit,Y,,
SPLN-1,T_SPLN-1,Primary BMU,CCGT,CCGT,BMU,Generation Unit,Y,,
SROM-1,2__PIMPO003,Primary BMU,NPSHYD,NPSHYD,EELPS,Generation Unit,,,
SSC-ATL01,2__NIMPO000,Primary BMU,OTHER,OTHER,BMU,Demand Unit,,,
SSC-AXPO1,2__NAXPO000,Primary BMU,OTHER,OTHER,BMU,Demand Unit,,,
SSC-BET01,2__NNELC000,Primary BMU,OTHER,OTHER,BMU,Demand Unit,,,
SSC-BGS01,2__NBGAS000,Primary BMU,OTHER,OTHER,BMU,Demand Unit,,,
SSC-BIZ01,2__NBIZZ000,Primary BMU,OTHER,OTHER,BMU,Demand Unit,,,
SSC-ECO01,2__NECON000,Primary BMU,OTHER,OTHER,BMU,Demand Unit,,,
SSC-EDF01,2__NEDFE000,Primary BMU,OTHER,OTHER,BMU,Demand Unit,,,
SSC-EDR01,2__NEDIR000,Primary BMU,OTHER,OTHER,BMU,Demand Unit,,,
SSC-ENR01,2__NENRD000,Primary BMU,OTHER,OTHER,BMU,Demand Unit,,,
SSC-EON01,2__NEOND000,Primary BMU,OTHER,OTHER,BMU,Demand Unit,,,
SSC-GDF01,2__NRWED000,Primary BMU,OTHER,OTHER,BMU,Demand Unit,,,
SSC-HPW01,2__NHPOW000,Primary BMU,OTHER,OTHER,BMU,Demand Unit,,,
SSC-HVN01,2__NHAVE000,Primary BMU,OTHER,OTHER,BMU,Demand Unit,,,
SSC-LON01,2__NLOND000,Primary BMU,OTHER,OTHER,BMU,Demand Unit,,,
SSC-MID01,2__NMIDE000,Primary BMU,OTHER,OTHER,BMU,Demand Unit,,,
SSC-MNW01,2__NMANW000,Primary BMU,OTHER,OTHER,BMU,Demand Unit,,,
SSC-MSG01,2__NMSCG000,Primary BMU,OTHER,OTHER,BMU,Demand Unit,,,
SSC-NPE01,2__NNATP000,Primary BMU,OTHER,OTHER,BMU,Demand Unit,,,
SSC-OCT01,2__NMRCY000,Primary BMU,OTHER,OTHER,BMU,Demand Unit,,,
SSC-OGA01,2__NOGAS000,Primary BMU,OTHER,OTHER,BMU,Demand Unit,,,
SSC-PGE01,2__NEMEB000,Primary BMU,OTHER,OTHER,BMU,Demand Unit,,,
SSC-PGU01,2__NPGEN000,Primary BMU,OTHER,OTHER,BMU,Demand Unit,,,
SSC-SEE01,2__NSEEB000,Primary BMU,OTHER,OTHER,BMU,Demand Unit,,,
SSC-SEL01,2__NSMAR000,Primary BMU,OTHER,OTHER,BMU,Demand Unit,,,
SSC-SPC01,2__NSPOW000,Primary BMU,OTHER,OTHER,BMU,Demand Unit,,,
SSC-SSE01,2__NHYDE000,Primary BMU,OTHER,OTHER,BMU,Demand Unit,,,
SSC-STH01,2__NSOUT000,Primary BMU,OTHER,OTHER,BMU,Demand Unit,,,
SSC-SWA01,2__NSWAE000,Primary BMU,OTHER,OTHER,BMU,Demand Unit,,,
SSC-SWT01,2__NSWEB000,Primary BMU,OTHER,OTHER,BMU,Demand Unit,,,
STALB-1,,Primary BMU,OTHER,BATTERIES,BMU,Generation Unit,,,
STAY-1,T_STAY-1,Primary BMU,CCGT,CCGT,BMU,Generation Unit,Y,,
STAY-2,T_STAY-2,Primary BMU,CCGT,CCGT,BMU,Generation Unit,Y,,
STAY-3,T_STAY-3,Primary BMU,CCGT,CCGT,BMU,Generation Unit,Y,,
STAY-4,T_STAY-4,Primary BMU,CCGT,CCGT,BMU,Generation Unit,Y,,
STCR-1,,Primary BMU,OTHER,OTHER,EELPS,Generation Unit,Y,,
STH-ATL01,2__HIMPO000,Primary BMU,OTHER,OTHER,BMU,Demand Unit,,,
STH-AXPO1,2__HAXPO000,Primary BMU,OTHER,OTHER,BMU,Demand Unit,,,
STH-BET01,2__HNELC000,Primary BMU,OTHER,OTHER,BMU,Demand Unit,,,
STH-BGS01,2__HBGAS000,Primary BMU,OTHER,OTHER,BMU,Demand Unit,,,
STH-BIZ01,2__HBIZZ000,Primary BMU,OTHER,OTHER,BMU,Demand Unit,,,
STH-EDF01,2__HEDFE000,Primary BMU,OTHER,OTHER,BMU,Demand Unit,,,
STH-EDR01,2__HEDIR000,Primary BMU,OTHER,OTHER,BMU,Demand Unit,,,
STH-ENR01,2__HENRD000,Primary BMU,OTHER,OTHER,BMU,Demand Unit,,,
STH-EON01,2__HEOND000,Primary BMU,OTHER,OTHER,BMU,Demand Unit,,,
STH-GDF01,2__HRWED000,Primary BMU,OTHER,OTHER,BMU,Demand Unit,,,
STH-HPW01,2__HHPOW000,Primary BMU,OTHER,OTHER,BMU,Demand Unit,,,
STH-HVN01,2__HHAVE000,Primary BMU,OTHER,OTHER,BMU,Demand Unit,,,
STH-LON01,2__HLOND000,Primary BMU,OTHER,OTHER,BMU,Demand Unit,,,
STH-MID01,2__HMIDE000,Primary BMU,OTHER,OTHER,BMU,Demand Unit,,,
STH-MNW01,2__HMANW000,Primary BMU,OTHER,OTHER,BMU,Demand Unit,,,
STH-MSG01,2__HMSCG000,Primary BMU,OTHER,OTHER,BMU,Demand Unit,,,
STH-NPE01,2__HNATP000,Primary BMU,OTHER,OTHER,BMU,Demand Unit,,,
STH-OCT01,2__HMRCY000,Primary BMU,OTHER,OTHER,BMU,Demand Unit,,,
STH-OGA01,2__HOGAS000,Primary BMU,OTHER,OTHER,BMU,Demand Unit,,,
STH-PGE01,2__HEMEB000,Primary BMU,OTHER,OTHER,BMU,Demand Unit,,,
STH-PGU01,2__HPGEN000,Primary BMU,OTHER,OTHER,BMU,Demand Unit,,,
STH-SEE01,2__HSEEB000,Primary BMU,OTHER,OTHER,BMU,Demand Unit,,,
STH-SEL01,2__HSMAR000,Primary BMU,OTHER,OTHER,BMU,Demand Unit,,,
STH-SPC01,2__HSPOW000,Primary BMU,OTHER,OTHER,BMU,Demand Unit,,,
STH-SSE01,2__HHYDE000,Primary BMU,OTHER,OTHER,BMU,Demand Unit,,,
STH-STH01,2__HSOUT000,Primary BMU,OTHER,OTHER,BMU,Demand Unit,,,
STH-SWA01,2__HSWAE000,Primary BMU,OTHER,OTHER,BMU,Demand Unit,,,
STH-SWT01,2__HSWEB000,Primary BMU,OTHER,OTHER,BMU,Demand Unit,,,
STH-TFE01,2__HTGPL000,Primary BMU,OTHER,OTHER,BMU,Demand Unit,,,
STLGW-1,T_STLGW-1,Primary BMU,WIND,WIND,BMU,Generation Unit,Y,,
STLGW-2,T_STLGW-2,Primary BMU,WIND,WIND,BMU,Generation Unit,Y,,
STLGW-3,T_STLGW-3,Primary BMU,WIND,WIND,BMU,Generation Unit,Y,,
STPSW-1,,Primary BMU,WIND,WIND,EELPS,Generation Unit,Y,,
STRHW-1,E_STRHW-1,Primary BMU,WIND,WIND,BMU,Generation Unit,Y,,
STRNW-1,T_STRNW-1,Primary BMU,WIND,WIND,BMU,Generation Unit,Y,,
STVE-1,2__PIMPO004,Primary BMU,NPSHYD,NPSHYD,EELPS,Generation Unit,,,
STVE-2,2__PIMPO005,Primary BMU,NPSHYD,NPSHYD,EELPS,Generation Unit,,,
SUDME-1,,Primary BMU,OTHER,GAS,BMU,Generation Unit,Y,,
SUNDB-1,,Primary BMU,OTHER,BATTERIES,BMU,Bi-Directional,Y,,
SUTB-1,T_SUTB-1,Primary BMU,CCGT,CCGT,BMU,Generation Unit,Y,,
SUTBS-1,T_SUTBS-1,Primary BMU,OTHER,SOLAR,BMU,Generation Unit,Y,,
SVRP-10,T_SVRP-10,Primary BMU,OTHER,GAS,BMU,Generation Unit,Y,,
SVRP-20,T_SVRP-20,Primary BMU,OTHER,GAS,BMU,Generation Unit,Y,,
SWA-ATL01,2__KIMPO000,Primary BMU,OTHER,OTHER,BMU,Demand Unit,,,
SWA-AXPO1,2__KAXPO000,Primary BMU,OTHER,OTHER,BMU,Demand Unit,,,
SWA-BET01,2__KNELC000,Primary BMU,OTHER,OTHER,BMU,Demand Unit,,,
SWA-BGS01,2__KBGAS000,Primary BMU,OTHER,OTHER,BMU,Demand Unit,,,
SWA-BIZ01,2__KBIZZ000,Primary BMU,OTHER,OTHER,BMU,Demand Unit,,,
SWA-EDF01,2__KEDFE000,Primary BMU,OTHER,OTHER,BMU,Demand Unit,,,
SWA-EDR01,2__KEDIR000,Primary BMU,OTHER,OTHER,BMU,Demand Unit,,,
SWA-ENR01,2__KENRD000,Primary BMU,OTHER,OTHER,BMU,Demand Unit,,,
SWA-EON01,2__KEOND000,Primary BMU,OTHER,OTHER,BMU,Demand Unit,,,
SWA-GDF01,2__KRWED000,Primary BMU,OTHER,OTHER,BMU,Demand Unit,,,
SWA-HPW01,2__KHPOW000,Primary BMU,OTHER,OTHER,BMU,Demand Unit,,,
SWA-HVN01,2__KHAVE000,Primary BMU,OTHER,OTHER,BMU,Demand Unit,,,
SWA-LON01,2__KLOND000,Primary BMU,OTHER,OTHER,BMU,Demand Unit,,,
SWA-MID01,2__KMIDE000,Primary BMU,OTHER,OTHER,BMU,Demand Unit,,,
SWA-MNW01,2__KMANW000,Primary BMU,OTHER,OTHER,BMU,Demand Unit,,,
SWA-MSG01,2__KMSCG000,Primary BMU,OTHER,OTHER,BMU,Demand Unit,,,
SWA-NPE01,2__KNATP000,Primary BMU,OTHER,OTHER,BMU,Demand Unit,,,
SWA-OCT01,2__KMRCY000,Primary BMU,OTHER,OTHER,BMU,Demand Unit,,,
SWA-OGA01,2__KOGAS000,Primary BMU,OTHER,OTHER,BMU,Demand Unit,,,
SWA-PGE01,2__KEMEB000,Primary BMU,OTHER,OTHER,BMU,Demand Unit,,,
SWA-PGU01,2__KPGEN000,Primary BMU,OTHER,OTHER,BMU,Demand Unit,,,
SWA-SEE01,2__KSEEB000,Primary BMU,OTHER,OTHER,BMU,Demand Unit,,,
SWA-SEL01,2__KSMAR000,Primary BMU,OTHER,OTHER,BMU,Demand Unit,,,
SWA-SPC01,2__KSPOW000,Primary BMU,OTHER,OTHER,BMU,Demand Unit,,,
SWA-SSE01,2__KHYDE000,Primary BMU,OTHER,OTHER,BMU,Demand Unit,,,
SWA-STH01,2__KSOUT000,Primary BMU,OTHER,OTHER,BMU,Demand Unit,,,
SWA-SWA01,2__KSWAE000,Primary BMU,OTHER,OTHER,BMU,Demand Unit,,,
SWA-SWT01,2__KSWEB000,Primary BMU,OTHER,OTHER,BMU,Demand Unit,,,
SWA-TFE01,2__KTGPL000,Primary BMU,OTHER,OTHER,BMU,Demand Unit,,,
SWA-UKP01,2__KUKPR000,Primary BMU,OTHER,OTHER,BMU,Generation Unit,,,
SWBKW-1,E_SWBKW-1,Primary BMU,WIND,WIND,BMU,Generation Unit,Y,,
SWDNB-1,E_SWDNB-1,Primary BMU,OTHER,BATTERIES,BMU,Bi-Directional,,,
SWGTB-1,,Additional Supplier BMU,OTHER,BATTERIES,BMU,Bi-Directional,,,
SWT-ATL01,2__LIMPO000,Primary BMU,OTHER,OTHER,BMU,Demand Unit,,,
SWT-AXPO1,2__LAXPO000,Primary BMU,OTHER,OTHER,BMU,Demand Unit,,,
SWT-BET01,2__LNELC000,Primary BMU,OTHER,OTHER,BMU,Demand Unit,,,
SWT-BGS01,2__LBGAS000,Primary BMU,OTHER,OTHER,BMU,Demand Unit,,,
SWT-BIZ01,2__LBIZZ000,Primary BMU,OTHER,OTHER,BMU,Demand Unit,,,
SWT-EDF01,2__LEDFE000,Primary BMU,OTHER,OTHER,BMU,Demand Unit,,,
SWT-EDR01,2__LEDIR000,Primary BMU,OTHER,OTHER,BMU,Demand Unit,,,
SWT-ENR01,2__LENRD000,Primary BMU,OTHER,OTHER,BMU,Demand Unit,,,
SWT-EON01,2__LEOND000,Primary BMU,OTHER,OTHER,BMU,Demand Unit,,,
SWT-GDF01,2__LRWED000,Primary BMU,OTHER,OTHER,BMU,Demand Unit,,,
SWT-HPW01,2__LHPOW000,Primary BMU,OTHER,OTHER,BMU,Demand Unit,,,
SWT-HVN01,2__LHAVE000,Primary BMU,OTHER,OTHER,BMU,Demand Unit,,,
SWT-LON01,2__LLOND000,Primary BMU,OTHER,OTHER,BMU,Demand Unit,,,
SWT-MID01,2__LMIDE000,Primary BMU,OTHER,OTHER,BMU,Demand Unit,,,
SWT-MNW01,2__LMANW000,Primary BMU,OTHER,OTHER,BMU,Demand Unit,,,
SWT-MSG01,2__LMSCG000,Primary BMU,OTHER,OTHER,BMU,Demand Unit,,,
SWT-NPE01,2__LNATP000,Primary BMU,OTHER,OTHER,BMU,Demand Unit,,,
SWT-OCT01,2__LMRCY000,Primary BMU,OTHER,OTHER,BMU,Demand Unit,,,
SWT-OGA01,2__LOGAS000,Primary BMU,OTHER,OTHER,BMU,Demand Unit,,,
SWT-PGE01,2__LEMEB000,Primary BMU,OTHER,OTHER,BMU,Demand Unit,,,
SWT-PGU01,2__LPGEN000,Primary BMU,OTHER,OTHER,BMU,Demand Unit,,,
SWT-SEE01,2__LSEEB000,Primary BMU,OTHER,OTHER,BMU,Demand Unit,,,
SWT-SEL01,2__LSMAR000,Primary BMU,OTHER,OTHER,BMU,Demand Unit,,,
SWT-SPC01,2__LSPOW000,Primary BMU,OTHER,OTHER,BMU,Demand Unit,,,
SWT-SSE01,2__LHYDE000,Primary BMU,OTHER,OTHER,BMU,Demand Unit,,,
SWT-STH01,2__LSOUT000,Primary BMU,OTHER,OTHER,BMU,Demand Unit,,,
SWT-SWA01,2__LSWAE000,Primary BMU,OTHER,OTHER,BMU,Demand Unit,,,
SWT-SWT01,2__LSWEB000,Primary BMU,OTHER,OTHER,BMU,Demand Unit,,,
SWT-TFE01,2__LTGPL000,Primary BMU,OTHER,OTHER,BMU,Demand Unit,,,
SZJNB-1,T_SZJNB-1,Primary BMU,OTHER,BATTERIES,BMU,Bi-Directional,,,
TACHW-1,2__PSMAE003,Primary BMU,WIND,WIND,EELPS,Generation Unit,Y,,
TANGW-1,,Primary BMU,WIND,WIND,EELPS,Generation Unit,Y,,
TAYL2G,E_TAYL2G,Primary BMU,OCGT,OCGT,BMU,Generation Unit,Y,,
TAYL3G,E_TAYL3G,Primary BMU,OCGT,OCGT,BMU,Generation Unit,Y,,
TDBNW-1,T_TDBNW-1,Primary BMU,WIND,WIND,BMU,Generation Unit,Y,,
TDRVE-1,,Primary BMU,OTHER,GAS,BMU,Generation Unit,Y,,
TEBWB-1,T_TEBWB-1,Primary BMU,OTHER,BATTERIES,BMU,Bi-Directional,,,
TEBWS-1,T_TEBWS-1,Primary BMU,OTHER,SOLAR,BMU,Generation Unit,,,
THMRB-1,,Primary BMU,OTHER,BATTERIES,BMU,Bi-Directional,Y,,
THNTO-1,T_THNTO-1,Primary BMU,WIND,WIND,BMU,Generation Unit,Y,,
THNTO-2,T_THNTO-2,Primary BMU,WIND,WIND,BMU,Generation Unit,Y,,
THNTW-1,E_THNTW-1,Primary BMU,WIND,WIND,BMU,Generation Unit,,,
THNTW-2,E_THNTW-2,Primary BMU,WIND,WIND,BMU,Generation Unit,,,
THRNL-1,E_THRNL-1,Primary BMU,OCGT,OCGT,BMU,Generation Unit,,,
THRSC-1,T_THRSC-1,Primary BMU,OTHER,LOAD RESPONSE,BMU,Generation Unit,,,
THUPG-1,T_THUPG-1,Primary BMU,OTHER,GAS,BMU,Generation Unit,Y,,
THUPG-2,T_THUPG-2,Primary BMU,OTHER,GAS,BMU,Generation Unit,Y,,
THUPG-3,T_THUPG-3,Primary BMU,OTHER,GAS,BMU,Generation Unit,Y,,
THURB-1,T_THURB-1,Primary BMU,OTHER,BATTERIES,BMU,Bi-Directional,Y,,
THURB-2,T_THURB-2,Primary BMU,OTHER,BATTERIES,BMU,Bi-Directional,Y,,
THURB-3,T_THURB-3,Primary BMU,OTHER,BATTERIES,BMU,Bi-Directional,Y,,
TIBG-1,E_TGP1,Primary BMU,OTHER,OTHER,BMU,Generation Unit,Y,,
TILB0G,T_TILB0G,Primary BMU,OCGT,OCGT,BMU,Generation Unit,,,
TILB7G,T_TILB7G,Primary BMU,OCGT,OCGT,BMU,Generation Unit,,,
TILB8G,T_TILB8G,Primary BMU,OCGT,OCGT,BMU,Generation Unit,,,
TILB9G,T_TILB9G,Primary BMU,OCGT,OCGT,BMU,Generation Unit,,,
TINSD-1,T_TINSD-1,Primary BMU,OTHER,OTHER,BMU,Demand Unit,,,
TKNEW-1,T_TKNEW-1,Primary BMU,WIND,WIND,BMU,Generation Unit,Y,,
TKNWW-1,T_TKNWW-1,Primary BMU,WIND,WIND,BMU,Generation Unit,Y,,
TLYMW-1,E_TLYMW-1,Primary BMU,WIND,WIND,BMU,Generation Unit,Y,,
TMNCW-1,C__PSTAT011,Primary BMU,WIND,WIND,EELPS,Generation Unit,Y,,
TMWLW-1,,Primary BMU,WIND,WIND,EELPS,Generation Unit,Y,,
TODSD-1,T_TODSD-1,Primary BMU,OTHER,OTHER,BMU,Demand Unit,,,
TOLLB-1,,Primary BMU,OTHER,BATTERIES,BMU,Bi-Directional,Y,,
TONG-2,,Primary BMU,NPSHYD,NPSHYD,EELPS,Generation Unit,Y,,
TONG-3,,Primary BMU,NPSHYD,NPSHYD,EELPS,Generation Unit,Y,,
TORA-1,,Primary BMU,NPSHYD,NPSHYD,BMU,Generation Unit,,,
TORA-2,,Primary BMU,NPSHYD,NPSHYD,BMU,Generation Unit,,,
TORN-1,T_TORN-1,Primary BMU,NUCLEAR,NUCLEAR,BMU,Generation Unit,Y,,
TORN-2,T_TORN-2,Primary BMU,NUCLEAR,NUCLEAR,BMU,Generation Unit,Y,,
TORND-1,T_TORN-D,Primary BMU,OTHER,OTHER,BMU,Demand Unit,,,
TORQB-1,E_TORQB-1,Primary BMU,OTHER,BATTERIES,BMU,Bi-Directional,Y,,
TRFPK-1,,Primary BMU,OTHER,GAS,BMU,Generation Unit,Y,,
TRLGW-1,T_TRLGW-1,Primary BMU,WIND,WIND,BMU,Generation Unit,Y,,
TRMFD-1,T__KYELT003,Primary BMU,OTHER,OTHER,BMU,Demand Unit,,,
TSREP-1,T_TSREP-1,Primary BMU,BIOMASS,BIOMASS,BMU,Generation Unit,Y,,
TULWW-1,E_TULWW-1,Primary BMU,WIND,WIND,EELPS,Generation Unit,Y,,
TULWW-2,E_TULWW-2,Primary BMU,WIND,WIND,BMU,Generation Unit,Y,,
TUMB-1,,Primary BMU,NPSHYD,NPSHYD,EELPS,Generation Unit,Y,,
TUMB-2,,Primary BMU,NPSHYD,NPSHYD,EELPS,Generation Unit,Y,,
TWSHW-1,T_TWSHW-1,Primary BMU,WIND,WIND,BMU,Generation Unit,Y,,
TYLNB-1,T_TYLNB-1,Primary BMU,OTHER,BATTERIES,BMU,Bi-Directional,,,
TYLNS-1,T_TYLNS-1,Primary BMU,OTHER,SOLAR,BMU,Generation Unit,,,
UF_PGP02,,Primary BMU,OTHER,BATTERIES,BMU,Bi-Directional,,,
UNPKD-1,T_UNPKD-1,Primary BMU,OTHER,OTHER,BMU,Demand Unit,,,
UNPKD-2,T_UNPKD-2,Primary BMU,OTHER,OTHER,BMU,Demand Unit,,,
USKM-13,T_USKM-13,Primary BMU,COAL,COAL,BMU,Generation Unit,,,
USKM-14,T_USKM-14,Primary BMU,COAL,COAL,BMU,Generation Unit,,,
USKM-15,T_USKM-15,Primary BMU,COAL,COAL,BMU,Generation Unit,,,
USKMB-2,T_USKMB-2,Primary BMU,OTHER,BATTERIES,BMU,Bi-Directional,Y,,
USKMB-3,T_USKMB-3,Primary BMU,OTHER,BATTERIES,BMU,Bi-Directional,Y,,
USKMB-4,T_USKMB-4,Primary BMU,OTHER,BATTERIES,BMU,Bi-Directional,Y,,
USKMB-5,T_USKMB-5,Primary BMU,OTHER,BATTERIES,BMU,Bi-Directional,Y,,
VKING-2,E_VKING-2,Primary BMU,OCGT,OCGT,BMU,Generation Unit,,,
VKNGW-1,T_VKNGW-1,Primary BMU,WIND,WIND,BMU,Generation Unit,Y,,
VKNGW-2,T_VKNGW-2,Primary BMU,WIND,WIND,BMU,Generation Unit,Y,,
VKNGW-3,T_VKNGW-3,Primary BMU,WIND,WIND,BMU,Generation Unit,Y,,
VKNGW-4,T_VKNGW-4,Primary BMU,WIND,WIND,BMU,Generation Unit,Y,,
WBUGT-1,T_WBUGT-1,Primary BMU,OCGT,OCGT,BMU,Generation Unit,Y,,
WBUGT-4,T_WBUGT-4,Primary BMU,OCGT,OCGT,BMU,Generation Unit,Y,,
WBUPS-1,T_WBUPS-1,Primary BMU,COAL,COAL,BMU,Generation Unit,,,
WBUPS-2,T_WBUPS-2,Primary BMU,COAL,COAL,BMU,Generation Unit,,,
WBUPS-3,T_WBUPS-3,Primary BMU,COAL,COAL,BMU,Generation Unit,,,
WBUPS-4,T_WBUPS-4,Primary BMU,COAL,COAL,BMU,Generation Unit,,,
WBURB-1,T_WBURB-1,Primary BMU,CCGT,CCGT,BMU,Generation Unit,Y,,
WBURB-2,T_WBURB-2,Primary BMU,CCGT,CCGT,BMU,Generation Unit,Y,,
WBURB-3,T_WBURB-3,Primary BMU,CCGT,CCGT,BMU,Generation Unit,Y,,
WBURB-41,T_WBURB-41,Primary BMU,CCGT,CCGT,BMU,Generation Unit,Y,,
WBURB-43,T_WBURB-43,Primary BMU,OTHER,BATTERIES,BMU,Generation Unit,Y,,
WDNSO-1,T_WDNSO-1,Primary BMU,WIND,WIND,BMU,Generation Unit,Y,,
WDNSO-2,T_WDNSO-2,Primary BMU,WIND,WIND,BMU,Generation Unit,Y,,
WDNSW-1,T_WDNSW-1,Primary BMU,WIND,WIND,BMU,Generation Unit,,,
WDNSW-2,T_WDNSW-2,Primary BMU,WIND,WIND,BMU,Generation Unit,,,
WDRGW-1,T_WDRGW-1,Primary BMU,WIND,WIND,BMU,Generation Unit,Y,,
WETHW-1,,Primary BMU,WIND,WIND,BMU,Generation Unit,Y,,
WHIHW-1,T_WHIHW-1,Primary BMU,WIND,WIND,BMU,Generation Unit,Y,,
WHILW-1,T_WHILW-1,Primary BMU,WIND,WIND,BMU,Generation Unit,Y,,
WHILW-2,T_WHILW-2,Primary BMU,WIND,WIND,BMU,Generation Unit,Y,,
WHLWB-1,,Secondary BMU,OTHER,BATTERIES,BMU,Bi-Directional,Y,,
WHTBB-1,E_WHTBB-1,Primary BMU,OTHER,BATTERIES,BMU,Bi-Directional,,,
WHTLD-1,T_WHISTLD-1,Primary BMU,OTHER,OTHER,BMU,Demand Unit,,,
WILCT-1,T_WILCT-1,Primary BMU,CCGT,CCGT,BMU,Generation Unit,Y,,
WINN-1,E_WINN-1,Primary BMU,CCGT,CCGT,NON-STANDARD,Generation Unit,Y,,
WISHB-1,,Secondary BMU,OTHER,BATTERIES,BMU,Generation Unit,Y,,
WISTW-2,T_WISTW-2,Primary BMU,WIND,WIND,BMU,Generation Unit,Y,,
WLNYO-2,T_WLNYO-2,Primary BMU,WIND,WIND,BMU,Generation Unit,Y,,
WLNYO-3,T_WLNYO-3,Primary BMU,WIND,WIND,BMU,Generation Unit,Y,,
WLNYO-4,T_WLNYO-4,Primary BMU,WIND,WIND,BMU,Generation Unit,Y,,
WLNYW-1,T_WLNYW-1,Primary BMU,WIND,WIND,BMU,Generation Unit,Y,,
WNCHB-1,,Secondary BMU,OTHER,BATTERIES,BMU,Generation Unit,,,
WNCRB-1,V__HFEEL400,Secondary BMU,OTHER,BATTERIES,BMU,Bi-Directional,,,
WOLVB-1,E_WOLVB-1,Primary BMU,OTHER,BATTERIES,BMU,Generation Unit,,,
WTGRW-1,,Primary BMU,WIND,WIND,EELPS,Generation Unit,Y,,
WTGTB-1,T_WTGTB-1,Primary BMU,OTHER,BATTERIES,BMU,Bi-Directional,,,
WTMSO-1,T_WTMSO-1,Primary BMU,WIND,WIND,BMU,Generation Unit,Y,,
WTRLN-1,,Primary BMU,OTHER,GAS,BMU,Generation Unit,Y,,
WTRSB-1,,Additional Supplier BMU,OTHER,BATTERIES,BMU,Bi-Directional,Y,,
YEP-ATL01,2__MIMPO000,Primary BMU,OTHER,OTHER,BMU,Demand Unit,,,
YEP-AXPO1,2__MAXPO000,Primary BMU,OTHER,OTHER,BMU,Demand Unit,,,
YEP-BET01,2__MNELC000,Primary BMU,OTHER,OTHER,BMU,Demand Unit,,,
YEP-BGS01,2__MBGAS000,Primary BMU,OTHER,OTHER,BMU,Demand Unit,,,
YEP-BIZ01,2__MBIZZ000,Primary BMU,OTHER,OTHER,BMU,Demand Unit,,,
YEP-EDF01,2__MEDFE000,Primary BMU,OTHER,OTHER,BMU,Demand Unit,,,
YEP-EDR01,2__MEDIR000,Primary BMU,OTHER,OTHER,BMU,Demand Unit,,,
YEP-ENR01,2__MENRD000,Primary BMU,OTHER,OTHER,BMU,Demand Unit,,,
YEP-EON01,2__MEOND000,Primary BMU,OTHER,OTHER,BMU,Demand Unit,,,
YEP-GDF01,2__MRWED000,Primary BMU,OTHER,OTHER,BMU,Demand Unit,,,
YEP-HPW01,2__MHPOW000,Primary BMU,OTHER,OTHER,BMU,Demand Unit,,,
YEP-HVN01,2__MHAVE000,Primary BMU,OTHER,OTHER,BMU,Demand Unit,,,
YEP-LON01,2__MLOND000,Primary BMU,OTHER,OTHER,BMU,Demand Unit,,,
YEP-MID01,2__MMIDE000,Primary BMU,OTHER,OTHER,BMU,Demand Unit,,,
YEP-MNW01,2__MMANW000,Primary BMU,OTHER,OTHER,BMU,Demand Unit,,,
YEP-MSG01,2__MMSCG000,Primary BMU,OTHER,OTHER,BMU,Demand Unit,,,
YEP-NPE01,2__MNATP000,Primary BMU,OTHER,OTHER,BMU,Demand Unit,,,
YEP-OCT01,2__MMRCY000,Primary BMU,OTHER,OTHER,BMU,Demand Unit,,,
YEP-OGA01,2__MOGAS000,Primary BMU,OTHER,OTHER,BMU,Demand Unit,,,
YEP-PGE01,2__MEMEB000,Primary BMU,OTHER,OTHER,BMU,Demand Unit,,,
YEP-PGU01,2__MPGEN000,Primary BMU,OTHER,OTHER,BMU,Demand Unit,,,
YEP-PGU02,2__MPGEN002,Primary BMU,OTHER,GAS,BMU,Generation Unit,,,
YEP-PGU03,2__MPGEN001,Primary BMU,OTHER,GAS,BMU,Generation Unit,,,
YEP-SEE01,2__MSEEB000,Primary BMU,OTHER,OTHER,BMU,Demand Unit,,,
YEP-SEL01,2__MSMAR000,Primary BMU,OTHER,OTHER,BMU,Demand Unit,,,
YEP-SPC01,2__MSPOW000,Primary BMU,OTHER,OTHER,BMU,Demand Unit,,,
YEP-SSE01,2__MHYDE000,Primary BMU,OTHER,OTHER,BMU,Demand Unit,,,
YEP-STH01,2__MSOUT000,Primary BMU,OTHER,OTHER,BMU,Demand Unit,,,
YEP-SWA01,2__MSWAE000,Primary BMU,OTHER,OTHER,BMU,Demand Unit,,,
YEP-SWT01,2__MSWEB000,Primary BMU,OTHER,OTHER,BMU,Demand Unit,,,
YEP-TFE01,2__MTGPL000,Primary BMU,OTHER,OTHER,BMU,Demand Unit,,,
ZEN02A,V_AZENO002,Primary BMU,OTHER,BATTERIES,BMU,Generation Unit,Y,,
