DATETIME,nuclear_outturn
2001-01-01,4762.516399243714
2001-01-02,5075.068669568954
2001-01-03,4600.100985617062
2001-01-04,5718.611247092482
2001-01-05,5010.3906048021145
2001-01-06,4752.558571137983
2001-01-07,5057.769672047899
2001-01-08,4088.2364754694627
2001-01-09,4925.154792572519
2001-01-10,4711.468634506386
2001-01-11,5303.082943114214
2001-01-12,6047.45714732611
2001-01-13,5424.4285864617195
2001-01-14,5592.676785330039
2001-01-15,5692.689308315054
2001-01-16,4297.434316183634
2001-01-17,5660.392525627788
2001-01-18,5434.557792041709
2001-01-19,4989.979118291408
2001-01-20,5126.5090945541615
2001-01-21,4851.63320252516
2001-01-22,4400.903645516857
2001-01-23,5249.297502253149
2001-01-24,5198.7796207941565
2001-01-25,5103.320964010204
2001-01-26,4270.533039634726
2001-01-27,5156.064821695276
2001-01-28,5365.156773437529
2001-01-29,4454.02161136053
2001-01-30,4965.493237134424
2001-01-31,4829.706132522181
2001-02-01,4126.692275098618
2001-02-02,4307.70082882939
2001-02-03,4140.439055151973
2001-02-04,5007.17874937993
2001-02-05,5512.350938407823
2001-02-06,4832.50572881526
2001-02-07,5222.5457255881865
2001-02-08,4760.684931265506
2001-02-09,5027.356338659651
2001-02-10,5141.254198907766
2001-02-11,4316.184482582164
2001-02-12,4314.218542578586
2001-02-13,4728.434145132791
2001-02-14,5980.68369705307
2001-02-15,5049.87827680758
2001-02-16,4643.6017620066095
2001-02-17,5293.534235632672
2001-02-18,5293.163724407239
2001-02-19,5508.2498228792265
2001-02-20,5462.011814946436
2001-02-21,5201.438440491942
2001-02-22,5426.248530016263
2001-02-23,4874.108213346868
2001-02-24,5254.927383886659
2001-02-25,5379.363227729528
2001-02-26,4775.309419377682
2001-02-27,5103.952711111074
2001-02-28,4866.592395580722
2001-03-01,4928.415938289732
2001-03-02,5000.509555059985
2001-03-03,5701.552965260152
2001-03-04,4243.060938570538
2001-03-05,5180.2192492968925
2001-03-06,4357.73114890371
2001-03-07,5171.20042292803
2001-03-08,5216.924003636755
2001-03-09,5517.957601308622
2001-03-10,4010.594601154787
2001-03-11,4763.138083924179
2001-03-12,4032.731463357093
2001-03-13,3940.9569976919165
2001-03-14,5608.525307072558
2001-03-15,4356.60803448045
2001-03-16,4198.932961987087
2001-03-17,5858.597477542283
2001-03-18,4986.055697648405
2001-03-19,5651.50752590157
2001-03-20,5156.078282297501
2001-03-21,4490.927353137305
2001-03-22,4690.7722702799465
2001-03-23,4312.83542605039
2001-03-24,4617.077545701849
2001-03-25,4925.037568632812
2001-03-26,4992.79007900351
2001-03-27,4546.307488307922
2001-03-28,5072.13687874628
2001-03-29,4103.747231922767
2001-03-30,5425.5939110865265
2001-03-31,4764.194808627384
2001-04-01,5839.69506175567
2001-04-02,4737.25682593493
2001-04-03,4231.462160672457
2001-04-04,4928.714396307471
2001-04-05,5412.02938607608
2001-04-06,5308.1187303978595
2001-04-07,5201.157982052353
2001-04-08,4220.506132923674
2001-04-09,5284.749540831077
2001-04-10,5359.241003873146
2001-04-11,4664.794086182571
2001-04-12,3693.602859967108
2001-04-13,4625.7284720708785
2001-04-14,6060.42107699226
2001-04-15,4884.629943431616
2001-04-16,5767.832809565833
2001-04-17,4808.134910047922
2001-04-18,5198.110578813276
2001-04-19,5699.458980681372
2001-04-20,5138.152051479249
2001-04-21,4860.188025592721
2001-04-22,4566.790245303716
2001-04-23,4845.915133964406
2001-04-24,4856.728910996126
2001-04-25,5236.038824855659
2001-04-26,5550.46318211076
2001-04-27,5720.53773906331
2001-04-28,4751.641656347674
2001-04-29,5433.767618019231
2001-04-30,4570.85235145334
2001-05-01,5307.58342222136
2001-05-02,5709.723908728831
2001-05-03,4611.0856512818245
2001-05-04,3576.164141520916
2001-05-05,4453.852920719117
2001-05-06,5795.4708173420895
2001-05-07,5541.10726023119
2001-05-08,5493.947999720096
2001-05-09,4580.980444508862
2001-05-10,4913.491522123247
2001-05-11,5831.195039332597
2001-05-12,5749.26236909429
2001-05-13,5285.149416264876
2001-05-14,4507.232275042465
2001-05-15,4841.008727440914
2001-05-16,4410.610105747481
2001-05-17,4529.2799784482795
2001-05-18,5068.693185489426
2001-05-19,4968.530045274453
2001-05-20,6314.193023440728
2001-05-21,5424.339625421715
2001-05-22,5780.151687062996
2001-05-23,4620.517448625559
2001-05-24,5479.653949356156
2001-05-25,5220.794650117147
2001-05-26,5438.689187883364
2001-05-27,5840.225933527039
2001-05-28,5480.189476188352
2001-05-29,5239.123577860864
2001-05-30,4592.800221985687
2001-05-31,4662.738319080017
2001-06-01,4961.407478604573
2001-06-02,5355.999336822004
2001-06-03,4534.166677945604
2001-06-04,4306.099905087419
2001-06-05,5041.954902766596
2001-06-06,5924.148154203673
2001-06-07,4705.447777085133
2001-06-08,4304.14745729053
2001-06-09,5156.614967043516
2001-06-10,4394.218240047594
2001-06-11,5893.763862191928
2001-06-12,4050.842052261479
2001-06-13,4680.4813121107345
2001-06-14,5009.236282563319
2001-06-15,5098.185509076623
2001-06-16,5334.458581930185
2001-06-17,5322.8876294219845
2001-06-18,5098.087948837983
2001-06-19,5066.104544781755
2001-06-20,5976.757154565817
2001-06-21,4971.020624847298
2001-06-22,5230.410660011152
2001-06-23,5305.839261167661
2001-06-24,4709.181073343054
2001-06-25,5178.788501452234
2001-06-26,5129.478305360218
2001-06-27,5620.607206155712
2001-06-28,5282.4672132254755
2001-06-29,4960.000698033463
2001-06-30,4473.628943695683
2001-07-01,4980.076291144462
2001-07-02,5078.446128543495
2001-07-03,4618.071188537714
2001-07-04,5324.890457328913
2001-07-05,5200.743723950465
2001-07-06,4594.3696830092995
2001-07-07,4460.542059910298
2001-07-08,5651.674764994712
2001-07-09,5401.181351601466
2001-07-10,4685.289417527578
2001-07-11,4329.96858079637
2001-07-12,5218.675967420814
2001-07-13,4674.085408538728
2001-07-14,4753.909839039168
2001-07-15,5869.793466358388
2001-07-16,4922.235453599628
2001-07-17,5253.696078858419
2001-07-18,4938.438673469983
2001-07-19,5440.625427823405
2001-07-20,4564.872635513815
2001-07-21,5546.400025493505
2001-07-22,4915.4621601461495
2001-07-23,5337.991137822226
2001-07-24,4449.321622400041
2001-07-25,4765.333653808186
2001-07-26,4458.850700216512
2001-07-27,4665.545547694721
2001-07-28,5967.037034970362
2001-07-29,5306.0826573424265
2001-07-30,5303.718325372018
2001-07-31,5755.535910655799
2001-08-01,4519.729644597547
2001-08-02,4626.966390962313
2001-08-03,5583.648252129544
2001-08-04,5575.34662906604
2001-08-05,5292.854089110993
2001-08-06,5744.650755182874
2001-08-07,3886.5277574377938
2001-08-08,4906.345176862914
2001-08-09,5101.904859536946
2001-08-10,4018.1901218893317
2001-08-11,5465.655777584568
2001-08-12,4451.5722696075545
2001-08-13,4961.859164461958
2001-08-14,4921.5940673567675
2001-08-15,4999.07253161522
2001-08-16,4168.730001687081
2001-08-17,4427.229148295059
2001-08-18,5074.332351535786
2001-08-19,4459.006522509909
2001-08-20,4172.492350599856
2001-08-21,4968.565467809952
2001-08-22,5073.5921361896935
2001-08-23,4655.539726751472
2001-08-24,5544.6267091148975
2001-08-25,4134.256270452083
2001-08-26,4451.181388665853
2001-08-27,5916.01238596539
2001-08-28,4756.719740435086
2001-08-29,5011.58055036941
2001-08-30,4545.761302872736
2001-08-31,4595.092177068957
2001-09-01,4227.043646522514
2001-09-02,5074.97719722686
2001-09-03,4902.129069746176
2001-09-04,4660.596811543391
2001-09-05,4953.351103321549
2001-09-06,4015.9008025930516
2001-09-07,6010.053404256194
2001-09-08,5451.629347042049
2001-09-09,4799.696324348959
2001-09-10,3864.623687003532
2001-09-11,4944.440151611981
2001-09-12,4662.746049792877
2001-09-13,4892.235856779831
2001-09-14,4328.894537228576
2001-09-15,4597.002807787165
2001-09-16,4815.755806164599
2001-09-17,5752.037369886653
2001-09-18,4908.688457185071
2001-09-19,4521.841978646367
2001-09-20,5151.7798884868525
2001-09-21,4922.994037997418
2001-09-22,5609.822449101684
2001-09-23,4526.713856945353
2001-09-24,5284.174484420392
2001-09-25,5016.922464453239
2001-09-26,5355.903023853384
2001-09-27,5138.901789116724
2001-09-28,4595.239173978816
2001-09-29,5833.25353962838
2001-09-30,4754.827674421159
2001-10-01,4867.1026516488855
2001-10-02,5712.255700511832
2001-10-03,5395.1990609977975
2001-10-04,4877.20895385958
2001-10-05,4725.17766649691
2001-10-06,4542.32638660084
2001-10-07,5449.39139361689
2001-10-08,5108.817165337601
2001-10-09,4454.566752434065
2001-10-10,5065.054162235946
2001-10-11,5040.161741857901
2001-10-12,5423.151539707707
2001-10-13,4414.661865233696
2001-10-14,5124.717358195148
2001-10-15,4427.234772700696
2001-10-16,5095.772552289156
2001-10-17,5825.6804502406885
2001-10-18,5179.822375040292
2001-10-19,3976.0637415751594
2001-10-20,4892.11508356107
2001-10-21,4727.500855130736
2001-10-22,5813.990426951519
2001-10-23,4779.676587406654
2001-10-24,4519.246213878936
2001-10-25,4428.110175844394
2001-10-26,5514.312104524634
2001-10-27,5035.488284866411
2001-10-28,5232.448042063659
2001-10-29,4782.703987699754
2001-10-30,4494.610982851882
2001-10-31,5410.84799908222
2001-11-01,4550.34275290376
2001-11-02,5094.248354369355
2001-11-03,4697.092043788521
2001-11-04,5221.111606967728
2001-11-05,4259.915283330249
2001-11-06,4056.2736617988194
2001-11-07,5241.6824747458395
2001-11-08,4971.82871905318
2001-11-09,4429.6612284479015
2001-11-10,4559.899303805438
2001-11-11,5110.317172971162
2001-11-12,5235.791494633853
2001-11-13,5237.884774358764
2001-11-14,6038.049132866976
2001-11-15,5114.123436976895
2001-11-16,4628.467220339106
2001-11-17,4600.545473495524
2001-11-18,5454.826689460836
2001-11-19,4637.52493968991
2001-11-20,5315.971179872553
2001-11-21,5427.619283797903
2001-11-22,4576.744345816601
2001-11-23,5573.654565932805
2001-11-24,5025.748924048216
2001-11-25,5108.663387455873
2001-11-26,5401.153487572666
2001-11-27,5437.178534217009
2001-11-28,4492.154728151293
2001-11-29,4466.467310362973
2001-11-30,5338.9521063370075
2001-12-01,4517.908614008417
2001-12-02,4304.0885971329235
2001-12-03,4456.71651176243
2001-12-04,5329.755767359024
2001-12-05,4080.305310748287
2001-12-06,5241.816103240249
2001-12-07,4896.260380294972
2001-12-08,4033.5506736262832
2001-12-09,4277.293120594336
2001-12-10,5179.969330662107
2001-12-11,5407.682839405421
2001-12-12,4792.378062971397
2001-12-13,4486.451376567761
2001-12-14,4664.945174023904
2001-12-15,5352.61738962554
2001-12-16,6368.164791817862
2001-12-17,5181.898658666757
2001-12-18,5099.44776189435
2001-12-19,4491.407985120074
2001-12-20,4877.311816121409
2001-12-21,4140.386697188153
2001-12-22,5039.88552639784
2001-12-23,5629.697344099525
2001-12-24,5431.266634607701
2001-12-25,5364.486921541341
2001-12-26,5326.274908255347
2001-12-27,3805.563893126954
2001-12-28,4893.400940063275
2001-12-29,5613.237081324449
2001-12-30,5298.37479372153
2001-12-31,5514.35725624291
2002-01-01,5169.153673418997
2002-01-02,4732.051233345926
2002-01-03,5080.045584384091
2002-01-04,4319.588016414462
2002-01-05,4152.6275790019345
2002-01-06,4371.559942373656
2002-01-07,4851.908483650202
2002-01-08,5144.842493700315
2002-01-09,4909.710582853919
2002-01-10,4816.6024396653875
2002-01-11,4815.801564067634
2002-01-12,4948.976840445908
2002-01-13,4355.903278344165
2002-01-14,4737.0505906218905
2002-01-15,4134.97618449321
2002-01-16,4452.470881041537
2002-01-17,4763.498063436213
2002-01-18,5308.557761359049
2002-01-19,5541.120736197657
2002-01-20,5017.289717304336
2002-01-21,4408.7307425498775
2002-01-22,4881.9726844647685
2002-01-23,5307.159032032624
2002-01-24,4950.063824641951
2002-01-25,4538.179062026049
2002-01-26,4966.210961845585
2002-01-27,4497.12050682993
2002-01-28,5531.794432704167
2002-01-29,5159.72145442958
2002-01-30,5219.900120244163
2002-01-31,5238.7547415589615
2002-02-01,4914.97452410415
2002-02-02,4672.865487313093
2002-02-03,5508.759067800335
2002-02-04,4758.377170143268
2002-02-05,5191.794378362221
2002-02-06,5056.800453062438
2002-02-07,5724.732979034782
2002-02-08,4707.6923865709905
2002-02-09,5607.447659257694
2002-02-10,5997.324017931559
2002-02-11,5245.22926517442
2002-02-12,5589.612851952504
2002-02-13,4388.128261895401
2002-02-14,5972.509750971022
2002-02-15,5457.944191408065
2002-02-16,4785.038210160706
2002-02-17,5068.490129323345
2002-02-18,4899.769885510435
2002-02-19,6065.74261499654
2002-02-20,5765.7917312630225
2002-02-21,5988.907582965569
2002-02-22,5737.200397737757
2002-02-23,4916.931317684045
2002-02-24,5077.873575302167
2002-02-25,5484.8390442155005
2002-02-26,5051.017778647453
2002-02-27,4745.295543057063
2002-02-28,5307.13144065179
2002-03-01,4677.885632115699
2002-03-02,5160.282489424156
2002-03-03,4464.000720857445
2002-03-04,4736.6800518208
2002-03-05,5303.6662454203415
2002-03-06,5643.035464512771
2002-03-07,4752.229371197468
2002-03-08,4651.3525519741215
2002-03-09,4689.364090444098
2002-03-10,4625.449561791218
2002-03-11,3880.8751807049794
2002-03-12,4948.719492166865
2002-03-13,6764.546830565129
2002-03-14,4478.778345971366
2002-03-15,4832.497962744398
2002-03-16,4131.051154340332
2002-03-17,3802.6680147713932
2002-03-18,4421.734915147666
2002-03-19,6014.986684030196
2002-03-20,4644.3523283247905
2002-03-21,5104.373962296668
2002-03-22,4808.195306527038
2002-03-23,4880.645086117095
2002-03-24,4421.7090020168
2002-03-25,5319.3571706731045
2002-03-26,4216.2605743032045
2002-03-27,4664.518045853491
2002-03-28,4469.207214220154
2002-03-29,5171.298711547276
2002-03-30,4534.521108820558
2002-03-31,4908.198196151236
2002-04-01,4905.128330057434
2002-04-02,6113.442669470083
2002-04-03,4735.749005550647
2002-04-04,5369.254977662537
2002-04-05,4355.757075833981
2002-04-06,6115.202681103347
2002-04-07,4530.626587274575
2002-04-08,5459.947917801132
2002-04-09,4636.8881366245805
2002-04-10,5637.933861330467
2002-04-11,4479.640385094667
2002-04-12,5777.2181603113295
2002-04-13,6032.49133742574
2002-04-14,5723.318399352933
2002-04-15,5305.253291798202
2002-04-16,5329.327183099686
2002-04-17,5315.292542941188
2002-04-18,4345.460856163631
2002-04-19,4495.7337527359105
2002-04-20,5156.467696285493
2002-04-21,5830.0896205344625
2002-04-22,5070.459849671135
2002-04-23,6431.155482477586
2002-04-24,4019.687748239156
2002-04-25,6116.5504883975445
2002-04-26,5025.421144882034
2002-04-27,5541.218056137256
2002-04-28,4833.406749391055
2002-04-29,4817.978318742032
2002-04-30,4249.703151576527
2002-05-01,5323.063757642091
2002-05-02,4672.707345039887
2002-05-03,5615.824367986133
2002-05-04,4783.440144454582
2002-05-05,5078.717787795679
2002-05-06,5040.9517442394745
2002-05-07,4695.7491502935045
2002-05-08,6083.870735148774
2002-05-09,4954.7405122720675
2002-05-10,5339.382545844393
2002-05-11,5732.387081533056
2002-05-12,5019.161532173502
2002-05-13,4855.757978159506
2002-05-14,5180.231127384696
2002-05-15,4600.470516606628
2002-05-16,5357.549095148559
2002-05-17,5327.191833958858
2002-05-18,5025.140938242502
2002-05-19,4862.244603993136
2002-05-20,4873.031175390167
2002-05-21,3795.659423640683
2002-05-22,5213.544534610169
2002-05-23,4755.539740460394
2002-05-24,5270.728428459131
2002-05-25,6000.374191596925
2002-05-26,5138.944827440832
2002-05-27,4190.305714723017
2002-05-28,5309.821159237279
2002-05-29,4860.889813103428
2002-05-30,3999.9789998310885
2002-05-31,5472.725221639479
2002-06-01,5414.838814265412
2002-06-02,4948.111799046624
2002-06-03,6551.321627997938
2002-06-04,5631.280312275777
2002-06-05,5105.975605286504
2002-06-06,4495.388107265565
2002-06-07,4858.602995311603
2002-06-08,4697.389096798997
2002-06-09,5301.6251570526765
2002-06-10,4812.323159645915
2002-06-11,5567.162253080774
2002-06-12,4962.863415387879
2002-06-13,4659.714230134468
2002-06-14,5657.746376027233
2002-06-15,5157.703691529254
2002-06-16,5349.864236610732
2002-06-17,4761.445016472869
2002-06-18,5750.970182832412
2002-06-19,4563.388854343757
2002-06-20,4156.472904265597
2002-06-21,4971.293292515494
2002-06-22,5251.544572123831
2002-06-23,4562.903107263582
2002-06-24,4997.233369683329
2002-06-25,5123.861667868334
2002-06-26,5427.748703436603
2002-06-27,3656.6647025955576
2002-06-28,4859.170260895386
2002-06-29,5264.268138837526
2002-06-30,5781.117273821642
2002-07-01,5055.510072323594
2002-07-02,4207.308161181268
2002-07-03,5214.4447704310305
2002-07-04,4276.6001372896335
2002-07-05,5752.466811691023
2002-07-06,4672.1249203918915
2002-07-07,5891.624377799407
2002-07-08,4151.373542600165
2002-07-09,6700.924333935071
2002-07-10,4884.212263062206
2002-07-11,5181.707017691596
2002-07-12,5551.50395272706
2002-07-13,4913.348014982547
2002-07-14,5078.863476093202
2002-07-15,5644.062145627103
2002-07-16,5002.009466475438
2002-07-17,4938.0512991374235
2002-07-18,5062.254221387515
2002-07-19,4861.450643844241
2002-07-20,5193.452220676233
2002-07-21,5594.967363703341
2002-07-22,4713.680591372667
2002-07-23,5318.490909569203
2002-07-24,4556.283073707399
2002-07-25,5742.063356170098
2002-07-26,5168.919617051634
2002-07-27,4752.9862274341785
2002-07-28,5386.761622690319
2002-07-29,4344.704667386
2002-07-30,5657.13308630906
2002-07-31,5240.188592144182
2002-08-01,4568.010996519168
2002-08-02,4476.030792678076
2002-08-03,4854.052283636551
2002-08-04,4309.208465533733
2002-08-05,4470.108170865065
2002-08-06,4890.146928393152
2002-08-07,4499.134724610322
2002-08-08,4081.0617805821344
2002-08-09,4668.870359365447
2002-08-10,5255.792193073154
2002-08-11,5304.760683205428
2002-08-12,5295.213788763569
2002-08-13,5709.93719267707
2002-08-14,4719.962971458639
2002-08-15,5136.2940729818465
2002-08-16,4533.312810407507
2002-08-17,5288.764981512168
2002-08-18,4346.23448471813
2002-08-19,4596.561483499697
2002-08-20,5084.878968366784
2002-08-21,5293.8609210191535
2002-08-22,4634.207421336913
2002-08-23,4209.86536783
2002-08-24,5073.9786587744165
2002-08-25,4224.452619131082
2002-08-26,5478.600904893947
2002-08-27,4809.001940766811
2002-08-28,5115.320448692642
2002-08-29,4049.374309273295
2002-08-30,4778.589473739423
2002-08-31,5048.359047330523
2002-09-01,5129.930680722026
2002-09-02,4798.265991742583
2002-09-03,4520.8234589753665
2002-09-04,5024.212396890606
2002-09-05,5305.852804663348
2002-09-06,4989.348443335896
2002-09-07,5466.386701830597
2002-09-08,4607.17519909118
2002-09-09,5002.125727189984
2002-09-10,4541.204784273077
2002-09-11,5066.612087795193
2002-09-12,5153.976577818269
2002-09-13,4515.512687109447
2002-09-14,5058.3372218648055
2002-09-15,5036.704385336269
2002-09-16,5171.597547710669
2002-09-17,5085.700126960289
2002-09-18,5079.005561065685
2002-09-19,5053.409922067922
2002-09-20,5950.252655976271
2002-09-21,5059.923584446731
2002-09-22,5774.066902208017
2002-09-23,5578.85863005828
2002-09-24,5672.832649273755
2002-09-25,4984.172185137047
2002-09-26,5394.785442774
2002-09-27,4467.598859958455
2002-09-28,4879.686712074733
2002-09-29,5814.2465836491065
2002-09-30,3950.6198728199483
2002-10-01,4791.966489222078
2002-10-02,5241.221154169463
2002-10-03,5605.827183495431
2002-10-04,5015.295294482809
2002-10-05,5049.981200788825
2002-10-06,5531.39556948981
2002-10-07,4612.124352148751
2002-10-08,5090.352061526961
2002-10-09,4437.215803898443
2002-10-10,5331.056292490216
2002-10-11,6837.868164170063
2002-10-12,5089.50667848522
2002-10-13,4833.285790421283
2002-10-14,4910.092390486957
2002-10-15,5401.855735132015
2002-10-16,4520.348833958109
2002-10-17,5079.886339239673
2002-10-18,5249.457442836224
2002-10-19,5380.3534606078465
2002-10-20,5844.481305158201
2002-10-21,4881.887466934875
2002-10-22,5125.020771572629
2002-10-23,4290.783550733992
2002-10-24,5540.1275282821725
2002-10-25,3778.904451417813
2002-10-26,5014.330987707027
2002-10-27,5060.780006809208
2002-10-28,4000.3531620626145
2002-10-29,4160.090233079669
2002-10-30,4281.454404585067
2002-10-31,4736.899901391885
2002-11-01,4774.469265551595
2002-11-02,4430.98716381634
2002-11-03,5053.604598307932
2002-11-04,5755.2942479262165
2002-11-05,5285.76565226077
2002-11-06,4838.366965765655
2002-11-07,5519.071699300902
2002-11-08,4853.530731488077
2002-11-09,5115.816562061642
2002-11-10,5366.9714760477345
2002-11-11,4563.826501288098
2002-11-12,5150.578647637244
2002-11-13,4821.636550339328
2002-11-14,5436.867425512629
2002-11-15,4331.943160571972
2002-11-16,4877.728434450911
2002-11-17,4956.760150885431
2002-11-18,4215.150572149087
2002-11-19,4468.635429027397
2002-11-20,4654.302461495607
2002-11-21,4593.156984766248
2002-11-22,4308.13268284049
2002-11-23,5520.513251420503
2002-11-24,5154.432535682932
2002-11-25,5139.565428774597
2002-11-26,5448.2015965966175
2002-11-27,4704.203770430134
2002-11-28,4755.08534655877
2002-11-29,4634.987742580092
2002-11-30,4918.339224973196
2002-12-01,5278.258458549053
2002-12-02,4645.83426950869
2002-12-03,4975.370073429217
2002-12-04,5182.06958769735
2002-12-05,5593.77239870041
2002-12-06,5544.920258356917
2002-12-07,4670.526839907513
2002-12-08,5208.9142289567035
2002-12-09,5059.614355584802
2002-12-10,4645.244402677195
2002-12-11,5637.561390493375
2002-12-12,5218.987030963217
2002-12-13,4187.235748157367
2002-12-14,5571.526848286595
2002-12-15,5030.18571674486
2002-12-16,5691.85641989186
2002-12-17,5008.3221373634005
2002-12-18,4939.21532906987
2002-12-19,4557.30135779473
2002-12-20,5338.709029203469
2002-12-21,5329.149375577484
2002-12-22,4912.415375588185
2002-12-23,4949.394262687503
2002-12-24,5411.1459252790455
2002-12-25,5127.94656061838
2002-12-26,5345.284027180112
2002-12-27,4794.8025542109945
2002-12-28,4655.439449096419
2002-12-29,4871.678890814205
2002-12-30,5848.897669019446
2002-12-31,4416.903378841108
2003-01-01,4070.700162116488
2003-01-02,5433.08092041093
2003-01-03,4968.597511078417
2003-01-04,4487.950454611873
2003-01-05,4940.182407077549
2003-01-06,5221.391660257107
2003-01-07,4885.429504950893
2003-01-08,4676.99819021327
2003-01-09,4488.441089834632
2003-01-10,4152.800874054594
2003-01-11,4300.82007393245
2003-01-12,5006.581831479293
2003-01-13,5242.47132639792
2003-01-14,5703.456724257019
2003-01-15,4899.497514905009
2003-01-16,5178.4651911167275
2003-01-17,5266.778734651875
2003-01-18,5241.5727693531035
2003-01-19,4956.484212123854
2003-01-20,4447.870681596936
2003-01-21,5108.510408157348
2003-01-22,4689.297236340437
2003-01-23,4775.4684964153785
2003-01-24,4896.8569184090775
2003-01-25,5402.501255718875
2003-01-26,4416.850168710932
2003-01-27,4379.925457877458
2003-01-28,4994.082683574854
2003-01-29,5386.333175612194
2003-01-30,4454.394655621545
2003-01-31,5337.304903249973
2003-02-01,4989.213325282518
2003-02-02,5129.562238780363
2003-02-03,5213.806500328451
2003-02-04,5555.367489511542
2003-02-05,5048.8915813262665
2003-02-06,5548.224273955941
2003-02-07,5627.266709074432
2003-02-08,5170.8106608674725
2003-02-09,5171.76437489885
2003-02-10,4951.51048977708
2003-02-11,5204.708619098684
2003-02-12,4691.90904166822
2003-02-13,5095.159483822803
2003-02-14,6267.792676960837
2003-02-15,4936.4849263229335
2003-02-16,4648.361344461827
2003-02-17,5108.689145509836
2003-02-18,5032.551865133623
2003-02-19,5550.613961298608
2003-02-20,4802.366474661926
2003-02-21,5128.395763754794
2003-02-22,4967.748242758541
2003-02-23,5545.187071836126
2003-02-24,5346.010714209365
2003-02-25,5061.584994670354
2003-02-26,5707.746037933951
2003-02-27,5025.935341613035
2003-02-28,5586.581562821037
2003-03-01,5610.006192960551
2003-03-02,5666.317223548929
2003-03-03,4832.021470854422
2003-03-04,5274.180413855854
2003-03-05,4027.8900337925074
2003-03-06,4410.631636189207
2003-03-07,4480.226247724608
2003-03-08,4520.68517646462
2003-03-09,4159.605465008094
2003-03-10,5776.804634384474
2003-03-11,4815.741488277833
2003-03-12,5317.473791493327
2003-03-13,5026.244549607084
2003-03-14,4787.448317467972
2003-03-15,5035.201736523713
2003-03-16,4737.319893456191
2003-03-17,4820.3605528799635
2003-03-18,4550.657049686645
2003-03-19,4754.967143552875
2003-03-20,4789.835922475645
2003-03-21,5129.830317057397
2003-03-22,5163.724546020833
2003-03-23,5168.974834374907
2003-03-24,5902.787936925552
2003-03-25,4904.664736533928
2003-03-26,5122.975340412915
2003-03-27,5487.074110571972
2003-03-28,4874.852069400368
2003-03-29,5046.19268886822
2003-03-30,4503.85735572632
2003-03-31,4444.24130864895
2003-04-01,6245.873366603545
2003-04-02,4164.456697393068
2003-04-03,5907.669352555376
2003-04-04,3760.9094867305475
2003-04-05,5223.516510814309
2003-04-06,4892.635878238396
2003-04-07,5348.942804266244
2003-04-08,5368.375578408116
2003-04-09,4977.993090248974
2003-04-10,4784.427913874836
2003-04-11,5008.767647691434
2003-04-12,5166.475840642231
2003-04-13,4805.828599909615
2003-04-14,5227.283393444538
2003-04-15,4654.055217302484
2003-04-16,5578.160799855028
2003-04-17,5031.943099392582
2003-04-18,5227.472777585735
2003-04-19,4454.668581465628
2003-04-20,5484.147319526974
2003-04-21,4719.579627462329
2003-04-22,5323.510609715797
2003-04-23,5136.470797471146
2003-04-24,4924.578531129126
2003-04-25,4217.274424658356
2003-04-26,4951.991887656603
2003-04-27,4816.9087520589155
2003-04-28,4701.834149726072
2003-04-29,5154.151634463352
2003-04-30,5537.077808824587
2003-05-01,5069.75357107935
2003-05-02,4747.294264088525
2003-05-03,5494.013082893057
2003-05-04,5001.0327987689825
2003-05-05,5274.858752261514
2003-05-06,5375.1062230916
2003-05-07,4453.800250787759
2003-05-08,4001.158543532534
2003-05-09,4149.457719607239
2003-05-10,4440.987392002746
2003-05-11,5504.168334254429
2003-05-12,4605.27180344744
2003-05-13,5198.728100144427
2003-05-14,5303.770629455064
2003-05-15,4791.716297403645
2003-05-16,4476.71972266221
2003-05-17,4870.287613536642
2003-05-18,4936.826014580828
2003-05-19,6028.599896768589
2003-05-20,4136.647033635056
2003-05-21,4255.400842454511
2003-05-22,5206.747084173345
2003-05-23,5677.39065509903
2003-05-24,4674.074380513972
2003-05-25,4805.631644141614
2003-05-26,5122.266351803893
2003-05-27,4943.270196134234
2003-05-28,5940.956774627736
2003-05-29,4974.591521123207
2003-05-30,5047.197706867852
2003-05-31,4739.043761583219
2003-06-01,4025.668796074653
2003-06-02,4748.833324610691
2003-06-03,5427.349442621006
2003-06-04,5752.502635980593
2003-06-05,4869.05341188477
2003-06-06,5122.050538341284
2003-06-07,4876.28882767957
2003-06-08,4621.996900239973
2003-06-09,4606.447185808682
2003-06-10,5622.261334297007
2003-06-11,5015.770748913063
2003-06-12,5660.031762982333
2003-06-13,4743.276810585628
2003-06-14,5563.638874861631
2003-06-15,4878.2694949368315
2003-06-16,5108.658538375417
2003-06-17,4524.2467077267165
2003-06-18,5535.563824682929
2003-06-19,4813.170445483152
2003-06-20,4875.351004498704
2003-06-21,4680.9711603469805
2003-06-22,4814.06490593825
2003-06-23,5233.683882223711
2003-06-24,5139.382579813247
2003-06-25,5341.5269583447325
2003-06-26,5725.105370326528
2003-06-27,5887.3134173809085
2003-06-28,5237.351963677153
2003-06-29,4996.2096291400585
2003-06-30,4694.545223831104
2003-07-01,5480.5251323613975
2003-07-02,5742.203598801046
2003-07-03,4929.740230386986
2003-07-04,4363.357398958319
2003-07-05,5572.2747822123965
2003-07-06,5090.115089903644
2003-07-07,4077.521462030747
2003-07-08,4843.308652761205
2003-07-09,4244.838800998134
2003-07-10,4531.527593065686
2003-07-11,4837.542040325834
2003-07-12,5113.100687490553
2003-07-13,5641.8942886554105
2003-07-14,4224.3231622166295
2003-07-15,5361.803107013764
2003-07-16,5557.858701056086
2003-07-17,3889.5650486325035
2003-07-18,6297.824272997968
2003-07-19,5724.056283901264
2003-07-20,5432.83600039853
2003-07-21,5006.641853692532
2003-07-22,4871.255910613075
2003-07-23,4222.24206333678
2003-07-24,5508.418430384013
2003-07-25,5830.089634708872
2003-07-26,4374.123032998483
2003-07-27,4516.095447472234
2003-07-28,4498.025262722279
2003-07-29,5178.085813191847
2003-07-30,4960.149447488128
2003-07-31,4849.843137826603
2003-08-01,4360.699493308492
2003-08-02,4280.638871806377
2003-08-03,4560.777774169156
2003-08-04,6084.902375232289
2003-08-05,5140.109608407167
2003-08-06,4865.771340982495
2003-08-07,5160.196123231707
2003-08-08,5141.906520052376
2003-08-09,5254.64657018275
2003-08-10,5304.358872351379
2003-08-11,5918.011037116213
2003-08-12,4911.741661604636
2003-08-13,4165.400331381669
2003-08-14,4534.779484505516
2003-08-15,5995.087462098755
2003-08-16,5068.907841842568
2003-08-17,5200.650808329514
2003-08-18,5348.80340580738
2003-08-19,5723.222676364208
2003-08-20,5545.629433524004
2003-08-21,4657.810184768848
2003-08-22,5188.37038149372
2003-08-23,5571.150896701715
2003-08-24,4066.3151123456637
2003-08-25,4377.921100031916
2003-08-26,4246.004311510648
2003-08-27,4681.731620683908
2003-08-28,4924.977365791238
2003-08-29,5008.309883786115
2003-08-30,5186.388441457119
2003-08-31,4457.877409687659
2003-09-01,4964.649524594597
2003-09-02,5384.975253353522
2003-09-03,5137.176920033762
2003-09-04,4859.868766138892
2003-09-05,5553.1881852621755
2003-09-06,5240.027356630566
2003-09-07,5186.413654592194
2003-09-08,4838.403904847405
2003-09-09,5336.241318702259
2003-09-10,3935.26762591275
2003-09-11,5159.139879475218
2003-09-12,4599.094416951128
2003-09-13,5573.267776678551
2003-09-14,5239.959461853578
2003-09-15,4600.481630461854
2003-09-16,4910.723425139102
2003-09-17,4523.042952458367
2003-09-18,5135.384543005054
2003-09-19,4570.601772566734
2003-09-20,4900.129744076204
2003-09-21,5206.643835910019
2003-09-22,5340.522893501598
2003-09-23,5011.272309426436
2003-09-24,5663.4699321122225
2003-09-25,5255.646854817951
2003-09-26,5172.7735390814205
2003-09-27,4048.9402228110393
2003-09-28,5671.864766683573
2003-09-29,5168.027367961237
2003-09-30,4960.828236078492
2003-10-01,5003.141819528023
2003-10-02,4472.0641013291115
2003-10-03,4117.452764110358
2003-10-04,5642.630548276837
2003-10-05,5517.305579978927
2003-10-06,5091.869132754962
2003-10-07,5485.830989371911
2003-10-08,4808.539243273356
2003-10-09,4214.273588702374
2003-10-10,4963.255802187117
2003-10-11,5262.251411787953
2003-10-12,5223.298283126081
2003-10-13,5096.847759123357
2003-10-14,5174.840661311405
2003-10-15,5673.849549121003
2003-10-16,5091.8862176747825
2003-10-17,5796.13917572946
2003-10-18,5506.136957694207
2003-10-19,4611.015615870231
2003-10-20,5819.360722383421
2003-10-21,4850.039662173785
2003-10-22,5777.572823696834
2003-10-23,4118.306078132593
2003-10-24,4361.195078791922
2003-10-25,5596.658363728018
2003-10-26,4663.866606270013
2003-10-27,5214.709297760397
2003-10-28,5047.926901328096
2003-10-29,4455.471261854393
2003-10-30,5424.844151080682
2003-10-31,5130.435713691199
2003-11-01,5718.321015681401
2003-11-02,5333.231892446518
2003-11-03,4916.355091437178
2003-11-04,5218.226043117915
2003-11-05,4920.946657726325
2003-11-06,3521.3798251135404
2003-11-07,4690.989309980279
2003-11-08,4749.232512706671
2003-11-09,4553.967811475382
2003-11-10,5163.897181133461
2003-11-11,5165.410782476901
2003-11-12,5290.415964609665
2003-11-13,4410.943806525747
2003-11-14,5316.793564946559
2003-11-15,5586.563276475923
2003-11-16,5142.829852410804
2003-11-17,4605.217447503573
2003-11-18,6035.841769386102
2003-11-19,5514.219084141435
2003-11-20,5475.788764948879
2003-11-21,4835.491837990633
2003-11-22,5191.218380472573
2003-11-23,5165.453591139226
2003-11-24,4596.145175197368
2003-11-25,5187.394989767536
2003-11-26,5322.953902656371
2003-11-27,4207.701558769294
2003-11-28,4800.083088889114
2003-11-29,5008.082058020362
2003-11-30,4953.692332129942
2003-12-01,4315.254198172468
2003-12-02,4699.892733364421
2003-12-03,4164.607373265526
2003-12-04,4897.055639811008
2003-12-05,4759.198808454842
2003-12-06,4349.442056334706
2003-12-07,4689.861941116705
2003-12-08,4783.674106335342
2003-12-09,4811.803634904879
2003-12-10,4864.52757525847
2003-12-11,4398.776550904816
2003-12-12,5321.041813012773
2003-12-13,4907.021789958608
2003-12-14,5338.43177805172
2003-12-15,4043.120255335286
2003-12-16,4616.924062098515
2003-12-17,4928.244171339831
2003-12-18,5066.48810604382
2003-12-19,4721.91955602508
2003-12-20,3919.3822862468487
2003-12-21,5143.190105118599
2003-12-22,5392.969231181632
2003-12-23,4584.42618377594
2003-12-24,5120.141864178066
2003-12-25,4510.827657264145
2003-12-26,4955.363039979033
2003-12-27,5233.382542211098
2003-12-28,5152.4866804103885
2003-12-29,5031.512585396825
2003-12-30,4500.4256955258725
2003-12-31,5471.732911472522
2004-01-01,4869.003885292734
2004-01-02,5496.172986747843
2004-01-03,4493.53360888891
2004-01-04,5073.487794469854
2004-01-05,4575.310095914597
2004-01-06,4862.8237420741525
2004-01-07,5201.658877094645
2004-01-08,4881.195000621466
2004-01-09,4665.529315018185
2004-01-10,4853.488855547088
2004-01-11,5789.515804327008
2004-01-12,4543.355615468761
2004-01-13,4476.70599443193
2004-01-14,4724.282979122965
2004-01-15,4785.248378185954
2004-01-16,3427.027728004723
2004-01-17,4509.631913503919
2004-01-18,4954.060578060006
2004-01-19,4744.65454591693
2004-01-20,4417.214113048611
2004-01-21,5574.375289978465
2004-01-22,4886.935057727601
2004-01-23,4649.282557745467
2004-01-24,4431.075136898508
2004-01-25,5003.260193730567
2004-01-26,5080.60080049263
2004-01-27,4657.752596411579
2004-01-28,4935.118594379183
2004-01-29,4774.119880741828
2004-01-30,4555.021125950918
2004-01-31,4932.179668797756
2004-02-01,4569.651574136878
2004-02-02,5153.284210373555
2004-02-03,5665.323565182901
2004-02-04,4542.291854205172
2004-02-05,4794.200842185595
2004-02-06,4972.438621580341
2004-02-07,5055.261397051951
2004-02-08,4434.954923995627
2004-02-09,4522.008538590514
2004-02-10,5208.836415910721
2004-02-11,5423.949871618651
2004-02-12,5405.421694605512
2004-02-13,4926.016494585617
2004-02-14,5344.850360267667
2004-02-15,4560.551402004435
2004-02-16,5822.876559531593
2004-02-17,5451.711055310781
2004-02-18,5565.802196809624
2004-02-19,5401.381019550929
2004-02-20,5857.545949062629
2004-02-21,5034.833496430769
2004-02-22,4117.835207879222
2004-02-23,4858.4784888823615
2004-02-24,4594.906236885499
2004-02-25,4837.953166050157
2004-02-26,5289.947722235385
2004-02-27,4149.993730867292
2004-02-28,5553.875348931599
2004-02-29,5287.529052684498
2004-03-01,5637.05104224293
2004-03-02,5173.749040428652
2004-03-03,4886.094520028672
2004-03-04,5324.038481781507
2004-03-05,5422.553774445694
2004-03-06,5181.865081390278
2004-03-07,5606.522737484588
2004-03-08,5358.195571898853
2004-03-09,6317.851567490853
2004-03-10,4470.314254128467
2004-03-11,5317.619045514906
2004-03-12,4934.136897990934
2004-03-13,3885.193193135957
2004-03-14,4512.597207257401
2004-03-15,5397.145538655226
2004-03-16,5622.31977972944
2004-03-17,4835.463153305592
2004-03-18,5554.7929313624045
2004-03-19,4380.296152172918
2004-03-20,4804.814222801978
2004-03-21,5920.540571112067
2004-03-22,4964.745710826661
2004-03-23,3863.0670456855723
2004-03-24,4988.887916524693
2004-03-25,4147.800209383208
2004-03-26,4773.278619357025
2004-03-27,5388.611655699364
2004-03-28,4527.180108880816
2004-03-29,5179.799984927619
2004-03-30,4804.312224034578
2004-03-31,5086.913836995176
2004-04-01,5472.970982160027
2004-04-02,5089.918287038436
2004-04-03,4854.40161062792
2004-04-04,5339.564357148348
2004-04-05,4978.907711224266
2004-04-06,4465.26666894766
2004-04-07,5192.150406944233
2004-04-08,5203.568338941376
2004-04-09,5400.519131271779
2004-04-10,4302.465250789374
2004-04-11,4516.818924453126
2004-04-12,4467.719555781235
2004-04-13,4968.456166351807
2004-04-14,6091.980703391771
2004-04-15,4857.547759107361
2004-04-16,4799.522668387223
2004-04-17,4951.13475537377
2004-04-18,5310.564297301226
2004-04-19,4625.2374064325995
2004-04-20,4866.023559318316
2004-04-21,5652.651265105224
2004-04-22,5130.550320095863
2004-04-23,5574.845090562924
2004-04-24,4523.896933780913
2004-04-25,3980.7585717102975
2004-04-26,3918.615674977227
2004-04-27,4491.544928639508
2004-04-28,5008.790870903462
2004-04-29,5217.61005025516
2004-04-30,5112.624606393332
2004-05-01,5015.88883564982
2004-05-02,4368.89584536428
2004-05-03,5302.142542937034
2004-05-04,5255.830571512621
2004-05-05,5295.3212640138845
2004-05-06,6119.785904181028
2004-05-07,5285.582022980847
2004-05-08,4169.204286101734
2004-05-09,4329.419350194124
2004-05-10,4982.015415542711
2004-05-11,5194.847714782381
2004-05-12,5506.867604905363
2004-05-13,5980.103501480786
2004-05-14,4690.891026984359
2004-05-15,4328.761555014299
2004-05-16,5067.10576524057
2004-05-17,5364.4532991428705
2004-05-18,4429.3029762475935
2004-05-19,4948.029580929096
2004-05-20,4762.902778637506
2004-05-21,5130.120348413136
2004-05-22,4687.741029755499
2004-05-23,4535.778892128394
2004-05-24,6078.555847820399
2004-05-25,4711.147371640262
2004-05-26,5197.47092614766
2004-05-27,5287.867134826191
2004-05-28,6233.748500344919
2004-05-29,4960.610273986734
2004-05-30,4702.122156186518
2004-05-31,4940.510282919989
2004-06-01,4468.585589845879
2004-06-02,5225.356791678156
2004-06-03,5497.943201264679
2004-06-04,4289.048894381926
2004-06-05,5460.794368525025
2004-06-06,4423.2282184564
2004-06-07,4543.532467260603
2004-06-08,4224.718505689611
2004-06-09,4838.500853854159
2004-06-10,5813.41042683633
2004-06-11,4343.539449521698
2004-06-12,5478.051090336775
2004-06-13,5008.727101084921
2004-06-14,4887.192692200386
2004-06-15,5104.979681595634
2004-06-16,5211.4573857324385
2004-06-17,5040.431956532097
2004-06-18,5091.937821600142
2004-06-19,4570.81162313299
2004-06-20,4735.112354184236
2004-06-21,4506.061831781564
2004-06-22,4976.213974412723
2004-06-23,4706.011073298364
2004-06-24,5203.547871828671
2004-06-25,5616.061868858167
2004-06-26,4717.4867479042405
2004-06-27,5529.830105413467
2004-06-28,5203.942473027099
2004-06-29,5216.522150923608
2004-06-30,4612.140815489064
2004-07-01,5822.7241085638
2004-07-02,6034.19245214161
2004-07-03,4706.481654051363
2004-07-04,5415.527662732849
2004-07-05,5424.332909573918
2004-07-06,4196.053530230244
2004-07-07,5794.461064575096
2004-07-08,5118.074428267966
2004-07-09,5564.271692105118
2004-07-10,4951.136461291344
2004-07-11,4262.391539968153
2004-07-12,4886.966743189438
2004-07-13,5272.324714334988
2004-07-14,5360.6067874535065
2004-07-15,5313.3711669659315
2004-07-16,4758.562991096313
2004-07-17,4754.186080215587
2004-07-18,4924.801260368921
2004-07-19,5075.031588282804
2004-07-20,4477.0630996377195
2004-07-21,4764.529774107013
2004-07-22,4378.043153645742
2004-07-23,5087.3245781768155
2004-07-24,6093.22780699425
2004-07-25,4450.786434120264
2004-07-26,5326.935149449013
2004-07-27,4684.706321000627
2004-07-28,5268.771994710779
2004-07-29,5729.320838605961
2004-07-30,4620.317561378511
2004-07-31,4487.916316665164
2004-08-01,5297.28438041187
2004-08-02,4364.6070348436315
2004-08-03,4054.5896664161723
2004-08-04,5154.419197772702
2004-08-05,5448.133157351896
2004-08-06,4215.161319236422
2004-08-07,5516.824278556624
2004-08-08,5171.840593343609
2004-08-09,4699.227893906355
2004-08-10,4686.127090209812
2004-08-11,4816.637164923361
2004-08-12,4831.802356256016
2004-08-13,5929.14912183984
2004-08-14,4958.182781699875
2004-08-15,4683.363083671229
2004-08-16,3647.3771009601733
2004-08-17,4975.812809246221
2004-08-18,4829.959055032028
2004-08-19,5002.811446187544
2004-08-20,4156.818779151696
2004-08-21,4929.2857221033355
2004-08-22,4722.061227043795
2004-08-23,4846.181314294452
2004-08-24,4867.017756598037
2004-08-25,4836.151651160014
2004-08-26,5086.73099066662
2004-08-27,4726.673733658554
2004-08-28,4959.609878510667
2004-08-29,5324.563704576583
2004-08-30,4951.640482040275
2004-08-31,5317.5384591728725
2004-09-01,4361.2784780502925
2004-09-02,5327.848186829915
2004-09-03,6285.4163920700175
2004-09-04,4753.093469369513
2004-09-05,4585.224123380891
2004-09-06,5479.307845854805
2004-09-07,5041.362817511964
2004-09-08,4260.238040952321
2004-09-09,4862.195500994747
2004-09-10,4779.214929789541
2004-09-11,4323.074891302427
2004-09-12,5326.3620368571355
2004-09-13,4828.361283293696
2004-09-14,4648.099735058084
2004-09-15,4888.730538755186
2004-09-16,5604.777961223756
2004-09-17,4301.244466006662
2004-09-18,5258.433274423217
2004-09-19,5515.282372422924
2004-09-20,5100.183372057321
2004-09-21,5119.5172932039395
2004-09-22,4349.519077193537
2004-09-23,4884.221510406258
2004-09-24,5971.811819293729
2004-09-25,5229.914057108172
2004-09-26,5198.607192686262
2004-09-27,4329.576220001474
2004-09-28,5570.654268906072
2004-09-29,4977.3710476730885
2004-09-30,4274.620582003299
2004-10-01,5395.549681318399
2004-10-02,5114.618542443175
2004-10-03,6398.9132211120605
2004-10-04,4144.905476885648
2004-10-05,5561.197979969548
2004-10-06,5300.219282377396
2004-10-07,4630.320732667311
2004-10-08,5554.901974497972
2004-10-09,5373.171788944626
2004-10-10,5928.711359166234
2004-10-11,4397.536525126555
2004-10-12,4059.722824760646
2004-10-13,5427.024945746491
2004-10-14,5641.642309922951
2004-10-15,4622.499174377322
2004-10-16,4521.647350259018
2004-10-17,4060.9582830252057
2004-10-18,4724.059288039893
2004-10-19,5709.9123221109385
2004-10-20,5611.879838124222
2004-10-21,5386.141004312279
2004-10-22,5289.784395771401
2004-10-23,5128.703212751761
2004-10-24,4965.056994914907
2004-10-25,5267.563194594041
2004-10-26,5615.570354745034
2004-10-27,4620.001163386663
2004-10-28,5472.681073312891
2004-10-29,5166.94714166249
2004-10-30,5230.37913391231
2004-10-31,4851.852882412135
2004-11-01,4723.527971245643
2004-11-02,4796.436403808225
2004-11-03,4764.208763028941
2004-11-04,4994.261207525868
2004-11-05,4910.245458059016
2004-11-06,4800.547805266651
2004-11-07,4534.962938682683
2004-11-08,4688.479328591434
2004-11-09,5334.969832988575
2004-11-10,5859.767038135362
2004-11-11,5075.798727844004
2004-11-12,4337.07520681479
2004-11-13,4662.186536788802
2004-11-14,5442.481540550229
2004-11-15,3970.6157644765535
2004-11-16,6104.56950214729
2004-11-17,5070.076672626626
2004-11-18,5281.489469808088
2004-11-19,4911.943307367816
2004-11-20,5484.293488350596
2004-11-21,4452.260002182431
2004-11-22,4867.294819528284
2004-11-23,4810.890151051507
2004-11-24,4637.6028876636365
2004-11-25,5098.232395855157
2004-11-26,4536.875095280712
2004-11-27,5550.286426578535
2004-11-28,4987.826226208431
2004-11-29,5274.434470714132
2004-11-30,5852.945769670837
2004-12-01,4750.698791317026
2004-12-02,4760.07757890938
2004-12-03,5616.162326120753
2004-12-04,5274.050290347857
2004-12-05,4609.61666600811
2004-12-06,4979.1900432155
2004-12-07,4877.082055288873
2004-12-08,4139.644803500016
2004-12-09,4923.0678949840685
2004-12-10,4461.673705633079
2004-12-11,4559.350603738654
2004-12-12,4517.807141601991
2004-12-13,5426.627272359532
2004-12-14,4885.398751094331
2004-12-15,5276.883002636568
2004-12-16,5173.446443741197
2004-12-17,5006.242139420259
2004-12-18,4967.897163954064
2004-12-19,4411.251208766789
2004-12-20,5902.615314207037
2004-12-21,5781.667311436563
2004-12-22,4607.192428832694
2004-12-23,5000.775824001335
2004-12-24,4495.679337879297
2004-12-25,5351.3070596700945
2004-12-26,4142.518852149723
2004-12-27,3819.8813957073926
2004-12-28,3875.996312295782
2004-12-29,5002.743328885445
2004-12-30,4237.112652598246
2004-12-31,5000.909297653112
2005-01-01,4952.889840724674
2005-01-02,5040.346804866655
2005-01-03,5821.055326392475
2005-01-04,5385.218101991933
2005-01-05,4833.125487821425
2005-01-06,5028.656878063223
2005-01-07,4852.315353758965
2005-01-08,5164.550123833371
2005-01-09,4152.63885736711
2005-01-10,5376.034880388598
2005-01-11,5141.9047461082355
2005-01-12,5081.654290618771
2005-01-13,4032.0384059882917
2005-01-14,5289.640325257175
2005-01-15,5395.440962685326
2005-01-16,5183.3717277105825
2005-01-17,4704.606582070709
2005-01-18,5607.419358411971
2005-01-19,5365.121220238044
2005-01-20,4521.596165048072
2005-01-21,5002.1593383190675
2005-01-22,5010.503522385391
2005-01-23,4987.393930902926
2005-01-24,5626.10836066535
2005-01-25,3679.16671695422
2005-01-26,4296.507724102761
2005-01-27,4537.048866781026
2005-01-28,4580.923096423774
2005-01-29,4255.685108965833
2005-01-30,5438.025375665857
2005-01-31,5484.224231248977
2005-02-01,5168.540158542533
2005-02-02,5621.3714693391785
2005-02-03,5435.976232062562
2005-02-04,5145.339410557235
2005-02-05,5275.811713560735
2005-02-06,5046.579938325783
2005-02-07,5382.441876185959
2005-02-08,4579.663652848621
2005-02-09,5009.270002744258
2005-02-10,5001.96452073849
2005-02-11,5100.608605319962
2005-02-12,5527.7565564150345
2005-02-13,4370.1120041334625
2005-02-14,5967.234306567112
2005-02-15,4609.3015684228985
2005-02-16,4760.36031664546
2005-02-17,4083.4210586094355
2005-02-18,5191.574021897204
2005-02-19,4989.324892713047
2005-02-20,4624.022725158317
2005-02-21,4309.071532894372
2005-02-22,4438.019785419707
2005-02-23,4833.243443306105
2005-02-24,4553.26983141428
2005-02-25,5177.298867175476
2005-02-26,5009.371755540221
2005-02-27,4978.0410943440365
2005-02-28,5201.664412485704
2005-03-01,5431.758157243624
2005-03-02,4852.923153000687
2005-03-03,5155.154124009512
2005-03-04,4331.727080185542
2005-03-05,5090.102571053567
2005-03-06,5283.1867477474725
2005-03-07,4660.5561636700895
2005-03-08,4948.783399564836
2005-03-09,4602.440423676328
2005-03-10,5204.083874163124
2005-03-11,4993.703193495953
2005-03-12,5644.3918706370405
2005-03-13,4651.930790074448
2005-03-14,4740.3668484625005
2005-03-15,4554.2539935791665
2005-03-16,4585.205913192604
2005-03-17,5418.865643259788
2005-03-18,4815.423383861781
2005-03-19,4710.30497120941
2005-03-20,4534.285616876514
2005-03-21,3688.123342615395
2005-03-22,5003.719718698336
2005-03-23,4394.971744988651
2005-03-24,4729.491468560832
2005-03-25,4223.551106291191
2005-03-26,5296.130832809709
2005-03-27,4816.356402589479
2005-03-28,6011.732063196168
2005-03-29,5256.886530067674
2005-03-30,5474.759112925007
2005-03-31,5751.64870533972
2005-04-01,4456.5729712493285
2005-04-02,4961.047963124212
2005-04-03,5760.255111412333
2005-04-04,5105.586099939858
2005-04-05,5404.944876988773
2005-04-06,5458.98122478949
2005-04-07,5381.55717214782
2005-04-08,5276.4556350133225
2005-04-09,5806.180273991539
2005-04-10,4642.902514765802
2005-04-11,5413.905233775362
2005-04-12,4644.977460537715
2005-04-13,4981.333990101849
2005-04-14,5241.168587700646
2005-04-15,4178.816464042725
2005-04-16,5516.302063046933
2005-04-17,4494.606922766617
2005-04-18,4901.155518186155
2005-04-19,5000.4908617069705
2005-04-20,4882.734166561389
2005-04-21,5552.492663765205
2005-04-22,4865.473042852422
2005-04-23,4784.797522427815
2005-04-24,5316.507751255692
2005-04-25,5158.513445227206
2005-04-26,4998.291249774282
2005-04-27,5487.7496306650055
2005-04-28,5029.23546610722
2005-04-29,4397.861419680286
2005-04-30,5344.463706943497
2005-05-01,5071.164588621717
2005-05-02,5079.646101765109
2005-05-03,4890.1385619021985
2005-05-04,6105.089246939477
2005-05-05,5800.461765487655
2005-05-06,4978.833660785732
2005-05-07,4424.802562056169
2005-05-08,5006.7304674606885
2005-05-09,5061.2543339547665
2005-05-10,5126.494787565152
2005-05-11,5951.157666070438
2005-05-12,5408.174061546574
2005-05-13,5384.5337586286405
2005-05-14,4062.250730124318
2005-05-15,5208.183993674543
2005-05-16,5249.046964225001
2005-05-17,5346.822712620685
2005-05-18,5769.620985404055
2005-05-19,5624.435323995862
2005-05-20,5052.945097557617
2005-05-21,5466.5679362838555
2005-05-22,5520.301144260421
2005-05-23,4715.591031495184
2005-05-24,5283.617353197174
2005-05-25,5234.719191285682
2005-05-26,4931.475170898487
2005-05-27,4485.253500541578
2005-05-28,5491.293526826288
2005-05-29,5626.704039762919
2005-05-30,4434.716844329997
2005-05-31,4892.075166760909
2005-06-01,5112.832034053222
2005-06-02,5415.3056030194475
2005-06-03,5566.492962294935
2005-06-04,5293.801977150428
2005-06-05,4539.090304075339
2005-06-06,5926.189328937511
2005-06-07,5310.4067981868175
2005-06-08,5036.155643131287
2005-06-09,5256.153391035825
2005-06-10,4958.368420675181
2005-06-11,4635.696910453063
2005-06-12,4834.638896264565
2005-06-13,5643.05121322278
2005-06-14,4906.189487297648
2005-06-15,5397.916752226092
2005-06-16,4670.0062609847655
2005-06-17,5361.40799600738
2005-06-18,5210.698988616995
2005-06-19,4455.585227553334
2005-06-20,5444.131217080978
2005-06-21,5031.622790700729
2005-06-22,4627.3201698740895
2005-06-23,4798.52265031488
2005-06-24,4170.932787953393
2005-06-25,4985.904676689632
2005-06-26,5285.571750520568
2005-06-27,5321.956397124146
2005-06-28,4831.87909226671
2005-06-29,5253.503902205081
2005-06-30,4873.573381668482
2005-07-01,4817.823289179937
2005-07-02,5589.887854566243
2005-07-03,5202.277455103871
2005-07-04,4413.086852426708
2005-07-05,4495.624708932414
2005-07-06,5356.047365188903
2005-07-07,4630.560817379496
2005-07-08,4868.016008114204
2005-07-09,5097.309438568903
2005-07-10,5294.533902961321
2005-07-11,5156.856829715285
2005-07-12,5123.098006466655
2005-07-13,4636.759419019949
2005-07-14,3961.6286014743573
2005-07-15,5794.700414911012
2005-07-16,4504.31847768209
2005-07-17,4464.441513363796
2005-07-18,5032.087114560673
2005-07-19,5566.125833986737
2005-07-20,4908.354836279365
2005-07-21,5353.071373598476
2005-07-22,4281.883243742237
2005-07-23,5320.528830404615
2005-07-24,5617.099663256622
2005-07-25,4461.94644156298
2005-07-26,5337.9865328397655
2005-07-27,5195.513591198245
2005-07-28,4972.236440184809
2005-07-29,5088.054661246047
2005-07-30,5897.1598250922925
2005-07-31,4677.590428370182
2005-08-01,4972.873447093145
2005-08-02,5198.343012036811
2005-08-03,4584.565829645894
2005-08-04,4730.746560582635
2005-08-05,4807.261629035955
2005-08-06,4540.616873439699
2005-08-07,5084.916430662215
2005-08-08,5013.745952360736
2005-08-09,5697.4966488393975
2005-08-10,4386.012025725411
2005-08-11,4454.634351266233
2005-08-12,3890.105422499484
2005-08-13,4762.212403815502
2005-08-14,5414.8907986708455
2005-08-15,5562.722880026539
2005-08-16,3970.018938151106
2005-08-17,6113.867238971844
2005-08-18,4285.569380625835
2005-08-19,5611.46961991819
2005-08-20,5844.712928881151
2005-08-21,5318.08408844303
2005-08-22,4982.717767585672
2005-08-23,5911.877824950458
2005-08-24,5021.147487897496
2005-08-25,4555.959237584262
2005-08-26,4261.509822461026
2005-08-27,4512.787369197011
2005-08-28,5184.119637720428
2005-08-29,5463.093669381634
2005-08-30,5647.562043593605
2005-08-31,4750.947029058432
2005-09-01,4119.696660517944
2005-09-02,4563.746855935626
2005-09-03,4567.817596753866
2005-09-04,4576.272166656871
2005-09-05,4743.850742830418
2005-09-06,5463.480650340102
2005-09-07,5152.809704017402
2005-09-08,4237.736275819159
2005-09-09,5057.049731111807
2005-09-10,5758.069839741608
2005-09-11,5159.180572175406
2005-09-12,4803.444469727256
2005-09-13,4672.658588949804
2005-09-14,5722.780645156063
2005-09-15,5777.317775473304
2005-09-16,4306.5585374014445
2005-09-17,4721.647894696738
2005-09-18,4957.710153276571
2005-09-19,4790.124432312802
2005-09-20,4288.482175965429
2005-09-21,5576.898009224429
2005-09-22,4169.768741694745
2005-09-23,4858.045452931651
2005-09-24,4498.720822220796
2005-09-25,5146.90829662441
2005-09-26,5492.563558142946
2005-09-27,4449.991258083688
2005-09-28,5076.512554362485
2005-09-29,5279.091914673761
2005-09-30,4512.943984397529
2005-10-01,5185.736163380301
2005-10-02,6308.459864032932
2005-10-03,5084.019379013982
2005-10-04,4568.547526706305
2005-10-05,4728.436279122712
2005-10-06,4966.362704682869
2005-10-07,4410.40853208027
2005-10-08,5627.082686269185
2005-10-09,4322.6029988237815
2005-10-10,5104.588294883917
2005-10-11,4768.2077304297245
2005-10-12,4250.056923691105
2005-10-13,4846.394835419298
2005-10-14,5372.974310974927
2005-10-15,4424.642982621799
2005-10-16,5410.261270740907
2005-10-17,5714.80624086547
2005-10-18,5760.726212393434
2005-10-19,5051.154745112132
2005-10-20,5103.469627639943
2005-10-21,4999.629416444845
2005-10-22,5553.214050219125
2005-10-23,4760.445302447541
2005-10-24,4832.24289971984
2005-10-25,4654.686844846039
2005-10-26,4889.961467471727
2005-10-27,5930.769462812096
2005-10-28,5881.742528799029
2005-10-29,4263.2402273953985
2005-10-30,5411.321669964448
2005-10-31,4170.30878998533
2005-11-01,5749.032956617946
2005-11-02,5409.247533819122
2005-11-03,5851.030973761213
2005-11-04,5776.053243396091
2005-11-05,6171.9682791769665
2005-11-06,5676.535957747234
2005-11-07,5053.523156786814
2005-11-08,5718.944635925406
2005-11-09,4804.10952432771
2005-11-10,5586.021288498091
2005-11-11,6106.796050745004
2005-11-12,4471.413987912384
2005-11-13,4112.85958641329
2005-11-14,5566.86139002133
2005-11-15,6466.525992695115
2005-11-16,5048.931208532739
2005-11-17,4459.516595912037
2005-11-18,4494.147467852741
2005-11-19,4526.391416620014
2005-11-20,4901.672395810872
2005-11-21,5833.686234752536
2005-11-22,5701.4830355325485
2005-11-23,2868.403779012333
2005-11-24,4848.095767778757
2005-11-25,5472.960023740704
2005-11-26,5307.190071983311
2005-11-27,6592.98220883123
2005-11-28,5005.422344638565
2005-11-29,4689.523659773423
2005-11-30,5002.669896638699
2005-12-01,3990.4767357108485
2005-12-02,4314.94156162529
2005-12-03,5604.663124511157
2005-12-04,5203.622546865811
2005-12-05,5290.8039519649665
2005-12-06,6391.135717323353
2005-12-07,5540.485548721582
2005-12-08,4205.024404566618
2005-12-09,5198.248504644421
2005-12-10,4642.583947066637
2005-12-11,5032.607976061994
2005-12-12,4890.371977553873
2005-12-13,5104.190741711399
2005-12-14,4511.768981666316
2005-12-15,4908.719258500791
2005-12-16,4523.172496243785
2005-12-17,4412.3676035305725
2005-12-18,5116.535574395961
2005-12-19,4691.899856990861
2005-12-20,4760.830655427513
2005-12-21,4957.338305732181
2005-12-22,4034.918239891285
2005-12-23,4277.356242244562
2005-12-24,5230.056509255477
2005-12-25,4721.539650204726
2005-12-26,4658.1689102493165
2005-12-27,5161.266946515509
2005-12-28,4912.121966065541
2005-12-29,5242.861233870522
2005-12-30,5144.164959115118
2005-12-31,5823.804483039275
2006-01-01,4461.812910493479
2006-01-02,5362.80846204331
2006-01-03,4985.965442804171
2006-01-04,5099.463470674809
2006-01-05,5264.808761128746
2006-01-06,4198.181971015428
2006-01-07,5053.179878736055
2006-01-08,5066.509191493989
2006-01-09,5126.4154400614
2006-01-10,5765.792125742796
2006-01-11,4754.710627866993
2006-01-12,4716.7017942009725
2006-01-13,4782.201654848241
2006-01-14,4996.131163807216
2006-01-15,4768.593819318351
2006-01-16,5604.123725970712
2006-01-17,4847.696644648548
2006-01-18,4752.006559112124
2006-01-19,5564.5437307439715
2006-01-20,5193.924908479989
2006-01-21,5355.878231046708
2006-01-22,4569.0536586851995
2006-01-23,5559.25553556159
2006-01-24,4968.518875529445
2006-01-25,5193.455264042995
2006-01-26,4537.807557549553
2006-01-27,4671.561754373623
2006-01-28,5514.030450717466
2006-01-29,4881.001754914766
2006-01-30,5851.715669174085
2006-01-31,5188.497352463461
2006-02-01,4953.589408896966
2006-02-02,4936.117757824466
2006-02-03,5312.832914887019
2006-02-04,4389.291793666513
2006-02-05,5113.072005612473
2006-02-06,5723.867912239478
2006-02-07,4821.135205625383
2006-02-08,5121.646443795968
2006-02-09,4538.015863419531
2006-02-10,4714.930195033287
2006-02-11,4531.227385386847
2006-02-12,4329.8605880421255
2006-02-13,5587.659069546431
2006-02-14,4688.792847018629
2006-02-15,4386.628612324617
2006-02-16,5692.4203607711115
2006-02-17,4515.905742602571
2006-02-18,5108.079760245771
2006-02-19,4983.753127891058
2006-02-20,5566.1061843323005
2006-02-21,4874.789225437734
2006-02-22,4923.284847543924
2006-02-23,5783.595448694752
2006-02-24,5149.668014921718
2006-02-25,4782.625419989242
2006-02-26,4926.292759034621
2006-02-27,4738.6907783556435
2006-02-28,5149.296207275647
2006-03-01,4924.953759015236
2006-03-02,4648.4980613914695
2006-03-03,5673.940571518615
2006-03-04,4944.816804083299
2006-03-05,4966.377223419941
2006-03-06,4324.511442426196
2006-03-07,5417.203376112888
2006-03-08,4841.688690421504
2006-03-09,5660.921894431042
2006-03-10,4580.14613780696
2006-03-11,5576.2746180155655
2006-03-12,4908.015001535309
2006-03-13,4951.492511819441
2006-03-14,4639.7022112530985
2006-03-15,4322.8678200647955
2006-03-16,4858.696346176444
2006-03-17,4841.645915343675
2006-03-18,4278.175362299488
2006-03-19,6208.626139493184
2006-03-20,5018.637665588484
2006-03-21,4425.778980593623
2006-03-22,5086.627420518759
2006-03-23,4627.187176916479
2006-03-24,4195.814487445984
2006-03-25,5005.92206481267
2006-03-26,4882.462046347365
2006-03-27,4677.44297525143
2006-03-28,4573.300364137974
2006-03-29,4592.734724777027
2006-03-30,5814.690976359353
2006-03-31,5902.956638549276
2006-04-01,5345.615133292572
2006-04-02,4836.361608315178
2006-04-03,5580.063573145231
2006-04-04,5259.936258198581
2006-04-05,4824.196245164689
2006-04-06,4332.330171828057
2006-04-07,5132.585361758425
2006-04-08,5454.934506127867
2006-04-09,5835.174560365143
2006-04-10,5314.961534942489
2006-04-11,5555.670109051425
2006-04-12,4480.578097294601
2006-04-13,4724.2997102681675
2006-04-14,4570.233252185395
2006-04-15,4998.79949097682
2006-04-16,5147.60169450287
2006-04-17,4938.841977582252
2006-04-18,5336.548428272127
2006-04-19,3914.678496610403
2006-04-20,5733.714579445646
2006-04-21,4827.413246126885
2006-04-22,5133.635290782521
2006-04-23,6084.520671658977
2006-04-24,5026.054055455983
2006-04-25,5256.428930711808
2006-04-26,5437.128921329898
2006-04-27,4481.96035415653
2006-04-28,4272.102269979393
2006-04-29,5746.257790154443
2006-04-30,4797.967545374788
2006-05-01,5380.148438228962
2006-05-02,5093.410817396452
2006-05-03,4488.665923369404
2006-05-04,4781.247471266001
2006-05-05,5835.643925829193
2006-05-06,4551.67243249957
2006-05-07,4544.5582037937265
2006-05-08,5317.163646622377
2006-05-09,4961.275294186456
2006-05-10,5176.795318203819
2006-05-11,5294.96623539824
2006-05-12,4753.420742773289
2006-05-13,5462.014575184435
2006-05-14,5486.363576527298
2006-05-15,4623.473231492646
2006-05-16,4289.997370589928
2006-05-17,5021.956735549806
2006-05-18,4581.902727938234
2006-05-19,4551.989079541531
2006-05-20,4456.689227043118
2006-05-21,4641.623597892169
2006-05-22,4507.986049748414
2006-05-23,4800.240627838447
2006-05-24,4153.661351766506
2006-05-25,4637.30903901319
2006-05-26,4827.635219409412
2006-05-27,4769.968314319927
2006-05-28,5021.4907817370195
2006-05-29,5737.4660840060415
2006-05-30,4903.993747379291
2006-05-31,4947.012144853953
2006-06-01,4514.487521637408
2006-06-02,4943.763752523823
2006-06-03,5225.020931456589
2006-06-04,5481.7979540863735
2006-06-05,4980.713214782519
2006-06-06,5081.65143274048
2006-06-07,5300.581885402658
2006-06-08,5647.159907787365
2006-06-09,5056.168822562605
2006-06-10,4354.341140524047
2006-06-11,4848.840589819368
2006-06-12,4806.011737707165
2006-06-13,4884.334494831064
2006-06-14,4329.976698505577
2006-06-15,5240.2112647438635
2006-06-16,5032.095418409687
2006-06-17,6051.593522498702
2006-06-18,5095.538572870639
2006-06-19,4748.097457354331
2006-06-20,4667.53519026256
2006-06-21,5210.564313179209
2006-06-22,4989.468582261089
2006-06-23,5013.516708882214
2006-06-24,5237.163652711057
2006-06-25,5898.84854432692
2006-06-26,4549.826179320627
2006-06-27,5329.400570234805
2006-06-28,4869.156648093309
2006-06-29,3802.3206426862025
2006-06-30,4736.2588046137535
2006-07-01,5045.441021653594
2006-07-02,5492.696861796788
2006-07-03,5219.330016573969
2006-07-04,4654.312281906594
2006-07-05,4895.5561341668035
2006-07-06,5731.0804464789635
2006-07-07,4592.549366996822
2006-07-08,5335.343028154434
2006-07-09,6265.611847647031
2006-07-10,4497.990021197072
2006-07-11,5696.90474798244
2006-07-12,4443.750950410892
2006-07-13,5791.191115280286
2006-07-14,4962.4966339362745
2006-07-15,5242.802756234735
2006-07-16,5474.626757078538
2006-07-17,5815.198242160244
2006-07-18,5382.224786508737
2006-07-19,4623.288941411858
2006-07-20,5000.582391208251
2006-07-21,4080.876263001107
2006-07-22,4847.0867304273925
2006-07-23,5492.9081596694205
2006-07-24,4124.766231592504
2006-07-25,5488.030531036185
2006-07-26,4988.554629530483
2006-07-27,5427.583559284005
2006-07-28,4680.474782829568
2006-07-29,4070.609322802336
2006-07-30,5285.034665087316
2006-07-31,5291.034601766843
2006-08-01,4674.5374566427945
2006-08-02,5746.364039566006
2006-08-03,4825.895875966922
2006-08-04,5626.752400550143
2006-08-05,5457.147900250101
2006-08-06,5647.999244691531
2006-08-07,5038.282803121976
2006-08-08,4541.4057125107665
2006-08-09,5410.686096900958
2006-08-10,3867.1944251107566
2006-08-11,4521.408883128865
2006-08-12,5360.251503182592
2006-08-13,4736.493888585376
2006-08-14,4635.8256420683765
2006-08-15,5626.288865707216
2006-08-16,5562.129241069622
2006-08-17,5215.636692515549
2006-08-18,4135.067709138477
2006-08-19,5195.819925202913
2006-08-20,4253.6884368873125
2006-08-21,4507.099790204206
2006-08-22,5673.034954256129
2006-08-23,5126.346620584866
2006-08-24,4800.3084143353635
2006-08-25,4861.984900540684
2006-08-26,4650.316103751947
2006-08-27,4943.133280443615
2006-08-28,4542.8604986031405
2006-08-29,4734.903362064319
2006-08-30,5544.738684459861
2006-08-31,5060.958007816995
2006-09-01,4779.904863776861
2006-09-02,4972.5307469584595
2006-09-03,5456.771594331675
2006-09-04,4538.106916533903
2006-09-05,5877.031243463417
2006-09-06,4870.620237905387
2006-09-07,4858.7622312616
2006-09-08,5618.383936511096
2006-09-09,4841.407813634912
2006-09-10,5140.213348138297
2006-09-11,5213.087830113865
2006-09-12,5776.374649497508
2006-09-13,5397.642440659411
2006-09-14,4718.9444656443475
2006-09-15,4687.309323286004
2006-09-16,5004.57844338708
2006-09-17,5640.06025408723
2006-09-18,5105.517901985107
2006-09-19,5356.96757954132
2006-09-20,4600.460009134255
2006-09-21,4875.032653195906
2006-09-22,3825.844151232216
2006-09-23,4622.983439403697
2006-09-24,5457.72398273425
2006-09-25,4879.668067228625
2006-09-26,5259.573887057134
2006-09-27,5350.620970142944
2006-09-28,5358.879952036157
2006-09-29,4270.810495284705
2006-09-30,4431.074061268382
2006-10-01,4442.696624376385
2006-10-02,6223.951548195569
2006-10-03,5285.237445934951
2006-10-04,4742.6524497514665
2006-10-05,4811.801093706707
2006-10-06,5498.5472368167775
2006-10-07,5495.043317973919
2006-10-08,4237.628844642139
2006-10-09,4722.011674050726
2006-10-10,5694.787864243068
2006-10-11,5156.047917703078
2006-10-12,4878.842436712131
2006-10-13,6060.037365469718
2006-10-14,5732.770702361122
2006-10-15,4353.7262303208845
2006-10-16,4580.969506300209
2006-10-17,5858.8438358387575
2006-10-18,4268.273396355705
2006-10-19,4862.367522606673
2006-10-20,5506.462311919934
2006-10-21,5005.569732930531
2006-10-22,4554.995745461106
2006-10-23,5604.381449400583
2006-10-24,5544.092196593128
2006-10-25,5055.197732906738
2006-10-26,4743.197614099338
2006-10-27,5376.591028230537
2006-10-28,4996.652575813504
2006-10-29,4564.647886517976
2006-10-30,5167.448129691687
2006-10-31,4854.469752932199
2006-11-01,5124.576919611004
2006-11-02,5554.323945390255
2006-11-03,4598.601047954904
2006-11-04,5851.269761441332
2006-11-05,4897.09618359326
2006-11-06,5131.462420151014
2006-11-07,4507.499513346515
2006-11-08,4996.031775676583
2006-11-09,5343.948313515985
2006-11-10,4841.240634574805
2006-11-11,4800.569974660296
2006-11-12,5313.374231362845
2006-11-13,5511.176909216001
2006-11-14,4776.594619765715
2006-11-15,5148.131116224111
2006-11-16,5505.891925670834
2006-11-17,3911.7157296327905
2006-11-18,5277.312654435805
2006-11-19,4941.128416891392
2006-11-20,4547.899784523357
2006-11-21,6054.48807414258
2006-11-22,4435.506082815912
2006-11-23,4697.887975836279
2006-11-24,4354.7739861591135
2006-11-25,5402.813986335587
2006-11-26,4284.850366855016
2006-11-27,4826.365421370289
2006-11-28,4988.5947031943815
2006-11-29,4801.721420097575
2006-11-30,4817.767594757354
2006-12-01,4961.36409005722
2006-12-02,4008.1113539876355
2006-12-03,6023.187359515794
2006-12-04,5609.492891222622
2006-12-05,5689.202803738018
2006-12-06,5423.163859206543
2006-12-07,4979.393340092703
2006-12-08,5444.717046837403
2006-12-09,5127.728377607619
2006-12-10,4619.167135539844
2006-12-11,5140.552065513101
2006-12-12,4515.204210546131
2006-12-13,4898.360185457745
2006-12-14,5076.874776235955
2006-12-15,5628.235473069175
2006-12-16,4706.050613107151
2006-12-17,5472.076396579956
2006-12-18,4767.078888567132
2006-12-19,4592.424026589824
2006-12-20,5216.83297771607
2006-12-21,5037.494505020516
2006-12-22,5405.516167177576
2006-12-23,4436.453505418435
2006-12-24,5091.787736162882
2006-12-25,4993.885230441608
2006-12-26,5042.451934123808
2006-12-27,5152.616341677592
2006-12-28,4384.996303198646
2006-12-29,5196.018461814639
2006-12-30,4919.6894821334545
2006-12-31,4225.898975269209
2007-01-01,4370.793990675058
2007-01-02,5594.582256067108
2007-01-03,4295.335009834729
2007-01-04,4268.969290649433
2007-01-05,4826.766301884521
2007-01-06,5079.873137914479
2007-01-07,5405.121165363668
2007-01-08,4351.549858073007
2007-01-09,5186.962705616915
2007-01-10,5058.588699357276
2007-01-11,4909.358343282772
2007-01-12,5001.457559364386
2007-01-13,5404.403927030766
2007-01-14,5937.149574362802
2007-01-15,4596.373334971098
2007-01-16,5204.589377429157
2007-01-17,4646.973454445699
2007-01-18,5302.275559643625
2007-01-19,3733.1924679232534
2007-01-20,4626.772493447922
2007-01-21,5810.787670751812
2007-01-22,4927.562730259743
2007-01-23,5489.812950605068
2007-01-24,5486.514924717584
2007-01-25,5823.080188111742
2007-01-26,4551.1829996381775
2007-01-27,5694.117189543434
2007-01-28,6142.987602384934
2007-01-29,5085.538770008994
2007-01-30,5586.819578826863
2007-01-31,4907.957130944427
2007-02-01,4242.444361790212
2007-02-02,4718.621761058449
2007-02-03,5418.985596109294
2007-02-04,4033.5794685144306
2007-02-05,5053.377057044757
2007-02-06,5354.105538110465
2007-02-07,4294.600961394551
2007-02-08,4542.180992051123
2007-02-09,4703.411837758638
2007-02-10,4932.727047406745
2007-02-11,4770.21205736936
2007-02-12,4606.7952154615
2007-02-13,5435.429543215047
2007-02-14,4826.998502918276
2007-02-15,4944.974383622991
2007-02-16,4616.328947200056
2007-02-17,5071.935469827625
2007-02-18,6126.689142189454
2007-02-19,4669.786904825393
2007-02-20,4154.543263483174
2007-02-21,5235.120566992107
2007-02-22,5158.0595958609865
2007-02-23,4825.549629071698
2007-02-24,5313.396314935581
2007-02-25,3898.4422095836053
2007-02-26,4560.971346676472
2007-02-27,4878.2276324784525
2007-02-28,4846.7320775072785
2007-03-01,5027.5939217671585
2007-03-02,4600.6383795064485
2007-03-03,4781.3289365099145
2007-03-04,4838.554856414404
2007-03-05,4752.655833420595
2007-03-06,4563.946660008687
2007-03-07,5304.16213923956
2007-03-08,5563.972480986014
2007-03-09,4152.928448975676
2007-03-10,5219.720196445772
2007-03-11,5075.677545558736
2007-03-12,5046.61879322898
2007-03-13,4646.798046713975
2007-03-14,4821.401968906741
2007-03-15,4828.474658954691
2007-03-16,4950.490645896111
2007-03-17,5818.786493208076
2007-03-18,5378.164492788771
2007-03-19,4498.18507811743
2007-03-20,5081.2152343158095
2007-03-21,5388.839855573921
2007-03-22,4880.2862575361305
2007-03-23,5098.545999679318
2007-03-24,4730.943920244304
2007-03-25,5092.30103587855
2007-03-26,4781.584068734749
2007-03-27,5055.686391660678
2007-03-28,4061.6206098462717
2007-03-29,5093.0155105957565
2007-03-30,4886.6270830150215
2007-03-31,4827.550886115329
2007-04-01,5150.325556177463
2007-04-02,5051.610221590361
2007-04-03,5010.536078052841
2007-04-04,5139.280847798557
2007-04-05,5372.8533172901925
2007-04-06,5307.490591148397
2007-04-07,4157.072859301443
2007-04-08,4521.920615791351
2007-04-09,3880.8908922176356
2007-04-10,5267.286297547682
2007-04-11,4506.30227648536
2007-04-12,4598.791520156433
2007-04-13,3938.265952658331
2007-04-14,4736.109051074825
2007-04-15,5630.061003553421
2007-04-16,4267.145348860233
2007-04-17,5443.052417257667
2007-04-18,4701.421307209329
2007-04-19,5040.351055222346
2007-04-20,5488.378120255365
2007-04-21,6218.292042306137
2007-04-22,4068.0124904595414
2007-04-23,4534.803522665184
2007-04-24,5471.584611240281
2007-04-25,4866.343413599313
2007-04-26,4761.33901582689
2007-04-27,5140.8589217157205
2007-04-28,4452.582271154307
2007-04-29,4811.834252717531
2007-04-30,5118.076874959105
2007-05-01,4830.64552867106
2007-05-02,3497.5516419887635
2007-05-03,5166.581136271591
2007-05-04,5280.8237351014295
2007-05-05,4828.001809032673
2007-05-06,4573.815125375595
2007-05-07,5999.819433322033
2007-05-08,4875.416685655413
2007-05-09,4073.5371498099603
2007-05-10,4668.325849332586
2007-05-11,4773.901446823368
2007-05-12,4775.06114839775
2007-05-13,4830.881351162136
2007-05-14,4653.421037950806
2007-05-15,4990.457543731557
2007-05-16,4441.7450095693775
2007-05-17,4797.68654389518
2007-05-18,4618.129016685584
2007-05-19,4616.565021839741
2007-05-20,5255.4977427118065
2007-05-21,4521.717492828082
2007-05-22,3749.9625920231792
2007-05-23,5267.030380486459
2007-05-24,4933.721043468481
2007-05-25,4871.734644753644
2007-05-26,5097.572907886094
2007-05-27,5155.047717111929
2007-05-28,4597.160649699917
2007-05-29,5729.281568816008
2007-05-30,5090.201290457369
2007-05-31,4592.260625414881
2007-06-01,4897.455559850757
2007-06-02,5589.123064680228
2007-06-03,5349.154870839364
2007-06-04,5711.762151532307
2007-06-05,4698.118698577304
2007-06-06,4750.377307364667
2007-06-07,4530.880731740871
2007-06-08,5107.175470038065
2007-06-09,5038.774156977916
2007-06-10,4624.650647231522
2007-06-11,4804.953407803397
2007-06-12,5034.728748529675
2007-06-13,4599.993991155766
2007-06-14,5137.492232769653
2007-06-15,5425.775622134003
2007-06-16,5698.812768811703
2007-06-17,4798.750990209741
2007-06-18,5791.352513315466
2007-06-19,5450.78297712782
2007-06-20,4453.296031554745
2007-06-21,5189.773224290814
2007-06-22,5642.099109633776
2007-06-23,5568.659321844112
2007-06-24,4891.530026460017
2007-06-25,5415.539681314052
2007-06-26,5291.800940699152
2007-06-27,4436.800280792143
2007-06-28,5803.985025263558
2007-06-29,5294.966292187461
2007-06-30,6270.265387097578
2007-07-01,5280.141302920222
2007-07-02,5530.677977327841
2007-07-03,5026.512035823987
2007-07-04,4291.844113751115
2007-07-05,4441.767682548843
2007-07-06,5201.233287717798
2007-07-07,4112.787949383836
2007-07-08,4724.174358315076
2007-07-09,3830.907984609754
2007-07-10,5974.383708055706
2007-07-11,4656.776217851961
2007-07-12,4506.07225625262
2007-07-13,3648.292410123193
2007-07-14,4942.772526851541
2007-07-15,5861.247286171796
2007-07-16,4318.833926798363
2007-07-17,4138.204638579497
2007-07-18,4617.27359970672
2007-07-19,5021.599972211209
2007-07-20,4897.025220844032
2007-07-21,5226.6552714538575
2007-07-22,5606.6840780560215
2007-07-23,5420.533123740428
2007-07-24,5739.098681815147
2007-07-25,4598.445518809144
2007-07-26,4804.459305587883
2007-07-27,5363.496573466951
2007-07-28,5321.309056874314
2007-07-29,5056.719695232016
2007-07-30,4227.439595146776
2007-07-31,4712.005802409551
2007-08-01,5491.118740357932
2007-08-02,4965.403610071187
2007-08-03,6087.625039201967
2007-08-04,5616.93786464131
2007-08-05,4909.6546976049185
2007-08-06,4924.469445141937
2007-08-07,5636.774292280378
2007-08-08,5203.599583591098
2007-08-09,4767.160837146558
2007-08-10,5497.7733309890855
2007-08-11,5155.4717319734755
2007-08-12,4192.004005906789
2007-08-13,5227.7206613183625
2007-08-14,4367.530615496704
2007-08-15,5766.507549694435
2007-08-16,6010.532716437523
2007-08-17,4549.831197478184
2007-08-18,5588.862847023423
2007-08-19,4611.639438188399
2007-08-20,5698.295063733442
2007-08-21,4947.212728459362
2007-08-22,4853.0254739120155
2007-08-23,5332.324551975029
2007-08-24,4830.403878141384
2007-08-25,5238.133342092194
2007-08-26,5118.507371884299
2007-08-27,4589.055470996949
2007-08-28,5006.84257964117
2007-08-29,4475.818591410026
2007-08-30,5425.25595573447
2007-08-31,4631.944715900641
2007-09-01,5159.256686351781
2007-09-02,4749.26507181254
2007-09-03,4663.108866642677
2007-09-04,5570.878368267013
2007-09-05,5184.316882507723
2007-09-06,5504.065853787333
2007-09-07,4265.522618428538
2007-09-08,6117.202729278615
2007-09-09,4962.60206678506
2007-09-10,5206.258029230057
2007-09-11,5709.407914021975
2007-09-12,6023.286627242938
2007-09-13,4777.1999172666865
2007-09-14,5055.387102441878
2007-09-15,4660.565771564718
2007-09-16,4696.734962659098
2007-09-17,5784.641175343427
2007-09-18,4633.461327926067
2007-09-19,4614.735347727034
2007-09-20,5160.312393808739
2007-09-21,4390.208087989926
2007-09-22,5212.540942673758
2007-09-23,5124.900883155532
2007-09-24,5536.763495279065
2007-09-25,4970.450076347784
2007-09-26,5136.124477643501
2007-09-27,4371.6450938954595
2007-09-28,5759.76312515363
2007-09-29,5207.265465654569
2007-09-30,4352.699618126459
2007-10-01,4458.7435417151455
2007-10-02,4360.767068810358
2007-10-03,5271.324599552367
2007-10-04,5059.475697269475
2007-10-05,5676.218742805686
2007-10-06,4573.284779552881
2007-10-07,4821.809391795426
2007-10-08,5513.881832963522
2007-10-09,5560.736243615029
2007-10-10,4422.9370054655765
2007-10-11,5833.355714234086
2007-10-12,4994.310981800455
2007-10-13,5011.131473048074
2007-10-14,4999.256482953383
2007-10-15,4878.915743464679
2007-10-16,4949.638088169183
2007-10-17,5820.608243069717
2007-10-18,4597.931362360511
2007-10-19,4512.331792226054
2007-10-20,5609.382388106312
2007-10-21,5286.399230627683
2007-10-22,5061.968153392159
2007-10-23,5643.828109861995
2007-10-24,5159.418450400114
2007-10-25,4558.25119718453
2007-10-26,5183.313761831489
2007-10-27,4989.935864443942
2007-10-28,4754.673045453686
2007-10-29,4719.317955200335
2007-10-30,4586.358998945636
2007-10-31,4822.703431865733
2007-11-01,4689.906090431916
2007-11-02,4750.919998670367
2007-11-03,5399.698134497045
2007-11-04,5693.842465269171
2007-11-05,5025.590419145645
2007-11-06,4595.02993599838
2007-11-07,5615.954718175255
2007-11-08,5128.160848400691
2007-11-09,5171.950149422947
2007-11-10,5057.2821759087965
2007-11-11,5829.179156237653
2007-11-12,4411.982451666928
2007-11-13,4887.657308866109
2007-11-14,4311.473207777985
2007-11-15,5385.821979260294
2007-11-16,4382.460524398313
2007-11-17,5273.221776225526
2007-11-18,5411.582304329456
2007-11-19,5391.799610612021
2007-11-20,5523.05959363512
2007-11-21,5058.932306900133
2007-11-22,5108.491662418112
2007-11-23,5051.190725293324
2007-11-24,5423.377252333556
2007-11-25,5649.854906155855
2007-11-26,4181.9892746128835
2007-11-27,4510.997825492973
2007-11-28,4323.324269774683
2007-11-29,4828.214989780413
2007-11-30,5334.010381673057
2007-12-01,5179.501554273967
2007-12-02,4834.750019489132
2007-12-03,4734.971556977953
2007-12-04,4956.018678550545
2007-12-05,4931.516084752492
2007-12-06,4699.480338927022
2007-12-07,6209.175087254727
2007-12-08,5051.411619322725
2007-12-09,4364.971922579235
2007-12-10,5459.925828255
2007-12-11,4313.441955562379
2007-12-12,4315.78357846785
2007-12-13,5431.540082604757
2007-12-14,5659.184033529956
2007-12-15,4139.284760586969
2007-12-16,5780.288848285525
2007-12-17,5423.867271432245
2007-12-18,4911.847833191918
2007-12-19,4905.644978120204
2007-12-20,5104.478232547015
2007-12-21,5697.451459162907
2007-12-22,5657.322240450778
2007-12-23,5328.290123139338
2007-12-24,5457.624907196575
2007-12-25,4916.817691002879
2007-12-26,4988.355039042788
2007-12-27,4805.000611596615
2007-12-28,4583.531327818469
2007-12-29,5385.227001613268
2007-12-30,4848.138176139298
2007-12-31,4303.40842098936
2008-01-01,4013.0485119941086
2008-01-02,4791.526335497297
2008-01-03,3787.041609566845
2008-01-04,4362.868236245135
2008-01-05,5718.223540196021
2008-01-06,5174.699709546185
2008-01-07,5837.718744352339
2008-01-08,5216.4288452530855
2008-01-09,4355.653904662143
2008-01-10,5315.358946594941
2008-01-11,4641.5501858214875
2008-01-12,5016.355896186054
2008-01-13,4240.253118310868
2008-01-14,4379.537439781425
2008-01-15,5559.642857606147
2008-01-16,5227.498270075339
2008-01-17,4576.374665745112
2008-01-18,4077.0725816793265
2008-01-19,4480.361018377838
2008-01-20,6077.162023983743
2008-01-21,4914.875784443433
2008-01-22,4928.361847392886
2008-01-23,4685.202838673899
2008-01-24,5359.09913468258
2008-01-25,5517.442043375311
2008-01-26,4915.427653306133
2008-01-27,5174.177888073593
2008-01-28,5280.703230837316
2008-01-29,5611.636861768781
2008-01-30,5791.444790759459
2008-01-31,4866.506036611633
2008-02-01,5237.588889132249
2008-02-02,4813.05107330826
2008-02-03,4559.206801730454
2008-02-04,5082.09753297844
2008-02-05,4856.53465536802
2008-02-06,4623.625807950533
2008-02-07,4694.803907535322
2008-02-08,4819.827598838034
2008-02-09,4606.22146591904
2008-02-10,5731.595850409833
2008-02-11,5215.585691003196
2008-02-12,5259.300826872611
2008-02-13,4318.512264307029
2008-02-14,5091.550679820101
2008-02-15,4889.666704982344
2008-02-16,5386.590437644286
2008-02-17,5380.2490216664555
2008-02-18,4097.71308615893
2008-02-19,4750.897092219351
2008-02-20,4464.563347940222
2008-02-21,4837.931587796973
2008-02-22,5067.86626296593
2008-02-23,4680.781376765288
2008-02-24,4500.901719523919
2008-02-25,4695.724750301123
2008-02-26,5967.036860584168
2008-02-27,5413.810249655277
2008-02-28,5004.8673592943305
2008-02-29,3800.1564483978937
2008-03-01,6083.038227801993
2008-03-02,5101.588601144237
2008-03-03,4868.607306338899
2008-03-04,5319.656394672757
2008-03-05,4958.970555573742
2008-03-06,4853.276507227155
2008-03-07,4925.5109671343525
2008-03-08,4762.125641908619
2008-03-09,4200.573030114208
2008-03-10,4331.197719951557
2008-03-11,5381.336172613692
2008-03-12,5536.679081676089
2008-03-13,4848.5623311141035
2008-03-14,3865.265722638177
2008-03-15,5368.166670943722
2008-03-16,5720.690787628468
2008-03-17,5243.555806534738
2008-03-18,4806.230648642513
2008-03-19,5589.023547190284
2008-03-20,4958.267182657547
2008-03-21,5002.399562018255
2008-03-22,4804.868516184244
2008-03-23,5513.36083614394
2008-03-24,4682.264643694485
2008-03-25,5408.8173072868685
2008-03-26,5056.771000893678
2008-03-27,5383.996701697407
2008-03-28,4721.744913570748
2008-03-29,5033.189844248823
2008-03-30,4485.074210240905
2008-03-31,4763.461699579035
2008-04-01,5120.5526769849275
2008-04-02,5511.385708005603
2008-04-03,4240.208065010467
2008-04-04,5161.667134858752
2008-04-05,4914.699817823247
2008-04-06,4522.580597338373
2008-04-07,5513.801882080449
2008-04-08,4431.551992044945
2008-04-09,4813.877848213102
2008-04-10,5479.530753628395
2008-04-11,5344.741277907089
2008-04-12,4627.4000679099845
2008-04-13,4689.565279555393
2008-04-14,5110.604997531552
2008-04-15,5792.638085856252
2008-04-16,4708.313462218546
2008-04-17,4628.327186554727
2008-04-18,4280.568251851999
2008-04-19,4998.773111808814
2008-04-20,4789.083909706003
2008-04-21,5604.258550800868
2008-04-22,4774.911005046108
2008-04-23,4955.429681648752
2008-04-24,4356.566296830825
2008-04-25,4333.280429674455
2008-04-26,4780.861706184808
2008-04-27,3925.1465863367084
2008-04-28,5135.290900701024
2008-04-29,4353.75183909782
2008-04-30,5122.8545053673915
2008-05-01,4707.899932358601
2008-05-02,4671.4856710513195
2008-05-03,4779.949817248899
2008-05-04,5442.467010810856
2008-05-05,5851.333337021162
2008-05-06,6008.279031795826
2008-05-07,5255.404066077611
2008-05-08,5443.292730130679
2008-05-09,5226.263862622155
2008-05-10,4602.052007272881
2008-05-11,5117.9098464249155
2008-05-12,5129.1358363957315
2008-05-13,4424.2749255858525
2008-05-14,5870.4921866897375
2008-05-15,4390.258735535927
2008-05-16,5221.453907083355
2008-05-17,4754.05386549589
2008-05-18,4715.398272417827
2008-05-19,5269.719302435329
2008-05-20,4808.470686039315
2008-05-21,4862.713264002838
2008-05-22,4880.854905806953
2008-05-23,5322.1155738140915
2008-05-24,3972.114050233546
2008-05-25,4467.159898059661
2008-05-26,4876.115663610548
2008-05-27,4682.23210296892
2008-05-28,5993.652284129684
2008-05-29,4961.290335859891
2008-05-30,4866.208225535419
2008-05-31,5922.899650755272
2008-06-01,5399.160874810795
2008-06-02,5397.760558920864
2008-06-03,4838.774089630979
2008-06-04,4763.304437793008
2008-06-05,5794.10795657237
2008-06-06,5872.273337623987
2008-06-07,5527.341479860503
2008-06-08,4981.912730635467
2008-06-09,3908.4820744865165
2008-06-10,4511.477459345962
2008-06-11,5118.712107370879
2008-06-12,5152.946474693951
2008-06-13,5528.0479621335835
2008-06-14,4523.755375041404
2008-06-15,4781.387935039454
2008-06-16,4764.640244461425
2008-06-17,4930.913726661704
2008-06-18,4926.399871053606
2008-06-19,5066.434841742917
2008-06-20,4709.1824794504755
2008-06-21,4241.722366147025
2008-06-22,5003.882624214
2008-06-23,4558.285738064465
2008-06-24,5212.413283389166
2008-06-25,4968.3996766174105
2008-06-26,4693.809268118607
2008-06-27,5498.848256907857
2008-06-28,5164.180662368486
2008-06-29,5398.497057946811
2008-06-30,5023.354663641829
2008-07-01,5697.631364939183
2008-07-02,6168.210174785988
2008-07-03,5481.046656844524
2008-07-04,5354.518104721986
2008-07-05,5337.7016423621835
2008-07-06,4833.128732028122
2008-07-07,5044.849550933997
2008-07-08,5342.624003009094
2008-07-09,4342.487663790759
2008-07-10,4895.570413369028
2008-07-11,5060.261039645164
2008-07-12,5054.653365955423
2008-07-13,4912.2533440441175
2008-07-14,5225.663324031434
2008-07-15,5452.301196536376
2008-07-16,4830.785985353326
2008-07-17,5567.815821941744
2008-07-18,5308.155522987869
2008-07-19,5335.707962348604
2008-07-20,4973.283370742531
2008-07-21,4858.922816380662
2008-07-22,5036.562378992898
2008-07-23,3960.5956490313547
2008-07-24,5671.733781733939
2008-07-25,4671.437657685254
2008-07-26,4299.504349507067
2008-07-27,5411.48976559947
2008-07-28,4838.05944165741
2008-07-29,4626.945093614299
2008-07-30,4640.527203564088
2008-07-31,4974.500833932404
2008-08-01,4698.46955329611
2008-08-02,5128.071046960164
2008-08-03,5734.442280808855
2008-08-04,4802.865035423183
2008-08-05,5391.942233251726
2008-08-06,5337.935600196247
2008-08-07,4818.900213379893
2008-08-08,5621.059695811284
2008-08-09,5229.6876657241755
2008-08-10,5219.356285055182
2008-08-11,4689.9267160401005
2008-08-12,4412.979474557859
2008-08-13,4373.27306277038
2008-08-14,5104.613585925877
2008-08-15,4384.604928975634
2008-08-16,4801.258467408836
2008-08-17,3702.4964167009784
2008-08-18,3847.989379011292
2008-08-19,4693.223572831262
2008-08-20,5586.6224284777145
2008-08-21,4180.736124879398
2008-08-22,4733.9937013611525
2008-08-23,4838.368408962951
2008-08-24,5045.163132600579
2008-08-25,5551.82786900555
2008-08-26,4517.137650175053
2008-08-27,5292.718704289767
2008-08-28,4188.864519883242
2008-08-29,4552.839994307199
2008-08-30,4506.10691692232
2008-08-31,4298.211967435907
2008-09-01,4493.46613611137
2008-09-02,4480.55342745409
2008-09-03,4211.289530912822
2008-09-04,4850.3191713690785
2008-09-05,4915.280460726845
2008-09-06,4673.051122893408
2008-09-07,4839.966620880018
2008-09-08,4899.872743005104
2008-09-09,6082.040531562846
2008-09-10,6050.75770425191
2008-09-11,4836.124049703063
2008-09-12,5192.60266069351
2008-09-13,5052.654022865949
2008-09-14,5107.581706150477
2008-09-15,6505.702429965745
2008-09-16,5465.312425495644
2008-09-17,5432.899167724488
2008-09-18,4545.510407522052
2008-09-19,4763.068958518798
2008-09-20,4620.916007964708
2008-09-21,5734.591316300167
2008-09-22,5000.449493488673
2008-09-23,4687.517590208938
2008-09-24,5228.355955425957
2008-09-25,4800.867103808051
2008-09-26,4604.001149799086
2008-09-27,5673.762883319287
2008-09-28,4608.698994227738
2008-09-29,4621.705987935959
2008-09-30,5896.360447720272
2008-10-01,4880.832952151665
2008-10-02,4397.291843820934
2008-10-03,5144.09156375528
2008-10-04,4828.622929833772
2008-10-05,5651.812853769207
2008-10-06,4769.734062113466
2008-10-07,4524.732486777912
2008-10-08,5113.695038179819
2008-10-09,4739.4812704376745
2008-10-10,4076.3613986291343
2008-10-11,5590.881905162459
2008-10-12,4510.34179535502
2008-10-13,5007.202459550619
2008-10-14,6034.806212379401
2008-10-15,4783.842118397275
2008-10-16,5207.689860149054
2008-10-17,4889.137376439165
2008-10-18,5930.274955449061
2008-10-19,5290.12808104712
2008-10-20,5289.859886618834
2008-10-21,5621.669560644254
2008-10-22,4228.605091279658
2008-10-23,4932.232897880381
2008-10-24,5317.858508501845
2008-10-25,5174.412549793903
2008-10-26,5316.575944940577
2008-10-27,5318.8266190244885
2008-10-28,5604.678553464297
2008-10-29,5124.136466819263
2008-10-30,5113.131648325297
2008-10-31,4000.5579463509366
2008-11-01,6350.405472476901
2008-11-02,5159.702780881922
2008-11-03,4996.2404672821995
2008-11-04,4988.599031109269
2008-11-05,5231.421353119252
2008-11-06,5453.074307948744
2008-11-07,4890.412061163796
2008-11-08,5419.815391437667
2008-11-09,4555.237923243052
2008-11-10,5366.996919478776
2008-11-11,4985.136762560034
2008-11-12,4809.655673735008
2008-11-13,4996.327067173007
2008-11-14,5262.688617988001
2008-11-15,4324.268580015411
2008-11-16,6057.091190283773
2008-11-17,4948.664092321915
2008-11-18,5873.781944215869
2008-11-19,5573.301377594544
2008-11-20,5406.121485544935
2008-11-21,5259.486328906007
2008-11-22,4655.551916810448
2008-11-23,5646.715506084724
2008-11-24,5234.800176355989
2008-11-25,5050.338767214068
2008-11-26,5551.318882732211
2008-11-27,4371.8418645202855
2008-11-28,4274.742448443794
2008-11-29,4742.668670557853
2008-11-30,4696.035628529631
2008-12-01,5322.7781615970325
2008-12-02,4911.267759777722
2008-12-03,5159.192008046097
2008-12-04,4985.794379462086
2008-12-05,4666.928403795852
2008-12-06,5405.360697785525
2008-12-07,4756.155472696041
2008-12-08,3821.415156946683
2008-12-09,5251.041942913614
2008-12-10,5093.154498776774
2008-12-11,4813.618561895105
2008-12-12,5388.682445052528
2008-12-13,5601.117254398266
2008-12-14,4638.439234542316
2008-12-15,5308.693441087848
2008-12-16,5421.45713240272
2008-12-17,5593.344651600144
2008-12-18,4989.641587576616
2008-12-19,5804.511476043877
2008-12-20,4730.461342477486
2008-12-21,4795.517287977057
2008-12-22,4456.86742178347
2008-12-23,5311.3741870578315
2008-12-24,4783.114760915065
2008-12-25,4420.686071036151
2008-12-26,4404.996426391468
2008-12-27,5112.759265528527
2008-12-28,4940.28561023453
2008-12-29,5131.544987430978
2008-12-30,4628.471161518527
2008-12-31,4787.023388052594
2009-01-01,3961.747428617591
2009-01-02,5046.832932638694
2009-01-03,4524.122580323197
2009-01-04,5108.697315179992
2009-01-05,5419.029973070356
2009-01-06,4191.247197315706
2009-01-07,5049.325699928792
2009-01-08,4981.892655383872
2009-01-09,4438.56766864647
2009-01-10,4956.873074425324
2009-01-11,5057.639453247696
2009-01-12,4744.993766089923
2009-01-13,4646.753938259087
2009-01-14,4818.730772489486
2009-01-15,4781.888929760148
2009-01-16,5039.753602686216
2009-01-17,4549.307303884957
2009-01-18,4873.495046872652
2009-01-19,4771.246090242208
2009-01-20,4251.238544162357
2009-01-21,4296.12860781871
2009-01-22,4737.274433557301
2009-01-23,5203.038324267124
2009-01-24,3832.8039260977694
2009-01-25,4856.957843726426
2009-01-26,4589.060706698443
2009-01-27,5362.92952329418
2009-01-28,4826.899669870315
2009-01-29,4732.127387507297
2009-01-30,4875.294318538347
2009-01-31,4828.326669598927
2009-02-01,5281.768177823961
2009-02-02,4951.754937991269
2009-02-03,4389.295112083417
2009-02-04,5005.442515138634
2009-02-05,4939.6475171296315
2009-02-06,4991.762164984756
2009-02-07,5290.536445817781
2009-02-08,4361.271587692317
2009-02-09,4787.928411124965
2009-02-10,5826.742960307585
2009-02-11,5178.067577051022
2009-02-12,5410.031000683144
2009-02-13,4689.099226492506
2009-02-14,5667.1014419409785
2009-02-15,5043.426671650633
2009-02-16,5130.892091147452
2009-02-17,5573.779517435887
2009-02-18,5305.416930654233
2009-02-19,4940.760982367476
2009-02-20,4687.441934405036
2009-02-21,4275.545061772086
2009-02-22,4102.799302999974
2009-02-23,4370.41498105141
2009-02-24,4790.2302783089735
2009-02-25,5194.975203185018
2009-02-26,5058.856747362159
2009-02-27,3908.9305773793194
2009-02-28,4900.291372041931
2009-03-01,5001.211122550747
2009-03-02,4934.9127248069835
2009-03-03,5206.188174746809
2009-03-04,4973.932429551181
2009-03-05,4308.985677934204
2009-03-06,5295.4396480248215
2009-03-07,5170.439899489193
2009-03-08,4724.708100792152
2009-03-09,5260.828147846804
2009-03-10,3953.559472966585
2009-03-11,4478.0981448472885
2009-03-12,4795.651176537813
2009-03-13,4954.304646022512
2009-03-14,5008.308337173224
2009-03-15,4669.075448063757
2009-03-16,4833.092484357313
2009-03-17,4597.97848098002
2009-03-18,4498.531313392894
2009-03-19,5796.788607135465
2009-03-20,5340.128567583631
2009-03-21,4917.546808397415
2009-03-22,5778.873521052177
2009-03-23,5655.159701206398
2009-03-24,4651.450624503364
2009-03-25,6173.486401205961
2009-03-26,4768.789279103371
2009-03-27,5459.705114094177
2009-03-28,4722.742864887154
2009-03-29,5404.765560048014
2009-03-30,5670.134125286389
2009-03-31,4661.887827924826
2009-04-01,4371.065453763986
2009-04-02,4076.8218636070137
2009-04-03,5148.72406562536
2009-04-04,5251.31594323234
2009-04-05,5391.77131302721
2009-04-06,4629.682656844868
2009-04-07,5411.820650010616
2009-04-08,5604.14585159748
2009-04-09,5352.403475001543
2009-04-10,5633.614863897309
2009-04-11,4737.601555727266
2009-04-12,4920.515511274253
2009-04-13,4542.978322847593
2009-04-14,4936.035181873682
2009-04-15,5296.955326512568
2009-04-16,5383.5890694873
2009-04-17,3777.685735600646
2009-04-18,4646.381038051679
2009-04-19,5259.441063519791
2009-04-20,5051.721419035265
2009-04-21,4760.192600391876
2009-04-22,4833.430524911219
2009-04-23,4960.424651614882
2009-04-24,4088.5054807055785
2009-04-25,5666.448206426495
2009-04-26,4782.851974300453
2009-04-27,5913.418002914192
2009-04-28,5475.963704881533
2009-04-29,4910.3829762980895
2009-04-30,5724.511476142783
2009-05-01,5813.289828688307
2009-05-02,4541.014536016324
2009-05-03,5859.130069676726
2009-05-04,4877.184331302296
2009-05-05,4953.340457633858
2009-05-06,5093.219698355347
2009-05-07,5368.782192357314
2009-05-08,4807.072334725874
2009-05-09,4924.0880075888235
2009-05-10,4372.367109599221
2009-05-11,5246.514359433467
2009-05-12,4949.315198606734
2009-05-13,4065.582123199528
2009-05-14,4876.950944970507
2009-05-15,4284.975606434829
2009-05-16,5270.697188021147
2009-05-17,5145.598144004802
2009-05-18,5434.278188117935
2009-05-19,5308.44633802992
2009-05-20,5313.643539763698
2009-05-21,3881.1867343304666
2009-05-22,4993.99100186044
2009-05-23,5158.19633430422
2009-05-24,5248.608383622459
2009-05-25,5418.461517016365
2009-05-26,5540.20720611201
2009-05-27,5257.929156899594
2009-05-28,5384.452674067149
2009-05-29,4923.261443468283
2009-05-30,5591.625357494423
2009-05-31,4155.135079339202
2009-06-01,5634.228838888326
2009-06-02,4778.191587121116
2009-06-03,5656.790009127402
2009-06-04,5004.1214512769075
2009-06-05,4588.374270237643
2009-06-06,4603.047152968466
2009-06-07,5178.15942942777
2009-06-08,5578.466464987946
2009-06-09,5421.27602083459
2009-06-10,4433.218316163023
2009-06-11,5258.59134825106
2009-06-12,5265.52882542071
2009-06-13,5367.503211333048
2009-06-14,5005.387649939694
2009-06-15,4880.186591778345
2009-06-16,5028.682942473344
2009-06-17,5952.741321717237
2009-06-18,5008.230318562401
2009-06-19,4324.421770119527
2009-06-20,4888.50833575404
2009-06-21,4772.914146735332
2009-06-22,4946.215395684291
2009-06-23,4835.061037666181
2009-06-24,5570.402297882781
2009-06-25,5116.885472117467
2009-06-26,5228.455733099045
2009-06-27,4385.531297534536
2009-06-28,4635.0444598155
2009-06-29,5055.490281657806
2009-06-30,5092.655253893824
2009-07-01,4804.79616580183
2009-07-02,5530.875044781241
2009-07-03,4891.827303110065
2009-07-04,5132.732398313013
2009-07-05,5825.933911531645
2009-07-06,4800.984023589727
2009-07-07,5083.995702683195
2009-07-08,5540.805911135498
2009-07-09,5347.824281987006
2009-07-10,4757.491947250423
2009-07-11,3768.604370410084
2009-07-12,5098.16194850862
2009-07-13,4642.281268946744
2009-07-14,5603.94307157893
2009-07-15,5317.1776980629365
2009-07-16,5914.023981492614
2009-07-17,5313.125660105307
2009-07-18,4747.931185289007
2009-07-19,5659.88288055705
2009-07-20,5625.038896222126
2009-07-21,4596.619522475541
2009-07-22,4899.457460464665
2009-07-23,4691.775320220469
2009-07-24,5579.0817401711165
2009-07-25,5496.077647738936
2009-07-26,5471.453926546838
2009-07-27,4850.685518223539
2009-07-28,4896.340775998684
2009-07-29,4889.864771890252
2009-07-30,5960.88326510867
2009-07-31,4605.410994122067
2009-08-01,5201.951562895228
2009-08-02,5312.358510550465
2009-08-03,5838.099268964842
2009-08-04,5272.924807462121
2009-08-05,4319.788087807727
2009-08-06,5055.398757618438
2009-08-07,5498.306209158778
2009-08-08,5459.492748941088
2009-08-09,4899.307052898727
2009-08-10,4245.68764304156
2009-08-11,5461.4244172191175
2009-08-12,4963.311243437432
2009-08-13,5269.943973868249
2009-08-14,4643.147766604508
2009-08-15,5473.757421443091
2009-08-16,5394.654338593638
2009-08-17,5732.591819141206
2009-08-18,3898.3300872175178
2009-08-19,4504.654539379045
2009-08-20,5074.955662159935
2009-08-21,3909.86754538075
2009-08-22,4746.420384778213
2009-08-23,4929.131489737616
2009-08-24,4974.4150682215795
2009-08-25,5143.704364597286
2009-08-26,4890.848663625508
2009-08-27,4934.404482006507
2009-08-28,4448.18331110059
2009-08-29,5534.278526100821
2009-08-30,5686.573920739715
2009-08-31,5517.540757124903
2009-09-01,5682.289907173425
2009-09-02,4810.169928508092
2009-09-03,4826.947343605179
2009-09-04,5586.745843543062
2009-09-05,4974.796918806311
2009-09-06,5548.55368697696
2009-09-07,4645.5726135335835
2009-09-08,5128.654697807161
2009-09-09,4880.633198664111
2009-09-10,5470.8054356556395
2009-09-11,4652.915339069263
2009-09-12,4955.261235043743
2009-09-13,5937.244967606116
2009-09-14,4325.778271314354
2009-09-15,5549.337402803026
2009-09-16,5046.544943274668
2009-09-17,5279.775893117342
2009-09-18,4670.257702585136
2009-09-19,4732.217567525814
2009-09-20,4949.9445971719
2009-09-21,6518.3159111990235
2009-09-22,5276.202930799507
2009-09-23,4882.200107986445
2009-09-24,4927.687001019916
2009-09-25,5015.433858455498
2009-09-26,5418.817887602776
2009-09-27,5002.8572278930105
2009-09-28,5620.184149935372
2009-09-29,5291.3164302963705
2009-09-30,5120.0928031579715
2009-10-01,5046.188680360572
2009-10-02,4955.989574610114
2009-10-03,5690.102062216621
2009-10-04,4838.637011851252
2009-10-05,5330.538758015417
2009-10-06,4923.787540313792
2009-10-07,5435.901563486078
2009-10-08,4409.862327529597
2009-10-09,5166.586059444528
2009-10-10,4479.901476030454
2009-10-11,5261.759789319936
2009-10-12,5052.695159601488
2009-10-13,4056.0791897840413
2009-10-14,4416.508944757144
2009-10-15,4609.128340565492
2009-10-16,5767.063086497409
2009-10-17,5849.608837764319
2009-10-18,4595.451457895691
2009-10-19,4114.169320040481
2009-10-20,4673.805719091395
2009-10-21,5227.98807385548
2009-10-22,3905.6528767996842
2009-10-23,5286.085011765545
2009-10-24,4414.7138738689755
2009-10-25,6039.460653171404
2009-10-26,4737.945125053033
2009-10-27,4150.313407944442
2009-10-28,4555.26126120966
2009-10-29,5637.324143619325
2009-10-30,5056.633688668545
2009-10-31,4284.726681880949
2009-11-01,4545.037785800005
2009-11-02,4702.596558149079
2009-11-03,5772.153504051197
2009-11-04,5001.279273714366
2009-11-05,4392.860297982156
2009-11-06,3987.222418715394
2009-11-07,5903.72820031219
2009-11-08,3937.9205023529757
2009-11-09,4989.613526481218
2009-11-10,5163.482222043764
2009-11-11,5868.006765455446
2009-11-12,6434.6232669777455
2009-11-13,6352.189370037126
2009-11-14,5412.307009750502
2009-11-15,4751.672304312197
2009-11-16,5511.242834164863
2009-11-17,4307.241121457028
2009-11-18,5702.614181950891
2009-11-19,5017.169785208446
2009-11-20,4728.82880439542
2009-11-21,5739.698645369808
2009-11-22,4942.966810979318
2009-11-23,4983.696048429225
2009-11-24,5537.163556686342
2009-11-25,5809.063189439982
2009-11-26,4619.512260296089
2009-11-27,5557.485733716482
2009-11-28,4794.288845155729
2009-11-29,5063.048719858177
2009-11-30,4496.59306886842
2009-12-01,4342.582300243233
2009-12-02,4071.707008309238
2009-12-03,4127.9334268489265
2009-12-04,4796.0165866923135
2009-12-05,4329.958310445943
2009-12-06,4827.036869708292
2009-12-07,4953.07333316547
2009-12-08,4652.135846177537
2009-12-09,4733.728314246187
2009-12-10,5255.665455791826
2009-12-11,5385.434830963213
2009-12-12,5879.586453074768
2009-12-13,4221.727190006938
2009-12-14,5517.511858126681
2009-12-15,4251.815899535808
2009-12-16,4763.932934778851
2009-12-17,6721.77048409194
2009-12-18,5104.222835701851
2009-12-19,4796.788295830731
2009-12-20,5114.127733865872
2009-12-21,5403.904144276734
2009-12-22,5333.9331406908605
2009-12-23,5320.252103327236
2009-12-24,5421.02195472822
2009-12-25,4850.64894875895
2009-12-26,4147.643077397894
2009-12-27,4351.988768104771
2009-12-28,5264.900323105917
2009-12-29,4199.877068390386
2009-12-30,5644.591457522445
2009-12-31,5166.03711580315
2010-01-01,4366.106213594449
2010-01-02,4791.509176372801
2010-01-03,5291.757913574372
2010-01-04,5316.599120840692
2010-01-05,5065.23209302646
2010-01-06,5235.426131500731
2010-01-07,5109.7076692317805
2010-01-08,4837.382487224323
2010-01-09,4253.803638390456
2010-01-10,4821.627952182058
2010-01-11,4157.151954265144
2010-01-12,4582.923493866727
2010-01-13,5811.366858183574
2010-01-14,4594.342516127921
2010-01-15,4884.352114511967
2010-01-16,5398.410388564535
2010-01-17,4514.156439261045
2010-01-18,4568.123745004119
2010-01-19,5505.123087264414
2010-01-20,4232.715017285815
2010-01-21,5272.571611452574
2010-01-22,4283.8248669516015
2010-01-23,4864.852326675546
2010-01-24,4350.665183024138
2010-01-25,3971.466500231615
2010-01-26,4825.638989456416
2010-01-27,4800.215955113998
2010-01-28,4360.204434375929
2010-01-29,5255.183834392518
2010-01-30,4887.459097092935
2010-01-31,6271.140444810582
2010-02-01,4951.415330796498
2010-02-02,4405.036903429946
2010-02-03,4523.802016955471
2010-02-04,4889.942671164307
2010-02-05,5164.627891375293
2010-02-06,4825.723198862543
2010-02-07,5027.609792376411
2010-02-08,5008.8623885011875
2010-02-09,6325.544076341708
2010-02-10,5375.134111451739
2010-02-11,4971.654320311573
2010-02-12,4945.959754137089
2010-02-13,5686.249017396309
2010-02-14,5420.49648340736
2010-02-15,4530.086920406201
2010-02-16,5124.179900352006
2010-02-17,5356.242392655749
2010-02-18,4392.592858800868
2010-02-19,4739.654890919006
2010-02-20,4375.87893004041
2010-02-21,5001.8075036555065
2010-02-22,4507.384230595105
2010-02-23,4787.10413064189
2010-02-24,4686.834467181653
2010-02-25,4401.679421705668
2010-02-26,4672.772208380718
2010-02-27,5207.147631768779
2010-02-28,4473.523063644609
2010-03-01,4429.666112375963
2010-03-02,5105.977339506483
2010-03-03,5412.258404757198
2010-03-04,5077.212968793746
2010-03-05,5563.41347422068
2010-03-06,5734.071411361153
2010-03-07,4477.586731512672
2010-03-08,4318.125825237736
2010-03-09,5604.867225120898
2010-03-10,4627.2117075887945
2010-03-11,4619.062951449091
2010-03-12,5124.708487942016
2010-03-13,4540.826143321107
2010-03-14,5644.991717880955
2010-03-15,5254.144987339769
2010-03-16,5294.552761125643
2010-03-17,4609.867879798458
2010-03-18,5168.985660476661
2010-03-19,6005.30836725583
2010-03-20,4512.694863052413
2010-03-21,5190.570625012502
2010-03-22,5356.861027699264
2010-03-23,5466.000640533449
2010-03-24,5316.721636052657
2010-03-25,4551.662837501333
2010-03-26,5019.645593238488
2010-03-27,4810.082902879989
2010-03-28,5485.084737854635
2010-03-29,5206.720852989853
2010-03-30,4607.749164557516
2010-03-31,5426.275526913021
2010-04-01,5340.635190906026
2010-04-02,6002.299061300233
2010-04-03,5316.007801106005
2010-04-04,4979.499344954991
2010-04-05,5441.856843960271
2010-04-06,4977.2338367133025
2010-04-07,5260.44493994677
2010-04-08,5586.946927331734
2010-04-09,5376.899941579457
2010-04-10,5079.173472969793
2010-04-11,4856.84703286824
2010-04-12,4846.723161798202
2010-04-13,4755.697954372911
2010-04-14,4871.885646582485
2010-04-15,4853.324707411482
2010-04-16,4854.176618944192
2010-04-17,4363.83972081491
2010-04-18,4824.7258632464445
2010-04-19,5169.032730362837
2010-04-20,5235.869946959293
2010-04-21,5758.6785021570795
2010-04-22,5399.460068634612
2010-04-23,5007.683105329331
2010-04-24,5297.279947651385
2010-04-25,4842.112683112185
2010-04-26,5272.22792146147
2010-04-27,5980.219648607035
2010-04-28,4427.019960523484
2010-04-29,5037.50047381767
2010-04-30,5602.716730005027
2010-05-01,5964.440259099161
2010-05-02,5368.548384038635
2010-05-03,5340.163635768467
2010-05-04,4417.242640010159
2010-05-05,5296.8465753031105
2010-05-06,5180.294240451836
2010-05-07,3934.140970870235
2010-05-08,5639.241082718925
2010-05-09,5055.602187029135
2010-05-10,5099.822634569679
2010-05-11,4602.009133292069
2010-05-12,5269.489537112554
2010-05-13,3969.7114576373788
2010-05-14,4866.867686713363
2010-05-15,5271.02821116646
2010-05-16,5003.232954935815
2010-05-17,4748.460127632273
2010-05-18,5038.969479688648
2010-05-19,5882.25559877086
2010-05-20,5248.4881135794485
2010-05-21,5547.6412701029085
2010-05-22,4347.622760695023
2010-05-23,6315.857343203591
2010-05-24,4774.517832704975
2010-05-25,3989.8267112955896
2010-05-26,5416.272775027617
2010-05-27,5755.515110367449
2010-05-28,4979.582092428227
2010-05-29,4641.586992012828
2010-05-30,5290.8809874194185
2010-05-31,5643.626422922701
2010-06-01,5424.771043978161
2010-06-02,4685.8278850567385
2010-06-03,4356.98271187442
2010-06-04,5302.016474629458
2010-06-05,5065.739305744948
2010-06-06,4562.517236874992
2010-06-07,5165.186824074557
2010-06-08,5178.647755801755
2010-06-09,4501.314227711275
2010-06-10,5583.720952573991
2010-06-11,4831.597312897238
2010-06-12,5511.874259123903
2010-06-13,5133.636136412311
2010-06-14,4656.812068622988
2010-06-15,5269.157580662652
2010-06-16,4964.757821777215
2010-06-17,4770.938677021166
2010-06-18,4912.504003641463
2010-06-19,4606.10150414012
2010-06-20,3793.388359001662
2010-06-21,5176.255172534516
2010-06-22,5569.867297645576
2010-06-23,4799.986249051917
2010-06-24,4986.635699332502
2010-06-25,5159.385750419682
2010-06-26,4287.39663075708
2010-06-27,4979.052871266209
2010-06-28,5574.333283910739
2010-06-29,4964.699935926808
2010-06-30,4657.537500361871
2010-07-01,4839.650785936719
2010-07-02,4114.521833972864
2010-07-03,4979.153433779538
2010-07-04,5255.914519776769
2010-07-05,4732.686923339118
2010-07-06,3716.7022669917296
2010-07-07,4466.4954108821075
2010-07-08,5232.093050361427
2010-07-09,4873.944739190488
2010-07-10,5456.47486539655
2010-07-11,4905.6425148980925
2010-07-12,4410.370515919722
2010-07-13,4968.872727155621
2010-07-14,5228.926661234627
2010-07-15,5033.928990335266
2010-07-16,4550.282644840982
2010-07-17,4866.8885249515
2010-07-18,5362.629885056564
2010-07-19,4617.397022205528
2010-07-20,5206.952613291726
2010-07-21,5494.8641999256215
2010-07-22,5686.6377115646255
2010-07-23,4813.656630274248
2010-07-24,4200.830928565951
2010-07-25,5867.452734312437
2010-07-26,4887.750225412877
2010-07-27,4946.469887694964
2010-07-28,5096.855901984999
2010-07-29,4698.567475398837
2010-07-30,5398.6881740571525
2010-07-31,5794.164429955683
2010-08-01,5141.6379345508
2010-08-02,5075.115850671619
2010-08-03,4781.707644899576
2010-08-04,5168.3025831244095
2010-08-05,4199.0621102360365
2010-08-06,4629.521251918717
2010-08-07,5225.314765414302
2010-08-08,5088.864095118782
2010-08-09,4524.763930138235
2010-08-10,4222.103887125204
2010-08-11,5351.474848760976
2010-08-12,5177.125023997473
2010-08-13,5341.122902210917
2010-08-14,4439.12227235872
2010-08-15,5238.303380906279
2010-08-16,4591.259756066337
2010-08-17,5806.039273857951
2010-08-18,4985.9664648072685
2010-08-19,4850.651011119086
2010-08-20,5325.59842472094
2010-08-21,5127.171112404788
2010-08-22,4613.93170309189
2010-08-23,5310.325417822538
2010-08-24,5796.747480991785
2010-08-25,5265.810920269388
2010-08-26,6519.245335552781
2010-08-27,4658.106103152723
2010-08-28,5575.689451580296
2010-08-29,4913.105206589935
2010-08-30,5619.0992683430095
2010-08-31,4967.718449542124
2010-09-01,4323.849687931006
2010-09-02,4874.1838104075
2010-09-03,5583.393472848018
2010-09-04,6018.544304154566
2010-09-05,5113.435810844545
2010-09-06,4707.761245586295
2010-09-07,4764.464957332458
2010-09-08,5438.836527144287
2010-09-09,4740.133777914383
2010-09-10,4312.082142352761
2010-09-11,3978.8882388070942
2010-09-12,4317.483624728517
2010-09-13,5321.502147092516
2010-09-14,5259.04255264299
2010-09-15,4891.4499192536705
2010-09-16,4904.725162060244
2010-09-17,5158.272572110536
2010-09-18,4794.342274842052
2010-09-19,5664.360838749142
2010-09-20,4687.273644352102
2010-09-21,5004.370879034905
2010-09-22,4731.357768679968
2010-09-23,4516.58789008029
2010-09-24,4893.373532963182
2010-09-25,4637.94873010108
2010-09-26,4313.176768245079
2010-09-27,5677.215850979933
2010-09-28,5402.9120437172905
2010-09-29,4597.60327284504
2010-09-30,5252.989543191534
2010-10-01,5391.404288059881
2010-10-02,4889.878014429759
2010-10-03,4543.951175445353
2010-10-04,4216.136266277423
2010-10-05,5087.949979714381
2010-10-06,6183.077064843517
2010-10-07,4065.2206581734913
2010-10-08,5240.816219917253
2010-10-09,4615.400419998789
2010-10-10,5044.918545732511
2010-10-11,5093.234678896834
2010-10-12,5472.197613035681
2010-10-13,5642.234806990942
2010-10-14,5550.394716495474
2010-10-15,3978.3374281990673
2010-10-16,4940.264157496974
2010-10-17,5094.81488307739
2010-10-18,4304.307227160276
2010-10-19,4567.365147100887
2010-10-20,5292.453879557795
2010-10-21,4819.92089232956
2010-10-22,5592.392529203751
2010-10-23,5714.849461925601
2010-10-24,6164.026548748494
2010-10-25,3657.091172437218
2010-10-26,5198.159435577684
2010-10-27,5331.878207422214
2010-10-28,4824.451538749389
2010-10-29,4579.28241949807
2010-10-30,4714.609522321428
2010-10-31,5832.597978703823
2010-11-01,4668.929886775431
2010-11-02,5213.865992286767
2010-11-03,5208.053639746296
2010-11-04,4877.609064829097
2010-11-05,5219.200403229556
2010-11-06,5404.355030196792
2010-11-07,5760.272860635823
2010-11-08,4575.097069341647
2010-11-09,4237.6275141798005
2010-11-10,3976.9132681592378
2010-11-11,4726.00490898878
2010-11-12,4225.131428462114
2010-11-13,4611.3136391437865
2010-11-14,4970.862737846661
2010-11-15,5365.361808187203
2010-11-16,5826.548658551993
2010-11-17,3921.811951384595
2010-11-18,4509.465773780742
2010-11-19,5029.598909604594
2010-11-20,4304.029208561137
2010-11-21,4858.143313267465
2010-11-22,5326.97302007333
2010-11-23,6216.0806651462
2010-11-24,5712.725725025739
2010-11-25,4576.647208445788
2010-11-26,5913.1065951794735
2010-11-27,5250.828987334364
2010-11-28,5283.606374712483
2010-11-29,5536.986510351099
2010-11-30,5494.193547201361
2010-12-01,4362.905759818975
2010-12-02,4700.021820335642
2010-12-03,4187.0939112940705
2010-12-04,4807.615922655633
2010-12-05,5913.160366504031
2010-12-06,5793.349563105611
2010-12-07,4210.064428578536
2010-12-08,5102.137593278322
2010-12-09,5053.046334209659
2010-12-10,6045.269276448067
2010-12-11,3913.8177974144237
2010-12-12,5833.7689396606
2010-12-13,4370.313610396367
2010-12-14,4924.972316620691
2010-12-15,4841.1268630615905
2010-12-16,4469.706198791744
2010-12-17,4933.140195141009
2010-12-18,4063.6371941819316
2010-12-19,4733.136285658549
2010-12-20,5080.944357676161
2010-12-21,4596.420800936895
2010-12-22,4298.098179539575
2010-12-23,4945.458700292364
2010-12-24,4759.138605882148
2010-12-25,5173.0689699506
2010-12-26,4785.030167518754
2010-12-27,5505.71584114694
2010-12-28,5157.281167433205
2010-12-29,5357.580929018077
2010-12-30,4499.3387099672
2010-12-31,5197.2516972579
2011-01-01,4751.169941528448
2011-01-02,4736.224804367001
2011-01-03,5879.804426948887
2011-01-04,5286.82791017181
2011-01-05,5383.4516212068465
2011-01-06,4830.757000556748
2011-01-07,5381.615878126757
2011-01-08,4109.994717558291
2011-01-09,5139.626285743154
2011-01-10,5845.534031423675
2011-01-11,4314.2608127088315
2011-01-12,4971.953268997554
2011-01-13,5886.532227632031
2011-01-14,4706.620720808918
2011-01-15,4312.9688832900965
2011-01-16,4473.544131707816
2011-01-17,5399.305485237322
2011-01-18,5053.128909280605
2011-01-19,5006.482570477619
2011-01-20,4688.245104302623
2011-01-21,4422.576485066615
2011-01-22,5069.482899010416
2011-01-23,4251.972232034047
2011-01-24,5328.092468549134
2011-01-25,5770.383110240054
2011-01-26,4771.955393033645
2011-01-27,5587.665477601975
2011-01-28,4706.892238865636
2011-01-29,4904.345671844799
2011-01-30,3879.882000857465
2011-01-31,4875.975715682791
2011-02-01,4680.194616943548
2011-02-02,3748.724449018978
2011-02-03,5261.75710069265
2011-02-04,5888.30388409234
2011-02-05,5317.438081749004
2011-02-06,5049.526714547646
2011-02-07,4902.032404728559
2011-02-08,5349.140176033464
2011-02-09,6298.177736821213
2011-02-10,4654.570722284264
2011-02-11,4185.263422660149
2011-02-12,5757.238812726752
2011-02-13,5497.240927269609
2011-02-14,5468.791691434237
2011-02-15,5161.183184086241
2011-02-16,4450.078965874334
2011-02-17,4660.113557053672
2011-02-18,5676.057005109361
2011-02-19,5512.720379915143
2011-02-20,4561.592732401549
2011-02-21,4238.26185719013
2011-02-22,4656.08776984972
2011-02-23,5229.90833615911
2011-02-24,5622.986988508543
2011-02-25,4817.844981992004
2011-02-26,5619.414010836696
2011-02-27,3928.9883160838754
2011-02-28,4728.119389505572
2011-03-01,6128.564888694651
2011-03-02,4713.119315948235
2011-03-03,5233.233240823221
2011-03-04,4467.6564315498
2011-03-05,5066.117948055157
2011-03-06,5059.191813018847
2011-03-07,4584.756263980925
2011-03-08,5625.95796198744
2011-03-09,4512.450358331267
2011-03-10,5663.6111219783725
2011-03-11,6393.534760978713
2011-03-12,5074.739726877443
2011-03-13,4963.684616956996
2011-03-14,4142.6464069402555
2011-03-15,5502.823258943606
2011-03-16,4300.1816546044965
2011-03-17,4952.671235433981
2011-03-18,5211.300470071743
2011-03-19,5115.539888159722
2011-03-20,6037.812433987279
2011-03-21,5774.953681308485
2011-03-22,4502.985992188505
2011-03-23,5928.405602719085
2011-03-24,4636.515769251402
2011-03-25,5364.216921487687
2011-03-26,5045.911014790561
2011-03-27,5194.03179327601
2011-03-28,5930.549120858803
2011-03-29,4669.519073001865
2011-03-30,4237.78085964085
2011-03-31,5473.376547587459
2011-04-01,5224.781966619492
2011-04-02,5044.225695697287
2011-04-03,5302.382324056911
2011-04-04,5025.412034890985
2011-04-05,4202.711987759587
2011-04-06,5222.536675297898
2011-04-07,4221.772970994394
2011-04-08,5710.073109194115
2011-04-09,4675.240261012238
2011-04-10,5069.323803734815
2011-04-11,4682.518847169167
2011-04-12,4350.4974404918285
2011-04-13,5463.444647901748
2011-04-14,4620.713146581908
2011-04-15,5624.46597299332
2011-04-16,4931.529875953255
2011-04-17,5732.271201270841
2011-04-18,4575.596226272973
2011-04-19,4734.9796453017425
2011-04-20,4021.5771580089454
2011-04-21,5697.304103742394
2011-04-22,5804.776607373856
2011-04-23,5853.672453469327
2011-04-24,5121.624378403827
2011-04-25,5611.529264045717
2011-04-26,5076.940661370976
2011-04-27,4647.208347920466
2011-04-28,4947.130774312028
2011-04-29,5972.561425185517
2011-04-30,4294.794709569769
2011-05-01,4286.227416183736
2011-05-02,4071.777789308263
2011-05-03,4652.220000448536
2011-05-04,5077.6642688556285
2011-05-05,5425.864730276354
2011-05-06,4954.971981003202
2011-05-07,4599.166858813977
2011-05-08,4768.767773314899
2011-05-09,4971.461851230715
2011-05-10,4819.86193590237
2011-05-11,4475.148635503663
2011-05-12,4855.467405451155
2011-05-13,4698.328830169899
2011-05-14,3928.8257614810573
2011-05-15,5523.107566980746
2011-05-16,4737.770202507529
2011-05-17,5256.202596895766
2011-05-18,5503.752160554791
2011-05-19,5413.876001428975
2011-05-20,4935.595550763599
2011-05-21,3779.286513769566
2011-05-22,5256.150785476565
2011-05-23,5123.166447282718
2011-05-24,5422.618439248941
2011-05-25,4926.6635543678985
2011-05-26,4646.284205069538
2011-05-27,5127.156691183517
2011-05-28,5010.284829472548
2011-05-29,4796.779821258861
2011-05-30,4582.85471111394
2011-05-31,5231.974759470944
2011-06-01,4366.220175876448
2011-06-02,5168.114026375514
2011-06-03,4268.073512499432
2011-06-04,4160.55654519991
2011-06-05,5874.9751091928465
2011-06-06,6121.346909933919
2011-06-07,5018.6605058007435
2011-06-08,4516.576710953323
2011-06-09,5093.1929027578135
2011-06-10,4244.060102981482
2011-06-11,3864.0076665243423
2011-06-12,5051.912385849761
2011-06-13,4764.587909488115
2011-06-14,4701.098455685755
2011-06-15,4903.440339400756
2011-06-16,4867.903081605351
2011-06-17,5244.818110185432
2011-06-18,4635.809716062922
2011-06-19,4787.790858703088
2011-06-20,5734.244238668056
2011-06-21,4954.166424441525
2011-06-22,5109.122952096922
2011-06-23,5013.092281030106
2011-06-24,5241.644571556517
2011-06-25,4601.353033559194
2011-06-26,4671.420922313939
2011-06-27,4697.839225274486
2011-06-28,4197.6922039404135
2011-06-29,5183.00538767792
2011-06-30,4992.463450159986
2011-07-01,4207.522070972557
2011-07-02,4002.6666862848515
2011-07-03,5346.881568477938
2011-07-04,5418.822211697269
2011-07-05,5073.930572726679
2011-07-06,5880.2742346406385
2011-07-07,5450.800894097432
2011-07-08,5692.963035397275
2011-07-09,5427.1545200272685
2011-07-10,4553.351496629208
2011-07-11,5964.140268409352
2011-07-12,5688.0488618962045
2011-07-13,4199.891390376883
2011-07-14,4775.455221765027
2011-07-15,5512.851975906164
2011-07-16,4866.338748480547
2011-07-17,5654.704229853618
2011-07-18,4955.235855129713
2011-07-19,4385.254259680453
2011-07-20,5407.213397432234
2011-07-21,4953.0746525746645
2011-07-22,4421.325485615365
2011-07-23,4272.934389436508
2011-07-24,5303.830341829763
2011-07-25,4776.852452345866
2011-07-26,5920.086675055241
2011-07-27,5176.616357626488
2011-07-28,4027.4830508395316
2011-07-29,5483.956782779643
2011-07-30,6276.291605925959
2011-07-31,5352.523331697625
2011-08-01,4798.697742761833
2011-08-02,4413.464405048919
2011-08-03,5177.781390979118
2011-08-04,5972.31146038436
2011-08-05,4523.85461840741
2011-08-06,4806.917915968626
2011-08-07,5387.345249669989
2011-08-08,4769.882672806634
2011-08-09,4399.024578390437
2011-08-10,4689.672853349972
2011-08-11,5201.681741664936
2011-08-12,4964.417521108681
2011-08-13,4431.5809971606095
2011-08-14,4513.036760522668
2011-08-15,5244.102954968997
2011-08-16,4764.479120780124
2011-08-17,4415.0013487998285
2011-08-18,5876.09722995656
2011-08-19,5288.479266550565
2011-08-20,5462.169147879712
2011-08-21,5009.6165567911885
2011-08-22,4706.497647368577
2011-08-23,5131.935668677349
2011-08-24,4839.637942744742
2011-08-25,4494.073968070975
2011-08-26,4585.103583101902
2011-08-27,5243.037097087519
2011-08-28,5329.752114967182
2011-08-29,5108.319616378673
2011-08-30,5416.234682348999
2011-08-31,4463.944495018964
2011-09-01,4939.111380489816
2011-09-02,4541.222088536359
2011-09-03,4889.7376145525195
2011-09-04,4820.194593097026
2011-09-05,5048.920763877054
2011-09-06,4331.155789974822
2011-09-07,5010.309060066258
2011-09-08,4849.074780756318
2011-09-09,4975.381381630418
2011-09-10,4758.734682451502
2011-09-11,4002.5180888487866
2011-09-12,5236.29220444647
2011-09-13,5532.104347115788
2011-09-14,4674.546675240071
2011-09-15,4457.295513769868
2011-09-16,5385.7306940235685
2011-09-17,5244.583504860795
2011-09-18,4202.089839017405
2011-09-19,5416.36219746771
2011-09-20,5695.174550258498
2011-09-21,4674.574450092488
2011-09-22,4476.009732388276
2011-09-23,5177.060151085356
2011-09-24,6117.5104818636655
2011-09-25,4117.715884519602
2011-09-26,3940.58058060956
2011-09-27,5132.869378952872
2011-09-28,4768.873770922513
2011-09-29,5103.438440000802
2011-09-30,5112.321254360452
2011-10-01,5490.492914280471
2011-10-02,4734.79805911736
2011-10-03,4091.7477482947415
2011-10-04,4972.436564184804
2011-10-05,6086.086080485726
2011-10-06,4722.996737117881
2011-10-07,4933.103441143716
2011-10-08,4501.720483171002
2011-10-09,5129.148396663873
2011-10-10,5688.436887844059
2011-10-11,4792.853462899678
2011-10-12,5421.527920414653
2011-10-13,4870.87192941167
2011-10-14,5520.527866220615
2011-10-15,5621.740063924657
2011-10-16,5913.197249871875
2011-10-17,4988.2158495421645
2011-10-18,5252.609391539978
2011-10-19,5459.839315328365
2011-10-20,3633.753781617136
2011-10-21,5028.39170880599
2011-10-22,4961.329068313365
2011-10-23,4860.4348371733995
2011-10-24,4347.757894019756
2011-10-25,4250.817276452954
2011-10-26,5116.272969340303
2011-10-27,5829.424184109084
2011-10-28,5098.663134704377
2011-10-29,5388.593339587518
2011-10-30,4965.983541579572
2011-10-31,4269.648282650673
2011-11-01,5422.147717462322
2011-11-02,4968.020622411376
2011-11-03,4507.909830050869
2011-11-04,4709.963115908979
2011-11-05,6188.6210789819215
2011-11-06,5079.162104989946
2011-11-07,5272.372469341711
2011-11-08,5151.360444518491
2011-11-09,5441.986326787682
2011-11-10,5633.442077993806
2011-11-11,4891.314284569622
2011-11-12,4233.909738295355
2011-11-13,5181.195853896163
2011-11-14,4482.75409591213
2011-11-15,4892.921361715208
2011-11-16,5358.281107728403
2011-11-17,4786.208149294125
2011-11-18,4866.40072689919
2011-11-19,5908.571374338999
2011-11-20,5593.109839054439
2011-11-21,5013.687507875541
2011-11-22,4570.2045544171415
2011-11-23,5273.257374726612
2011-11-24,4781.603758153895
2011-11-25,5188.904631046534
2011-11-26,5554.764275120342
2011-11-27,5492.757990107625
2011-11-28,5423.120688926839
2011-11-29,5345.614460591445
2011-11-30,5780.733146270186
2011-12-01,5894.781939984964
2011-12-02,5111.208910039802
2011-12-03,5765.209336276991
2011-12-04,4310.074164837568
2011-12-05,5410.356066474536
2011-12-06,6005.155106118521
2011-12-07,4601.599555383144
2011-12-08,5673.802714469992
2011-12-09,5112.748358806306
2011-12-10,5319.694895120794
2011-12-11,4421.869212444992
2011-12-12,5534.333018179503
2011-12-13,4736.4213161287325
2011-12-14,4570.32241590278
2011-12-15,5497.659882101471
2011-12-16,5663.601117135536
2011-12-17,5015.695395165059
2011-12-18,5432.260458731007
2011-12-19,5764.830344764409
2011-12-20,5722.865315690341
2011-12-21,4134.580613290611
2011-12-22,5040.708763417346
2011-12-23,4199.510986204056
2011-12-24,5164.02475595746
2011-12-25,5026.195943023344
2011-12-26,4921.989923763111
2011-12-27,4113.777289659241
2011-12-28,4222.363179300695
2011-12-29,5241.987578499107
2011-12-30,4220.719246340474
2011-12-31,5319.370586068353
2012-01-01,4220.775997114677
2012-01-02,5121.74031484137
2012-01-03,5554.301815845464
2012-01-04,5416.3922026238
2012-01-05,5681.941417711204
2012-01-06,4046.8592208119344
2012-01-07,5457.80484229354
2012-01-08,4653.727755632838
2012-01-09,4802.010286908527
2012-01-10,4989.371787789696
2012-01-11,4662.484225433419
2012-01-12,4303.546895776857
2012-01-13,5214.782459706097
2012-01-14,4200.025213301778
2012-01-15,4469.301666138531
2012-01-16,4954.404222350461
2012-01-17,4678.264173046759
2012-01-18,4599.2293222629605
2012-01-19,4749.55041097921
2012-01-20,5084.3496924647525
2012-01-21,4177.008820804935
2012-01-22,5259.524624344598
2012-01-23,4956.1920163607565
2012-01-24,4228.171791738454
2012-01-25,5807.928843748998
2012-01-26,4334.076373992205
2012-01-27,4282.177517319419
2012-01-28,4734.217765481001
2012-01-29,5143.125360737985
2012-01-30,5449.6216710587805
2012-01-31,4500.494357848538
2012-02-01,5331.213250322036
2012-02-02,5136.660080385529
2012-02-03,5579.354509956898
2012-02-04,5447.930076649741
2012-02-05,4858.758673414208
2012-02-06,4326.113910224612
2012-02-07,5030.779964427753
2012-02-08,4995.70097912374
2012-02-09,5384.895976853126
2012-02-10,4282.584250467589
2012-02-11,5648.350493239466
2012-02-12,4592.594836151043
2012-02-13,5362.051027284156
2012-02-14,4111.973974431134
2012-02-15,6386.712845795064
2012-02-16,4978.438940029702
2012-02-17,5739.859169434645
2012-02-18,4768.323074523429
2012-02-19,5350.603324304403
2012-02-20,4513.424128377162
2012-02-21,4950.100217748725
2012-02-22,6232.333513518266
2012-02-23,5067.2329679061195
2012-02-24,4882.62592784978
2012-02-25,5062.929920280738
2012-02-26,4554.958360701746
2012-02-27,5023.370930055371
2012-02-28,4790.075107392284
2012-02-29,5097.866159372511
2012-03-01,4072.3280864049443
2012-03-02,4601.054478087077
2012-03-03,5269.673020640612
2012-03-04,5304.078122586421
2012-03-05,4800.115475060082
2012-03-06,4905.4299528527135
2012-03-07,6061.37661879643
2012-03-08,4712.309009603194
2012-03-09,5097.392263306133
2012-03-10,4917.122736654807
2012-03-11,5496.833593369299
2012-03-12,4495.286737423309
2012-03-13,5045.708076268769
2012-03-14,4583.203705165707
2012-03-15,5500.596823805022
2012-03-16,5935.885519247898
2012-03-17,5781.709886284927
2012-03-18,4364.322302302334
2012-03-19,5504.154808326716
2012-03-20,5123.846256408088
2012-03-21,5164.934176150718
2012-03-22,5053.63338042368
2012-03-23,5648.627573711061
2012-03-24,4846.627625940834
2012-03-25,4671.444230652741
2012-03-26,4955.380321717135
2012-03-27,5553.777492493289
2012-03-28,5785.101487876015
2012-03-29,4941.614338184989
2012-03-30,4700.354630765013
2012-03-31,4610.738894846294
2012-04-01,4551.387387522043
2012-04-02,5179.995792165149
2012-04-03,5616.003914713748
2012-04-04,5611.010722065046
2012-04-05,5663.549919479639
2012-04-06,4090.0597075759874
2012-04-07,4626.659564468574
2012-04-08,5265.629070826385
2012-04-09,5226.2526700201915
2012-04-10,5997.410335152305
2012-04-11,5104.208314843878
2012-04-12,6217.933545013013
2012-04-13,5392.9699065291525
2012-04-14,5168.124577873674
2012-04-15,4507.158511647853
2012-04-16,4571.541335031665
2012-04-17,5201.294758841814
2012-04-18,4609.23148170285
2012-04-19,5762.964246512843
2012-04-20,4879.325097387668
2012-04-21,5092.808834553092
2012-04-22,4944.812738004207
2012-04-23,4978.165251678905
2012-04-24,5180.240083191336
2012-04-25,4528.946606317499
2012-04-26,5278.867518542576
2012-04-27,5364.850851030435
2012-04-28,4514.531949077079
2012-04-29,4855.880066192557
2012-04-30,5335.854621892264
2012-05-01,4808.29938712045
2012-05-02,5459.247855528737
2012-05-03,4933.845897547667
2012-05-04,4571.309066774253
2012-05-05,4761.542979879837
2012-05-06,4150.883824508099
2012-05-07,5736.67663041812
2012-05-08,4604.305032401583
2012-05-09,5169.4305477842745
2012-05-10,4966.689109129643
2012-05-11,5377.44292455186
2012-05-12,5140.1833131326985
2012-05-13,4557.52373831756
2012-05-14,5306.017211685832
2012-05-15,5081.783944220796
2012-05-16,5348.194771327319
2012-05-17,4495.650856195104
2012-05-18,4522.351710129635
2012-05-19,5835.249429518552
2012-05-20,5061.86750956528
2012-05-21,5880.570707205131
2012-05-22,4833.330316969187
2012-05-23,5511.2609483658825
2012-05-24,5182.981884088049
2012-05-25,5516.503273737535
2012-05-26,4319.901701294112
2012-05-27,4986.518160509736
2012-05-28,4442.773862946955
2012-05-29,5488.10255986674
2012-05-30,5565.093281677506
2012-05-31,5141.899894439729
2012-06-01,5548.704054122854
2012-06-02,4782.392664034997
2012-06-03,5972.404521463618
2012-06-04,5350.657527223141
2012-06-05,4961.162887363667
2012-06-06,5297.8560478479385
2012-06-07,5125.96022652938
2012-06-08,5287.906969282376
2012-06-09,4580.021914251853
2012-06-10,4018.7626951698894
2012-06-11,5610.951399296268
2012-06-12,4453.574044388792
2012-06-13,5174.840401287224
2012-06-14,3951.36553842213
2012-06-15,4780.37063343565
2012-06-16,4627.092627674931
2012-06-17,5182.052563202599
2012-06-18,6352.355446309209
2012-06-19,5181.196115493972
2012-06-20,5180.650119816174
2012-06-21,5672.889502714831
2012-06-22,4668.205460139559
2012-06-23,3709.8157090502855
2012-06-24,4344.413644883421
2012-06-25,5218.071037773463
2012-06-26,4317.054377363707
2012-06-27,5537.643618510555
2012-06-28,5081.695382393286
2012-06-29,4826.198148186544
2012-06-30,5238.402234733324
2012-07-01,5726.282687516067
2012-07-02,5110.665259309953
2012-07-03,4499.188014615104
2012-07-04,5152.005471133855
2012-07-05,6045.632765587285
2012-07-06,5569.715865822196
2012-07-07,5066.79987002508
2012-07-08,5602.133839882126
2012-07-09,5439.22165827487
2012-07-10,4392.491160130593
2012-07-11,4430.192567796045
2012-07-12,5392.760683241744
2012-07-13,5409.2694605217275
2012-07-14,5040.764594723765
2012-07-15,4246.923135497955
2012-07-16,4709.163912326929
2012-07-17,4984.434680317778
2012-07-18,4634.6859906711425
2012-07-19,6007.958189163241
2012-07-20,5304.453791099053
2012-07-21,4501.740551710909
2012-07-22,5382.15524100447
2012-07-23,5576.084099086012
2012-07-24,5177.9860283284215
2012-07-25,4597.399494987987
2012-07-26,4660.214969396688
2012-07-27,5339.8960520998935
2012-07-28,5453.789170994938
2012-07-29,4883.084306622088
2012-07-30,4969.365030988971
2012-07-31,5103.397024987519
2012-08-01,4598.068560948491
2012-08-02,5719.011362882967
2012-08-03,5363.575567439963
2012-08-04,4909.821603408039
2012-08-05,4843.413532480005
2012-08-06,4860.955247476216
2012-08-07,6206.178626003631
2012-08-08,4543.826414227613
2012-08-09,4751.95816252193
2012-08-10,5378.617623873558
2012-08-11,5415.571618123163
2012-08-12,4978.399605487685
2012-08-13,5980.984033342311
2012-08-14,4990.0162363137
2012-08-15,4863.490288269005
2012-08-16,5455.859644445152
2012-08-17,4912.049144659481
2012-08-18,4719.034860282148
2012-08-19,5636.619917794741
2012-08-20,4766.232520394273
2012-08-21,4913.9519585927
2012-08-22,5873.885955727361
2012-08-23,4556.072195063484
2012-08-24,4928.935509849383
2012-08-25,5368.34285512401
2012-08-26,4474.717425421242
2012-08-27,4855.674145261808
2012-08-28,4691.731279062799
2012-08-29,5196.714241342113
2012-08-30,5166.154906097379
2012-08-31,4596.142702582258
2012-09-01,4943.674076975882
2012-09-02,4712.700029372448
2012-09-03,4820.397688131599
2012-09-04,4985.73680803647
2012-09-05,4744.252689319686
2012-09-06,4645.946644074317
2012-09-07,5545.335781073218
2012-09-08,4396.419406973613
2012-09-09,4964.615826392928
2012-09-10,5629.49833493814
2012-09-11,4769.811320640763
2012-09-12,4562.378506933863
2012-09-13,4895.2039322832015
2012-09-14,4979.321712437796
2012-09-15,4535.625789315571
2012-09-16,4382.609443184507
2012-09-17,6080.560536047596
2012-09-18,5427.712738208058
2012-09-19,4889.344628617661
2012-09-20,4872.984670898131
2012-09-21,5826.113333439648
2012-09-22,4900.091580387391
2012-09-23,5034.637617690387
2012-09-24,5769.438445409935
2012-09-25,4743.61958165927
2012-09-26,5887.127245044151
2012-09-27,5230.7874040786955
2012-09-28,4172.436442353304
2012-09-29,4709.771540749747
2012-09-30,5108.053744356861
2012-10-01,4439.948090907129
2012-10-02,4613.912443821833
2012-10-03,4818.266662881369
2012-10-04,5539.403358977665
2012-10-05,5246.731160351317
2012-10-06,5008.572435253146
2012-10-07,4949.180152341754
2012-10-08,5171.091704948323
2012-10-09,5230.379932504184
2012-10-10,5483.4904147931375
2012-10-11,5731.978259663619
2012-10-12,3934.969866339531
2012-10-13,5287.376042287736
2012-10-14,4373.935333448382
2012-10-15,4603.849466875751
2012-10-16,5288.159412070559
2012-10-17,5442.648129623882
2012-10-18,4794.4360360076735
2012-10-19,4287.483585432708
2012-10-20,5077.752885221368
2012-10-21,4736.211367354658
2012-10-22,4843.1772570740695
2012-10-23,5660.960743728923
2012-10-24,4809.649947782107
2012-10-25,4584.341684141354
2012-10-26,5309.360153610718
2012-10-27,5282.81573846057
2012-10-28,4295.947213646142
2012-10-29,3737.987066110685
2012-10-30,4838.9775042473575
2012-10-31,5626.406244547836
2012-11-01,5056.976543468342
2012-11-02,4596.54060917546
2012-11-03,5097.467736909945
2012-11-04,5121.909337325155
2012-11-05,3716.5963480752594
2012-11-06,4686.955554975486
2012-11-07,4795.291917752497
2012-11-08,5545.984552052794
2012-11-09,5151.8068105571165
2012-11-10,4064.614150875517
2012-11-11,5250.172447827237
2012-11-12,4931.528259745815
2012-11-13,4877.167694094164
2012-11-14,4178.651064071084
2012-11-15,5188.3386971337895
2012-11-16,4355.846360602041
2012-11-17,4638.9601517348865
2012-11-18,4134.37368198355
2012-11-19,4947.750313872795
2012-11-20,4690.731434963587
2012-11-21,4286.295009244708
2012-11-22,5665.776239570898
2012-11-23,5749.621122011138
2012-11-24,4250.640522746078
2012-11-25,5467.819363801947
2012-11-26,5248.828806232419
2012-11-27,5314.385191261835
2012-11-28,5658.382979823327
2012-11-29,6328.41046222507
2012-11-30,5731.070635631984
2012-12-01,4374.577255714179
2012-12-02,3836.419117923446
2012-12-03,4704.4990543232925
2012-12-04,4952.737504366577
2012-12-05,4650.53780595843
2012-12-06,5412.110274549952
2012-12-07,4741.457168929584
2012-12-08,5578.697426464258
2012-12-09,4686.017750233883
2012-12-10,4740.023862065858
2012-12-11,5192.126806826488
2012-12-12,5394.378928890364
2012-12-13,4853.022770329835
2012-12-14,5161.261622878123
2012-12-15,4400.788232884343
2012-12-16,4712.029082732415
2012-12-17,5721.53009875636
2012-12-18,5297.803643636176
2012-12-19,5106.558303839096
2012-12-20,5349.940027430865
2012-12-21,4665.105676262526
2012-12-22,4800.106614800968
2012-12-23,5020.424072025731
2012-12-24,4459.501674120149
2012-12-25,5607.278235030401
2012-12-26,4750.733481282932
2012-12-27,4781.988474460966
2012-12-28,4550.563788625543
2012-12-29,4837.65178022874
2012-12-30,4616.9402569169015
2012-12-31,5044.557177826232
2013-01-01,4799.226452809991
2013-01-02,5066.718641348406
2013-01-03,4453.841141959351
2013-01-04,4764.03030206973
2013-01-05,5394.398920540153
2013-01-06,5467.3295208747
2013-01-07,4787.916507439686
2013-01-08,4930.464871735355
2013-01-09,5068.606659309228
2013-01-10,4979.6653709677
2013-01-11,4717.1769402551945
2013-01-12,5216.436663625218
2013-01-13,5148.4944941073345
2013-01-14,5704.948717759376
2013-01-15,5966.733202513135
2013-01-16,4471.3723264227265
2013-01-17,5268.676046626643
2013-01-18,5363.917341731872
2013-01-19,5687.548564205086
2013-01-20,5508.398430402199
2013-01-21,5456.250572938826
2013-01-22,4267.639744863379
2013-01-23,5465.977448590638
2013-01-24,5151.584981307744
2013-01-25,5184.933172009779
2013-01-26,4499.677706165937
2013-01-27,4932.350413322119
2013-01-28,4753.637894230685
2013-01-29,4344.997289449064
2013-01-30,5014.464444001346
2013-01-31,4880.263857568594
2013-02-01,5091.597145916412
2013-02-02,4869.238111960048
2013-02-03,5663.514372799806
2013-02-04,4988.995396811496
2013-02-05,4377.110313125408
2013-02-06,4909.512961816437
2013-02-07,4772.708877993227
2013-02-08,4405.937313982664
2013-02-09,5645.515816990252
2013-02-10,4848.790095780757
2013-02-11,4280.372210193619
2013-02-12,4966.080432253357
2013-02-13,5939.971092768448
2013-02-14,5551.495760198115
2013-02-15,4968.787859207388
2013-02-16,5748.253224840005
2013-02-17,5227.999823903488
2013-02-18,5227.559756574286
2013-02-19,5469.960090019987
2013-02-20,5499.871062893102
2013-02-21,4282.120253266451
2013-02-22,5130.071358144382
2013-02-23,5524.13925937078
2013-02-24,4906.5559961549125
2013-02-25,5565.644794548887
2013-02-26,5003.797759018438
2013-02-27,5172.524897295728
2013-02-28,4175.790256566149
2013-03-01,4861.767924210915
2013-03-02,5425.663092463809
2013-03-03,5237.878755751519
2013-03-04,3983.6504803328257
2013-03-05,4522.520112773492
2013-03-06,5172.678107541608
2013-03-07,4673.029971503342
2013-03-08,5095.459654533759
2013-03-09,4867.783951582337
2013-03-10,4977.501611918694
2013-03-11,5257.413760039444
2013-03-12,4756.15770568179
2013-03-13,5210.155531608147
2013-03-14,5554.739999046016
2013-03-15,4638.464144988256
2013-03-16,5216.932874281839
2013-03-17,4586.487771432297
2013-03-18,4923.431101670297
2013-03-19,6199.353258588901
2013-03-20,4987.695981537663
2013-03-21,5406.715395413696
2013-03-22,5770.28749329389
2013-03-23,4730.07261052649
2013-03-24,4964.286738180025
2013-03-25,5150.310184004598
2013-03-26,5171.2851988965585
2013-03-27,5511.211057984463
2013-03-28,4943.259504792803
2013-03-29,4747.032613721278
2013-03-30,4972.117527076722
2013-03-31,4759.901902898784
2013-04-01,3873.646432235986
2013-04-02,4908.281449554127
2013-04-03,4350.662525822165
2013-04-04,4797.076551316407
2013-04-05,4870.708077876867
2013-04-06,5222.792416012024
2013-04-07,5130.65250976493
2013-04-08,4601.1123929479345
2013-04-09,4727.94475062557
2013-04-10,5408.447540604528
2013-04-11,4993.331062905445
2013-04-12,4704.8634695639485
2013-04-13,5381.883249576102
2013-04-14,5689.199493709604
2013-04-15,4853.890865331405
2013-04-16,5111.135820042887
2013-04-17,4808.31566376491
2013-04-18,5717.955750210656
2013-04-19,5071.763688117768
2013-04-20,4726.233676721632
2013-04-21,5135.467180581441
2013-04-22,4633.908507988666
2013-04-23,5415.264476273441
2013-04-24,5545.520064939445
2013-04-25,5901.519515909229
2013-04-26,4941.29163883431
2013-04-27,5475.81010818951
2013-04-28,5572.642616169396
2013-04-29,5653.25918954095
2013-04-30,4540.606442784659
2013-05-01,3719.6921941338423
2013-05-02,4900.4406861960615
2013-05-03,5019.451267249219
2013-05-04,4064.868685965882
2013-05-05,4935.921712375361
2013-05-06,4621.50191239294
2013-05-07,5219.801862047896
2013-05-08,6185.518092979727
2013-05-09,5071.440340278707
2013-05-10,4204.771841488434
2013-05-11,5493.866936461457
2013-05-12,5547.766586286907
2013-05-13,4400.413523633047
2013-05-14,4776.298876272885
2013-05-15,5432.606816523388
2013-05-16,5203.019498965407
2013-05-17,4535.421327185479
2013-05-18,5106.926563447693
2013-05-19,5124.248743461577
2013-05-20,5037.962143148798
2013-05-21,4366.276342157779
2013-05-22,4803.084168541528
2013-05-23,4998.337465710475
2013-05-24,4825.209302730751
2013-05-25,4207.587553193118
2013-05-26,3910.7431923964104
2013-05-27,5786.954269221466
2013-05-28,4816.682646120063
2013-05-29,5921.2397266727785
2013-05-30,4889.630306722054
2013-05-31,5044.322817108203
2013-06-01,6239.577655714658
2013-06-02,5161.92858848871
2013-06-03,4798.725441141978
2013-06-04,5095.705888319772
2013-06-05,4676.457306664459
2013-06-06,5010.800215042317
2013-06-07,4302.126504658881
2013-06-08,5657.667788033393
2013-06-09,5427.675587043505
2013-06-10,4666.5731492776695
2013-06-11,5249.676544132657
2013-06-12,4442.512015620216
2013-06-13,4426.853282179464
2013-06-14,4549.688882020028
2013-06-15,4535.688413932484
2013-06-16,5142.427828537874
2013-06-17,5124.391444500878
2013-06-18,4981.564368542579
2013-06-19,4770.726276095026
2013-06-20,5479.749561298148
2013-06-21,5631.317650310563
2013-06-22,4470.923179092635
2013-06-23,4815.814093024945
2013-06-24,5311.668162855398
2013-06-25,5209.718066804718
2013-06-26,5052.910604583632
2013-06-27,5680.724368427727
2013-06-28,5965.686241331429
2013-06-29,5522.717131489101
2013-06-30,4017.9843057768508
2013-07-01,4859.027528993056
2013-07-02,4109.913673873897
2013-07-03,5408.028356842108
2013-07-04,4795.751505510175
2013-07-05,4872.221931166741
2013-07-06,6343.25193477951
2013-07-07,4274.849462474983
2013-07-08,5331.979291606115
2013-07-09,4281.923445556056
2013-07-10,4319.336980653179
2013-07-11,5090.9757300116735
2013-07-12,5725.736947468891
2013-07-13,4722.930634239074
2013-07-14,4289.991994646078
2013-07-15,5430.20618430354
2013-07-16,4588.2617017216735
2013-07-17,5303.210037948369
2013-07-18,4433.796833917237
2013-07-19,4286.162334311323
2013-07-20,5666.894385734013
2013-07-21,4614.6969776183805
2013-07-22,5538.688063194569
2013-07-23,5371.655500331152
2013-07-24,4718.984585083129
2013-07-25,4808.632769870645
2013-07-26,4789.86759719394
2013-07-27,5648.770274861942
2013-07-28,4759.492971745726
2013-07-29,4679.215196502154
2013-07-30,5453.981932390827
2013-07-31,5094.623503405309
2013-08-01,4985.058753680144
2013-08-02,4824.159696310912
2013-08-03,5963.272040296096
2013-08-04,5163.190399048608
2013-08-05,5354.753219341577
2013-08-06,4950.0225460672655
2013-08-07,5401.868145788449
2013-08-08,4642.009569237093
2013-08-09,5483.871899921342
2013-08-10,4301.858135682333
2013-08-11,4517.07203568327
2013-08-12,4947.403436132296
2013-08-13,4316.743972830972
2013-08-14,4830.365067410404
2013-08-15,4392.486832925379
2013-08-16,4956.299914917751
2013-08-17,4554.349349927482
2013-08-18,4155.938619663183
2013-08-19,5138.712842673111
2013-08-20,5150.943523696921
2013-08-21,4991.552080800003
2013-08-22,5236.493119505378
2013-08-23,5173.251871874802
2013-08-24,4884.263992202871
2013-08-25,5747.337776276484
2013-08-26,4459.11786784405
2013-08-27,4133.185265600822
2013-08-28,4448.5404790030725
2013-08-29,5322.868236636704
2013-08-30,4921.486054337241
2013-08-31,5140.483050273333
2013-09-01,5406.310359951697
2013-09-02,6321.2295000241065
2013-09-03,5614.785296082918
2013-09-04,5425.783880940216
2013-09-05,5491.418646476315
2013-09-06,5529.9907643548195
2013-09-07,4578.733212531254
2013-09-08,4731.959129805954
2013-09-09,4767.617419206772
2013-09-10,4713.00878611105
2013-09-11,3866.1395699116674
2013-09-12,5966.119570656739
2013-09-13,4348.752367294049
2013-09-14,4732.570606438228
2013-09-15,4711.0436377758915
2013-09-16,5782.657831550545
2013-09-17,5170.19095291881
2013-09-18,4557.857633669869
2013-09-19,5192.442821692991
2013-09-20,4763.185224217992
2013-09-21,4360.879994262887
2013-09-22,4539.272438449296
2013-09-23,5096.542419413369
2013-09-24,4921.449499216921
2013-09-25,5001.058800575171
2013-09-26,5757.119501227297
2013-09-27,5092.711613631554
2013-09-28,4435.485921142522
2013-09-29,4904.96451370992
2013-09-30,4385.915112173132
2013-10-01,5183.58781717223
2013-10-02,4638.744120478552
2013-10-03,5193.240776928187
2013-10-04,5199.45976124722
2013-10-05,5572.468682604758
2013-10-06,4427.885755938335
2013-10-07,5432.578696059296
2013-10-08,4554.8589853006315
2013-10-09,5390.771575316607
2013-10-10,5183.2698427014275
2013-10-11,5296.162216189464
2013-10-12,4423.36127363972
2013-10-13,4447.547531628429
2013-10-14,4431.9563530138685
2013-10-15,5312.56363998093
2013-10-16,5230.182157590485
2013-10-17,4842.680407170891
2013-10-18,4784.438735942648
2013-10-19,5336.407024488863
2013-10-20,5840.758862371505
2013-10-21,3961.2864395551314
2013-10-22,4622.632149863156
2013-10-23,4983.661104228676
2013-10-24,5391.074604901397
2013-10-25,5105.438982787313
2013-10-26,5211.65069979628
2013-10-27,4378.451425348785
2013-10-28,5106.2087422879895
2013-10-29,5314.161504720862
2013-10-30,5514.27003554183
2013-10-31,6125.778910290915
2013-11-01,5140.684963846509
2013-11-02,5078.990065522118
2013-11-03,5341.808742637315
2013-11-04,5172.029772576411
2013-11-05,5043.068489943052
2013-11-06,4826.641114787023
2013-11-07,6413.715771569009
2013-11-08,5012.049146056629
2013-11-09,4644.836492940901
2013-11-10,3932.899575658951
2013-11-11,5184.721327053544
2013-11-12,5129.053800120832
2013-11-13,5275.894570544605
2013-11-14,4817.281827576437
2013-11-15,4239.589525211986
2013-11-16,4050.939710966405
2013-11-17,5665.7044909683555
2013-11-18,4946.172566640211
2013-11-19,4316.701571595449
2013-11-20,4986.369555940243
2013-11-21,4433.515745482326
2013-11-22,4900.87118876532
2013-11-23,4491.63257104129
2013-11-24,4123.404552123463
2013-11-25,4385.390891199552
2013-11-26,4505.890448224566
2013-11-27,4953.914094423424
2013-11-28,5837.945073147871
2013-11-29,4981.547360772392
2013-11-30,5366.667879932737
2013-12-01,4683.879119412991
2013-12-02,4858.431682605564
2013-12-03,4527.018768604223
2013-12-04,5080.162650062843
2013-12-05,4412.867355686648
2013-12-06,5090.38456416706
2013-12-07,5051.878388436482
2013-12-08,4671.776754441928
2013-12-09,4977.633167057077
2013-12-10,5077.721700974957
2013-12-11,4595.968984718785
2013-12-12,5309.167987975983
2013-12-13,4362.31301142828
2013-12-14,5286.731105615131
2013-12-15,4629.805220281173
2013-12-16,5075.803818969203
2013-12-17,5119.393745292922
2013-12-18,5363.295534915514
2013-12-19,5116.317202420867
2013-12-20,4598.382773306415
2013-12-21,5082.289899368374
2013-12-22,4682.939570614941
2013-12-23,4318.2190189459425
2013-12-24,5210.761079868785
2013-12-25,5079.6624826022
2013-12-26,5227.532208768348
2013-12-27,4517.372230700465
2013-12-28,5691.93261230964
2013-12-29,5215.201334046653
2013-12-30,5111.510570698738
2013-12-31,4812.31979815594
2014-01-01,5147.201017704693
2014-01-02,4660.368119201112
2014-01-03,5076.1639716009395
2014-01-04,5410.461874656798
2014-01-05,5045.945604658508
2014-01-06,5161.795503908678
2014-01-07,5700.835685666896
2014-01-08,5381.474656657641
2014-01-09,5629.407106430154
2014-01-10,4909.989004095794
2014-01-11,5591.251287211781
2014-01-12,4858.828833929592
2014-01-13,4691.565157311071
2014-01-14,4453.660129102937
2014-01-15,5146.08228079701
2014-01-16,5498.491113105062
2014-01-17,4709.147027022703
2014-01-18,4843.786345450508
2014-01-19,5740.204580611521
2014-01-20,5659.917944869814
2014-01-21,4546.226997768049
2014-01-22,4452.6417574678135
2014-01-23,5633.391107818997
2014-01-24,5391.601040003824
2014-01-25,4937.592733915529
2014-01-26,4411.681162565937
2014-01-27,5393.631091850485
2014-01-28,5397.685577796379
2014-01-29,5306.221414335676
2014-01-30,5053.039584373009
2014-01-31,5127.851929441342
2014-02-01,5307.938374495516
2014-02-02,4965.649821594128
2014-02-03,5889.5731443444065
2014-02-04,5457.117581410785
2014-02-05,4766.762189138231
2014-02-06,4394.071096194006
2014-02-07,4749.400705413949
2014-02-08,5810.846732370875
2014-02-09,5301.4637777880425
2014-02-10,4749.619479744794
2014-02-11,5398.3487973897445
2014-02-12,4084.8887116142732
2014-02-13,5037.076776786059
2014-02-14,5678.9176730065765
2014-02-15,5303.72863766732
2014-02-16,5427.910648842461
2014-02-17,5623.25738617271
2014-02-18,5214.288965946113
2014-02-19,4564.496955181134
2014-02-20,5735.281996894
2014-02-21,5908.892227054156
2014-02-22,5309.797766912813
2014-02-23,4665.7755893541025
2014-02-24,4456.848689038062
2014-02-25,5391.855630683816
2014-02-26,4822.410771101978
2014-02-27,4818.981058355267
2014-02-28,5838.925133182767
2014-03-01,4898.109116574114
2014-03-02,5976.606554323717
2014-03-03,4258.39340416972
2014-03-04,5149.590237130765
2014-03-05,4536.363725757336
2014-03-06,4719.448423957894
2014-03-07,4773.088768683319
2014-03-08,4878.302654853798
2014-03-09,5198.901885872821
2014-03-10,5179.437590218102
2014-03-11,4640.275992844281
2014-03-12,5101.523115675812
2014-03-13,5067.566342256471
2014-03-14,4841.8310896539915
2014-03-15,4572.82699514822
2014-03-16,4461.213511886932
2014-03-17,5502.216947610601
2014-03-18,4251.296923503933
2014-03-19,5199.681485062025
2014-03-20,4816.053587765332
2014-03-21,5512.336219652918
2014-03-22,4648.3841044654055
2014-03-23,5017.565013699744
2014-03-24,4858.695011428758
2014-03-25,5202.123006175689
2014-03-26,4867.281225391048
2014-03-27,4844.334215455182
2014-03-28,4998.546366944617
2014-03-29,5333.931204249719
2014-03-30,5115.479494514746
2014-03-31,4577.456108675932
2014-04-01,5450.4551734409615
2014-04-02,4608.708860907746
2014-04-03,4358.899717842329
2014-04-04,5592.618564611585
2014-04-05,4773.5534632148765
2014-04-06,5552.223115870341
2014-04-07,5194.38610133963
2014-04-08,4820.003420864721
2014-04-09,5478.173555479926
2014-04-10,4883.981542539956
2014-04-11,3674.210040222506
2014-04-12,5670.092829113149
2014-04-13,5353.293368531635
2014-04-14,4877.533901953552
2014-04-15,4565.266394255007
2014-04-16,4862.346083977607
2014-04-17,5157.756177091407
2014-04-18,4431.200939693268
2014-04-19,5451.032229794476
2014-04-20,5562.191639751916
2014-04-21,5239.107115815997
2014-04-22,4944.338703666344
2014-04-23,4017.970060630029
2014-04-24,5022.6952795409625
2014-04-25,5428.7620793463175
2014-04-26,4384.644375224259
2014-04-27,5005.425546065867
2014-04-28,5721.118739614002
2014-04-29,5490.603265822089
2014-04-30,5264.937354969625
2014-05-01,5257.591025723197
2014-05-02,5575.326044207607
2014-05-03,4188.724099986541
2014-05-04,4950.447612438217
2014-05-05,4625.6745791658095
2014-05-06,5993.641001648825
2014-05-07,5761.216872527681
2014-05-08,5989.659785670701
2014-05-09,4481.823187153029
2014-05-10,4929.7802430745105
2014-05-11,5098.675303145094
2014-05-12,5255.83569901408
2014-05-13,4750.609679694295
2014-05-14,5043.804595270804
2014-05-15,4877.708211530859
2014-05-16,4598.012983181564
2014-05-17,4851.136567501048
2014-05-18,4645.545181003124
2014-05-19,5597.984513932916
2014-05-20,5224.874299570954
2014-05-21,5227.461963611914
2014-05-22,5161.802679167289
2014-05-23,5398.9057521039695
2014-05-24,5058.361302517521
2014-05-25,5075.880892372718
2014-05-26,4544.403054459586
2014-05-27,4851.434894287248
2014-05-28,5144.449482253058
2014-05-29,5324.2510195411605
2014-05-30,5284.12042201307
2014-05-31,5320.764127886144
2014-06-01,5510.904781823283
2014-06-02,5441.425084106259
2014-06-03,5409.07244605698
2014-06-04,5120.662984790304
2014-06-05,5248.333384958863
2014-06-06,4767.68162507605
2014-06-07,5452.898579349404
2014-06-08,5899.2863149419445
2014-06-09,5359.125153848615
2014-06-10,5512.322406494613
2014-06-11,5328.361566610572
2014-06-12,5098.925576831163
2014-06-13,5186.723679945275
2014-06-14,4975.914889555954
2014-06-15,4104.286140486535
2014-06-16,4790.429086009197
2014-06-17,4869.276701452108
2014-06-18,4872.2845651822445
2014-06-19,5334.296412786771
2014-06-20,5058.079345800961
2014-06-21,4419.399490621193
2014-06-22,5495.047999577057
2014-06-23,4815.991660836562
2014-06-24,4660.521734929935
2014-06-25,5025.403619406
2014-06-26,5078.670407379144
2014-06-27,5435.473266890609
2014-06-28,4872.133842274134
2014-06-29,4057.5976721552934
2014-06-30,4930.09046568608
2014-07-01,5902.61684380602
2014-07-02,5185.914852362031
2014-07-03,5169.635027176579
2014-07-04,5257.834156823332
2014-07-05,4815.985232171038
2014-07-06,5002.32515311645
2014-07-07,4983.400312506421
2014-07-08,5709.247617492968
2014-07-09,5164.415471984851
2014-07-10,5593.488560584032
2014-07-11,5463.224676265472
2014-07-12,5147.201146802671
2014-07-13,3737.2391798221697
2014-07-14,4588.632647605737
2014-07-15,4583.636929201333
2014-07-16,5243.960294492524
2014-07-17,5382.607861001663
2014-07-18,5060.321958477383
2014-07-19,5195.529254533049
2014-07-20,4235.719716309382
2014-07-21,5207.216928709406
2014-07-22,5360.5147083178
2014-07-23,5126.767178183264
2014-07-24,4445.987010643744
2014-07-25,4502.7336574349165
2014-07-26,5908.739028440258
2014-07-27,5678.899392360146
2014-07-28,6845.514231704131
2014-07-29,5079.7261834853725
2014-07-30,4818.73771906801
2014-07-31,4656.4376055939965
2014-08-01,5312.983449009907
2014-08-02,4553.312951971438
2014-08-03,4631.381630162254
2014-08-04,4164.694929035946
2014-08-05,5631.229889433481
2014-08-06,5615.625726422701
2014-08-07,5299.07858082222
2014-08-08,5230.665779629057
2014-08-09,5301.054654368465
2014-08-10,5568.940199864404
2014-08-11,5527.569290398137
2014-08-12,4412.505135580743
2014-08-13,5442.0105964675295
2014-08-14,4910.675625903911
2014-08-15,4573.206202256844
2014-08-16,5681.61966492003
2014-08-17,5111.1603282298865
2014-08-18,4657.935332563416
2014-08-19,4256.704290313111
2014-08-20,4854.07685471147
2014-08-21,4638.33547186128
2014-08-22,4519.536031408932
2014-08-23,5490.454342044901
2014-08-24,5658.957614473475
2014-08-25,4562.5390824188435
2014-08-26,5117.531864164211
2014-08-27,4871.2053572621
2014-08-28,5804.10614919501
2014-08-29,5788.511611605597
2014-08-30,5069.233264041275
2014-08-31,5484.616675401001
2014-09-01,4982.949885041248
2014-09-02,4745.199717879044
2014-09-03,5869.486998026123
2014-09-04,4335.0690275471125
2014-09-05,4727.820659761393
2014-09-06,5248.30009624979
2014-09-07,5108.416479520211
2014-09-08,4755.280321844702
2014-09-09,5216.94905481094
2014-09-10,5140.182070292887
2014-09-11,5058.952131644212
2014-09-12,4276.898061304406
2014-09-13,5019.8431543612805
2014-09-14,4891.55701258592
2014-09-15,5165.1381912210645
2014-09-16,5262.117564214384
2014-09-17,5131.009317817506
2014-09-18,4786.562798591649
2014-09-19,5663.5987512951715
2014-09-20,4589.377098024333
2014-09-21,4460.170772573361
2014-09-22,5835.815115290159
2014-09-23,5499.0161415763505
2014-09-24,4960.4061328870675
2014-09-25,4956.209421311066
2014-09-26,5201.4063573257445
2014-09-27,5191.240258070327
2014-09-28,5141.586989542447
2014-09-29,5296.594405817681
2014-09-30,5123.60818266565
2014-10-01,5705.481443411072
2014-10-02,5286.174573195185
2014-10-03,5360.946277597331
2014-10-04,5292.918829314118
2014-10-05,4643.830276172405
2014-10-06,4588.2973896372
2014-10-07,4387.876702493173
2014-10-08,4957.5543871279815
2014-10-09,5424.345421771644
2014-10-10,4752.097303313715
2014-10-11,4755.397277312888
2014-10-12,5180.096126042489
2014-10-13,5353.243414462422
2014-10-14,4769.826911200525
2014-10-15,3982.706189386755
2014-10-16,4464.309129217372
2014-10-17,4878.2182898205665
2014-10-18,4569.914111169954
2014-10-19,5584.812696577898
2014-10-20,5441.096474848918
2014-10-21,4871.460309634436
2014-10-22,5471.795980646984
2014-10-23,5282.813951837567
2014-10-24,5229.164919062996
2014-10-25,5027.925821613658
2014-10-26,4960.881945311231
2014-10-27,4923.947950846014
2014-10-28,5296.488904323601
2014-10-29,5116.118099946555
2014-10-30,5193.115275935532
2014-10-31,4904.511896747015
2014-11-01,4676.671009818471
2014-11-02,4556.279492232177
2014-11-03,5930.018289819399
2014-11-04,5038.599011220897
2014-11-05,4783.419786306659
2014-11-06,4825.882495873166
2014-11-07,5152.620123058303
2014-11-08,5270.176878011335
2014-11-09,4844.313446700781
2014-11-10,5366.894166407954
2014-11-11,6110.773000130323
2014-11-12,4706.06522366246
2014-11-13,5056.684511717223
2014-11-14,4736.705506375948
2014-11-15,4711.611778075479
2014-11-16,4907.222128694364
2014-11-17,4557.444263655115
2014-11-18,5934.492646188079
2014-11-19,5731.842192462715
2014-11-20,5023.984407767144
2014-11-21,5271.716432519754
2014-11-22,4735.952170193421
2014-11-23,4874.251005738996
2014-11-24,5525.827637612789
2014-11-25,5399.0566549386
2014-11-26,5518.63723401388
2014-11-27,4465.883494963294
2014-11-28,5414.408901520238
2014-11-29,5035.070355922602
2014-11-30,4813.300708908144
2014-12-01,4408.188921673383
2014-12-02,4341.771169500388
2014-12-03,5225.908473717505
2014-12-04,4372.131699400626
2014-12-05,3882.3790904483767
2014-12-06,4942.636069578882
2014-12-07,4503.295239718812
2014-12-08,5113.130847916427
2014-12-09,5156.072137248569
2014-12-10,5163.6603336766475
2014-12-11,5222.041544958384
2014-12-12,4885.231676555509
2014-12-13,5054.385298628049
2014-12-14,5148.1134632574385
2014-12-15,5684.46728370926
2014-12-16,4777.340645787191
2014-12-17,5285.739348840758
2014-12-18,5048.361369453704
2014-12-19,5351.515264183556
2014-12-20,4379.432235953318
2014-12-21,5409.583951373152
2014-12-22,5080.481552212645
2014-12-23,5057.379902502036
2014-12-24,5276.794231108447
2014-12-25,5125.279669012545
2014-12-26,4435.381255965076
2014-12-27,4561.071034438743
2014-12-28,4496.131479521367
2014-12-29,4499.115714313173
2014-12-30,5057.40981437295
2014-12-31,5211.65362516923
2015-01-01,5286.043096916176
2015-01-02,4803.981708798236
2015-01-03,5223.085234451246
2015-01-04,4751.504383699307
2015-01-05,4228.607130758761
2015-01-06,4957.390241972891
2015-01-07,4877.879724714963
2015-01-08,4912.889021250574
2015-01-09,5078.346310982368
2015-01-10,6084.291290135917
2015-01-11,5842.23270828522
2015-01-12,4399.547267091039
2015-01-13,5286.790772291939
2015-01-14,4904.585121469801
2015-01-15,3951.4886968332958
2015-01-16,4093.8622248805586
2015-01-17,5616.324043342893
2015-01-18,5425.271132387304
2015-01-19,4358.694489071952
2015-01-20,4402.521555612846
2015-01-21,4461.63221768175
2015-01-22,3740.928273671855
2015-01-23,5058.752241038807
2015-01-24,5286.196090473494
2015-01-25,4675.582969213049
2015-01-26,4499.629601161687
2015-01-27,4801.711604614232
2015-01-28,4187.885031852598
2015-01-29,4825.032582333784
2015-01-30,5487.726643257859
2015-01-31,4914.026291788389
2015-02-01,5097.864425235117
2015-02-02,4954.321385699708
2015-02-03,4421.287279789858
2015-02-04,5945.811560261702
2015-02-05,4952.25300252854
2015-02-06,5030.83975244111
2015-02-07,4197.990180307634
2015-02-08,4634.984491352941
2015-02-09,4806.295147269738
2015-02-10,4183.027891010766
2015-02-11,5183.503379529442
2015-02-12,4882.155725309617
2015-02-13,5215.147351381049
2015-02-14,4637.833582280898
2015-02-15,3971.2582494152566
2015-02-16,4598.33192713965
2015-02-17,5331.789266210348
2015-02-18,4567.50557109011
2015-02-19,5006.880089992323
2015-02-20,5158.222219367498
2015-02-21,5653.348992691317
2015-02-22,5070.080866883281
2015-02-23,4668.819442758789
2015-02-24,4475.981498574148
2015-02-25,5513.551524801269
2015-02-26,4833.547167799457
2015-02-27,4780.053063400635
2015-02-28,4636.789994995401
2015-03-01,5211.51002419408
2015-03-02,4213.06076601506
2015-03-03,4902.116065322732
2015-03-04,4560.601593808571
2015-03-05,5715.682728916019
2015-03-06,4722.9352100141905
2015-03-07,5980.613488737399
2015-03-08,5120.523071680937
2015-03-09,4920.4653362842455
2015-03-10,5128.513036150201
2015-03-11,4687.130532685855
2015-03-12,4628.784843294752
2015-03-13,4880.323411614008
2015-03-14,3871.3697735104424
2015-03-15,5321.047663570968
2015-03-16,4680.510562172541
2015-03-17,5424.428265693058
2015-03-18,5291.852946109448
2015-03-19,5152.238758197043
2015-03-20,5346.308216096346
2015-03-21,4764.517955424994
2015-03-22,4777.681990016309
2015-03-23,4504.021115469562
2015-03-24,5344.582872889352
2015-03-25,3962.721453852831
2015-03-26,4297.138917252273
2015-03-27,4051.0000268695844
2015-03-28,5546.802401166764
2015-03-29,4884.375837931728
2015-03-30,4809.968472124454
2015-03-31,5109.322724700309
2015-04-01,5398.980759380489
2015-04-02,4374.470869735805
2015-04-03,5168.9335287906315
2015-04-04,5190.139947922027
2015-04-05,4963.496003793174
2015-04-06,5294.027737718777
2015-04-07,4336.513946918902
2015-04-08,4441.577902194755
2015-04-09,5185.179097341651
2015-04-10,5602.1222013971765
2015-04-11,5912.017295502335
2015-04-12,5447.218375258635
2015-04-13,4319.518860833376
2015-04-14,4895.496039242582
2015-04-15,6077.779478090649
2015-04-16,5107.899761825319
2015-04-17,5401.933441814485
2015-04-18,4540.846068903498
2015-04-19,4914.946826145058
2015-04-20,4114.2417163866485
2015-04-21,4681.081848936139
2015-04-22,4817.42518368045
2015-04-23,5087.570262817886
2015-04-24,5644.202948105776
2015-04-25,4588.154098154555
2015-04-26,4324.517109185667
2015-04-27,4935.565925902688
2015-04-28,4674.7149804273195
2015-04-29,5181.638750619233
2015-04-30,4104.481659160148
2015-05-01,5143.316955896106
2015-05-02,4863.445206319635
2015-05-03,5118.785923191933
2015-05-04,4759.815512984329
2015-05-05,5376.742303234559
2015-05-06,4634.093610373064
2015-05-07,4933.308848673419
2015-05-08,5465.99796278878
2015-05-09,4526.634944419064
2015-05-10,5691.364729951226
2015-05-11,5059.415813717206
2015-05-12,5254.139681002865
2015-05-13,4911.625072614778
2015-05-14,5336.126234234012
2015-05-15,5079.415211418901
2015-05-16,5057.402860008919
2015-05-17,4366.127744605655
2015-05-18,5372.763736649395
2015-05-19,4671.85119601512
2015-05-20,6165.985569792971
2015-05-21,5033.305885037234
2015-05-22,4938.592392753757
2015-05-23,4841.438583520335
2015-05-24,5328.147686548708
2015-05-25,5438.55370762106
2015-05-26,5722.724576241189
2015-05-27,4990.289460947963
2015-05-28,4688.7184718107965
2015-05-29,5127.1163029613235
2015-05-30,5419.759368165155
2015-05-31,4786.596400603108
2015-06-01,4136.469870707802
2015-06-02,4806.223369555177
2015-06-03,5367.597141457963
2015-06-04,4715.441808220376
2015-06-05,5845.530110666703
2015-06-06,5070.418481572955
2015-06-07,4862.21134007066
2015-06-08,4554.920804386034
2015-06-09,4115.790003709347
2015-06-10,4933.2320346008455
2015-06-11,6491.319417973535
2015-06-12,4884.11525934908
2015-06-13,5047.680788460297
2015-06-14,5026.528829851886
2015-06-15,5373.679604836885
2015-06-16,5130.328690570434
2015-06-17,5436.654226015536
2015-06-18,4783.695688721994
2015-06-19,5278.679062994805
2015-06-20,5034.417638414891
2015-06-21,5025.223012936832
2015-06-22,5356.768960411151
2015-06-23,5243.775063703524
2015-06-24,4781.666081365378
2015-06-25,4343.269453427204
2015-06-26,5200.964784462801
2015-06-27,4525.23711765436
2015-06-28,4848.413146595322
2015-06-29,5274.74162395178
2015-06-30,4845.905795001371
2015-07-01,4583.679307153133
2015-07-02,5454.37179709323
2015-07-03,4743.294382474261
2015-07-04,4980.097713957217
2015-07-05,4827.876337318657
2015-07-06,4084.388661660357
2015-07-07,5283.585788123742
2015-07-08,4460.838716314329
2015-07-09,4563.797572845398
2015-07-10,4320.564301528865
2015-07-11,5877.088700493034
2015-07-12,5149.4611745913435
2015-07-13,5115.835818008065
2015-07-14,5368.623388269648
2015-07-15,5905.487272969143
2015-07-16,4807.926823136777
2015-07-17,4404.058755652688
2015-07-18,5777.837470168557
2015-07-19,5109.56552641951
2015-07-20,5980.137900736014
2015-07-21,4633.932184071255
2015-07-22,5083.977642930158
2015-07-23,4425.853035622943
2015-07-24,5006.689744386802
2015-07-25,4488.560262580551
2015-07-26,4842.379511637837
2015-07-27,4694.433732050582
2015-07-28,4372.148170865238
2015-07-29,5190.349848272956
2015-07-30,5168.616229265362
2015-07-31,4081.7998174674635
2015-08-01,4456.946358075167
2015-08-02,5605.437176112149
2015-08-03,5466.954211034044
2015-08-04,5416.158094981523
2015-08-05,4989.760005865967
2015-08-06,4436.715126212025
2015-08-07,4067.430331532707
2015-08-08,4645.63317247649
2015-08-09,5457.6090258927
2015-08-10,5354.799069602894
2015-08-11,5344.911878838972
2015-08-12,4020.09746316002
2015-08-13,4787.4382486703325
2015-08-14,5266.636837296832
2015-08-15,4249.330805983465
2015-08-16,4474.371997189635
2015-08-17,4684.6235292417
2015-08-18,4108.664077392495
2015-08-19,4450.277699360512
2015-08-20,4606.687974708205
2015-08-21,5485.630290933946
2015-08-22,4994.315774061631
2015-08-23,5386.046179950382
2015-08-24,5083.8344293164455
2015-08-25,5379.676865429989
2015-08-26,5441.64972687333
2015-08-27,4859.343117165317
2015-08-28,4851.321540200573
2015-08-29,5562.951613114185
2015-08-30,5349.107152776738
2015-08-31,5275.939473759103
2015-09-01,5410.507009931677
2015-09-02,5323.415537878245
2015-09-03,5502.538466139602
2015-09-04,4589.020155543219
2015-09-05,5033.64962737475
2015-09-06,5214.995241065305
2015-09-07,4918.369321834568
2015-09-08,4849.912578467344
2015-09-09,5631.970116293426
2015-09-10,4757.088244869134
2015-09-11,5861.445463623192
2015-09-12,4751.990109742325
2015-09-13,5129.363666107857
2015-09-14,4904.7909395645665
2015-09-15,4792.834244486172
2015-09-16,5614.697989346035
2015-09-17,4166.313327555036
2015-09-18,5194.5374340853305
2015-09-19,4860.915917279856
2015-09-20,4798.4266408745625
2015-09-21,5434.4993750873955
2015-09-22,4715.170984453699
2015-09-23,5178.726665065404
2015-09-24,4921.737066789919
2015-09-25,5407.879912337825
2015-09-26,4818.125437297381
2015-09-27,5302.506293763566
2015-09-28,5367.586859006032
2015-09-29,4470.211231998226
2015-09-30,5674.760807331022
2015-10-01,5962.7960888045745
2015-10-02,4719.849899796951
2015-10-03,4215.326602721182
2015-10-04,5035.171503475983
2015-10-05,4937.00407658862
2015-10-06,5233.863391883575
2015-10-07,4889.13342311272
2015-10-08,5154.914538752606
2015-10-09,4737.0792422097065
2015-10-10,5140.103661197168
2015-10-11,5015.669081522297
2015-10-12,3948.8677792179897
2015-10-13,4875.7993299063955
2015-10-14,5414.4505601772
2015-10-15,5046.52745571917
2015-10-16,5336.449375340181
2015-10-17,4773.823743385283
2015-10-18,5119.342386738423
2015-10-19,3900.539650447431
2015-10-20,4803.643093301452
2015-10-21,4200.555208054055
2015-10-22,5352.900095130399
2015-10-23,5123.822725324456
2015-10-24,5684.205897743075
2015-10-25,4771.003622777684
2015-10-26,4944.285063534762
2015-10-27,5247.337376211813
2015-10-28,5340.326236207937
2015-10-29,3872.654862229245
2015-10-30,4784.149843686618
2015-10-31,5445.957779649151
2015-11-01,5993.607526181338
2015-11-02,5519.403377219521
2015-11-03,5259.103213099543
2015-11-04,5148.0022282689915
2015-11-05,5731.845857422681
2015-11-06,6098.2846853842575
2015-11-07,4021.3492971052315
2015-11-08,5529.198305084919
2015-11-09,4908.688651876258
2015-11-10,5004.170121554469
2015-11-11,5408.725808745794
2015-11-12,4663.55674882677
2015-11-13,5822.433313537562
2015-11-14,4995.947987202469
2015-11-15,5389.093845842664
2015-11-16,3855.0456510625877
2015-11-17,5179.723502185848
2015-11-18,5613.568670428104
2015-11-19,4788.511463307376
2015-11-20,5463.81042367584
2015-11-21,5362.725306637944
2015-11-22,4357.787480471359
2015-11-23,5178.520194669281
2015-11-24,4105.766346196827
2015-11-25,4299.028860324044
2015-11-26,4661.760371461759
2015-11-27,4716.964469971861
2015-11-28,5133.858685534043
2015-11-29,3955.2506223078626
2015-11-30,4466.985563306513
2015-12-01,5576.989314337728
2015-12-02,4619.0837159828125
2015-12-03,4915.8655134834235
2015-12-04,4863.106451398284
2015-12-05,4797.80801386923
2015-12-06,5259.555931403082
2015-12-07,4881.37944137887
2015-12-08,5317.720567449922
2015-12-09,4967.838916901825
2015-12-10,4838.516998104802
2015-12-11,5643.905238388822
2015-12-12,4911.940060849924
2015-12-13,5503.120173111807
2015-12-14,5544.7586341854985
2015-12-15,4637.323089813721
2015-12-16,5592.2332481834665
2015-12-17,5884.6727636008
2015-12-18,5401.282309349365
2015-12-19,5168.118527884144
2015-12-20,5002.298945843403
2015-12-21,5191.317700703668
2015-12-22,4302.191714501158
2015-12-23,4919.879373704056
2015-12-24,5134.275026127064
2015-12-25,4328.230054868758
2015-12-26,4901.222418417569
2015-12-27,5576.474697502359
2015-12-28,5011.066239856523
2015-12-29,4910.463002905957
2015-12-30,4842.599601009261
2015-12-31,4836.642590391226
2016-01-01,5219.7396287661695
2016-01-02,5428.1558982575325
2016-01-03,5234.917427201993
2016-01-04,4680.187757299718
2016-01-05,5235.881206173148
2016-01-06,5443.537344255644
2016-01-07,6001.407057660716
2016-01-08,4436.009024840947
2016-01-09,5066.450476874774
2016-01-10,5304.62406060265
2016-01-11,4110.885818015595
2016-01-12,5393.026599561423
2016-01-13,4540.677018733086
2016-01-14,5572.687123706606
2016-01-15,4949.598286181008
2016-01-16,4476.155188420195
2016-01-17,5526.25654582427
2016-01-18,4786.565700602169
2016-01-19,3920.8757638640736
2016-01-20,5169.54307542087
2016-01-21,5344.164997437504
2016-01-22,4444.026744339322
2016-01-23,5335.59930372388
2016-01-24,4778.006041752686
2016-01-25,5127.579188447755
2016-01-26,5289.129622209497
2016-01-27,5125.45076665605
2016-01-28,4238.159009354483
2016-01-29,5002.085162819818
2016-01-30,5448.070633268529
2016-01-31,5452.166563333756
2016-02-01,5367.410189466426
2016-02-02,5080.644144494354
2016-02-03,5328.653061156947
2016-02-04,4600.084815685785
2016-02-05,4232.113589429053
2016-02-06,4939.681200617659
2016-02-07,5271.09202467893
2016-02-08,5208.2422200005485
2016-02-09,5068.920953873658
2016-02-10,4774.30551171377
2016-02-11,5332.07442596415
2016-02-12,4977.614013999401
2016-02-13,5693.124188280325
2016-02-14,4684.579390176896
2016-02-15,5284.113586094721
2016-02-16,6235.109423952073
2016-02-17,4503.554654618261
2016-02-18,5700.174949447629
2016-02-19,5038.948081468276
2016-02-20,5006.260707291782
2016-02-21,4312.140594438111
2016-02-22,6500.658197882569
2016-02-23,5257.275223969897
2016-02-24,5067.747726108481
2016-02-25,5528.639510786753
2016-02-26,5407.48712209557
2016-02-27,5063.802144024444
2016-02-28,5098.042981226739
2016-02-29,5025.634284337836
2016-03-01,5752.607435828299
2016-03-02,5027.598107994961
2016-03-03,4687.752869423662
2016-03-04,4413.860750389457
2016-03-05,3939.641647139714
2016-03-06,5909.749452929923
2016-03-07,5237.089728603654
2016-03-08,4838.527142984337
2016-03-09,4559.37778384633
2016-03-10,5059.472417403348
2016-03-11,4922.563092681933
2016-03-12,5533.0210548221685
2016-03-13,4330.301096091606
2016-03-14,4248.941708688307
2016-03-15,5065.7781084489325
2016-03-16,4309.728623501265
2016-03-17,4729.456170299512
2016-03-18,5281.082636338405
2016-03-19,4755.324281610638
2016-03-20,4929.021642691241
2016-03-21,4747.081352567351
2016-03-22,6213.575535896998
2016-03-23,4874.143829522429
2016-03-24,4581.629063827595
2016-03-25,4748.434041897523
2016-03-26,4709.783933426714
2016-03-27,5319.566696353814
2016-03-28,4781.584703060975
2016-03-29,4676.303619561057
2016-03-30,4936.848426352602
2016-03-31,4643.1286884282845
2016-04-01,4481.87519514534
2016-04-02,4729.998088922158
2016-04-03,4373.982062886856
2016-04-04,4631.668680379376
2016-04-05,4948.195063420428
2016-04-06,4300.74041374085
2016-04-07,3609.4275624266365
2016-04-08,5501.66201167186
2016-04-09,5045.334957763993
2016-04-10,5220.722624591426
2016-04-11,4883.181609988554
2016-04-12,4272.24588583114
2016-04-13,4282.131758105376
2016-04-14,4201.020402391828
2016-04-15,4343.40962994742
2016-04-16,4371.343177825401
2016-04-17,5132.050238704172
2016-04-18,4681.572948457861
2016-04-19,4459.225116725339
2016-04-20,5387.7107926474
2016-04-21,5278.108338436845
2016-04-22,4616.837075814119
2016-04-23,5513.012025612542
2016-04-24,5099.273332722628
2016-04-25,5316.766971488729
2016-04-26,4496.0002192192405
2016-04-27,5158.149209253806
2016-04-28,4463.521314169043
2016-04-29,4890.961821799049
2016-04-30,5005.067508107127
2016-05-01,5599.833120696807
2016-05-02,5378.778056614584
2016-05-03,4312.9128651218225
2016-05-04,4742.129971707654
2016-05-05,5051.5163544311245
2016-05-06,5353.712247093604
2016-05-07,5201.61406625419
2016-05-08,4942.674761031611
2016-05-09,4715.803593782961
2016-05-10,4922.0198422080775
2016-05-11,4268.13251772321
2016-05-12,4654.644656387204
2016-05-13,5506.106568244676
2016-05-14,4390.681891931598
2016-05-15,5185.659372294589
2016-05-16,5305.400375297855
2016-05-17,4048.734129168843
2016-05-18,5761.330058762929
2016-05-19,4149.046948729283
2016-05-20,5652.617878796355
2016-05-21,4956.034941579861
2016-05-22,5742.289193023098
2016-05-23,5984.449790373334
2016-05-24,4666.364807947684
2016-05-25,5087.170285232384
2016-05-26,5445.250863917861
2016-05-27,5172.9403954408535
2016-05-28,6473.909057899024
2016-05-29,5053.660839313342
2016-05-30,4015.858537196003
2016-05-31,5142.229515821476
2016-06-01,4686.403776714085
2016-06-02,4457.674954138569
2016-06-03,4556.037157324965
2016-06-04,4662.991319411873
2016-06-05,5434.0679287422645
2016-06-06,5255.290044172907
2016-06-07,5785.216540127211
2016-06-08,4607.478434199073
2016-06-09,5441.893179834126
2016-06-10,5027.595292195057
2016-06-11,5074.914519522739
2016-06-12,4662.795000881288
2016-06-13,4876.83205353063
2016-06-14,4990.981698660384
2016-06-15,4263.736700948493
2016-06-16,5642.824091027878
2016-06-17,4936.211522713742
2016-06-18,4869.510587259818
2016-06-19,5104.002501657677
2016-06-20,4913.765519778703
2016-06-21,4760.177815377515
2016-06-22,4759.543643789188
2016-06-23,5355.539190974393
2016-06-24,4969.492881075044
2016-06-25,5130.595591394507
2016-06-26,5117.956602283708
2016-06-27,5098.921926561606
2016-06-28,4566.0878419814535
2016-06-29,4526.253663508025
2016-06-30,5052.179390748941
2016-07-01,4411.0597279400545
2016-07-02,4429.680799535293
2016-07-03,4946.935001132272
2016-07-04,5306.985992050681
2016-07-05,5267.64187538022
2016-07-06,4778.014425938652
2016-07-07,5125.926654170678
2016-07-08,5274.476494886821
2016-07-09,5473.67570929009
2016-07-10,5193.853802265907
2016-07-11,4382.80235392352
2016-07-12,5653.618066156551
2016-07-13,4675.781108068036
2016-07-14,5452.4886192053755
2016-07-15,4797.85260867848
2016-07-16,4676.9783371036865
2016-07-17,5041.680997802852
2016-07-18,5341.791584613641
2016-07-19,4899.809371378452
2016-07-20,5503.453918513072
2016-07-21,4941.446654944112
2016-07-22,5353.998404977561
2016-07-23,5065.234631509004
2016-07-24,5495.9907389052405
2016-07-25,5383.5932258702815
2016-07-26,4266.509127917862
2016-07-27,5019.64381114429
2016-07-28,5195.766827553253
2016-07-29,4773.998365888332
2016-07-30,4207.308549494733
2016-07-31,4811.515697737405
2016-08-01,5201.7254236345325
2016-08-02,4696.5115263167145
2016-08-03,4879.578137210602
2016-08-04,5488.643328239707
2016-08-05,4794.176913106221
2016-08-06,4917.817952518402
2016-08-07,4760.981009784601
2016-08-08,5067.620200924202
2016-08-09,5113.555900110121
2016-08-10,4302.703131299034
2016-08-11,5685.167859767888
2016-08-12,4703.630003047368
2016-08-13,4572.824446184313
2016-08-14,4874.724095492051
2016-08-15,5380.9374442959215
2016-08-16,5297.62746201081
2016-08-17,5369.239502869814
2016-08-18,6198.773143700089
2016-08-19,4345.943080740412
2016-08-20,5302.104497514584
2016-08-21,4893.961055495346
2016-08-22,4712.403010980047
2016-08-23,4590.830167725283
2016-08-24,4848.821835478987
2016-08-25,4627.279711668006
2016-08-26,5157.767334523661
2016-08-27,5289.869265434814
2016-08-28,4928.537106043877
2016-08-29,4618.725779546762
2016-08-30,5342.948793016763
2016-08-31,4169.612221863361
2016-09-01,5691.780271280139
2016-09-02,4640.085967447136
2016-09-03,5486.23046379359
2016-09-04,4716.521270623953
2016-09-05,5035.722989898336
2016-09-06,5311.780474003185
2016-09-07,4381.834153511029
2016-09-08,5634.712434963097
2016-09-09,5003.259972586956
2016-09-10,5887.160779375928
2016-09-11,5594.5492340563815
2016-09-12,4238.704136005048
2016-09-13,5031.644554487002
2016-09-14,5293.018371345683
2016-09-15,4426.981831829107
2016-09-16,5760.942045378792
2016-09-17,5393.474909259786
2016-09-18,4684.790087659024
2016-09-19,4515.89946489524
2016-09-20,4715.005894001701
2016-09-21,5000.191008038185
2016-09-22,5518.180657110643
2016-09-23,5446.41220850282
2016-09-24,4817.830542248542
2016-09-25,5146.115134529102
2016-09-26,5935.324827794374
2016-09-27,5305.359217296574
2016-09-28,5041.716978596145
2016-09-29,4947.510792184468
2016-09-30,6265.867127393305
2016-10-01,4729.3693734868875
2016-10-02,5145.917726782672
2016-10-03,5266.8357047898935
2016-10-04,4885.578060207484
2016-10-05,6226.9375786177225
2016-10-06,4140.114965585759
2016-10-07,5136.203409646632
2016-10-08,4158.418357475806
2016-10-09,3649.529402245197
2016-10-10,5467.194985281071
2016-10-11,5073.336474301836
2016-10-12,4610.719750196078
2016-10-13,5470.297312690405
2016-10-14,4493.8699873642945
2016-10-15,4954.163376160351
2016-10-16,4952.57589780762
2016-10-17,4225.01724602272
2016-10-18,5584.497520256807
2016-10-19,5421.903512024351
2016-10-20,5660.7976087383795
2016-10-21,4858.035881259933
2016-10-22,4967.922404429936
2016-10-23,4835.21069978648
2016-10-24,4249.336078171633
2016-10-25,4520.455935421705
2016-10-26,4056.772561298903
2016-10-27,4585.829735307655
2016-10-28,5569.672107785585
2016-10-29,5336.290017785858
2016-10-30,4620.628617534282
2016-10-31,5795.265469581669
2016-11-01,5441.154170947891
2016-11-02,4859.30791909227
2016-11-03,5446.598875787732
2016-11-04,4779.197729679647
2016-11-05,4900.597343156748
2016-11-06,4884.617068957262
2016-11-07,4661.727549104715
2016-11-08,5017.132566444241
2016-11-09,4641.79507248229
2016-11-10,4768.24799318224
2016-11-11,4419.671425519343
2016-11-12,4777.42768618583
2016-11-13,5491.478089845989
2016-11-14,5315.705275491916
2016-11-15,5788.630231165464
2016-11-16,4414.715416257833
2016-11-17,5616.926137473976
2016-11-18,5162.369365215372
2016-11-19,4746.333229098192
2016-11-20,5205.025944950636
2016-11-21,4288.9600269692055
2016-11-22,4779.863700809772
2016-11-23,4862.1073492294
2016-11-24,4737.517950003828
2016-11-25,5059.210991904258
2016-11-26,5030.623567612602
2016-11-27,4254.891211294164
2016-11-28,4404.796654107792
2016-11-29,4817.912217326032
2016-11-30,5507.617422100458
2016-12-01,5165.330208342877
2016-12-02,4954.105735028462
2016-12-03,5162.672849432326
2016-12-04,4869.563491889022
2016-12-05,5125.528923316945
2016-12-06,5303.7532502638205
2016-12-07,4955.380881226184
2016-12-08,4661.141141044109
2016-12-09,4282.682858765142
2016-12-10,5462.362692030643
2016-12-11,4215.613677147794
2016-12-12,4137.992123413538
2016-12-13,6083.18309223259
2016-12-14,4880.863704601993
2016-12-15,4216.887632160303
2016-12-16,5006.615430908585
2016-12-17,4753.527651139058
2016-12-18,4678.145484204102
2016-12-19,5275.520714305937
2016-12-20,4143.120182452715
2016-12-21,4375.149356958411
2016-12-22,5160.312438169917
2016-12-23,5775.187977056631
2016-12-24,5192.537811957252
2016-12-25,4920.366449406662
2016-12-26,4553.241304635811
2016-12-27,4080.1895545250513
2016-12-28,5759.569515513573
2016-12-29,4046.7708101912654
2016-12-30,5286.377863701444
2016-12-31,5379.424308003827
2017-01-01,4771.391186668587
2017-01-02,4537.958685341094
2017-01-03,5117.240312840935
2017-01-04,4947.02983135796
2017-01-05,5239.192862850763
2017-01-06,4590.402158574543
2017-01-07,5230.121299118496
2017-01-08,5633.423323494819
2017-01-09,4713.778516681672
2017-01-10,4954.921996401535
2017-01-11,4342.523198790075
2017-01-12,5548.065907135344
2017-01-13,5221.954559913211
2017-01-14,4801.469507925144
2017-01-15,5177.943753760719
2017-01-16,4406.023745602233
2017-01-17,4860.049877869672
2017-01-18,4935.674727865598
2017-01-19,5438.453694986749
2017-01-20,5637.7630900505255
2017-01-21,5122.565646627537
2017-01-22,4697.80804954857
2017-01-23,5483.528658751875
2017-01-24,5709.603990822432
2017-01-25,5008.941694473032
2017-01-26,5471.341275910742
2017-01-27,4435.545667359663
2017-01-28,4863.577431244416
2017-01-29,5630.801406746893
2017-01-30,4241.60244793336
2017-01-31,4117.601423863807
2017-02-01,4561.60163330257
2017-02-02,4951.520092202317
2017-02-03,5032.6090783096815
2017-02-04,4983.406502911577
2017-02-05,4376.512694946911
2017-02-06,5054.957779230617
2017-02-07,4272.944487158299
2017-02-08,4693.917140274144
2017-02-09,4569.854454556573
2017-02-10,4210.191563205719
2017-02-11,5547.037493092584
2017-02-12,4719.199708160436
2017-02-13,5689.68345060996
2017-02-14,4974.066321561997
2017-02-15,4658.110760705798
2017-02-16,4779.121317436528
2017-02-17,4960.95009024584
2017-02-18,4726.257240823591
2017-02-19,5310.022242166879
2017-02-20,4418.384343980675
2017-02-21,4862.547766753845
2017-02-22,4817.425103590847
2017-02-23,4545.222997952418
2017-02-24,5495.408010399575
2017-02-25,5917.694548664753
2017-02-26,4563.239243150861
2017-02-27,5847.786716119344
2017-02-28,4736.056716814144
2017-03-01,6418.340009587755
2017-03-02,5009.522254684672
2017-03-03,4358.66210988978
2017-03-04,5155.823332520139
2017-03-05,4565.689980883881
2017-03-06,5227.775984176055
2017-03-07,4585.423959982516
2017-03-08,4578.189837735485
2017-03-09,4408.534868334979
2017-03-10,4375.147410311849
2017-03-11,5333.484569367861
2017-03-12,4467.931526480576
2017-03-13,5265.644338818262
2017-03-14,5126.109768107093
2017-03-15,5017.646499913055
2017-03-16,3939.815870645112
2017-03-17,4821.965072404386
2017-03-18,5347.186841029467
2017-03-19,4700.418699086607
2017-03-20,5000.245962670229
2017-03-21,4982.7440087619325
2017-03-22,4201.168199108558
2017-03-23,4140.216174919378
2017-03-24,5568.66650078478
2017-03-25,4978.537051265725
2017-03-26,5154.001911184458
2017-03-27,4543.446572201856
2017-03-28,5395.874774640486
2017-03-29,4775.62914659865
2017-03-30,5173.526006905738
2017-03-31,5498.831017613741
2017-04-01,4397.614658052983
2017-04-02,4927.290430138747
2017-04-03,4792.691698702204
2017-04-04,5459.411073851327
2017-04-05,5867.515689647842
2017-04-06,5237.797070039621
2017-04-07,5512.174253782465
2017-04-08,4192.770601107926
2017-04-09,5223.8228544829
2017-04-10,4490.622855139008
2017-04-11,5386.6220092982785
2017-04-12,3904.6456307742355
2017-04-13,4696.770622563579
2017-04-14,4212.069747473377
2017-04-15,4988.299073133958
2017-04-16,5253.852891769858
2017-04-17,5166.642421023474
2017-04-18,5286.74082012043
2017-04-19,5176.534018532549
2017-04-20,4231.638343508066
2017-04-21,4150.738817619011
2017-04-22,5929.829503838848
2017-04-23,4762.2315800695205
2017-04-24,4533.474048291384
2017-04-25,5408.9486341793845
2017-04-26,4548.375290965461
2017-04-27,4710.51637374539
2017-04-28,4770.567976294197
2017-04-29,4691.109808718212
2017-04-30,5078.561385536165
2017-05-01,5219.037110672846
2017-05-02,5195.675044287441
2017-05-03,5047.562307671185
2017-05-04,5422.6886731322265
2017-05-05,4250.885363049256
2017-05-06,5127.913416560152
2017-05-07,4620.674966490799
2017-05-08,4424.681251038998
2017-05-09,4579.610088103347
2017-05-10,4905.466698308366
2017-05-11,5421.764433237394
2017-05-12,5722.762267253255
2017-05-13,5716.740188202759
2017-05-14,5284.753029616159
2017-05-15,3904.2789484334276
2017-05-16,4900.0783169171855
2017-05-17,4881.054723797867
2017-05-18,5362.92641772604
2017-05-19,4966.081227475266
2017-05-20,4480.935109428995
2017-05-21,5316.473435356143
2017-05-22,5492.559809756229
2017-05-23,4749.287500300231
2017-05-24,5241.312121178317
2017-05-25,4801.840672590166
2017-05-26,3847.8752836406175
2017-05-27,4886.67153501993
2017-05-28,4984.158602289332
2017-05-29,4823.546392085312
2017-05-30,5569.029324426086
2017-05-31,4997.8128067206635
2017-06-01,4708.428354783297
2017-06-02,4914.339619457914
2017-06-03,5036.519270596397
2017-06-04,4934.705241152713
2017-06-05,5059.812314611511
2017-06-06,5032.302159679675
2017-06-07,4920.962840690144
2017-06-08,4799.989337248585
2017-06-09,4932.231158570869
2017-06-10,4693.758459164147
2017-06-11,5220.490913146074
2017-06-12,4545.293710891082
2017-06-13,4930.071353752101
2017-06-14,4706.10611521539
2017-06-15,5234.7389513561675
2017-06-16,5883.382770676328
2017-06-17,5603.225631441309
2017-06-18,5574.397886163161
2017-06-19,5200.405703144571
2017-06-20,5230.848113257615
2017-06-21,5968.873032917139
2017-06-22,5760.302967063406
2017-06-23,4922.607622609024
2017-06-24,4302.662390630142
2017-06-25,5511.834804516545
2017-06-26,5567.18433960596
2017-06-27,4272.058876729646
2017-06-28,4019.992127243382
2017-06-29,4490.742268343156
2017-06-30,5049.954400143819
2017-07-01,5241.120101700893
2017-07-02,5203.260316591427
2017-07-03,4323.216204908544
2017-07-04,5281.396012848894
2017-07-05,4779.618793676595
2017-07-06,5819.254754959514
2017-07-07,4474.270466512641
2017-07-08,5241.339618225675
2017-07-09,4850.10661618744
2017-07-10,3894.215157640502
2017-07-11,5027.6654937158055
2017-07-12,4188.04643078905
2017-07-13,5094.705940059396
2017-07-14,4317.569624840933
2017-07-15,5517.878016282808
2017-07-16,4953.876771840042
2017-07-17,5807.449989391952
2017-07-18,4956.326796181661
2017-07-19,5153.443145584456
2017-07-20,5035.421632156089
2017-07-21,5342.83259471471
2017-07-22,4565.706675304617
2017-07-23,4443.351401343795
2017-07-24,5067.960134756107
2017-07-25,4640.982303571921
2017-07-26,5662.083201930429
2017-07-27,5240.781446955117
2017-07-28,5528.6455582325125
2017-07-29,4417.258647135843
2017-07-30,4948.636114055347
2017-07-31,4500.452738017053
2017-08-01,4656.065831648379
2017-08-02,4773.9114959565895
2017-08-03,5111.918837642364
2017-08-04,5100.922204334824
2017-08-05,5668.906274576945
2017-08-06,3907.2480099923714
2017-08-07,5352.161549477136
2017-08-08,4970.760642244611
2017-08-09,5075.569452812386
2017-08-10,4458.850562213345
2017-08-11,4802.267581092843
2017-08-12,5774.412102791068
2017-08-13,5012.981753699832
2017-08-14,4965.481884930436
2017-08-15,5704.74305019414
2017-08-16,5265.463895416615
2017-08-17,4526.205277523589
2017-08-18,4887.345301420066
2017-08-19,5212.083074178846
2017-08-20,5437.934949084879
2017-08-21,3910.693294844382
2017-08-22,4491.194761090786
2017-08-23,5395.259077349801
2017-08-24,5222.871120662763
2017-08-25,4397.196322643889
2017-08-26,4830.26622922926
2017-08-27,4601.0105595261475
2017-08-28,5560.098818873959
2017-08-29,4842.826551553515
2017-08-30,4943.075050540701
2017-08-31,4354.419487208325
2017-09-01,5216.998402357606
2017-09-02,5407.126466794566
2017-09-03,4759.563359131016
2017-09-04,4490.719493685873
2017-09-05,5587.446011666976
2017-09-06,5207.841161021563
2017-09-07,5010.764241950485
2017-09-08,4791.798802447802
2017-09-09,4913.236383728808
2017-09-10,5179.700605514203
2017-09-11,5280.519684085003
2017-09-12,4843.646220325392
2017-09-13,4498.687493886946
2017-09-14,5397.90663421893
2017-09-15,4746.837728410979
2017-09-16,5033.9267682221425
2017-09-17,6029.672547708533
2017-09-18,3905.155851868225
2017-09-19,5124.804115540007
2017-09-20,4997.105296260631
2017-09-21,4252.477751377165
2017-09-22,5171.968278057403
2017-09-23,5027.0106063130115
2017-09-24,5373.890911344854
2017-09-25,5703.218779506966
2017-09-26,4499.415320128519
2017-09-27,4954.3795599344085
2017-09-28,5348.176010499888
2017-09-29,5026.149820758942
2017-09-30,5040.771051131215
2017-10-01,4979.4323598411265
2017-10-02,5254.775788031156
2017-10-03,4973.91494743009
2017-10-04,5056.9135115697745
2017-10-05,5115.192580726633
2017-10-06,5496.5317631235575
2017-10-07,5551.12799067806
2017-10-08,5256.363237902298
2017-10-09,5132.166836008399
2017-10-10,4678.911882930766
2017-10-11,5381.685712883777
2017-10-12,5015.250573252415
2017-10-13,4968.363670217077
2017-10-14,5013.522674512709
2017-10-15,5582.886412673558
2017-10-16,4093.046778751975
2017-10-17,4041.2009884759314
2017-10-18,4983.6383028168475
2017-10-19,4516.453249695931
2017-10-20,4900.374233865607
2017-10-21,4178.124444728398
2017-10-22,4825.602090454419
2017-10-23,5279.387123998274
2017-10-24,4776.851450035466
2017-10-25,4852.130344323301
2017-10-26,5759.775823842082
2017-10-27,5260.456077574891
2017-10-28,5443.955094552128
2017-10-29,5694.774808196163
2017-10-30,5412.9549387647485
2017-10-31,5140.025606193591
2017-11-01,5385.682115965758
2017-11-02,5698.7425446446305
2017-11-03,5701.083590491673
2017-11-04,3993.864759871654
2017-11-05,4375.40895490174
2017-11-06,5042.906055911856
2017-11-07,5576.7971814671355
2017-11-08,4210.495511843733
2017-11-09,4536.814167753333
2017-11-10,5594.361002634985
2017-11-11,5489.731821965666
2017-11-12,4917.206008794881
2017-11-13,4228.861650512825
2017-11-14,3727.9418063536277
2017-11-15,4124.960137491939
2017-11-16,4792.651621127205
2017-11-17,5452.389426677007
2017-11-18,5048.422089377176
2017-11-19,5520.125481567002
2017-11-20,4008.0188673352804
2017-11-21,5396.837792221974
2017-11-22,5476.297987325058
2017-11-23,5009.918560516858
2017-11-24,5010.75488540955
2017-11-25,4556.23521637732
2017-11-26,4860.927881803335
2017-11-27,5426.173720721793
2017-11-28,4997.201395074302
2017-11-29,5427.559347406517
2017-11-30,5027.72644016346
2017-12-01,5224.905832301162
2017-12-02,4613.0282784391475
2017-12-03,4278.915597553967
2017-12-04,5869.33585413513
2017-12-05,4594.206336858985
2017-12-06,5066.712820166699
2017-12-07,4222.218100569216
2017-12-08,4680.98509975655
2017-12-09,5050.208420988368
2017-12-10,6022.85772451029
2017-12-11,5162.96817083393
2017-12-12,4744.33043465164
2017-12-13,5877.832814845232
2017-12-14,5050.019605980399
2017-12-15,5155.741519464959
2017-12-16,5373.700445361221
2017-12-17,4286.577849000215
2017-12-18,5623.652103309927
2017-12-19,5164.15470710224
2017-12-20,5140.883043369981
2017-12-21,5816.189724354597
2017-12-22,4369.666884399902
2017-12-23,4723.3888817199195
2017-12-24,4442.958311964866
2017-12-25,5029.1371916435655
2017-12-26,5363.826115569714
2017-12-27,4101.69397358168
2017-12-28,4403.451121022342
2017-12-29,5435.938933693522
2017-12-30,5005.390740803737
2017-12-31,5029.615740673569
2018-01-01,4562.9571902166135
2018-01-02,4266.621976335227
2018-01-03,4477.589189005687
2018-01-04,5386.822511988338
2018-01-05,5346.276661064316
2018-01-06,4304.140716467774
2018-01-07,5614.69800031485
2018-01-08,5027.990843417557
2018-01-09,4909.101572898652
2018-01-10,4783.35717004707
2018-01-11,5472.067989450723
2018-01-12,4841.817407283131
2018-01-13,5405.643556381454
2018-01-14,5934.7576990126345
2018-01-15,4658.872521329943
2018-01-16,4916.336760120787
2018-01-17,4395.533906677663
2018-01-18,4886.607868350836
2018-01-19,6156.559583320903
2018-01-20,4612.710891558584
2018-01-21,4541.518080551446
2018-01-22,5001.662906246492
2018-01-23,5100.327855896407
2018-01-24,4794.222800302634
2018-01-25,4864.228817354334
2018-01-26,4456.754900289191
2018-01-27,5793.655229444512
2018-01-28,5150.698029219405
2018-01-29,5616.911318162615
2018-01-30,5604.363806988667
2018-01-31,5021.688939459234
2018-02-01,4749.221760239897
2018-02-02,4812.5841074306545
2018-02-03,4570.601685115883
2018-02-04,5363.486136181875
2018-02-05,4880.293154568764
2018-02-06,5204.607699986116
2018-02-07,4693.853140592912
2018-02-08,4739.4918251002355
2018-02-09,5536.956770500115
2018-02-10,3828.039979439722
2018-02-11,5707.0266982421745
2018-02-12,4549.013489162869
2018-02-13,5119.523457624091
2018-02-14,4793.274243787253
2018-02-15,4826.719614517172
2018-02-16,4931.212610713667
2018-02-17,5144.010323898904
2018-02-18,4219.933671085029
2018-02-19,5892.066250547921
2018-02-20,4804.436489262291
2018-02-21,4662.700457099182
2018-02-22,5410.077648342573
2018-02-23,4105.163583701185
2018-02-24,4750.002119775946
2018-02-25,4818.911282868929
2018-02-26,4983.789416167839
2018-02-27,4949.1526319128125
2018-02-28,4910.7783451204505
2018-03-01,5010.710868572963
2018-03-02,4673.545650468475
2018-03-03,4759.8169627766765
2018-03-04,4097.636751736065
2018-03-05,5550.457583387251
2018-03-06,4622.778546653848
2018-03-07,4717.731165377723
2018-03-08,4444.069525844112
2018-03-09,5332.583111062734
2018-03-10,4721.077945150984
2018-03-11,5426.953544749847
2018-03-12,4694.671449571203
2018-03-13,5083.297925143948
2018-03-14,5415.113977198641
2018-03-15,4847.182028739334
2018-03-16,4373.163808743164
2018-03-17,4435.737810514431
2018-03-18,5842.40662438817
2018-03-19,5242.701369202528
2018-03-20,4761.192176147888
2018-03-21,5280.949635123404
2018-03-22,5303.466343910873
2018-03-23,4597.013658806545
2018-03-24,5686.668170970498
2018-03-25,4770.651259032483
2018-03-26,5376.712530446795
2018-03-27,5556.588696116096
2018-03-28,4942.039744309898
2018-03-29,4370.928785651935
2018-03-30,4629.50594541859
2018-03-31,4840.766119527438
2018-04-01,5550.606578933202
2018-04-02,4424.072499231263
2018-04-03,4762.398796916936
2018-04-04,5171.855402975128
2018-04-05,4959.266806458283
2018-04-06,4916.450574437742
2018-04-07,4278.379859852616
2018-04-08,5045.445285882562
2018-04-09,4436.55530605282
2018-04-10,4849.366186316878
2018-04-11,5129.044882944985
2018-04-12,4532.288517849484
2018-04-13,4954.361418926262
2018-04-14,5127.231235550776
2018-04-15,4535.922383841474
2018-04-16,4981.715424917066
2018-04-17,4840.592037530718
2018-04-18,4914.8013304295255
2018-04-19,5174.293548515477
2018-04-20,5251.370625239741
2018-04-21,6196.846512631668
2018-04-22,4772.2523628123245
2018-04-23,5089.249218971465
2018-04-24,4321.067909360618
2018-04-25,4093.557563744516
2018-04-26,5338.609190558404
2018-04-27,5641.82863820853
2018-04-28,5816.852816104072
2018-04-29,6054.747589196814
2018-04-30,4431.834783340636
2018-05-01,4446.06357156534
2018-05-02,5188.551832754942
2018-05-03,5158.477933977186
2018-05-04,5967.596589448521
2018-05-05,4413.9189495703695
2018-05-06,4852.198228144994
2018-05-07,4818.673759999537
2018-05-08,4706.238986499154
2018-05-09,4642.142953113134
2018-05-10,5060.269122774184
2018-05-11,5134.1571908926
2018-05-12,5114.147330710374
2018-05-13,4239.089911973075
2018-05-14,5802.50674702601
2018-05-15,5802.342673277457
2018-05-16,4088.6069843403484
2018-05-17,5034.954578294583
2018-05-18,6097.10501293678
2018-05-19,5082.22933665169
2018-05-20,5378.953435255768
2018-05-21,4266.542634703395
2018-05-22,4643.718482717246
2018-05-23,5254.549729464994
2018-05-24,4443.202675759525
2018-05-25,5785.104210774267
2018-05-26,4129.515500306889
2018-05-27,5050.749723585882
2018-05-28,5644.409636828151
2018-05-29,4864.253954401533
2018-05-30,4297.3826695481175
2018-05-31,4416.741461190055
2018-06-01,4959.916170924846
2018-06-02,5914.543230600693
2018-06-03,5474.238438521745
2018-06-04,5754.294088009145
2018-06-05,5130.069772491701
2018-06-06,4801.0475107583325
2018-06-07,4229.3730395441
2018-06-08,4641.696410322299
2018-06-09,4899.31892499299
2018-06-10,5348.574910289934
2018-06-11,5018.844216813019
2018-06-12,4444.629824940115
2018-06-13,5131.8422652284935
2018-06-14,5007.19778462934
2018-06-15,5593.615447044314
2018-06-16,4179.953711189139
2018-06-17,5232.286445214422
2018-06-18,5840.113525874471
2018-06-19,4895.213742437591
2018-06-20,4766.544579411605
2018-06-21,4426.212781097072
2018-06-22,4447.943174034272
2018-06-23,5581.090000435332
2018-06-24,5099.744005680581
2018-06-25,5492.25491879345
2018-06-26,5108.744156517981
2018-06-27,5201.415924920957
2018-06-28,5301.91741368956
2018-06-29,5361.428075444979
2018-06-30,4164.5465401702995
2018-07-01,6345.928293171193
2018-07-02,5278.816238082787
2018-07-03,5154.106871389907
2018-07-04,5468.3660160265645
2018-07-05,4483.96452020676
2018-07-06,4794.605224588385
2018-07-07,5548.815710161291
2018-07-08,5595.534521684768
2018-07-09,4619.912348008987
2018-07-10,5479.591656335536
2018-07-11,5069.923017047063
2018-07-12,5614.824270769511
2018-07-13,4250.7141024118355
2018-07-14,5169.362172723093
2018-07-15,4436.617933740227
2018-07-16,5046.844372263496
2018-07-17,4203.055962198724
2018-07-18,4755.426451554334
2018-07-19,6208.723063339607
2018-07-20,4784.176594579348
2018-07-21,4723.2505154322835
2018-07-22,4962.612827687947
2018-07-23,4848.095201923691
2018-07-24,5891.854357088283
2018-07-25,4663.650591156399
2018-07-26,4508.098879048994
2018-07-27,5068.487509042401
2018-07-28,5074.97005529069
2018-07-29,4309.886668109622
2018-07-30,4717.352977889273
2018-07-31,4044.4618621268523
2018-08-01,5393.459993818136
2018-08-02,4685.41193211557
2018-08-03,4974.132840087716
2018-08-04,4947.690334387631
2018-08-05,5342.476068459577
2018-08-06,5187.342992571614
2018-08-07,5258.276028370203
2018-08-08,5194.995086602777
2018-08-09,5429.936922992446
2018-08-10,4644.062624938721
2018-08-11,4822.873265848972
2018-08-12,5604.003739586463
2018-08-13,5436.280068484904
2018-08-14,5464.209940666421
2018-08-15,5877.109946948466
2018-08-16,5789.47720063924
2018-08-17,4865.680487728636
2018-08-18,4949.6297083159525
2018-08-19,5147.516567465358
2018-08-20,4841.0089034623925
2018-08-21,4265.855611329394
2018-08-22,4259.166549346215
2018-08-23,4198.313875511057
2018-08-24,5048.829319274968
2018-08-25,5065.460372332077
2018-08-26,5744.6968232069385
2018-08-27,4811.368749710443
2018-08-28,4994.009100755262
2018-08-29,5020.564056130626
2018-08-30,4254.671019085759
2018-08-31,5715.926344671935
2018-09-01,4704.645006037534
2018-09-02,5116.319791907551
2018-09-03,5380.6132064432995
2018-09-04,5039.058610887635
2018-09-05,4770.479186795641
2018-09-06,4613.51324612498
2018-09-07,4696.43202697421
2018-09-08,4882.976720929144
2018-09-09,5228.282164672103
2018-09-10,4578.241045214029
2018-09-11,4560.28044547237
2018-09-12,5314.654467512841
2018-09-13,5088.837876841483
2018-09-14,5885.455041312335
2018-09-15,5285.143050179586
2018-09-16,5404.25017867377
2018-09-17,5075.924968745183
2018-09-18,5319.178131714297
2018-09-19,5483.636517547136
2018-09-20,4934.768024908234
2018-09-21,5563.21143295125
2018-09-22,5312.021595072297
2018-09-23,4218.651393913104
2018-09-24,4324.575392587956
2018-09-25,4892.98287620096
2018-09-26,3773.891524914321
2018-09-27,5767.376227013769
2018-09-28,4132.858157111011
2018-09-29,5008.357748763498
2018-09-30,4505.281583936339
2018-10-01,5188.314367422184
2018-10-02,4538.621783439503
2018-10-03,4461.385187814153
2018-10-04,5127.041223102038
2018-10-05,5047.57753820338
2018-10-06,4043.7036011025352
2018-10-07,4741.009456366821
2018-10-08,5205.371535976829
2018-10-09,4688.103482192418
2018-10-10,4760.675348188222
2018-10-11,4576.44712078313
2018-10-12,5367.470992413432
2018-10-13,4454.059577554737
2018-10-14,4663.708648858609
2018-10-15,4501.4093053382385
2018-10-16,3921.8053298952264
2018-10-17,5790.637828027115
2018-10-18,4750.782423063037
2018-10-19,5750.569377342178
2018-10-20,4442.619737194291
2018-10-21,5412.792093046866
2018-10-22,4649.873986836265
2018-10-23,4337.178769572569
2018-10-24,4981.692636486787
2018-10-25,5438.753296773285
2018-10-26,5484.6803882788045
2018-10-27,5100.523751539669
2018-10-28,5195.546649736635
2018-10-29,5620.935544238685
2018-10-30,6290.469319090962
2018-10-31,4926.654216929393
2018-11-01,4772.223546477308
2018-11-02,4461.613466626889
2018-11-03,4041.8446094162314
2018-11-04,4684.852980944411
2018-11-05,4573.785181223091
2018-11-06,4105.073456754917
2018-11-07,5077.056393467203
2018-11-08,4687.9366090460135
2018-11-09,5715.400611869505
2018-11-10,4926.762605495361
2018-11-11,4874.120853548822
2018-11-12,5708.861173429008
2018-11-13,5650.104447537367
2018-11-14,5158.673508391266
2018-11-15,4296.938963418057
2018-11-16,5463.663362432104
2018-11-17,5017.43311945611
2018-11-18,5110.640610554973
2018-11-19,5240.446980899669
2018-11-20,5794.3475006475965
2018-11-21,4459.650227009189
2018-11-22,5501.8880069868765
2018-11-23,5169.140791594214
2018-11-24,5520.815659488665
2018-11-25,5217.766279786814
2018-11-26,5644.031693482184
2018-11-27,5286.8961188941585
2018-11-28,4569.894614343896
2018-11-29,5540.1861895198535
2018-11-30,5737.002086541815
2018-12-01,4808.654321060092
2018-12-02,4848.848664047961
2018-12-03,5198.071247898398
2018-12-04,5747.88970831107
2018-12-05,4582.261039694432
2018-12-06,5037.969424725184
2018-12-07,4473.042986787023
2018-12-08,5010.61145243794
2018-12-09,4435.172924834346
2018-12-10,5177.375913868777
2018-12-11,5553.72673250341
2018-12-12,5630.541773707762
2018-12-13,5297.514189132809
2018-12-14,5159.9182963097865
2018-12-15,6079.645773400745
2018-12-16,4997.894047615835
2018-12-17,5003.589042686125
2018-12-18,4742.183443986754
2018-12-19,4537.767889623199
2018-12-20,5101.4300991922255
2018-12-21,5023.037330678458
2018-12-22,5082.7626056862455
2018-12-23,4755.445130582786
2018-12-24,4469.248290769929
2018-12-25,5489.656796909514
2018-12-26,5386.9151034157585
2018-12-27,4822.828996352869
2018-12-28,4384.048856755226
2018-12-29,5665.533718492596
2018-12-30,5287.084826468332
2018-12-31,4750.034806010417
2019-01-01,5290.084855861105
2019-01-02,5415.397552106575
2019-01-03,4502.442162727516
2019-01-04,5220.772806418176
2019-01-05,4419.618059410494
2019-01-06,4945.637453726233
2019-01-07,4094.7679655501724
2019-01-08,5613.047933304832
2019-01-09,4552.313805480577
2019-01-10,5060.7037478079665
2019-01-11,5019.386701462529
2019-01-12,4714.377195158426
2019-01-13,4851.235600956846
2019-01-14,4795.397216705858
2019-01-15,5168.595339793659
2019-01-16,5273.7554169087625
2019-01-17,5680.329415748623
2019-01-18,4917.900521438551
2019-01-19,4502.220436838292
2019-01-20,4543.797516005784
2019-01-21,4065.04571207071
2019-01-22,4507.672808775219
2019-01-23,4561.730485166286
2019-01-24,5786.826542934604
2019-01-25,4419.350935850543
2019-01-26,4590.198490721059
2019-01-27,4982.319757320718
2019-01-28,5002.2863214299805
2019-01-29,3990.4217531129293
2019-01-30,4579.461279391429
2019-01-31,5136.577337133131
2019-02-01,4541.09218504379
2019-02-02,4840.346073310416
2019-02-03,4629.93482207002
2019-02-04,4511.7519445691305
2019-02-05,5615.993975972421
2019-02-06,5002.783936503466
2019-02-07,5604.774762589938
2019-02-08,4548.633540926476
2019-02-09,5325.313223855676
2019-02-10,5103.571033039666
2019-02-11,4650.812709703581
2019-02-12,5210.572798460161
2019-02-13,5310.9817664371685
2019-02-14,4742.1968878707685
2019-02-15,5174.953054131631
2019-02-16,4648.430062392523
2019-02-17,4751.867249088158
2019-02-18,4600.020897453951
2019-02-19,5442.287309758758
2019-02-20,5424.959811323761
2019-02-21,4874.324090191019
2019-02-22,4432.3361215676805
2019-02-23,4970.3545804025125
2019-02-24,5060.433274610225
2019-02-25,5338.518078093883
2019-02-26,5225.390027614354
2019-02-27,5143.550950625743
2019-02-28,4682.110092372777
2019-03-01,5578.909437517739
2019-03-02,5205.367676156941
2019-03-03,5469.413368563525
2019-03-04,4813.895550537052
2019-03-05,5337.809096264673
2019-03-06,5092.500881404734
2019-03-07,5562.88198504034
2019-03-08,5195.468967581927
2019-03-09,4327.387981556091
2019-03-10,4771.386028055307
2019-03-11,4917.632020532088
2019-03-12,4904.778027748155
2019-03-13,4669.089412956027
2019-03-14,5551.208672448141
2019-03-15,5701.920697095478
2019-03-16,4777.120548981807
2019-03-17,5054.499789526901
2019-03-18,4787.493720952628
2019-03-19,4895.6061125018405
2019-03-20,4619.9200219341465
2019-03-21,5013.842682602706
2019-03-22,5246.846015823782
2019-03-23,4894.567617808507
2019-03-24,4442.523185448345
2019-03-25,4727.875929204586
2019-03-26,4804.860860185375
2019-03-27,5945.884806436299
2019-03-28,4473.817082473457
2019-03-29,4545.836651431973
2019-03-30,5209.82561680612
2019-03-31,5154.906322976224
2019-04-01,4897.5991564287015
2019-04-02,4198.162161159925
2019-04-03,4616.397608529239
2019-04-04,5692.292698571242
2019-04-05,5025.250362274463
2019-04-06,4646.172540320367
2019-04-07,4506.726399340362
2019-04-08,5008.97173702141
2019-04-09,5115.90746387545
2019-04-10,5134.546852699525
2019-04-11,5561.377190407329
2019-04-12,5060.679380363312
2019-04-13,5070.0979303469385
2019-04-14,4830.680511936399
2019-04-15,4947.139092207188
2019-04-16,5570.772073123915
2019-04-17,4650.085860277894
2019-04-18,4601.614813278061
2019-04-19,5383.0356052723655
2019-04-20,4692.043800963876
2019-04-21,4281.325798819571
2019-04-22,4276.803921391092
2019-04-23,5508.2874631478435
2019-04-24,4944.580995340342
2019-04-25,5905.38430497964
2019-04-26,5607.642965114804
2019-04-27,6007.79020423657
2019-04-28,5139.208350985361
2019-04-29,4823.560362017729
2019-04-30,4279.507115496123
2019-05-01,4729.468238262467
2019-05-02,5147.8548592051675
2019-05-03,5622.806797585069
2019-05-04,5170.344664649681
2019-05-05,5488.417182160396
2019-05-06,4051.548059903777
2019-05-07,5553.6011589893815
2019-05-08,4624.36138012438
2019-05-09,4778.616090607407
2019-05-10,4224.180691156148
2019-05-11,5312.696248697715
2019-05-12,4795.598989505618
2019-05-13,5239.594266696955
2019-05-14,4976.00437651618
2019-05-15,5391.5409361319635
2019-05-16,4895.875025976492
2019-05-17,4824.434687943749
2019-05-18,4755.761711204377
2019-05-19,5122.329815500832
2019-05-20,4859.048546828404
2019-05-21,5102.156317419924
2019-05-22,4824.185021593106
2019-05-23,4906.096233929284
2019-05-24,5272.996487260368
2019-05-25,3511.4500350193257
2019-05-26,6098.24602053818
2019-05-27,5049.2056146961895
2019-05-28,5149.567703448686
2019-05-29,5343.097361543267
2019-05-30,5506.099804005843
2019-05-31,3964.2792970394958
2019-06-01,4772.224602529983
2019-06-02,4783.0783367216945
2019-06-03,5299.545230303935
2019-06-04,5429.846847589919
2019-06-05,5096.341253044285
2019-06-06,4421.088966871653
2019-06-07,5166.791471146642
2019-06-08,5852.838216531379
2019-06-09,5327.470908830319
2019-06-10,4338.57584510736
2019-06-11,5358.543192955772
2019-06-12,5487.23979999163
2019-06-13,5602.205095499746
2019-06-14,4624.881788155551
2019-06-15,4730.022679148922
2019-06-16,4589.058036892136
2019-06-17,4710.4441176085575
2019-06-18,5769.585479028817
2019-06-19,5468.529454803402
2019-06-20,5755.182415086899
2019-06-21,5770.76770169204
2019-06-22,5307.796043255648
2019-06-23,5106.037268137333
2019-06-24,5094.802990888277
2019-06-25,4885.65693162555
2019-06-26,5526.31365331623
2019-06-27,4607.713237086673
2019-06-28,5606.122902488647
2019-06-29,5349.598559417336
2019-06-30,4787.232970891588
2019-07-01,5474.01211132474
2019-07-02,4252.743433891931
2019-07-03,5443.136042085036
2019-07-04,4950.740961821526
2019-07-05,4367.095250253416
2019-07-06,5280.9218042099
2019-07-07,5570.17025203488
2019-07-08,4624.483372460711
2019-07-09,4605.136925952009
2019-07-10,5688.267098436529
2019-07-11,4780.5193692153325
2019-07-12,6222.673897522575
2019-07-13,4821.5376815463205
2019-07-14,4244.796789037353
2019-07-15,4977.514161825883
2019-07-16,5048.1558740937935
2019-07-17,5594.039724587618
2019-07-18,5549.332122577602
2019-07-19,5217.379703565064
2019-07-20,4167.7796243828825
2019-07-21,5941.173783183817
2019-07-22,4014.1409473406243
2019-07-23,4533.197679510027
2019-07-24,4167.113646370934
2019-07-25,5089.437792328291
2019-07-26,5098.91578188401
2019-07-27,4647.249139325948
2019-07-28,4241.085442719569
2019-07-29,4631.867462911705
2019-07-30,4439.085507518773
2019-07-31,4339.339133127533
2019-08-01,5230.494993480049
2019-08-02,5217.4830721329035
2019-08-03,4287.790781850573
2019-08-04,5076.852744658466
2019-08-05,5232.271048004055
2019-08-06,5226.421150793385
2019-08-07,4940.399450693923
2019-08-08,4151.151353836698
2019-08-09,4945.698052298831
2019-08-10,5383.291344646408
2019-08-11,5646.245837791379
2019-08-12,5047.337028584536
2019-08-13,4880.315178907648
2019-08-14,5804.483138049671
2019-08-15,5350.9687023189645
2019-08-16,5240.482579782526
2019-08-17,4528.88718729267
2019-08-18,5048.674316883867
2019-08-19,4735.84311942495
2019-08-20,4832.770141917526
2019-08-21,5068.566095342557
2019-08-22,4629.521418746764
2019-08-23,6093.1974231163895
2019-08-24,4842.921509764647
2019-08-25,5077.6247904101465
2019-08-26,5643.594357726548
2019-08-27,4188.768074703126
2019-08-28,5368.394362791493
2019-08-29,5658.869882958149
2019-08-30,5491.40979265976
2019-08-31,4526.739048883968
2019-09-01,5200.449985978285
2019-09-02,5518.025382523795
2019-09-03,4930.529292249054
2019-09-04,5428.493888997002
2019-09-05,5564.314810001369
2019-09-06,4792.260888816862
2019-09-07,4484.217335810239
2019-09-08,5139.3720713880775
2019-09-09,4268.764312561848
2019-09-10,4862.573243320516
2019-09-11,5414.537227916123
2019-09-12,4923.904539161309
2019-09-13,5343.853091426553
2019-09-14,5981.790196398774
2019-09-15,4592.955681233328
2019-09-16,5548.849728178384
2019-09-17,5370.191599656661
2019-09-18,5674.144969509015
2019-09-19,5508.788982406381
2019-09-20,4547.934356063287
2019-09-21,4958.462134734822
2019-09-22,4750.060048566708
2019-09-23,4782.750511392155
2019-09-24,5527.280230841836
2019-09-25,5414.224418845509
2019-09-26,4705.289385046326
2019-09-27,5055.255130579594
2019-09-28,4538.308417611252
2019-09-29,4799.590680477338
2019-09-30,5120.376475930057
2019-10-01,5497.538637091364
2019-10-02,5617.650390173597
2019-10-03,4893.8206205521055
2019-10-04,5203.922204716139
2019-10-05,5392.344215057856
2019-10-06,5052.6744907756665
2019-10-07,4691.978871015265
2019-10-08,4228.712062093349
2019-10-09,5221.394289016833
2019-10-10,5390.841326515159
2019-10-11,5205.312090114033
2019-10-12,4728.302522335431
2019-10-13,4955.449823949085
2019-10-14,5275.92560930284
2019-10-15,5475.8975302763965
2019-10-16,4969.523833946142
2019-10-17,4369.417623108641
2019-10-18,4850.820581050323
2019-10-19,4691.683346841928
2019-10-20,4364.767416982719
2019-10-21,4831.43486317434
2019-10-22,6011.518983944485
2019-10-23,5687.568586135626
2019-10-24,5202.302554356243
2019-10-25,5147.990148426646
2019-10-26,4662.252695262868
2019-10-27,4815.819677388345
2019-10-28,3997.2797899510224
2019-10-29,4738.100090588774
2019-10-30,4115.83988993639
2019-10-31,5054.04571094333
2019-11-01,5161.469769471006
2019-11-02,5915.229562192423
2019-11-03,5181.869349833512
2019-11-04,4873.909962195511
2019-11-05,4405.947777040218
2019-11-06,5235.460871448559
2019-11-07,5083.144302256442
2019-11-08,5213.962716608755
2019-11-09,4946.462629399314
2019-11-10,4799.509949170907
2019-11-11,5967.0203690123935
2019-11-12,5597.332800671371
2019-11-13,5362.149550484422
2019-11-14,5145.414436006509
2019-11-15,5402.489147334671
2019-11-16,5412.912034836918
2019-11-17,4764.745571977317
2019-11-18,4530.548256391143
2019-11-19,4316.948694580653
2019-11-20,4210.142065258707
2019-11-21,4714.834766831344
2019-11-22,6062.817101072962
2019-11-23,5127.427934839609
2019-11-24,5423.771207034189
2019-11-25,5321.130854121152
2019-11-26,4990.020204327485
2019-11-27,4754.068285737132
2019-11-28,4211.818261502771
2019-11-29,5552.561709347043
2019-11-30,4929.524876883405
2019-12-01,5117.030375058109
2019-12-02,3980.982109983024
2019-12-03,4697.714491413783
2019-12-04,3641.7886232111096
2019-12-05,4769.515147074037
2019-12-06,5451.073427655803
2019-12-07,5328.755965995455
2019-12-08,5313.677558321483
2019-12-09,6230.66121094737
2019-12-10,5004.2956140887745
2019-12-11,5471.474177163371
2019-12-12,5397.1224786526045
2019-12-13,6434.782991676755
2019-12-14,4771.038497158155
2019-12-15,4781.341446580062
2019-12-16,4233.010130194704
2019-12-17,4348.658645374823
2019-12-18,5091.393550325882
2019-12-19,4444.584771901951
2019-12-20,4463.879425963086
2019-12-21,4551.400124789836
2019-12-22,4400.046942732795
2019-12-23,6363.5139783229115
2019-12-24,5433.216133361165
2019-12-25,5046.426434616686
2019-12-26,5134.410943014353
2019-12-27,5156.025056336044
2019-12-28,6014.464679300039
2019-12-29,5367.337298936958
2019-12-30,4312.26629590954
2019-12-31,3544.264726372406
2020-01-01,5111.106254210988
2020-01-02,4973.741942995246
2020-01-03,4785.765210718675
2020-01-04,5536.855282975719
2020-01-05,4513.057562829654
2020-01-06,4832.6464246525575
2020-01-07,5162.4415589763
2020-01-08,4441.580457031341
2020-01-09,5364.54296966541
2020-01-10,4433.692567372073
2020-01-11,4570.752805172411
2020-01-12,5448.023615299151
2020-01-13,5070.850715365889
2020-01-14,5346.298017699632
2020-01-15,5518.811775893885
2020-01-16,4783.283527724906
2020-01-17,4765.688455339702
2020-01-18,5835.60146879179
2020-01-19,5063.498397695159
2020-01-20,4587.4246413005985
2020-01-21,5514.196585578
2020-01-22,5926.823698422945
2020-01-23,5338.674268854972
2020-01-24,4559.666697329357
2020-01-25,5638.5244841087215
2020-01-26,4088.5192008428976
2020-01-27,4918.207341698507
2020-01-28,4994.974716869934
2020-01-29,5297.83897142522
2020-01-30,5750.971360811915
2020-01-31,4683.63198817624
2020-02-01,3993.2025256311367
2020-02-02,6440.6441851415075
2020-02-03,5005.630533903963
2020-02-04,5754.4652185518225
2020-02-05,4742.488188185685
2020-02-06,5529.23160369588
2020-02-07,5729.414513731336
2020-02-08,5757.098353607266
2020-02-09,4654.243215265996
2020-02-10,4700.111956280331
2020-02-11,4409.317857777951
2020-02-12,4904.842750953349
2020-02-13,4471.03362741928
2020-02-14,4407.162814250478
2020-02-15,5026.605117824442
2020-02-16,4446.559812091028
2020-02-17,4897.809057051067
2020-02-18,4223.221916794445
2020-02-19,5532.7041104745695
2020-02-20,5458.17818973732
2020-02-21,5263.293345164084
2020-02-22,5227.185446207064
2020-02-23,4857.77210890557
2020-02-24,5601.545443507005
2020-02-25,5152.653344212202
2020-02-26,4506.241940545734
2020-02-27,5458.839856050127
2020-02-28,5929.291587309686
2020-02-29,5418.882690473958
2020-03-01,4007.597227321271
2020-03-02,5307.982552726826
2020-03-03,5676.064284704229
2020-03-04,5461.125802184818
2020-03-05,5503.429071734235
2020-03-06,4781.696022331755
2020-03-07,5583.24200687333
2020-03-08,4532.342385674276
2020-03-09,4498.981186312467
2020-03-10,6314.835347521687
2020-03-11,5013.424440879828
2020-03-12,4579.423472038076
2020-03-13,5287.555615581479
2020-03-14,5047.959266491453
2020-03-15,4992.6288578709255
2020-03-16,4725.422065281915
2020-03-17,5119.304070664434
2020-03-18,4272.912693046168
2020-03-19,4470.776686495527
2020-03-20,4873.489560840017
2020-03-21,5336.91100193492
2020-03-22,4688.161341585736
2020-03-23,4575.539035508173
2020-03-24,4324.830893027962
2020-03-25,4452.884249311869
2020-03-26,4807.983997942726
2020-03-27,5051.679030752532
2020-03-28,5449.2074618602965
2020-03-29,5020.332080876387
2020-03-30,5466.534925105979
2020-03-31,5003.047738118819
2020-04-01,4386.366571658719
2020-04-02,5185.578606687708
2020-04-03,5419.947218476515
2020-04-04,5205.655242924711
2020-04-05,4737.666291425042
2020-04-06,4970.736876452139
2020-04-07,5048.141088490202
2020-04-08,4693.850913052505
2020-04-09,4905.789075145041
2020-04-10,5592.69279919889
2020-04-11,5802.748959304393
2020-04-12,5576.573236847335
2020-04-13,5138.135753261886
2020-04-14,4535.923398924883
2020-04-15,4247.022895489991
2020-04-16,5285.370660221345
2020-04-17,4729.638405625717
2020-04-18,5569.573207110842
2020-04-19,3866.812060383484
2020-04-20,5021.439586420463
2020-04-21,3560.3801658801544
2020-04-22,5265.991474118903
2020-04-23,4436.985185268089
2020-04-24,4256.559088426061
2020-04-25,4429.353647035416
2020-04-26,5138.840642798513
2020-04-27,4951.282892639864
2020-04-28,5093.530581026502
2020-04-29,4846.40800213644
2020-04-30,5694.675061378822
2020-05-01,4933.6066075331255
2020-05-02,5612.481885255538
2020-05-03,5777.307746675467
2020-05-04,4220.855189281683
2020-05-05,5128.843389725772
2020-05-06,5442.293686150915
2020-05-07,4954.494840508449
2020-05-08,5006.979015934333
2020-05-09,4664.841416610678
2020-05-10,4982.812431039648
2020-05-11,5173.763587554547
2020-05-12,5185.745621034615
2020-05-13,4944.459627108847
2020-05-14,4974.141406058679
2020-05-15,4562.028826225935
2020-05-16,5435.727489766405
2020-05-17,4567.046580167563
2020-05-18,4709.831440766593
2020-05-19,4509.178757788519
2020-05-20,5063.050667246586
2020-05-21,5178.189156121899
2020-05-22,4555.329237622329
2020-05-23,5203.8138661885705
2020-05-24,5228.179021148998
2020-05-25,4745.76950199161
2020-05-26,5382.598366361081
2020-05-27,5260.505362544289
2020-05-28,3980.789190170702
2020-05-29,5898.1932785165345
2020-05-30,4959.662093675178
2020-05-31,5412.530957985913
2020-06-01,5287.825845945021
2020-06-02,5636.959112373229
2020-06-03,5219.688724906526
2020-06-04,4755.071622689339
2020-06-05,4286.699566113701
2020-06-06,4559.532060847108
2020-06-07,4478.409040186351
2020-06-08,5009.687833017639
2020-06-09,4759.085432513205
2020-06-10,4222.819063298024
2020-06-11,5345.267269891771
2020-06-12,4953.537205347535
2020-06-13,4385.899897491412
2020-06-14,4954.906994657871
2020-06-15,5665.752992019041
2020-06-16,5169.6878276634725
2020-06-17,5165.642957178485
2020-06-18,4985.057008697011
2020-06-19,5663.174189567052
2020-06-20,4828.3682412951875
2020-06-21,5253.439763920174
2020-06-22,4445.7099019398465
2020-06-23,5142.338156084732
2020-06-24,5170.141712933799
2020-06-25,5351.83307405865
2020-06-26,4762.237270870665
2020-06-27,4714.987110456546
2020-06-28,5663.529522206217
2020-06-29,4805.229457685361
2020-06-30,5810.968598735521
2020-07-01,4709.483599227574
2020-07-02,4778.430490240542
2020-07-03,5249.8781115094425
2020-07-04,4208.9437169987805
2020-07-05,5320.921731125488
2020-07-06,6040.034897671527
2020-07-07,5272.818657316607
2020-07-08,5092.264846954732
2020-07-09,4589.874666283099
2020-07-10,4267.774054714862
2020-07-11,4983.58995978692
2020-07-12,4990.160395718093
2020-07-13,4941.054552327201
2020-07-14,4400.502594628497
2020-07-15,4625.190746462051
2020-07-16,5464.520831450354
2020-07-17,4952.980809147247
2020-07-18,5246.789528014038
2020-07-19,4951.067361272069
2020-07-20,4470.799354367727
2020-07-21,5045.874500043131
2020-07-22,4620.292026416595
2020-07-23,5244.386748212173
2020-07-24,5522.452441772195
2020-07-25,6527.649078947781
2020-07-26,5494.586408386072
2020-07-27,4900.326442879257
2020-07-28,5397.424913586861
2020-07-29,4678.637115432824
2020-07-30,4817.484099628823
2020-07-31,4049.9527469654736
2020-08-01,5583.030988224161
2020-08-02,4795.214058196717
2020-08-03,4528.567328030417
2020-08-04,4554.900885616362
2020-08-05,4516.34643335192
2020-08-06,4829.355880358134
2020-08-07,4507.549133203567
2020-08-08,4580.794953690691
2020-08-09,3720.3635235617803
2020-08-10,4804.407204325808
2020-08-11,5594.4511853166705
2020-08-12,5254.830894409421
2020-08-13,5659.589442761899
2020-08-14,4850.388946010241
2020-08-15,4777.947474902214
2020-08-16,5334.578461389048
2020-08-17,5029.130116151014
2020-08-18,5356.3066316720615
2020-08-19,4877.751366034433
2020-08-20,4526.072165566117
2020-08-21,5007.345936124982
2020-08-22,5353.552620846434
2020-08-23,4627.015826429172
2020-08-24,4990.400594018413
2020-08-25,5731.453775466216
2020-08-26,4696.938479884582
2020-08-27,4558.314378048389
2020-08-28,4470.664039582394
2020-08-29,5030.766213185162
2020-08-30,4190.739256910692
2020-08-31,5469.468472592162
2020-09-01,5535.003562576689
2020-09-02,4285.858842392871
2020-09-03,4562.5069845506405
2020-09-04,5135.058377381933
2020-09-05,4506.334026483399
2020-09-06,5520.782777183745
2020-09-07,4626.263582404681
2020-09-08,5549.930802767303
2020-09-09,4275.912132716712
2020-09-10,5124.738852567938
2020-09-11,5240.154098520627
2020-09-12,4622.271594412916
2020-09-13,4960.509680963339
2020-09-14,5552.30073000141
2020-09-15,4564.716674493122
2020-09-16,5044.71277177085
2020-09-17,4747.43051951237
2020-09-18,5215.805531746253
2020-09-19,5144.847204385532
2020-09-20,4449.330324390591
2020-09-21,5604.129363652172
2020-09-22,4686.257651322069
2020-09-23,4754.929086611902
2020-09-24,5298.915563741069
2020-09-25,4064.4443381172846
2020-09-26,4381.7942786048225
2020-09-27,4623.545719627905
2020-09-28,5086.936008158758
2020-09-29,5313.64181379122
2020-09-30,4515.257523431283
2020-10-01,5452.986037486622
2020-10-02,5200.545840018255
2020-10-03,5172.946853298968
2020-10-04,4747.006987823803
2020-10-05,4823.496077970812
2020-10-06,4954.013039510587
2020-10-07,4428.558062332924
2020-10-08,5179.999834936783
2020-10-09,5104.196474471696
2020-10-10,4801.9930887823375
2020-10-11,6344.325485503143
2020-10-12,5387.884437884455
2020-10-13,5339.09989327773
2020-10-14,5101.206739740398
2020-10-15,4444.5018812587905
2020-10-16,4950.190499756197
2020-10-17,5683.807607032805
2020-10-18,4744.600122621912
2020-10-19,5090.5940834506955
2020-10-20,4758.407511709681
2020-10-21,4830.1236699248075
2020-10-22,4013.832803075011
2020-10-23,4748.775930475394
2020-10-24,5554.595783835205
2020-10-25,5072.347226158569
2020-10-26,5435.338315946112
2020-10-27,6042.087727995777
2020-10-28,4450.114689219464
2020-10-29,4759.998317609523
2020-10-30,4974.965021893057
2020-10-31,4797.246432896719
2020-11-01,4645.780990639083
2020-11-02,4787.7686048086825
2020-11-03,5131.090947972773
2020-11-04,4251.658670624131
2020-11-05,5124.705576180179
2020-11-06,4510.475787445839
2020-11-07,4737.113825680239
2020-11-08,4389.801530201321
2020-11-09,5783.316708668222
2020-11-10,4304.638245354325
2020-11-11,5042.4375746808555
2020-11-12,5478.068033087454
2020-11-13,4876.2644793955815
2020-11-14,4639.903335624078
2020-11-15,5026.542072634333
2020-11-16,4272.960357878699
2020-11-17,5544.8412470615995
2020-11-18,4478.894295645724
2020-11-19,4826.454118589626
2020-11-20,4910.524671053589
2020-11-21,5068.872144031158
2020-11-22,4532.913148616357
2020-11-23,4643.656443054674
2020-11-24,4688.291409752813
2020-11-25,4886.307508962427
2020-11-26,6197.992009620723
2020-11-27,5893.2541631091235
2020-11-28,5612.61783216921
2020-11-29,5168.434454920284
2020-11-30,4286.695295366664
2020-12-01,4548.031257454254
2020-12-02,6346.531785966243
2020-12-03,5048.903996309006
2020-12-04,5764.645933277868
2020-12-05,5038.0127085250715
2020-12-06,4591.398270828496
2020-12-07,4629.985366038623
2020-12-08,4972.66706440899
2020-12-09,4133.060226666464
2020-12-10,5131.565758909112
2020-12-11,5113.913561592785
2020-12-12,4654.276805846655
2020-12-13,4667.310272428724
2020-12-14,4162.595264444629
2020-12-15,5103.663094606557
2020-12-16,4359.636250693022
2020-12-17,5096.36174538256
2020-12-18,4710.9557967674245
2020-12-19,4869.614614029415
2020-12-20,5402.80975719894
2020-12-21,5850.382611056936
2020-12-22,4973.656823709183
2020-12-23,4991.338709674468
2020-12-24,5535.02959844987
2020-12-25,5617.4349568245525
2020-12-26,5027.164023819722
2020-12-27,5266.79434813318
2020-12-28,4868.133566842396
2020-12-29,4452.390825663841
2020-12-30,5204.666310095259
2020-12-31,4692.747078730244
2021-01-01,4189.198999767061
2021-01-02,4740.293310143695
2021-01-03,4667.9351962421115
2021-01-04,5391.17940157354
2021-01-05,4765.371696931575
2021-01-06,4236.9775142858725
2021-01-07,4401.434036364269
2021-01-08,5104.543085813338
2021-01-09,4536.409870472985
2021-01-10,5412.6337398961405
2021-01-11,5014.558963788674
2021-01-12,5094.21114407218
2021-01-13,5141.902938709784
2021-01-14,5743.265297321423
2021-01-15,5597.205192523443
2021-01-16,5175.802445301991
2021-01-17,4072.1174345980353
2021-01-18,5017.100527618975
2021-01-19,5323.071784296055
2021-01-20,4895.827540510241
2021-01-21,4719.783562373633
2021-01-22,5000.264553975923
2021-01-23,5193.634796804492
2021-01-24,5117.54172318952
2021-01-25,5350.865452656968
2021-01-26,5331.219007379341
2021-01-27,5352.608363850665
2021-01-28,5308.335993008253
2021-01-29,5706.036489888872
2021-01-30,5262.848449557594
2021-01-31,5164.538208744051
2021-02-01,5033.150083649588
2021-02-02,5133.237847937036
2021-02-03,5308.336088400748
2021-02-04,4521.8941062985305
2021-02-05,4511.531172894713
2021-02-06,4855.417878053561
2021-02-07,4608.44670293427
2021-02-08,5133.078836392332
2021-02-09,4841.395204866328
2021-02-10,4733.5435578396055
2021-02-11,4928.879324144341
2021-02-12,4833.762237503561
2021-02-13,5553.070828991929
2021-02-14,4024.1386862100003
2021-02-15,5028.780229860362
2021-02-16,4906.148635712151
2021-02-17,4778.855755257141
2021-02-18,5835.528861385682
2021-02-19,5171.636995725583
2021-02-20,4892.733628117688
2021-02-21,5648.004301016581
2021-02-22,5132.666006754203
2021-02-23,5166.6885228095425
2021-02-24,5196.858832815959
2021-02-25,4741.6059507527725
2021-02-26,5082.058535148905
2021-02-27,5431.143607173199
2021-02-28,4320.015766111474
2021-03-01,5513.132983572144
2021-03-02,5124.5595920410415
2021-03-03,4994.863305917042
2021-03-04,4018.36324650978
2021-03-05,4499.813159324514
2021-03-06,4290.945204063848
2021-03-07,4331.787597437815
2021-03-08,5567.46830871988
2021-03-09,5524.971254669481
2021-03-10,5290.8320578558405
2021-03-11,5040.745397645828
2021-03-12,5528.722599380143
2021-03-13,5103.061444771606
2021-03-14,5904.18818238951
2021-03-15,4502.786831547828
2021-03-16,4919.239944175928
2021-03-17,5465.764763783798
2021-03-18,4033.9158728587204
2021-03-19,4752.0554133603855
2021-03-20,5351.803036297988
2021-03-21,5829.669156757197
2021-03-22,4778.69916168884
2021-03-23,5181.73551069105
2021-03-24,6164.615828950541
2021-03-25,4941.058423033994
2021-03-26,4642.590895204925
2021-03-27,4894.512044235864
2021-03-28,5689.762484645618
2021-03-29,4625.028569507987
2021-03-30,5779.196880948895
2021-03-31,6195.051930260525
2021-04-01,5110.903029665211
2021-04-02,4888.710074526831
2021-04-03,5749.926703271647
2021-04-04,4897.739221950978
2021-04-05,4009.6223623213373
2021-04-06,4857.989100557784
2021-04-07,4787.289401149386
2021-04-08,6113.1105206695365
2021-04-09,5110.477604196974
2021-04-10,4633.356427604993
2021-04-11,4759.274869448433
2021-04-12,4456.559176942234
2021-04-13,6078.344294981229
2021-04-14,3824.736187127339
2021-04-15,5185.077220228135
2021-04-16,5401.465556620099
2021-04-17,5502.210944980337
2021-04-18,4670.55720084304
2021-04-19,5903.32488932567
2021-04-20,5072.072731432021
2021-04-21,5988.391031948231
2021-04-22,5649.82547724581
2021-04-23,5873.066907179771
2021-04-24,3964.159603332035
2021-04-25,5012.564669384088
2021-04-26,4639.5138034369875
2021-04-27,5163.623326539229
2021-04-28,5243.6115308847375
2021-04-29,4746.704988738521
2021-04-30,5043.380216121275
2021-05-01,5213.917866535255
2021-05-02,5189.691594984702
2021-05-03,5078.7584612866485
2021-05-04,5389.663811197955
2021-05-05,5480.067832451234
2021-05-06,4975.91989506239
2021-05-07,4856.08381140002
2021-05-08,5508.5019850189465
2021-05-09,5279.75397569149
2021-05-10,4913.206986880703
2021-05-11,5292.993836225767
2021-05-12,4874.730204979256
2021-05-13,4918.96357359808
2021-05-14,4724.419077933036
2021-05-15,4180.850772499756
2021-05-16,5419.977732819121
2021-05-17,4217.327741630253
2021-05-18,5267.374703417998
2021-05-19,5196.250573086805
2021-05-20,4998.859049584677
2021-05-21,4386.334810051739
2021-05-22,5111.964440727152
2021-05-23,5398.151118473766
2021-05-24,5152.9086139091205
2021-05-25,4857.69106971675
2021-05-26,4329.30344068746
2021-05-27,4414.2760080065145
2021-05-28,5079.7534865947855
2021-05-29,5189.896465010051
2021-05-30,5023.27365267487
2021-05-31,5045.179793810018
2021-06-01,5002.31286608364
2021-06-02,5694.147420833832
2021-06-03,3915.4729027420417
2021-06-04,5519.18965981372
2021-06-05,5392.620553100882
2021-06-06,4389.935038375605
2021-06-07,5020.831713970375
2021-06-08,5070.572458164234
2021-06-09,5487.6817053730865
2021-06-10,4603.819450467137
2021-06-11,5707.502038317664
2021-06-12,4412.217966803604
2021-06-13,4466.218294236633
2021-06-14,4463.992313361837
2021-06-15,5453.587239663369
2021-06-16,4869.477136959131
2021-06-17,5204.695495552175
2021-06-18,5383.4213695833305
2021-06-19,5456.775622631655
2021-06-20,4930.288885174876
2021-06-21,4888.440336229061
2021-06-22,4408.403492335962
2021-06-23,4393.329518148729
2021-06-24,4164.871666919352
2021-06-25,4783.279253310411
2021-06-26,4575.050990116727
2021-06-27,4893.140944635016
2021-06-28,5767.088697328528
2021-06-29,5394.622780236859
2021-06-30,5295.123096878676
2021-07-01,4965.091088298022
2021-07-02,5091.03652050295
2021-07-03,4677.153453371146
2021-07-04,5268.032474584202
2021-07-05,5153.982084030994
2021-07-06,4505.884268313683
2021-07-07,4887.34703281167
2021-07-08,5525.645654357071
2021-07-09,5039.936197656018
2021-07-10,4549.691612960922
2021-07-11,4866.701823858326
2021-07-12,4774.067912038077
2021-07-13,5778.422444350284
2021-07-14,5571.544736635778
2021-07-15,5430.0516939954605
2021-07-16,4832.136275293883
2021-07-17,5421.31545094144
2021-07-18,4185.6859227349905
2021-07-19,5596.71591195959
2021-07-20,4017.340373058131
2021-07-21,5000.261973473691
2021-07-22,5005.53765069572
2021-07-23,4900.141281424602
2021-07-24,4913.539694679075
2021-07-25,5134.719007509048
2021-07-26,4632.053173166864
2021-07-27,4377.531972906981
2021-07-28,5695.475194889218
2021-07-29,5013.876455320411
2021-07-30,5146.305488858594
2021-07-31,5139.984253042674
2021-08-01,5042.050395561698
2021-08-02,5802.12055520426
2021-08-03,5826.873880798818
2021-08-04,5140.980844956761
2021-08-05,6174.2064694805385
2021-08-06,5857.359203595899
2021-08-07,5291.102331805403
2021-08-08,4571.40236520422
2021-08-09,5152.4902817057055
2021-08-10,4601.127851567809
2021-08-11,5691.079624193793
2021-08-12,4258.750823495836
2021-08-13,5686.200267547329
2021-08-14,5322.223539227147
2021-08-15,5775.362837576992
2021-08-16,4843.303660161077
2021-08-17,3866.304476267458
2021-08-18,5318.453515820966
2021-08-19,4706.063567246496
2021-08-20,4760.470432150461
2021-08-21,5553.63483149411
2021-08-22,5078.374581768665
2021-08-23,4950.233736231527
2021-08-24,4894.431507438106
2021-08-25,4238.970539294506
2021-08-26,4537.459073360878
2021-08-27,4759.272780668637
2021-08-28,4398.307151968273
2021-08-29,5089.423390737555
2021-08-30,5410.8848178889875
2021-08-31,5127.313782681179
2021-09-01,5268.728448658864
2021-09-02,5341.221043520658
2021-09-03,4894.530578579656
2021-09-04,3914.6186566085235
2021-09-05,5254.812097632782
2021-09-06,5190.178748295885
2021-09-07,5450.679684949652
2021-09-08,5010.258964428666
2021-09-09,4036.6778382874645
2021-09-10,4980.38101594622
2021-09-11,5356.272310819156
2021-09-12,5234.130128156887
2021-09-13,5215.418972425405
2021-09-14,4523.73134086275
2021-09-15,5247.367537491085
2021-09-16,4947.95523164012
2021-09-17,4752.8302046728195
2021-09-18,5149.528245114052
2021-09-19,5524.769188453751
2021-09-20,5101.594378913781
2021-09-21,5078.602610450225
2021-09-22,4780.892694996122
2021-09-23,5540.469605316175
2021-09-24,4463.825274810105
2021-09-25,4381.152698234273
2021-09-26,4900.634282527663
2021-09-27,4667.437277592702
2021-09-28,5693.631825714917
2021-09-29,5750.900526967147
2021-09-30,5022.7478369126175
2021-10-01,5122.126142484829
2021-10-02,5577.250959285046
2021-10-03,4584.394292617432
2021-10-04,5150.921004563709
2021-10-05,4892.041193735602
2021-10-06,4471.476889769968
2021-10-07,5331.853095820551
2021-10-08,4923.95933808102
2021-10-09,4978.883544912497
2021-10-10,5627.61002653793
2021-10-11,4483.277731056782
2021-10-12,4577.440966139275
2021-10-13,5198.336613994594
2021-10-14,5559.256626329873
2021-10-15,5469.473876864325
2021-10-16,5151.371335922528
2021-10-17,5201.12064800782
2021-10-18,4958.181436645469
2021-10-19,5257.045652514194
2021-10-20,4876.439769390743
2021-10-21,5685.936248984451
2021-10-22,5539.925010847182
2021-10-23,4942.290279528236
2021-10-24,4193.853090790064
2021-10-25,5469.622759628035
2021-10-26,5466.8598470075485
2021-10-27,4702.231569925521
2021-10-28,5127.139474232269
2021-10-29,5567.954224525651
2021-10-30,4593.473022351187
2021-10-31,5452.784913850702
2021-11-01,4634.9554542549295
2021-11-02,5107.021697851384
2021-11-03,5787.358431223178
2021-11-04,5311.290654390919
2021-11-05,5197.520615348771
2021-11-06,4901.004483017701
2021-11-07,5506.273092631052
2021-11-08,4655.481362545692
2021-11-09,4467.262599179514
2021-11-10,6407.929306530744
2021-11-11,5217.873110780107
2021-11-12,5002.620087087102
2021-11-13,3841.7915796322304
2021-11-14,5549.046156209854
2021-11-15,5558.195630641677
2021-11-16,4999.420627455852
2021-11-17,5473.081150031621
2021-11-18,4459.819855192356
2021-11-19,5390.95529008694
2021-11-20,5753.202062325985
2021-11-21,5112.264030541406
2021-11-22,4627.218100176001
2021-11-23,5177.4676012532
2021-11-24,4460.28035659868
2021-11-25,4433.240169295329
2021-11-26,5539.896118584969
2021-11-27,5355.308036988829
2021-11-28,5004.796424499566
2021-11-29,4614.6163630828605
2021-11-30,5270.069768339929
2021-12-01,5641.904631593865
2021-12-02,4991.913542117887
2021-12-03,5923.94833985767
2021-12-04,4228.32812376789
2021-12-05,5071.5909371056305
2021-12-06,4722.384489033067
2021-12-07,5661.445026993609
2021-12-08,5395.650154607946
2021-12-09,4808.826369149507
2021-12-10,5179.002617605854
2021-12-11,4617.231438861548
2021-12-12,4909.45136348183
2021-12-13,5134.708960049865
2021-12-14,5988.195118655599
2021-12-15,5554.627953136683
2021-12-16,4983.329557563911
2021-12-17,5906.549202452686
2021-12-18,4342.263889157353
2021-12-19,4899.432043694475
2021-12-20,4420.063619513681
2021-12-21,4844.212631876187
2021-12-22,5407.47526548807
2021-12-23,5767.664634593297
2021-12-24,4683.467385460082
2021-12-25,5748.126367857975
2021-12-26,5638.400891669209
2021-12-27,5283.7758625930965
2021-12-28,3765.206654417779
2021-12-29,4518.796297228191
2021-12-30,5162.156603098516
2021-12-31,5142.216233350039
2022-01-01,5317.715916485841
2022-01-02,5097.604369576219
2022-01-03,5114.268358838093
2022-01-04,5509.85854733171
2022-01-05,4927.1727689171485
2022-01-06,5271.036803504008
2022-01-07,4682.286407054182
2022-01-08,4712.913945657486
2022-01-09,5058.58452427466
2022-01-10,5370.571879932011
2022-01-11,5391.194416496314
2022-01-12,4869.881999673754
2022-01-13,5658.046227059058
2022-01-14,4647.164234766225
2022-01-15,3619.0918156820107
2022-01-16,5341.107084324538
2022-01-17,4604.61348777524
2022-01-18,5738.828750842719
2022-01-19,5598.698702365988
2022-01-20,4772.839841485405
2022-01-21,4880.497565603077
2022-01-22,5143.6134391917985
2022-01-23,5243.863270815279
2022-01-24,4290.6867506455565
2022-01-25,5405.036399698835
2022-01-26,4812.311290009518
2022-01-27,5735.3426572808885
2022-01-28,4930.93383920194
2022-01-29,5350.069335633239
2022-01-30,5875.710428662072
2022-01-31,4813.583409084478
2022-02-01,5189.520135107956
2022-02-02,4307.473056522814
2022-02-03,5236.3347183219785
2022-02-04,4638.494206253908
2022-02-05,5274.620043920893
2022-02-06,4902.986183226486
2022-02-07,5251.729558841915
2022-02-08,4551.283016449965
2022-02-09,5222.156551112421
2022-02-10,5592.608710964111
2022-02-11,4832.256637187602
2022-02-12,5095.24703342001
2022-02-13,4530.631431730604
2022-02-14,4682.646258908511
2022-02-15,4920.0237495690235
2022-02-16,4958.160001172789
2022-02-17,4581.206867349649
2022-02-18,4714.987710549976
2022-02-19,4722.559272909179
2022-02-20,4914.05966423526
2022-02-21,4661.026900707871
2022-02-22,5019.565384996954
2022-02-23,4300.436123723765
2022-02-24,4263.78101194679
2022-02-25,5808.187584998402
2022-02-26,5460.190609186503
2022-02-27,5434.892152889216
2022-02-28,4998.2766350413785
2022-03-01,5769.277871050307
2022-03-02,4788.018733632726
2022-03-03,5033.228517586724
2022-03-04,4699.619479024073
2022-03-05,4644.0791315009565
2022-03-06,4935.333956208062
2022-03-07,5759.205619251686
2022-03-08,4806.610565728456
2022-03-09,4547.183791380571
2022-03-10,5296.728686547061
2022-03-11,4902.827300832442
2022-03-12,4485.382741937833
2022-03-13,5192.788527588926
2022-03-14,5179.3617423727665
2022-03-15,5189.365782147411
2022-03-16,5401.304989921819
2022-03-17,4587.147509542258
2022-03-18,5152.657678700424
2022-03-19,4526.828618537938
2022-03-20,5029.058332649173
2022-03-21,5076.947022287075
2022-03-22,4752.551718279512
2022-03-23,4122.48685526443
2022-03-24,4860.9425051400585
2022-03-25,4016.545065168092
2022-03-26,4891.067270304816
2022-03-27,4591.608008443509
2022-03-28,5111.314173797073
2022-03-29,4309.211561389406
2022-03-30,4763.92491350957
2022-03-31,5603.253468422576
2022-04-01,5542.789109196076
2022-04-02,4856.80036801438
2022-04-03,4851.025261332382
2022-04-04,5013.365891920952
2022-04-05,6112.743263309008
2022-04-06,4132.678791108414
2022-04-07,5358.020726102162
2022-04-08,5501.080599793988
2022-04-09,5341.85857799558
2022-04-10,5408.988235246726
2022-04-11,5767.1682149076305
2022-04-12,5202.077713515415
2022-04-13,3627.6021565247943
2022-04-14,5680.046453833918
2022-04-15,5500.137455587204
2022-04-16,3811.354595432839
2022-04-17,5782.607680834112
2022-04-18,5496.926017854677
2022-04-19,4207.511225475614
2022-04-20,5100.954125817776
2022-04-21,4933.786262191758
2022-04-22,4561.4046402552785
2022-04-23,5825.710883275438
2022-04-24,5358.954128542233
2022-04-25,5078.594347266249
2022-04-26,5309.289535760283
2022-04-27,4978.083627306825
2022-04-28,5107.374023577335
2022-04-29,4939.76136113479
2022-04-30,5151.082015782556
2022-05-01,5269.869727305734
2022-05-02,5671.718635536194
2022-05-03,5140.414541304227
2022-05-04,4783.384007398844
2022-05-05,4119.6315036517035
2022-05-06,4757.280144702255
2022-05-07,4291.88761313145
2022-05-08,5404.924236385297
2022-05-09,6097.103559756201
2022-05-10,4594.706595565341
2022-05-11,5345.36586720307
2022-05-12,4862.624219541845
2022-05-13,4979.826009883545
2022-05-14,5361.662422830097
2022-05-15,4852.610670303286
2022-05-16,5461.333386148256
2022-05-17,4726.979462582914
2022-05-18,4203.941387827077
2022-05-19,4440.711333709854
2022-05-20,5392.556357136994
2022-05-21,5291.746835195496
2022-05-22,4462.452414745368
2022-05-23,4488.567966002419
2022-05-24,4889.010520712908
2022-05-25,5043.631852533574
2022-05-26,4770.504432419957
2022-05-27,4807.384981946327
2022-05-28,4279.213188508097
2022-05-29,5454.714845811371
2022-05-30,5034.633273582067
2022-05-31,4735.969082330122
2022-06-01,6107.038072812731
2022-06-02,4862.210412196075
2022-06-03,5333.699499804344
2022-06-04,4180.462662006832
2022-06-05,6095.066574967097
2022-06-06,4937.578951424931
2022-06-07,4726.879056445306
2022-06-08,4443.336170841586
2022-06-09,5042.159973594175
2022-06-10,4073.018040403509
2022-06-11,5073.847968830387
2022-06-12,4903.9818965972245
2022-06-13,4764.158144136086
2022-06-14,4807.10320369828
2022-06-15,4525.005119086211
2022-06-16,5022.375373312813
2022-06-17,5420.8467877626335
2022-06-18,5338.046193011618
2022-06-19,5640.553364791669
2022-06-20,4624.453356670809
2022-06-21,5041.146479223777
2022-06-22,4804.992204870532
2022-06-23,4912.985902515651
2022-06-24,4732.363129826923
2022-06-25,5513.758888686585
2022-06-26,5011.577251271468
2022-06-27,4949.418487787432
2022-06-28,5438.598432332954
2022-06-29,5307.864327849701
2022-06-30,4353.794861128135
2022-07-01,4660.657382784029
2022-07-02,5151.307481652116
2022-07-03,5232.77689112308
2022-07-04,4287.313434873779
2022-07-05,4805.877074202427
2022-07-06,4478.306956177934
2022-07-07,4638.555701212511
2022-07-08,5002.484972648547
2022-07-09,4827.285735955824
2022-07-10,5673.48945860814
2022-07-11,3983.595307402401
2022-07-12,5376.797780487477
2022-07-13,5998.06664717884
2022-07-14,5784.64624482088
2022-07-15,5531.5482268906
2022-07-16,4958.700855029422
2022-07-17,5235.8085927103375
2022-07-18,5283.7306948752575
2022-07-19,5511.489640295729
2022-07-20,5876.763854956602
2022-07-21,5690.809060219482
2022-07-22,4970.359723081883
2022-07-23,4853.802908459026
2022-07-24,4493.377306314832
2022-07-25,4553.490791462039
2022-07-26,4466.237048024415
2022-07-27,5007.90365812615
2022-07-28,5461.210263490111
2022-07-29,5010.416040364592
2022-07-30,5794.920940433613
2022-07-31,4611.185129807927
2022-08-01,5310.391350946707
2022-08-02,5345.01425915562
2022-08-03,3853.7288203581898
2022-08-04,5358.540432484514
2022-08-05,3938.0493277137184
2022-08-06,5127.826809845713
2022-08-07,5167.3831876031845
2022-08-08,4422.504732020352
2022-08-09,4357.125266508095
2022-08-10,4940.84877025521
2022-08-11,4715.704854135569
2022-08-12,4728.499410004391
2022-08-13,5268.985652427792
2022-08-14,4884.806555829522
2022-08-15,5214.447384436357
2022-08-16,5096.330634018161
2022-08-17,4213.2734429021475
2022-08-18,5167.937053547127
2022-08-19,4846.37684447665
2022-08-20,5411.978201057223
2022-08-21,5089.71623576223
2022-08-22,5431.083329681927
2022-08-23,4349.555999656715
2022-08-24,4769.3718350764
2022-08-25,5454.709988014896
2022-08-26,4346.727457750642
2022-08-27,4925.978431013403
2022-08-28,4892.125891591095
2022-08-29,4235.492269625274
2022-08-30,5357.424569271664
2022-08-31,5567.172150565188
2022-09-01,4504.948008805178
2022-09-02,5313.792101685116
2022-09-03,5023.5185867085465
2022-09-04,4539.785638455738
2022-09-05,4327.474842019143
2022-09-06,5500.7368888352785
2022-09-07,5324.060225380981
2022-09-08,5013.605844909097
2022-09-09,4989.420334836487
2022-09-10,4798.6963755917395
2022-09-11,4502.063735134349
2022-09-12,5354.591074896231
2022-09-13,4183.487866973786
2022-09-14,5386.213745030964
2022-09-15,5040.277124060003
2022-09-16,4809.352166652913
2022-09-17,5039.712331950536
2022-09-18,4400.030752430761
2022-09-19,5062.3116081266135
2022-09-20,5444.0282527529525
2022-09-21,5670.484284274971
2022-09-22,5732.872867710906
2022-09-23,4733.591189182864
2022-09-24,4940.104125833371
2022-09-25,6377.555861664501
2022-09-26,4320.374042458298
2022-09-27,4493.299290945211
2022-09-28,4621.6230220096
2022-09-29,5226.69796629778
2022-09-30,5328.121413218059
2022-10-01,5137.6911435819475
2022-10-02,5240.769358053209
2022-10-03,4945.008137177146
2022-10-04,4781.587969961039
2022-10-05,4135.018531639641
2022-10-06,6229.240688058747
2022-10-07,5223.037278527582
2022-10-08,4378.348565065099
2022-10-09,4860.3873533798405
2022-10-10,4946.146407151947
2022-10-11,5034.278099856871
2022-10-12,5383.478603687256
2022-10-13,5635.940263692333
2022-10-14,4604.330441048716
2022-10-15,5206.479883710798
2022-10-16,4873.092070755027
2022-10-17,4013.4732441645983
2022-10-18,4728.422423904955
2022-10-19,5439.671360557496
2022-10-20,4777.679753871678
2022-10-21,5252.463156435954
2022-10-22,5203.056760779447
2022-10-23,4943.524217243987
2022-10-24,5087.756012455984
2022-10-25,4474.601990986484
2022-10-26,4647.037517454805
2022-10-27,5669.163291508974
2022-10-28,4689.141630347396
2022-10-29,4878.22057581202
2022-10-30,4840.752118758742
2022-10-31,6037.990937982082
2022-11-01,5107.217769331383
2022-11-02,5471.215373002336
2022-11-03,5131.358819072836
2022-11-04,5692.7814688253775
2022-11-05,4477.372402904773
2022-11-06,4855.3223411832205
2022-11-07,5308.595370033987
2022-11-08,5835.498928171302
2022-11-09,5041.144564146665
2022-11-10,4099.043360638251
2022-11-11,5089.666547760675
2022-11-12,3591.5747394626214
2022-11-13,5750.433575038993
2022-11-14,4606.783293986967
2022-11-15,5629.805747476392
2022-11-16,4992.373746284993
2022-11-17,4865.566158775414
2022-11-18,5075.678043272005
2022-11-19,4509.990157835408
2022-11-20,4775.132801441554
2022-11-21,4745.3962443169885
2022-11-22,4622.7644831001935
2022-11-23,4468.891853947707
2022-11-24,5801.133365822536
2022-11-25,4766.5383128838785
2022-11-26,5601.167919498794
2022-11-27,3839.055495826128
2022-11-28,4851.572017722229
2022-11-29,4712.363385244798
2022-11-30,4913.439682574089
2022-12-01,6093.32534929581
2022-12-02,5006.3900978038355
2022-12-03,4927.563408459123
2022-12-04,4597.755725065067
2022-12-05,5393.600153681375
2022-12-06,5345.06771526829
2022-12-07,4585.852924261145
2022-12-08,4657.854172207971
2022-12-09,4949.550735187204
2022-12-10,5380.875082196662
2022-12-11,4780.33864393677
2022-12-12,5075.837851427475
2022-12-13,4763.987736046697
2022-12-14,5385.121220308578
2022-12-15,4897.810283024285
2022-12-16,4806.3484964220515
2022-12-17,4998.577862074759
2022-12-18,4762.093932840833
2022-12-19,5086.663494546436
2022-12-20,4872.329577646341
2022-12-21,5836.256991289127
2022-12-22,6208.888906690924
2022-12-23,4634.535027947092
2022-12-24,5201.619903929067
2022-12-25,5472.091515148127
2022-12-26,4463.572081064166
2022-12-27,3527.8708917355607
2022-12-28,4774.753624853015
2022-12-29,4630.101152021159
2022-12-30,3756.7814326279913
2022-12-31,5374.039108424721
2023-01-01,4461.665286877978
2023-01-02,5415.623554888876
2023-01-03,5360.926244746764
2023-01-04,5258.245197630766
2023-01-05,4453.455752725777
2023-01-06,4879.022892281802
2023-01-07,4423.958212743723
2023-01-08,4900.315644791858
2023-01-09,5252.064838613811
2023-01-10,4737.652486046229
2023-01-11,4886.6707280321225
2023-01-12,4855.216659266998
2023-01-13,4610.9540118791465
2023-01-14,4864.969206545409
2023-01-15,4400.455483592045
2023-01-16,4809.75843807579
2023-01-17,4992.1163412872265
2023-01-18,4270.403630198991
2023-01-19,5061.937063505284
2023-01-20,3567.4076694469977
2023-01-21,5421.028947256212
2023-01-22,4855.719384539335
2023-01-23,4447.142584695276
2023-01-24,4907.108352160137
2023-01-25,5301.056988870653
2023-01-26,4907.679109880814
2023-01-27,4839.352314293215
2023-01-28,5075.571170570491
2023-01-29,5258.549805445753
2023-01-30,5171.179074352524
2023-01-31,5484.4892155454845
2023-02-01,5089.8808328465375
2023-02-02,5047.1697302343
2023-02-03,4240.085252512479
2023-02-04,4199.7583816427405
2023-02-05,4966.030795634255
2023-02-06,4700.218381000774
2023-02-07,4749.08745227454
2023-02-08,4436.477345672186
2023-02-09,5738.1230624480495
2023-02-10,5101.072190426777
2023-02-11,5049.663047899811
2023-02-12,4014.9412203453176
2023-02-13,5381.107110024156
2023-02-14,4946.741335101421
2023-02-15,4737.757942031991
2023-02-16,4538.263502709372
2023-02-17,4562.1928476131025
2023-02-18,4670.037761225477
2023-02-19,5295.730587433209
2023-02-20,5120.301286703144
2023-02-21,4363.035097382935
2023-02-22,4088.3547415840017
2023-02-23,5785.3859951144
2023-02-24,5001.484011365064
2023-02-25,4860.16575300759
2023-02-26,4153.241650487875
2023-02-27,5515.8075289640765
2023-02-28,5355.942634084645
2023-03-01,4993.168679783369
2023-03-02,5251.5619889699055
2023-03-03,5176.675332084519
2023-03-04,5065.053115327471
2023-03-05,5285.177833355681
2023-03-06,4786.573814497198
2023-03-07,5587.995276696676
2023-03-08,5332.706759723358
2023-03-09,4834.687272561367
2023-03-10,4870.259009833928
2023-03-11,4975.758576910896
2023-03-12,5229.933942542661
2023-03-13,4959.672458932645
2023-03-14,4872.480431802751
2023-03-15,4285.706112506772
2023-03-16,4320.815466346014
2023-03-17,5269.35164575827
2023-03-18,4963.179810449294
2023-03-19,5451.91595278484
2023-03-20,4737.300944801529
2023-03-21,4833.194669077369
2023-03-22,5082.742312015235
2023-03-23,4802.517442031084
2023-03-24,4606.932231447191
2023-03-25,5632.865936927134
2023-03-26,5374.817985678574
2023-03-27,4635.122481604465
2023-03-28,4201.58126796188
2023-03-29,4308.559896548928
2023-03-30,4421.4896505965135
2023-03-31,4609.800879166115
2023-04-01,5068.168048275345
2023-04-02,5581.810388732357
2023-04-03,4794.36213520645
2023-04-04,4900.025531523994
2023-04-05,5307.702991448145
2023-04-06,4804.72867034851
2023-04-07,4474.328980072591
2023-04-08,5437.661820292908
2023-04-09,4312.920667709631
2023-04-10,5429.246492393815
2023-04-11,5032.067787269354
2023-04-12,4973.295915245106
2023-04-13,4619.326512138932
2023-04-14,4088.2720370533743
2023-04-15,5116.808628854414
2023-04-16,5762.411279955458
2023-04-17,5363.263514761373
2023-04-18,3736.9379558592236
2023-04-19,5166.550669724151
2023-04-20,5061.675336136886
2023-04-21,4895.837207307953
2023-04-22,4821.479045963341
2023-04-23,5225.464338979744
2023-04-24,4807.047356362008
2023-04-25,4689.130617019959
2023-04-26,4322.321450941767
2023-04-27,4814.946709410234
2023-04-28,4635.6035518400495
2023-04-29,4651.070302822106
2023-04-30,5141.902082815298
2023-05-01,4238.547035792955
2023-05-02,4096.247264470975
2023-05-03,4874.654688961386
2023-05-04,5046.751876558333
2023-05-05,4487.187813591772
2023-05-06,5097.035496371167
2023-05-07,5145.533112881864
2023-05-08,5519.8455693608785
2023-05-09,4968.746392455547
2023-05-10,5205.061589087036
2023-05-11,4307.979178943136
2023-05-12,4783.413465767869
2023-05-13,5483.491373332677
2023-05-14,5486.482982491671
2023-05-15,4894.613535511764
2023-05-16,4854.719014825027
2023-05-17,5004.887526341144
2023-05-18,4645.506407805418
2023-05-19,4300.3683990046175
2023-05-20,4736.778936996997
2023-05-21,4010.2559948155035
2023-05-22,4994.936501439202
2023-05-23,4784.1636416046185
2023-05-24,4804.460207966804
2023-05-25,4858.913311254425
2023-05-26,5329.713713771626
2023-05-27,5211.575768319659
2023-05-28,4713.406951184492
2023-05-29,5261.618539402411
2023-05-30,5754.405421260332
2023-05-31,4166.658364668483
2023-06-01,4917.239862889575
2023-06-02,4881.770822249991
2023-06-03,4835.110189404187
2023-06-04,4750.48432932361
2023-06-05,4995.263356987152
2023-06-06,6196.2992663246
2023-06-07,4451.716659987532
2023-06-08,5413.980609158087
2023-06-09,5105.306766395325
2023-06-10,5015.125513887674
2023-06-11,4225.10254621001
2023-06-12,5264.547351573413
2023-06-13,4613.695806013947
2023-06-14,5108.529767031598
2023-06-15,4906.447276483898
2023-06-16,5418.144715530345
2023-06-17,5410.480629065139
2023-06-18,4824.039181447929
2023-06-19,4570.073416033367
2023-06-20,5281.898138630164
2023-06-21,5398.596709855317
2023-06-22,5022.893410562673
2023-06-23,5126.277882365974
2023-06-24,4304.929901687927
2023-06-25,4943.269429097461
2023-06-26,4840.5728551787815
2023-06-27,5540.000112813678
2023-06-28,4876.485347582766
2023-06-29,5228.661507586776
2023-06-30,4490.458798979498
2023-07-01,4768.38807468744
2023-07-02,5470.20334852364
2023-07-03,5743.163362625469
2023-07-04,4830.689853769404
2023-07-05,4830.811907915733
2023-07-06,4741.045641653709
2023-07-07,4924.010120334609
2023-07-08,3561.9550369817516
2023-07-09,4555.592238720041
2023-07-10,4992.534314835613
2023-07-11,5134.279088090776
2023-07-12,5567.700206243467
2023-07-13,4672.508173298875
2023-07-14,5685.161781992205
2023-07-15,5280.54349436261
2023-07-16,5196.005910735212
2023-07-17,4825.742682916303
2023-07-18,5284.382981726261
2023-07-19,4362.932581549855
2023-07-20,5577.083245002852
2023-07-21,4262.690719967624
2023-07-22,4465.3009598752615
2023-07-23,5079.335832024491
2023-07-24,4725.799994352889
2023-07-25,4803.481186262191
2023-07-26,5361.165401009882
2023-07-27,4968.500087431589
2023-07-28,5091.240273395918
2023-07-29,4633.357840744786
2023-07-30,5037.841313175976
2023-07-31,4975.342292885407
2023-08-01,5383.672845037863
2023-08-02,5186.389013400329
2023-08-03,4499.316429284281
2023-08-04,4212.567388127986
2023-08-05,5305.344805719409
2023-08-06,4282.378351975315
2023-08-07,5761.238619882943
2023-08-08,5311.236277958641
2023-08-09,5177.992412755827
2023-08-10,5586.5701879043945
2023-08-11,4977.464947415569
2023-08-12,4344.035280029474
2023-08-13,4571.741152604264
2023-08-14,4736.721938358413
2023-08-15,4029.077118298593
2023-08-16,4600.226387212521
2023-08-17,5140.493797893744
2023-08-18,4722.487503282975
2023-08-19,5295.735055609075
2023-08-20,4515.460532410805
2023-08-21,5242.861339964338
2023-08-22,6072.595238614028
2023-08-23,4449.872634060294
2023-08-24,4282.307849346501
2023-08-25,4648.321801296225
2023-08-26,5293.5937487328265
2023-08-27,4805.125029313245
2023-08-28,5524.525736648868
2023-08-29,4296.538185307263
2023-08-30,5127.6507015569605
2023-08-31,5070.166831030349
2023-09-01,5733.379206224378
2023-09-02,5908.477810657862
2023-09-03,5610.816839429775
2023-09-04,5001.3022255837905
2023-09-05,6024.710378390802
2023-09-06,4502.214211664534
2023-09-07,5658.470248091631
2023-09-08,3784.0045692428166
2023-09-09,4829.09548988751
2023-09-10,4441.65534993994
2023-09-11,4687.443797497509
2023-09-12,4811.352652082834
2023-09-13,5429.286928940152
2023-09-14,4757.693520111642
2023-09-15,5323.235170958493
2023-09-16,5009.256915741218
2023-09-17,4724.403746980989
2023-09-18,5968.536270364405
2023-09-19,5786.831754294338
2023-09-20,5276.648226317564
2023-09-21,5306.400139648652
2023-09-22,4892.301405134025
2023-09-23,4621.889528199131
2023-09-24,6311.186576073706
2023-09-25,4959.58169756063
2023-09-26,6641.080278578029
2023-09-27,4800.359107896012
2023-09-28,5101.916747911696
2023-09-29,4577.493529478085
2023-09-30,4504.870132352049
2023-10-01,4952.239235352627
2023-10-02,4253.706730133658
2023-10-03,5023.802976049421
2023-10-04,5506.922343776495
2023-10-05,4371.890083654813
2023-10-06,5582.473544220173
2023-10-07,5025.835219383667
2023-10-08,4838.20292547203
2023-10-09,5110.414482072021
2023-10-10,4590.444685886199
2023-10-11,4929.49297229905
2023-10-12,5191.784500363113
2023-10-13,4973.321009227287
2023-10-14,4718.711691353346
2023-10-15,5196.169569130543
2023-10-16,4953.83494697114
2023-10-17,5659.905917209924
2023-10-18,5406.296738114842
2023-10-19,4607.771724555725
2023-10-20,5386.0432782339785
2023-10-21,5061.32830134779
2023-10-22,5295.734350856376
2023-10-23,4775.244863190401
2023-10-24,5114.472669271152
2023-10-25,3844.4195541345125
2023-10-26,4410.972941978311
2023-10-27,4866.67628272694
2023-10-28,5153.582186376926
2023-10-29,4652.36141234177
2023-10-30,4303.931954160949
2023-10-31,5004.729040917078
2023-11-01,4986.683509667987
2023-11-02,4405.9030318977975
2023-11-03,4905.794469627166
2023-11-04,4459.97806728107
2023-11-05,4396.541628749415
2023-11-06,5212.969804248437
2023-11-07,4317.9924881842135
2023-11-08,4891.325081556737
2023-11-09,5748.966315582139
2023-11-10,4854.751467071924
2023-11-11,5345.080866913807
2023-11-12,4467.7484241159655
2023-11-13,5613.1170016381575
2023-11-14,5371.736995230963
2023-11-15,5591.680783266017
2023-11-16,4328.093683725752
2023-11-17,5480.372731403995
2023-11-18,4973.588468791403
2023-11-19,4593.159720604721
2023-11-20,4769.341745158078
2023-11-21,4237.936105754629
2023-11-22,4891.847023561284
2023-11-23,4546.256411857366
2023-11-24,5845.4790061782405
2023-11-25,5918.126708372777
2023-11-26,6010.583008533941
2023-11-27,4282.024984817654
2023-11-28,5372.486251183808
2023-11-29,5710.69786893998
2023-11-30,5089.423678177729
2023-12-01,4502.401641796719
2023-12-02,4967.324887197958
2023-12-03,4885.046186900061
2023-12-04,4706.385924697257
2023-12-05,4674.148571312686
2023-12-06,4808.943914186557
2023-12-07,4653.498339797809
2023-12-08,5543.044793877334
2023-12-09,5910.483888071644
2023-12-10,5781.9492536793105
2023-12-11,5461.951710966954
2023-12-12,4664.212420188663
2023-12-13,5474.263418865972
2023-12-14,6164.301067745208
2023-12-15,5019.021953334503
2023-12-16,4794.815872813598
2023-12-17,5330.592355343536
2023-12-18,4719.732711386324
2023-12-19,4892.655754599899
2023-12-20,5765.762652094706
2023-12-21,5529.5787949954465
2023-12-22,4611.129315236225
2023-12-23,4950.778528106362
2023-12-24,4628.85152148033
2023-12-25,5072.51153336504
2023-12-26,5828.195242690047
2023-12-27,5417.35138155975
2023-12-28,4699.723989451532
2023-12-29,5762.80130450762
2023-12-30,4847.065944539482
2023-12-31,5010.3966488212445
2024-01-01,4519.57079891032
2024-01-02,4393.133544736727
2024-01-03,5348.902074153845
2024-01-04,4553.167186913246
2024-01-05,5122.610969569712
2024-01-06,5595.363264330516
2024-01-07,5627.363403032153
2024-01-08,5484.194421321398
2024-01-09,5432.160045226094
2024-01-10,4679.139965735792
2024-01-11,4142.887437262859
2024-01-12,5275.627640604217
2024-01-13,5120.9297331645075
2024-01-14,5763.989441631056
2024-01-15,5638.653046208983
2024-01-16,4799.172849298666
2024-01-17,5442.652185210514
2024-01-18,5346.4171273342845
2024-01-19,5396.201772119543
2024-01-20,4342.178575773842
2024-01-21,5639.272324892058
2024-01-22,5282.256767125286
2024-01-23,5437.147710179604
2024-01-24,4838.280827127817
2024-01-25,5613.913906053341
2024-01-26,5744.083765993796
2024-01-27,5552.417176462532
2024-01-28,4218.901790193238
2024-01-29,5094.672147751889
2024-01-30,4502.077148103146
2024-01-31,5108.984203428811
2024-02-01,4898.632874943056
2024-02-02,5089.98383904941
2024-02-03,4971.214657549376
2024-02-04,5369.185219071936
2024-02-05,4668.886230128891
2024-02-06,5498.337800534026
2024-02-07,5147.113261988979
2024-02-08,4335.218566688551
2024-02-09,4834.812753164137
2024-02-10,5000.194089861823
2024-02-11,3970.454624971693
2024-02-12,4671.0860206493435
2024-02-13,4851.984875230243
2024-02-14,5390.346416427332
2024-02-15,5682.458982796716
2024-02-16,4000.753378480148
2024-02-17,3694.709037739298
2024-02-18,5218.820395871201
2024-02-19,5476.032370143279
2024-02-20,4767.786068777902
2024-02-21,4210.881510254354
2024-02-22,4414.837491852682
2024-02-23,4958.426825262221
2024-02-24,5444.574317386282
2024-02-25,5414.154945004759
2024-02-26,4594.870937311518
2024-02-27,4938.766404414182
2024-02-28,4165.627540235844
2024-02-29,5322.809916779391
2024-03-01,4938.775025592398
2024-03-02,5233.241285144097
2024-03-03,5048.127862519919
2024-03-04,5516.038597719106
2024-03-05,5903.64580377225
2024-03-06,4706.027425311644
2024-03-07,5033.888901630539
2024-03-08,4695.517099063148
2024-03-09,4957.817802795781
2024-03-10,5761.380440091564
2024-03-11,4879.197347580288
2024-03-12,5313.348374564733
2024-03-13,4890.713543272158
2024-03-14,5020.978729551894
2024-03-15,5652.6868658362455
2024-03-16,5163.190700599723
2024-03-17,5354.50437113434
2024-03-18,4256.876978635992
2024-03-19,5411.259772565601
2024-03-20,4685.1651856599665
2024-03-21,5540.6656352956625
2024-03-22,5131.077527105335
2024-03-23,5202.632290729426
2024-03-24,4433.077655285295
2024-03-25,5621.606939343549
2024-03-26,4826.468153890362
2024-03-27,5074.830365598758
2024-03-28,4904.167697070916
2024-03-29,5971.477554353404
2024-03-30,5301.9200007633035
2024-03-31,5437.699380114398
2024-04-01,5334.2066802886275
2024-04-02,5114.542755542139
2024-04-03,4592.548582320036
2024-04-04,5321.505574572369
2024-04-05,4948.640141389914
2024-04-06,5169.70370192736
2024-04-07,5115.642769103195
2024-04-08,4762.513650136011
2024-04-09,4768.041078892591
2024-04-10,5216.629807048191
2024-04-11,4742.083299861112
2024-04-12,5077.845003026941
2024-04-13,5097.825426124251
2024-04-14,5528.758906792646
2024-04-15,5486.547138415137
2024-04-16,5347.423880540506
2024-04-17,5140.696565891839
2024-04-18,5051.002692980449
2024-04-19,5140.906462698725
2024-04-20,4700.655157565634
2024-04-21,4690.301673140447
2024-04-22,5581.950414325239
2024-04-23,5522.904497079228
2024-04-24,4998.016602520858
2024-04-25,5646.670848889358
2024-04-26,4621.935132182693
2024-04-27,4653.141932632198
2024-04-28,5025.35842357668
2024-04-29,4895.009679317595
2024-04-30,4604.636755346163
2024-05-01,5888.976002160485
2024-05-02,5147.318475962878
2024-05-03,4570.69826964721
2024-05-04,5485.493023414429
2024-05-05,5320.491509676019
2024-05-06,4372.404532249389
2024-05-07,5455.519276474377
2024-05-08,4519.545259629096
2024-05-09,5553.700350853453
2024-05-10,5137.771394251788
2024-05-11,4993.432223192007
2024-05-12,4608.880063555824
2024-05-13,5294.846667270186
2024-05-14,4459.427848583991
2024-05-15,5018.3178519651965
2024-05-16,5532.481067973768
2024-05-17,4556.280608288369
2024-05-18,4323.129847426919
2024-05-19,4936.5742359212045
2024-05-20,5318.722379999008
2024-05-21,5324.746774161493
2024-05-22,5324.742440867108
2024-05-23,4981.871008448643
2024-05-24,4586.385597039913
2024-05-25,5026.121948276133
2024-05-26,5016.093304862198
2024-05-27,5539.159681452251
2024-05-28,5228.433955486205
2024-05-29,4951.479265559199
2024-05-30,5068.244081713546
2024-05-31,5046.077416698494
2024-06-01,4200.440151554559
2024-06-02,4474.963878106013
2024-06-03,4767.719148435374
2024-06-04,5507.288174323949
2024-06-05,5168.893120570353
2024-06-06,5098.790336214453
2024-06-07,5631.583297957872
2024-06-08,3947.5979196081144
2024-06-09,5233.675340912145
2024-06-10,5173.458555112623
2024-06-11,4713.935494973736
2024-06-12,5392.761770261249
2024-06-13,4394.6930883322375
2024-06-14,5233.101420303451
2024-06-15,5210.009316057047
2024-06-16,4107.014537204588
2024-06-17,5072.322662559106
2024-06-18,5608.887099728008
2024-06-19,4713.558665748744
2024-06-20,4831.701979005529
2024-06-21,5322.692275183057
2024-06-22,4543.13521517987
2024-06-23,5203.8229999257155
2024-06-24,4857.163823349107
2024-06-25,5006.9006331602795
2024-06-26,4647.936057396462
2024-06-27,5840.946895141707
2024-06-28,4014.736063037553
2024-06-29,4277.766441550164
2024-06-30,4627.902167719977
2024-07-01,4772.022503145646
2024-07-02,4802.052422724816
2024-07-03,4734.614502671086
2024-07-04,5668.140736710453
2024-07-05,5252.112213122813
2024-07-06,4691.473562884875
2024-07-07,5216.815020530056
2024-07-08,5503.975144687066
2024-07-09,5042.549885604978
2024-07-10,5398.791101187725
2024-07-11,5752.840664860604
2024-07-12,5355.256609318605
2024-07-13,5065.743008680213
2024-07-14,4059.1091730816242
2024-07-15,5107.9320674538785
2024-07-16,5443.89448807493
2024-07-17,3611.52749390755
2024-07-18,5623.974689625168
2024-07-19,4845.913631759297
2024-07-20,4487.126622201547
2024-07-21,5453.243703888009
2024-07-22,4510.447586970664
2024-07-23,4484.618987589511
2024-07-24,5545.300283449965
2024-07-25,4957.379623721293
2024-07-26,5210.119200433886
2024-07-27,4268.501573356751
2024-07-28,5563.269626899111
2024-07-29,5383.785825698797
2024-07-30,5145.614899312475
2024-07-31,5221.980978118648
2024-08-01,5197.000145174827
2024-08-02,4448.6760642465615
2024-08-03,4909.460335446247
2024-08-04,4311.3682835467125
2024-08-05,4581.126720274963
2024-08-06,4941.181587299131
2024-08-07,5608.638722747675
2024-08-08,5911.750261860412
2024-08-09,5631.428748753944
2024-08-10,4156.014576550132
2024-08-11,4670.622299912276
2024-08-12,4251.697216340868
2024-08-13,4269.394431589101
2024-08-14,5042.857458330305
2024-08-15,4845.986201014112
2024-08-16,4951.484176600335
2024-08-17,5062.043315288068
2024-08-18,4458.09842531608
2024-08-19,5468.982458276063
2024-08-20,4898.860784215592
2024-08-21,3587.0207609887657
2024-08-22,5256.806177854048
2024-08-23,5236.755412332029
2024-08-24,5493.6488675199125
2024-08-25,3887.8729510281905
2024-08-26,3849.0492041224634
2024-08-27,4841.149456632019
2024-08-28,4690.434011245511
2024-08-29,5385.828263702877
2024-08-30,5073.797368563635
2024-08-31,4316.750238828309
2024-09-01,4773.6036926659135
2024-09-02,4852.000235385725
2024-09-03,5630.3961485122245
2024-09-04,4998.557887577944
2024-09-05,5074.107548919368
2024-09-06,5385.23215685159
2024-09-07,4496.047834007145
2024-09-08,5582.098689740034
2024-09-09,3996.265806816068
2024-09-10,4298.265251218512
2024-09-11,4696.104599542426
2024-09-12,5351.319773494389
2024-09-13,4135.760902668986
2024-09-14,4739.813341442884
2024-09-15,4870.368103317328
2024-09-16,5517.55210501542
2024-09-17,5630.285482848986
2024-09-18,4761.443160907187
2024-09-19,5380.9889555517175
2024-09-20,4311.85431696644
2024-09-21,4997.23620359757
2024-09-22,4344.81402267064
2024-09-23,5345.792327329205
2024-09-24,5097.71113659534
2024-09-25,4411.54625416598
2024-09-26,5056.605505340659
2024-09-27,5121.573111773008
2024-09-28,4738.476141615496
2024-09-29,5628.41609202625
2024-09-30,3625.17752335662
2024-10-01,5857.143039330026
2024-10-02,4993.315004384346
2024-10-03,5148.646885468397
2024-10-04,5774.53934726637
2024-10-05,5439.312230322865
2024-10-06,4533.708279560036
2024-10-07,5238.449195667876
2024-10-08,4923.69904220457
2024-10-09,4622.615028801195
2024-10-10,4972.606925645554
2024-10-11,5522.7783540404935
2024-10-12,4523.831438234322
2024-10-13,5257.980361147731
2024-10-14,4569.286496828542
2024-10-15,4774.669950244278
2024-10-16,4819.389018654808
2024-10-17,4755.989484006413
2024-10-18,4484.669230839659
2024-10-19,4978.6334216266405
2024-10-20,4665.597062148928
2024-10-21,4961.813590785478
2024-10-22,4499.6507412032015
2024-10-23,5266.942308345158
2024-10-24,5082.317401460335
2024-10-25,4945.829166297042
2024-10-26,5857.771585568883
2024-10-27,5270.698756286266
2024-10-28,5412.865742180801
2024-10-29,5553.717190426131
2024-10-30,5159.817766434323
2024-10-31,4503.294926223672
2024-11-01,5529.146456569516
2024-11-02,3726.7948895281042
2024-11-03,5066.9555032591525
2024-11-04,4297.701906883677
2024-11-05,5641.6992182166405
2024-11-06,4374.008683564646
2024-11-07,4996.10873411799
2024-11-08,3719.5262084165765
2024-11-09,4750.658011998155
2024-11-10,4926.319121469367
2024-11-11,5139.254800696703
2024-11-12,5592.626516294974
2024-11-13,5375.472204533422
2024-11-14,5094.241311178103
2024-11-15,5594.203482904844
2024-11-16,5980.578839031323
2024-11-17,4302.336983910562
2024-11-18,5697.378985944199
2024-11-19,5447.779109829312
2024-11-20,5496.40969991638
2024-11-21,5024.549889671658
2024-11-22,4882.597129912442
2024-11-23,5736.9067926818
2024-11-24,5223.746468072867
2024-11-25,4574.046145901553
2024-11-26,4895.233550031346
2024-11-27,4370.677982303712
2024-11-28,5007.237309486994
2024-11-29,4497.379675803213
2024-11-30,4637.011421349377
2024-12-01,4623.180629999252
2024-12-02,4408.447392596344
2024-12-03,5489.048391567467
2024-12-04,4769.345206491637
2024-12-05,4906.944486593734
2024-12-06,4683.33418908603
2024-12-07,4472.036956007658
2024-12-08,5012.647545342307
2024-12-09,4758.1994617008495
2024-12-10,5195.341663580361
2024-12-11,5051.478887837015
2024-12-12,4787.344640964516
2024-12-13,4452.795477716602
2024-12-14,4540.205418108532
2024-12-15,5361.625599165884
2024-12-16,4474.420182632837
2024-12-17,5342.464465189228
2024-12-18,4395.025897912399
2024-12-19,5239.7415597711915
2024-12-20,4800.910703901257
2024-12-21,5099.435718753023
2024-12-22,4791.569560562509
2024-12-23,4895.822352389386
2024-12-24,5405.711579410952
2024-12-25,3834.6361851808315
2024-12-26,4129.8489821205785
2024-12-27,4982.179254638076
2024-12-28,5583.873810219963
2024-12-29,4119.830701865317
2024-12-30,5206.668071513507
2024-12-31,5355.82737310692
2025-01-01,4557.760256992504
2025-01-02,5418.032208641528
2025-01-03,4768.412457498494
2025-01-04,5350.501086723316
2025-01-05,5157.234857289115
2025-01-06,4516.817486092458
2025-01-07,4801.715509261406
2025-01-08,4659.224177108339
2025-01-09,4318.380991992785
2025-01-10,3989.626715379355
2025-01-11,5024.782172598551
2025-01-12,5189.727420396438
2025-01-13,5531.248136560696
2025-01-14,4490.487949215535
2025-01-15,5191.532679688158
2025-01-16,4586.587181906874
2025-01-17,5158.605301588125
2025-01-18,5659.386640915873
2025-01-19,6263.82805208994
2025-01-20,4772.385107353304
2025-01-21,5284.329590930494
2025-01-22,4758.648848330423
2025-01-23,4657.0419228967385
2025-01-24,5322.526679962362
2025-01-25,4727.152535786876
2025-01-26,4394.564131492388
2025-01-27,4470.145263732557
2025-01-28,5520.61653452153
2025-01-29,5584.724369748517
2025-01-30,5090.0949861685685
2025-01-31,4637.077612680737
2025-02-01,4557.560368999167
2025-02-02,6291.416753070024
2025-02-03,4868.554209109387
2025-02-04,4229.307972050256
2025-02-05,3870.042846842767
2025-02-06,5116.846510216112
2025-02-07,4725.820712297209
2025-02-08,4929.264990028362
2025-02-09,4306.700247456281
2025-02-10,5061.344189637653
2025-02-11,4197.409566109037
2025-02-12,4877.928063893252
2025-02-13,5416.893233135291
2025-02-14,5149.284257210221
2025-02-15,3905.946105407573
2025-02-16,4770.501816779354
2025-02-17,4538.014838288237
2025-02-18,4187.358387653136
2025-02-19,4765.2696525780975
2025-02-20,4750.928876141742
2025-02-21,5890.61757974396
2025-02-22,4993.507990970243
2025-02-23,5481.37497323638
2025-02-24,4509.746758985257
2025-02-25,5071.849679511401
2025-02-26,4601.418333996039
2025-02-27,5060.190147138161
2025-02-28,4269.077718219785
2025-03-01,4288.397673739033
2025-03-02,5161.504828457954
2025-03-03,4618.378099995477
2025-03-04,4606.6303746627755
2025-03-05,4456.724929964414
2025-03-06,5399.378998789373
2025-03-07,5013.378945799441
2025-03-08,5024.197691512453
2025-03-09,5622.4547406740185
2025-03-10,5068.322192487155
2025-03-11,5141.362646559652
2025-03-12,5445.444180717457
2025-03-13,4777.232618694115
2025-03-14,5341.9530458331565
2025-03-15,4765.979671340099
2025-03-16,5140.913268920885
2025-03-17,4492.576580403485
2025-03-18,5171.201642085818
2025-03-19,4771.449518687692
2025-03-20,5155.279509265403
2025-03-21,5132.903913152194
2025-03-22,4808.9849152431725
2025-03-23,4929.822879658069
2025-03-24,4884.207263009132
2025-03-25,4466.639484366875
2025-03-26,4443.7131116176915
2025-03-27,4877.987724471299
2025-03-28,4938.595095715947
2025-03-29,4281.142439417705
2025-03-30,5032.2208659900125
2025-03-31,5739.666349503507
2025-04-01,5310.084332484653
2025-04-02,4217.389704493953
2025-04-03,4275.642239214366
2025-04-04,4646.788606124004
2025-04-05,4871.148860534758
2025-04-06,5286.561600173092
2025-04-07,4495.696863824167
2025-04-08,5398.981855996029
2025-04-09,5992.1954161967915
2025-04-10,5225.3854769746595
2025-04-11,5777.448604519981
2025-04-12,5066.992257428232
2025-04-13,5230.141596292579
2025-04-14,4888.139069980901
2025-04-15,5481.009377179552
2025-04-16,5117.389304149479
2025-04-17,5588.550403466212
2025-04-18,4305.8821607329955
2025-04-19,5350.407254217243
2025-04-20,4913.802874278065
2025-04-21,5346.248879705398
2025-04-22,4406.94531594643
2025-04-23,5158.579362892926
2025-04-24,6295.4212201091905
2025-04-25,4431.177198378359
2025-04-26,5326.93549813848
2025-04-27,5829.140825259156
2025-04-28,4987.224934054381
2025-04-29,4177.055104339819
2025-04-30,5523.100818274165
2025-05-01,5255.710556003924
2025-05-02,5412.21565876471
2025-05-03,5715.458835455733
2025-05-04,4600.2971676707775
2025-05-05,4961.669329399657
2025-05-06,4763.196474247938
2025-05-07,4977.995130242729
2025-05-08,4355.683016862768
2025-05-09,3856.175789348453
2025-05-10,5154.362990029725
2025-05-11,4724.212348577564
2025-05-12,5341.284287784867
2025-05-13,5044.853608588648
2025-05-14,4271.8299119604035
2025-05-15,5100.441662589309
2025-05-16,5333.491114683144
2025-05-17,4618.745716679093
2025-05-18,5665.877356571631
2025-05-19,5056.849167099398
2025-05-20,4951.5952514741075
2025-05-21,4691.680764382498
2025-05-22,5286.82845266216
2025-05-23,4956.421574594683
2025-05-24,5336.259733891489
2025-05-25,5994.3329597489865
2025-05-26,4968.608672514995
2025-05-27,4973.411649782884
2025-05-28,4301.5392145438655
2025-05-29,4641.9707654981175
2025-05-30,4849.59214090171
2025-05-31,5963.269020077272
2025-06-01,4289.89298728077
2025-06-02,4497.532737828875
2025-06-03,5332.597088914025
2025-06-04,5060.490127644908
2025-06-05,4780.22450934486
2025-06-06,4456.014611983714
2025-06-07,6344.157272618188
2025-06-08,4609.506538084613
2025-06-09,5126.995015271748
2025-06-10,5108.353128619615
2025-06-11,5717.1495068607
2025-06-12,4918.979374002313
2025-06-13,5157.404335205868
2025-06-14,4780.533717492755
2025-06-15,4788.512889133522
2025-06-16,5494.235721854232
2025-06-17,5361.222326197183
2025-06-18,5128.6848413439375
2025-06-19,4931.0575667152625
2025-06-20,4572.771402673706
2025-06-21,5879.284524960814
2025-06-22,5306.029745614752
2025-06-23,5443.787125437252
2025-06-24,5681.198944624446
2025-06-25,4881.065538676074
2025-06-26,4920.166320220456
2025-06-27,4102.810320676629
2025-06-28,5109.367667602901
2025-06-29,3731.3625378367697
2025-06-30,4339.580783305063
2025-07-01,5529.328377853829
2025-07-02,4552.959666473933
2025-07-03,5564.85435846634
2025-07-04,4735.635628834255
2025-07-05,5103.393272995731
2025-07-06,5174.927275855446
2025-07-07,4095.5443500044316
2025-07-08,4544.499423331347
2025-07-09,5633.768718189253
2025-07-10,4877.832883429575
2025-07-11,4435.152048705344
2025-07-12,4634.155223000537
2025-07-13,5462.066354436859
2025-07-14,5051.411660772237
2025-07-15,5088.233786539461
2025-07-16,4605.423661390731
2025-07-17,5194.021247907231
2025-07-18,5276.824289419586
2025-07-19,5615.5983248688635
2025-07-20,3885.8729169132366
2025-07-21,4856.462771683979
2025-07-22,5362.126691195424
2025-07-23,4472.543107748219
2025-07-24,5185.140608084797
2025-07-25,3873.3455276459918
2025-07-26,4596.108577982739
2025-07-27,5602.4987401517565
2025-07-28,5496.7918646023745
2025-07-29,4536.92798688105
2025-07-30,4937.286257334756
2025-07-31,5457.006588943861
2025-08-01,4338.372067600269
2025-08-02,5038.42480074256
2025-08-03,5693.130272198481
2025-08-04,5462.017201900166
2025-08-05,4536.876060328598
2025-08-06,5123.126338467933
2025-08-07,6052.87058387518
2025-08-08,5321.444403320074
2025-08-09,5551.841210039081
2025-08-10,5571.189523312717
2025-08-11,4200.370586662295
2025-08-12,5066.072310135813
2025-08-13,6268.549094575707
2025-08-14,5087.012213691285
2025-08-15,4761.327669566522
2025-08-16,4318.074145099066
2025-08-17,5277.426030220249
2025-08-18,4869.231981102836
2025-08-19,4611.108915287691
2025-08-20,4598.611862844434
2025-08-21,4980.063891307164
2025-08-22,5210.057372384324
2025-08-23,4659.7869977140135
2025-08-24,4860.021229578309
2025-08-25,4870.983047721195
2025-08-26,4484.379599215926
2025-08-27,5245.825313619278
2025-08-28,4863.030846968796
2025-08-29,4801.794626907261
2025-08-30,4164.046369461395
2025-08-31,4825.227686341904
2025-09-01,4880.645294737111
2025-09-02,3916.028362112658
2025-09-03,5220.7551009559265
2025-09-04,5150.624309960983
2025-09-05,4907.266028920114
2025-09-06,5532.906811228455
2025-09-07,5033.094324332598
2025-09-08,4377.432283971626
2025-09-09,4874.193624136642
2025-09-10,5334.110280201943
2025-09-11,4279.632889313057
2025-09-12,5360.324996801259
2025-09-13,4974.206824044387
2025-09-14,5320.851359182574
2025-09-15,5520.15047926636
2025-09-16,4487.656395546872
2025-09-17,4466.232110849742
2025-09-18,5915.113816609581
2025-09-19,4458.214770247686
2025-09-20,4854.228190495622
2025-09-21,4837.685822594707
2025-09-22,4816.439884920538
2025-09-23,5604.84850539542
2025-09-24,5811.963004617675
2025-09-25,4947.982013245958
2025-09-26,5312.6680167745135
2025-09-27,5966.8068282668
2025-09-28,5068.492988999316
2025-09-29,4343.982342721503
2025-09-30,5240.752808432212
2025-10-01,5330.863484053935
2025-10-02,4413.599558684576
2025-10-03,4358.792866941637
2025-10-04,5033.9699269742305
2025-10-05,4682.573216165474
2025-10-06,5738.42998029173
2025-10-07,4143.729625053067
2025-10-08,4902.255793261619
2025-10-09,4578.523285321643
2025-10-10,5919.370709855479
2025-10-11,4704.558075035637
2025-10-12,6253.991076587899
2025-10-13,4215.065442174239
2025-10-14,5209.193193293483
2025-10-15,5757.693910889244
2025-10-16,4850.203392917229
2025-10-17,5704.387467906866
2025-10-18,4047.2320696806364
2025-10-19,5206.0994576190515
2025-10-20,5219.464529451219
2025-10-21,4605.010213983578
2025-10-22,5239.846121717037
2025-10-23,5747.164799187158
2025-10-24,4962.718066822123
2025-10-25,4711.316982826858
2025-10-26,4955.596423873067
2025-10-27,4689.687701871203
2025-10-28,4832.829343891684
2025-10-29,5080.1338761107145
2025-10-30,5303.342200240281
2025-10-31,4354.881489963908
2025-11-01,4980.732145506362
2025-11-02,5690.142256346227
2025-11-03,4415.42038705866
2025-11-04,5412.893671666823
2025-11-05,5617.764135662788
2025-11-06,5022.397462401237
2025-11-07,5085.817213629271
2025-11-08,5671.333024590399
2025-11-09,5573.440065194365
2025-11-10,5456.480982809395
2025-11-11,4458.588486666177
2025-11-12,4740.511535113711
2025-11-13,6100.282535383072
2025-11-14,4821.763295346611
2025-11-15,5819.786095339794
2025-11-16,4830.074640138756
2025-11-17,5564.372080343724
2025-11-18,5408.478724958256
2025-11-19,4504.511171400957
2025-11-20,5197.304397482698
2025-11-21,5142.303142131676
2025-11-22,5352.27986486799
2025-11-23,5685.950676685206
2025-11-24,5224.009785878762
2025-11-25,4559.212778591809
2025-11-26,5806.351516956428
2025-11-27,5224.967976109826
2025-11-28,4507.600316975158
2025-11-29,5346.300931559768
2025-11-30,4210.180345589325
2025-12-01,4444.754895838725
2025-12-02,4724.713266167425
2025-12-03,5305.658262495576
2025-12-04,5674.021570972492
2025-12-05,4202.635458763551
2025-12-06,5064.776267114201
2025-12-07,5556.984962433225
2025-12-08,4529.743628832093
2025-12-09,5279.948916576812
2025-12-10,5755.426251383262
2025-12-11,4389.938994937502
2025-12-12,4921.6836023286605
2025-12-13,5382.462852074443
2025-12-14,5443.653391249721
2025-12-15,4659.6698045979865
2025-12-16,4376.973892135573
2025-12-17,5774.523577232372
2025-12-18,4944.565596662602
2025-12-19,4400.113088232334
2025-12-20,4915.306446086115
2025-12-21,4742.039973121655
2025-12-22,5704.424114489507
2025-12-23,5392.3165407769875
2025-12-24,4532.310519241285
2025-12-25,5203.288789469914
2025-12-26,5702.384482680228
2025-12-27,5253.757844355937
2025-12-28,4516.035431704103
2025-12-29,6013.662811481265
2025-12-30,4528.277064149476
2025-12-31,4459.893932784896
2026-01-01,5135.350623438777
2026-01-02,4446.330348142019
2026-01-03,5228.24422662099
2026-01-04,5535.659746665274
2026-01-05,5196.215674816342
2026-01-06,4509.9563020518835
2026-01-07,5266.991255276916
2026-01-08,5386.987648393508
2026-01-09,4257.701551893439
2026-01-10,5417.132262230999
2026-01-11,4883.246656978853
2026-01-12,4007.4622013221724
2026-01-13,4653.792365930137
2026-01-14,4972.16976620881
2026-01-15,4685.525774209811
2026-01-16,5289.102839847862
2026-01-17,5389.002795441021
2026-01-18,4149.74852282951
2026-01-19,5122.957443770798
2026-01-20,5453.626589851693
2026-01-21,4596.978243116349
2026-01-22,4589.556999322898
2026-01-23,5900.5379842694
2026-01-24,4512.392888018497
2026-01-25,4926.476728829898
2026-01-26,5709.421345430502
2026-01-27,5047.348612747902
2026-01-28,5148.855187966015
2026-01-29,6064.66041813765
2026-01-30,5103.020222982782
2026-01-31,4341.8236329386245
2026-02-01,4039.7880883476932
2026-02-02,5503.189956673117
2026-02-03,5434.490529098707
2026-02-04,5604.9696306619835
2026-02-05,5409.231675571806
2026-02-06,5265.532900612027
2026-02-07,5300.9494102657045
2026-02-08,4931.1337604533965
2026-02-09,5418.511445636618
2026-02-10,5190.271588971745
2026-02-11,5689.993206724391
2026-02-12,5020.409807084869
2026-02-13,4345.831714544065
2026-02-14,5083.747886525084
2026-02-15,5384.917692723625
2026-02-16,4814.065268722866
2026-02-17,4252.557606389462
2026-02-18,4492.275974943927
2026-02-19,5126.176603835544
2026-02-20,4381.388854080201
2026-02-21,5045.331681182597
2026-02-22,4501.116012142507
2026-02-23,4600.7609240018155
2026-02-24,4215.583155079803
2026-02-25,5134.8537549814055
2026-02-26,4963.058436558421
2026-02-27,5173.725908602039
2026-02-28,5190.398465175745
2026-03-01,4529.376446928009
2026-03-02,5733.0913264752735
2026-03-03,5210.207373583032
2026-03-04,4882.116877539362
2026-03-05,5157.437132446228
2026-03-06,4809.6716880087
2026-03-07,4942.959093970128
2026-03-08,5133.129428112285
2026-03-09,5561.537233700457
2026-03-10,4828.434894487221
2026-03-11,4728.879478589994
2026-03-12,4974.482673806374
2026-03-13,4881.277218756814
2026-03-14,4999.386134320949
2026-03-15,5069.328994858973
2026-03-16,4919.7149048025385
2026-03-17,4324.1418433210965
2026-03-18,5212.902079112053
2026-03-19,5092.063811879997
2026-03-20,4544.781023021083
2026-03-21,5308.1987463616315
2026-03-22,5331.442076302601
2026-03-23,5728.527441390047
2026-03-24,4778.222249360156
2026-03-25,4667.388067494612
2026-03-26,5211.90105915373
2026-03-27,4721.075546716391
2026-03-28,4978.572915350969
2026-03-29,5672.326489646337
2026-03-30,4507.036392928364
2026-03-31,4891.491506821642
2026-04-01,4837.766414029749
2026-04-02,5031.07814416544
2026-04-03,4667.137928356921
2026-04-04,4933.725759127446
2026-04-05,4833.541994799478
2026-04-06,4939.155282009943
2026-04-07,5203.254862581746
2026-04-08,5197.818521187171
2026-04-09,4508.095046184409
2026-04-10,4622.262842891392
2026-04-11,4323.4858119262735
2026-04-12,4364.998896436968
2026-04-13,4550.047155744443
2026-04-14,5573.8093124105
2026-04-15,4954.71147465403
2026-04-16,5024.822453014241
2026-04-17,4129.222988217041
2026-04-18,5283.26053354856
2026-04-19,5613.90649129272
2026-04-20,5383.073813726702
2026-04-21,5174.526235136401
2026-04-22,5974.829922479007
2026-04-23,4622.908697438328
2026-04-24,5396.968296806423
2026-04-25,4935.651094793292
2026-04-26,4846.111838694948
2026-04-27,5196.673596806522
2026-04-28,4848.423752123875
2026-04-29,5149.119688347849
2026-04-30,5250.607844381054
2026-05-01,5378.760123906777
2026-05-02,5531.128899941069
2026-05-03,5028.2453099812865
2026-05-04,5268.272620536794
2026-05-05,5725.378251067712
2026-05-06,4901.529555513144
2026-05-07,4083.336057020673
2026-05-08,4788.102868134613
2026-05-09,5339.066253686143
2026-05-10,5279.656566536956
2026-05-11,4963.101101786503
2026-05-12,4897.563223496894
2026-05-13,5553.733952448902
2026-05-14,4149.2127060260555
2026-05-15,5423.3109073024625
2026-05-16,4849.74195737324
2026-05-17,4753.765275245902
2026-05-18,5425.445358712792
2026-05-19,5019.579266828705
2026-05-20,4642.065214897156
2026-05-21,5222.758173648033
2026-05-22,5856.971032878989
2026-05-23,5056.005952463305
2026-05-24,5154.46995395112
2026-05-25,4250.618079608489
2026-05-26,5561.993444840235
2026-05-27,4996.703238462457
2026-05-28,5026.250252515673
2026-05-29,5182.091687096476
2026-05-30,4851.637983320157
2026-05-31,5248.644279762955
2026-06-01,4818.862093936283
2026-06-02,3805.0529945065346
2026-06-03,5308.698315427651
2026-06-04,4329.581514116772
2026-06-05,4874.373946172005
2026-06-06,4858.1634955519185
2026-06-07,5033.394701272321
2026-06-08,5264.573157454769
2026-06-09,4504.916557244732
2026-06-10,3996.0385914235853
2026-06-11,5626.855440928472
2026-06-12,4818.502135295655
2026-06-13,4276.837074587879
2026-06-14,5063.13586225441
2026-06-15,5011.1479193406585
2026-06-16,5495.428691463222
2026-06-17,4709.380711138008
2026-06-18,4615.592284668058
2026-06-19,5636.690100717315
2026-06-20,4885.365005280789
2026-06-21,5379.156171329733
2026-06-22,4390.622567586214
2026-06-23,5167.007506359378
2026-06-24,4719.083215827731
2026-06-25,5132.4984815464895
2026-06-26,5344.756673651357
2026-06-27,5228.695533634188
2026-06-28,4549.06257540794
2026-06-29,4224.84824248487
2026-06-30,4409.380929185015
2026-07-01,5243.689232318838
2026-07-02,4648.270640925111
2026-07-03,4615.983963497199
2026-07-04,5927.355891428131
2026-07-05,5146.709463645976
2026-07-06,4551.685477720188
2026-07-07,6022.235931634982
2026-07-08,6006.831414243365
2026-07-09,5993.852404198916
2026-07-10,5063.113241974381
2026-07-11,5000.989266495843
2026-07-12,4365.833876302165
2026-07-13,5724.8927105319
2026-07-14,5811.3415575939725
2026-07-15,5607.944399446457
2026-07-16,4372.451391027098
2026-07-17,5646.463303937395
2026-07-18,5320.853266983678
2026-07-19,4406.594332194059
2026-07-20,5336.918969034995
2026-07-21,4168.386268144264
2026-07-22,4720.863927712671
2026-07-23,4036.026283541193
2026-07-24,5757.552050819566
2026-07-25,4638.036939430179
2026-07-26,4698.090557192722
2026-07-27,5175.814195366813
2026-07-28,4320.792202171255
2026-07-29,5277.871939818306
2026-07-30,5089.171646443592
2026-07-31,4574.625568081016
2026-08-01,5206.530290440272
2026-08-02,4412.308606800463
2026-08-03,4791.777604075266
2026-08-04,4679.226028581856
2026-08-05,5069.835155886793
2026-08-06,5138.666381617043
2026-08-07,5242.705891739385
2026-08-08,5289.784817446597
2026-08-09,5426.575329927968
2026-08-10,4554.991733334946
2026-08-11,4677.415792420211
2026-08-12,6017.415725572391
2026-08-13,5347.543115692806
2026-08-14,5376.483964607867
2026-08-15,4089.007246523097
2026-08-16,5906.124894994903
2026-08-17,5214.399398223762
2026-08-18,5186.982199855614
2026-08-19,5013.426891028832
2026-08-20,5722.521779049332
2026-08-21,4980.175788703916
2026-08-22,5275.744622766297
2026-08-23,4628.424236221805
2026-08-24,5218.974200467648
2026-08-25,4084.4974568463017
2026-08-26,5074.429936903065
2026-08-27,3891.4673670176335
2026-08-28,3992.4119415785735
2026-08-29,5362.8313360269585
2026-08-30,4869.929077405466
2026-08-31,5548.489987827883
2026-09-01,5240.940408570027
2026-09-02,5835.403457469945
2026-09-03,5050.632111139523
2026-09-04,4906.643464464426
2026-09-05,4462.262267155963
2026-09-06,4112.409711962596
2026-09-07,5006.647134961681
2026-09-08,4851.820819198796
2026-09-09,4641.259192348205
2026-09-10,3482.16506727412
2026-09-11,5307.266706631473
2026-09-12,5025.069223191763
2026-09-13,5040.530453862641
2026-09-14,5433.383432025067
2026-09-15,4492.380972608777
2026-09-16,4633.071515227464
2026-09-17,4811.527127533032
2026-09-18,4645.937684562083
2026-09-19,5429.204608440163
2026-09-20,4325.815588567503
2026-09-21,4199.9405028186975
2026-09-22,4165.76045426559
2026-09-23,4872.501675327389
2026-09-24,5704.210794080243
2026-09-25,4582.380573099137
2026-09-26,5388.692024710327
2026-09-27,4595.240795762028
2026-09-28,5252.360623240567
2026-09-29,5212.720808319968
2026-09-30,4867.524563563213
2026-10-01,4551.47722457666
2026-10-02,6036.605289061557
2026-10-03,4787.246255105459
2026-10-04,4766.628829700442
2026-10-05,4852.728174791736
2026-10-06,4596.649723568942
2026-10-07,5202.477451060227
2026-10-08,5476.38104280091
2026-10-09,4757.414660808662
2026-10-10,5413.7728377200365
2026-10-11,4896.043324872643
2026-10-12,4605.822471631678
2026-10-13,5565.732315604831
2026-10-14,5267.733940521868
2026-10-15,4603.254128962629
2026-10-16,4523.276061862674
2026-10-17,3720.17908118802
2026-10-18,4831.286505874248
2026-10-19,5376.234114195419
2026-10-20,5594.732335774836
2026-10-21,5643.679483611502
2026-10-22,6043.441840997589
2026-10-23,4939.180695851742
2026-10-24,4920.788553348768
2026-10-25,5706.399483526344
2026-10-26,4014.170955363137
2026-10-27,3969.253556060036
2026-10-28,4462.494644701096
2026-10-29,4732.521258473423
2026-10-30,5519.012157753451
2026-10-31,4520.246164473327
2026-11-01,5098.069576648241
2026-11-02,4569.204354638737
2026-11-03,3938.2303444257677
2026-11-04,4401.928947288936
2026-11-05,5141.977504207229
2026-11-06,5847.511854076392
2026-11-07,4831.707248031718
2026-11-08,5723.065967567087
2026-11-09,5147.408766327733
2026-11-10,5681.825999862817
2026-11-11,5553.299240254597
2026-11-12,4160.275934662512
2026-11-13,5093.887953954859
2026-11-14,4974.305551224878
2026-11-15,5138.9977195913
2026-11-16,4872.960565808638
2026-11-17,4637.008124724194
2026-11-18,4524.4929147864805
2026-11-19,5361.56371546041
2026-11-20,4334.989754318665
2026-11-21,4696.954017208303
2026-11-22,4668.494810561504
2026-11-23,5730.97220136494
2026-11-24,4903.299558977273
2026-11-25,3968.9920344833567
2026-11-26,5346.7855884909495
2026-11-27,4824.842898368876
2026-11-28,5219.456398916491
2026-11-29,4765.878849966751
2026-11-30,5353.683875068995
2026-12-01,4287.48876566898
2026-12-02,5301.939823508996
2026-12-03,5215.9715782074145
2026-12-04,5410.95595912102
2026-12-05,4354.168737556356
2026-12-06,5314.293909017898
2026-12-07,5048.754157374847
2026-12-08,4903.077248527183
2026-12-09,4354.014149564196
2026-12-10,4682.07334876398
2026-12-11,5182.3244977269205
2026-12-12,5740.4124357454
2026-12-13,5402.3664011729325
2026-12-14,4698.467237403613
2026-12-15,5162.122703240215
2026-12-16,5520.033212649547
2026-12-17,4961.112578623576
2026-12-18,4791.37885275727
2026-12-19,5013.110648235458
2026-12-20,6170.464207854003
2026-12-21,5587.119354237259
2026-12-22,5047.8665672499665
2026-12-23,4427.535119938375
2026-12-24,3806.085563563077
2026-12-25,4828.46108808696
2026-12-26,5751.986598062008
2026-12-27,5376.685340252927
2026-12-28,5107.746629838159
2026-12-29,4818.268330509018
2026-12-30,5972.167697934815
2026-12-31,4660.636878510392
