DATETIME,freq_excursion_flag,freq_p99_dev
2001-01-01,0.0,0.06441038548488517
2001-01-02,0.0,0.07603577918190793
2001-01-03,0.0,0.12631575494755382
2001-01-04,0.0,0.05546422436151802
2001-01-05,0.0,0.1239584555872942
2001-01-06,0.0,0.10393256871184668
2001-01-07,0.0,0.09077248498853636
2001-01-08,0.0,0.09365061581427231
2001-01-09,0.0,0.10920829913558475
2001-01-10,0.0,0.07531447149932477
2001-01-11,0.0,0.07029008501859965
2001-01-12,0.0,0.1482813000295072
2001-01-13,0.0,0.08176932310354466
2001-01-14,0.0,0.10703029590035781
2001-01-15,0.0,0.13777242089922406
2001-01-16,0.0,0.10847827866240856
2001-01-17,0.0,0.10741560394209648
2001-01-18,0.0,0.1380492990905826
2001-01-19,0.0,0.0637581019382853
2001-01-20,0.0,0.0914229663063846
2001-01-21,0.0,0.06177723484402939
2001-01-22,1.0,0.08780921712375685
2001-01-23,0.0,0.11559944206265925
2001-01-24,0.0,0.11782396814808438
2001-01-25,0.0,0.14074654144928028
2001-01-26,0.0,0.0666521774516368
2001-01-27,0.0,0.05627675280631564
2001-01-28,0.0,0.1153877521911958
2001-01-29,0.0,0.06510983744082177
2001-01-30,0.0,0.14382030503309073
2001-01-31,0.0,0.10129902337945905
2001-02-01,0.0,0.06676525126613485
2001-02-02,0.0,0.07412941122123348
2001-02-03,0.0,0.13808004509883032
2001-02-04,0.0,0.08312916457302419
2001-02-05,0.0,0.12025473766051177
2001-02-06,0.0,0.13747790697997414
2001-02-07,0.0,0.10064421910460292
2001-02-08,0.0,0.06352866337732635
2001-02-09,0.0,0.08206042149788678
2001-02-10,0.0,0.08513401802346804
2001-02-11,0.0,0.11971102136493869
2001-02-12,0.0,0.11502812288331962
2001-02-13,0.0,0.07969820808974416
2001-02-14,0.0,0.13020663109319652
2001-02-15,0.0,0.0649696281105437
2001-02-16,0.0,0.10270961559097752
2001-02-17,0.0,0.1286270475879579
2001-02-18,1.0,0.0592359352727192
2001-02-19,0.0,0.06532738654350714
2001-02-20,0.0,0.1424439455665748
2001-02-21,0.0,0.10951252972317771
2001-02-22,0.0,0.05077981855603149
2001-02-23,0.0,0.12849614020314448
2001-02-24,0.0,0.10133007262648613
2001-02-25,0.0,0.1466083327900422
2001-02-26,0.0,0.13518841995328412
2001-02-27,0.0,0.06423029868831459
2001-02-28,0.0,0.05574367014675105
2001-03-01,0.0,0.052822422885785474
2001-03-02,0.0,0.0674415028040469
2001-03-03,0.0,0.059904072189978355
2001-03-04,0.0,0.05764983874112624
2001-03-05,0.0,0.14481204152243338
2001-03-06,0.0,0.057345907416008195
2001-03-07,0.0,0.08750408014527426
2001-03-08,1.0,0.10198913243736332
2001-03-09,0.0,0.11977043904700913
2001-03-10,0.0,0.11086069599225976
2001-03-11,0.0,0.13143205281480047
2001-03-12,0.0,0.10994975655149379
2001-03-13,0.0,0.13891595872264464
2001-03-14,0.0,0.12091690756773736
2001-03-15,0.0,0.08044030955092465
2001-03-16,0.0,0.061381852552662854
2001-03-17,0.0,0.07361792797574329
2001-03-18,0.0,0.13460375690728166
2001-03-19,0.0,0.0634988268288817
2001-03-20,0.0,0.06047570428443666
2001-03-21,0.0,0.13457677236612692
2001-03-22,0.0,0.053535333869545954
2001-03-23,0.0,0.11272658424659175
2001-03-24,0.0,0.13848363934145652
2001-03-25,0.0,0.07628405258372514
2001-03-26,0.0,0.12008642996811618
2001-03-27,0.0,0.10521032008469527
2001-03-28,0.0,0.08659026923205008
2001-03-29,0.0,0.08570031097288675
2001-03-30,0.0,0.12079730951122497
2001-03-31,0.0,0.07663210031181467
2001-04-01,0.0,0.13877023885660544
2001-04-02,0.0,0.13209963162576893
2001-04-03,0.0,0.07689359511805524
2001-04-04,0.0,0.13688004323955416
2001-04-05,0.0,0.06397645837765628
2001-04-06,0.0,0.14722511031798186
2001-04-07,0.0,0.05576918684285706
2001-04-08,0.0,0.09625900692334191
2001-04-09,0.0,0.06383778611661137
2001-04-10,0.0,0.06403829756653097
2001-04-11,0.0,0.13556102428619332
2001-04-12,0.0,0.1252406289688553
2001-04-13,0.0,0.11030772385124082
2001-04-14,0.0,0.10185810512427546
2001-04-15,0.0,0.13333350156631693
2001-04-16,0.0,0.08842905306265755
2001-04-17,0.0,0.12805602738713107
2001-04-18,0.0,0.12571570137300825
2001-04-19,0.0,0.10279490202894485
2001-04-20,0.0,0.11017619056518566
2001-04-21,0.0,0.09171337382011671
2001-04-22,1.0,0.13746164161168478
2001-04-23,0.0,0.10115201633451795
2001-04-24,0.0,0.14913171347114557
2001-04-25,0.0,0.057714947019127785
2001-04-26,0.0,0.09673271843564626
2001-04-27,0.0,0.1130469441350669
2001-04-28,0.0,0.14264201536073134
2001-04-29,0.0,0.09765300867815369
2001-04-30,0.0,0.14891376405679743
2001-05-01,0.0,0.08468573378667155
2001-05-02,0.0,0.05870662915516028
2001-05-03,0.0,0.13709705345629558
2001-05-04,0.0,0.11823423647406944
2001-05-05,0.0,0.07719907022646308
2001-05-06,0.0,0.056918890816325174
2001-05-07,0.0,0.14320942638330061
2001-05-08,0.0,0.14039299798595226
2001-05-09,0.0,0.07351556177106477
2001-05-10,1.0,0.058738989339656524
2001-05-11,0.0,0.14800988326807968
2001-05-12,0.0,0.10898582606427963
2001-05-13,0.0,0.14432513593471408
2001-05-14,0.0,0.14815293178771508
2001-05-15,0.0,0.11873351763425206
2001-05-16,0.0,0.11579002739482894
2001-05-17,0.0,0.1250163308804224
2001-05-18,0.0,0.12269980428519335
2001-05-19,0.0,0.08204094742517574
2001-05-20,0.0,0.14557785815588908
2001-05-21,0.0,0.07366822242382884
2001-05-22,0.0,0.09450294600591636
2001-05-23,0.0,0.12973081440312886
2001-05-24,0.0,0.10634925857749965
2001-05-25,0.0,0.14801779085426492
2001-05-26,0.0,0.126307704813451
2001-05-27,0.0,0.09803574810570652
2001-05-28,0.0,0.1133939204951674
2001-05-29,0.0,0.09814096906207895
2001-05-30,0.0,0.09562191417635002
2001-05-31,1.0,0.10794331795325095
2001-06-01,0.0,0.061608681941134405
2001-06-02,0.0,0.12907319180205673
2001-06-03,0.0,0.13927686351889734
2001-06-04,0.0,0.12400701237567746
2001-06-05,0.0,0.11985739995827852
2001-06-06,0.0,0.07272271169414782
2001-06-07,0.0,0.07412460689592976
2001-06-08,0.0,0.11966324355805413
2001-06-09,0.0,0.06064615730073508
2001-06-10,0.0,0.06686357012836405
2001-06-11,0.0,0.12543769877499875
2001-06-12,0.0,0.0812691898937232
2001-06-13,0.0,0.1428987677007187
2001-06-14,0.0,0.05857097707901944
2001-06-15,0.0,0.0680541818659427
2001-06-16,0.0,0.05611644994843095
2001-06-17,0.0,0.09235553180107511
2001-06-18,0.0,0.09457923948073552
2001-06-19,0.0,0.14824629226586916
2001-06-20,0.0,0.07409701106660238
2001-06-21,0.0,0.08330769649881521
2001-06-22,1.0,0.13442808773518547
2001-06-23,0.0,0.10111374326303867
2001-06-24,0.0,0.09255967608466407
2001-06-25,0.0,0.09628212455405592
2001-06-26,0.0,0.05320961046563175
2001-06-27,1.0,0.07614805926334074
2001-06-28,0.0,0.09512631466548896
2001-06-29,0.0,0.12514662987068476
2001-06-30,0.0,0.0821860423176756
2001-07-01,0.0,0.13989464119604128
2001-07-02,0.0,0.1453245792738569
2001-07-03,0.0,0.10904086762976242
2001-07-04,0.0,0.10148638213415645
2001-07-05,0.0,0.08313049372108754
2001-07-06,0.0,0.13974747189416914
2001-07-07,1.0,0.143481454347826
2001-07-08,0.0,0.07495425528727633
2001-07-09,0.0,0.05881927275187915
2001-07-10,0.0,0.12620808792052363
2001-07-11,0.0,0.07743554932103647
2001-07-12,0.0,0.06480139640452837
2001-07-13,0.0,0.1416525404910765
2001-07-14,0.0,0.09194934015819504
2001-07-15,0.0,0.07550219040111693
2001-07-16,0.0,0.07729578254695404
2001-07-17,0.0,0.11188269712396576
2001-07-18,0.0,0.13387948886307305
2001-07-19,0.0,0.14319338258108932
2001-07-20,0.0,0.10666562099930135
2001-07-21,0.0,0.07520725925659659
2001-07-22,1.0,0.14566460383503543
2001-07-23,0.0,0.1301015696181021
2001-07-24,0.0,0.12856561217152696
2001-07-25,0.0,0.12252025874967755
2001-07-26,0.0,0.1100757994754915
2001-07-27,1.0,0.09935175461419485
2001-07-28,0.0,0.06885769606038583
2001-07-29,0.0,0.054680398058248564
2001-07-30,0.0,0.13200770418745372
2001-07-31,0.0,0.08722789081359426
2001-08-01,0.0,0.10035709694030434
2001-08-02,1.0,0.07537811238899962
2001-08-03,0.0,0.11101514575270746
2001-08-04,0.0,0.07915925548871582
2001-08-05,0.0,0.05850023036206462
2001-08-06,0.0,0.09271780885668773
2001-08-07,0.0,0.10190639683932881
2001-08-08,0.0,0.05804207711650036
2001-08-09,0.0,0.14206394993948257
2001-08-10,0.0,0.05981189743516681
2001-08-11,0.0,0.11163295587053339
2001-08-12,0.0,0.08347168140137776
2001-08-13,0.0,0.10263395193889129
2001-08-14,0.0,0.07935259647576155
2001-08-15,0.0,0.09115425747759884
2001-08-16,1.0,0.1276170374066896
2001-08-17,0.0,0.10015487244607615
2001-08-18,0.0,0.09904207934106748
2001-08-19,0.0,0.06774293997417842
2001-08-20,0.0,0.13518397286535322
2001-08-21,0.0,0.09311761724559056
2001-08-22,0.0,0.13262856399303172
2001-08-23,0.0,0.12899325579414395
2001-08-24,0.0,0.11704202988519949
2001-08-25,0.0,0.1268214533043694
2001-08-26,0.0,0.059840830359641745
2001-08-27,0.0,0.1350132158126725
2001-08-28,0.0,0.054911733548240596
2001-08-29,0.0,0.061928602252261725
2001-08-30,0.0,0.09432791520123143
2001-08-31,0.0,0.12424405776088522
2001-09-01,0.0,0.06688266298995818
2001-09-02,1.0,0.0632642736200944
2001-09-03,0.0,0.05705352220052867
2001-09-04,0.0,0.07562102474511898
2001-09-05,0.0,0.14482823045202936
2001-09-06,0.0,0.12541784862432087
2001-09-07,0.0,0.07229894256398474
2001-09-08,0.0,0.12430371522904056
2001-09-09,0.0,0.0784829837248164
2001-09-10,0.0,0.1178500259978487
2001-09-11,0.0,0.05473955577376857
2001-09-12,0.0,0.08592201389978907
2001-09-13,0.0,0.06612422803524208
2001-09-14,1.0,0.14130416676757218
2001-09-15,0.0,0.10211654239217047
2001-09-16,0.0,0.11672116949916776
2001-09-17,0.0,0.1060050812702372
2001-09-18,0.0,0.1334369826394114
2001-09-19,0.0,0.11588937773149945
2001-09-20,1.0,0.09390616033503418
2001-09-21,0.0,0.12476741721888343
2001-09-22,0.0,0.05949159889943545
2001-09-23,0.0,0.0779603953452333
2001-09-24,0.0,0.08104905221155254
2001-09-25,0.0,0.11101105619443899
2001-09-26,0.0,0.07952735915098383
2001-09-27,0.0,0.06415971876569637
2001-09-28,0.0,0.09651403336930794
2001-09-29,0.0,0.12149101328641855
2001-09-30,0.0,0.08430930977142206
2001-10-01,0.0,0.14842071444365096
2001-10-02,0.0,0.14820090336394687
2001-10-03,0.0,0.07553750618953817
2001-10-04,0.0,0.1486918420672127
2001-10-05,0.0,0.08697495908975401
2001-10-06,1.0,0.09358176886706518
2001-10-07,0.0,0.08774507046702071
2001-10-08,0.0,0.09765580532099646
2001-10-09,0.0,0.07191406700576329
2001-10-10,0.0,0.11164330519448507
2001-10-11,0.0,0.12315723157919627
2001-10-12,0.0,0.12235195820702285
2001-10-13,0.0,0.08698141826354697
2001-10-14,0.0,0.07456752236228274
2001-10-15,0.0,0.08866920385947863
2001-10-16,0.0,0.0500449029343801
2001-10-17,0.0,0.13861318329804398
2001-10-18,0.0,0.11512763697732482
2001-10-19,0.0,0.14468185212812834
2001-10-20,0.0,0.12472054343473826
2001-10-21,0.0,0.10107176580141364
2001-10-22,0.0,0.11083650788637577
2001-10-23,0.0,0.1331970741665458
2001-10-24,0.0,0.08211813739134066
2001-10-25,0.0,0.08744687453488974
2001-10-26,0.0,0.09387313995347173
2001-10-27,0.0,0.09834526380304351
2001-10-28,0.0,0.10570125711552875
2001-10-29,0.0,0.1493618674845582
2001-10-30,0.0,0.11324649129637879
2001-10-31,0.0,0.07015451128948201
2001-11-01,0.0,0.12236328715918611
2001-11-02,0.0,0.08053482794619288
2001-11-03,0.0,0.12740708383206556
2001-11-04,0.0,0.061584025028054795
2001-11-05,0.0,0.14996451543698142
2001-11-06,0.0,0.09679485042489143
2001-11-07,0.0,0.1362691478251179
2001-11-08,0.0,0.08588754981729436
2001-11-09,0.0,0.13530839593199062
2001-11-10,0.0,0.08355083503125833
2001-11-11,0.0,0.060275538770227205
2001-11-12,0.0,0.07869403363632207
2001-11-13,0.0,0.1067265425534894
2001-11-14,0.0,0.07838595185563879
2001-11-15,0.0,0.06903919959638607
2001-11-16,0.0,0.08784087302725205
2001-11-17,0.0,0.0503958135779316
2001-11-18,0.0,0.05397495355536314
2001-11-19,0.0,0.10767318146332343
2001-11-20,0.0,0.11631950647055045
2001-11-21,0.0,0.12986427484440005
2001-11-22,0.0,0.13091136447248508
2001-11-23,0.0,0.14406778039687124
2001-11-24,0.0,0.09713107142644842
2001-11-25,0.0,0.11746751933750853
2001-11-26,0.0,0.12986880591140582
2001-11-27,0.0,0.10988697597928081
2001-11-28,0.0,0.07066169274554499
2001-11-29,0.0,0.08542563280886088
2001-11-30,0.0,0.14952015992206436
2001-12-01,0.0,0.10565685471486777
2001-12-02,0.0,0.10702562617455319
2001-12-03,0.0,0.1309366282923981
2001-12-04,0.0,0.07055777648576882
2001-12-05,0.0,0.0921913080356544
2001-12-06,0.0,0.08500699892145716
2001-12-07,0.0,0.09658249530028093
2001-12-08,0.0,0.1087243322800345
2001-12-09,0.0,0.10478822498632037
2001-12-10,0.0,0.08760387636386521
2001-12-11,0.0,0.13211038943665745
2001-12-12,0.0,0.09388986054542223
2001-12-13,0.0,0.05828371412208233
2001-12-14,0.0,0.14631051184580934
2001-12-15,0.0,0.11695235457722894
2001-12-16,0.0,0.1437663936289818
2001-12-17,0.0,0.11991086852581255
2001-12-18,0.0,0.09891907083876733
2001-12-19,0.0,0.14650525516878812
2001-12-20,0.0,0.07869092327320383
2001-12-21,1.0,0.0746701206302243
2001-12-22,0.0,0.08289620063308714
2001-12-23,0.0,0.06910717700908764
2001-12-24,0.0,0.13299331451285856
2001-12-25,0.0,0.13818529037254787
2001-12-26,0.0,0.14824996553907388
2001-12-27,0.0,0.11197405277697206
2001-12-28,0.0,0.08206165048572642
2001-12-29,0.0,0.05236346938549426
2001-12-30,0.0,0.07588166344176654
2001-12-31,0.0,0.14081586144881303
2002-01-01,0.0,0.12672176920394385
2002-01-02,0.0,0.1393811362173431
2002-01-03,0.0,0.1262860939214314
2002-01-04,0.0,0.05088699267479192
2002-01-05,0.0,0.11077631018047412
2002-01-06,0.0,0.051411877724207015
2002-01-07,0.0,0.09409824614765633
2002-01-08,0.0,0.07138555486365689
2002-01-09,0.0,0.0865601492012538
2002-01-10,0.0,0.13014834665452935
2002-01-11,0.0,0.09909762379417533
2002-01-12,0.0,0.07057590974621661
2002-01-13,0.0,0.13501440353210553
2002-01-14,0.0,0.10689124856470347
2002-01-15,0.0,0.13700963089972074
2002-01-16,0.0,0.06388765605246492
2002-01-17,0.0,0.13247335396170634
2002-01-18,0.0,0.07653126655706627
2002-01-19,0.0,0.08087979951151496
2002-01-20,0.0,0.0828829921422048
2002-01-21,0.0,0.13656158465135532
2002-01-22,0.0,0.12908979485792374
2002-01-23,0.0,0.1221149100923123
2002-01-24,0.0,0.08529283975946453
2002-01-25,0.0,0.10738677052886869
2002-01-26,0.0,0.0766153299864128
2002-01-27,0.0,0.07076240412092226
2002-01-28,0.0,0.07789902124449946
2002-01-29,0.0,0.06864889261391514
2002-01-30,0.0,0.12408633653370355
2002-01-31,0.0,0.1244465082114083
2002-02-01,0.0,0.07029824691269887
2002-02-02,0.0,0.05915268918087341
2002-02-03,0.0,0.13529301525288093
2002-02-04,0.0,0.13134178425605597
2002-02-05,0.0,0.13181390146408717
2002-02-06,0.0,0.12684072869205193
2002-02-07,0.0,0.12499755559101954
2002-02-08,0.0,0.09088815467489533
2002-02-09,0.0,0.14509986943058795
2002-02-10,0.0,0.09779597981868232
2002-02-11,0.0,0.11500903155527965
2002-02-12,0.0,0.1471331765693305
2002-02-13,0.0,0.07383313768594965
2002-02-14,0.0,0.05786049342385655
2002-02-15,1.0,0.12723693064515848
2002-02-16,0.0,0.1328416609118861
2002-02-17,0.0,0.05906460211778372
2002-02-18,0.0,0.0850046394285269
2002-02-19,0.0,0.057539101332341164
2002-02-20,0.0,0.08323644449674646
2002-02-21,0.0,0.14433813276955826
2002-02-22,0.0,0.1436653903786706
2002-02-23,0.0,0.06083582833562245
2002-02-24,0.0,0.11254663067816435
2002-02-25,0.0,0.08838087774656184
2002-02-26,0.0,0.11442490967050618
2002-02-27,0.0,0.09640379456411155
2002-02-28,0.0,0.12084910739633907
2002-03-01,0.0,0.07114650794579737
2002-03-02,0.0,0.05330394695180547
2002-03-03,0.0,0.1409015808996451
2002-03-04,0.0,0.0704326771091866
2002-03-05,0.0,0.08850882123110906
2002-03-06,0.0,0.10504001067164669
2002-03-07,0.0,0.14955008426579636
2002-03-08,0.0,0.06171046958679203
2002-03-09,0.0,0.050191169296333715
2002-03-10,0.0,0.08792025445219576
2002-03-11,0.0,0.06610106408153368
2002-03-12,0.0,0.06670645191785088
2002-03-13,0.0,0.07097934193036835
2002-03-14,0.0,0.09426692587912308
2002-03-15,0.0,0.09940076595203554
2002-03-16,0.0,0.07387344010902992
2002-03-17,0.0,0.06972119287798571
2002-03-18,0.0,0.14110503305416922
2002-03-19,0.0,0.09969928731124555
2002-03-20,0.0,0.10715186720608971
2002-03-21,0.0,0.07580699592599084
2002-03-22,0.0,0.06429267510114313
2002-03-23,0.0,0.14078587172186738
2002-03-24,0.0,0.14564468164823763
2002-03-25,0.0,0.10889968942495129
2002-03-26,0.0,0.09724853933509475
2002-03-27,0.0,0.08163148597801975
2002-03-28,0.0,0.12758384534094633
2002-03-29,0.0,0.11766967099597456
2002-03-30,0.0,0.12476177681017118
2002-03-31,0.0,0.11314108249014376
2002-04-01,0.0,0.08303442119177508
2002-04-02,0.0,0.054623455972087044
2002-04-03,0.0,0.1277190012974279
2002-04-04,0.0,0.06418698719731328
2002-04-05,0.0,0.06511012169477212
2002-04-06,0.0,0.056354320267851865
2002-04-07,0.0,0.14829894646976327
2002-04-08,0.0,0.13336144148948498
2002-04-09,0.0,0.12906802743960102
2002-04-10,0.0,0.07942743839922653
2002-04-11,0.0,0.06314451609991104
2002-04-12,0.0,0.10705167816172384
2002-04-13,0.0,0.05506662575279664
2002-04-14,0.0,0.1149111125314465
2002-04-15,0.0,0.06677604893097214
2002-04-16,0.0,0.13861246355095277
2002-04-17,0.0,0.10570766043434154
2002-04-18,0.0,0.14062297364379
2002-04-19,0.0,0.0970211561569568
2002-04-20,0.0,0.05899486634251963
2002-04-21,0.0,0.11365164136123541
2002-04-22,0.0,0.10952198308235887
2002-04-23,0.0,0.12976687547930665
2002-04-24,0.0,0.1324364575500177
2002-04-25,0.0,0.12049134670082906
2002-04-26,0.0,0.13326056362114252
2002-04-27,0.0,0.08321038295150082
2002-04-28,0.0,0.1059833657435239
2002-04-29,0.0,0.08086380689649114
2002-04-30,0.0,0.14025046562685772
2002-05-01,0.0,0.07304694388603447
2002-05-02,0.0,0.06871970360838153
2002-05-03,0.0,0.055669779143192245
2002-05-04,0.0,0.1143359266473971
2002-05-05,0.0,0.14423907856533014
2002-05-06,0.0,0.10898345945043084
2002-05-07,0.0,0.12324488394833533
2002-05-08,0.0,0.10427411270822678
2002-05-09,0.0,0.12881065103673306
2002-05-10,0.0,0.09309459751012576
2002-05-11,0.0,0.05368308328551148
2002-05-12,1.0,0.11792174223920908
2002-05-13,0.0,0.05192137616678877
2002-05-14,0.0,0.06415406408267688
2002-05-15,0.0,0.12026746594472575
2002-05-16,0.0,0.09937703169729856
2002-05-17,0.0,0.13973779759662813
2002-05-18,0.0,0.053565420118841404
2002-05-19,1.0,0.09007031031086499
2002-05-20,0.0,0.12856734892962607
2002-05-21,0.0,0.05492159187300937
2002-05-22,0.0,0.13904547031409503
2002-05-23,0.0,0.0685606096577419
2002-05-24,0.0,0.06050966864314561
2002-05-25,0.0,0.108322111200996
2002-05-26,0.0,0.12679922546402866
2002-05-27,0.0,0.07662977484335645
2002-05-28,0.0,0.10991676015117821
2002-05-29,0.0,0.1011180206252105
2002-05-30,0.0,0.12132099775036738
2002-05-31,0.0,0.07734013945772894
2002-06-01,0.0,0.08712922364026322
2002-06-02,0.0,0.09263592858974572
2002-06-03,0.0,0.09719477639899582
2002-06-04,0.0,0.0913504189611892
2002-06-05,0.0,0.11490173923498778
2002-06-06,0.0,0.14842307432748394
2002-06-07,0.0,0.12918219989758906
2002-06-08,0.0,0.14716143404714294
2002-06-09,0.0,0.12542734172740355
2002-06-10,0.0,0.12942663241617225
2002-06-11,0.0,0.14291035545469255
2002-06-12,0.0,0.14478520571677964
2002-06-13,0.0,0.070801101046677
2002-06-14,0.0,0.08789005938662778
2002-06-15,0.0,0.1339147964135145
2002-06-16,0.0,0.08785418789255453
2002-06-17,0.0,0.07970758178927045
2002-06-18,0.0,0.08318220095176419
2002-06-19,0.0,0.060500858231433176
2002-06-20,0.0,0.09413401449129172
2002-06-21,0.0,0.09172442730901809
2002-06-22,0.0,0.0929058694448057
2002-06-23,0.0,0.055178563238922056
2002-06-24,0.0,0.14559165256250112
2002-06-25,0.0,0.10171090559947257
2002-06-26,0.0,0.12705080446068212
2002-06-27,0.0,0.05174103579360713
2002-06-28,0.0,0.11392340393306359
2002-06-29,1.0,0.1478763661657024
2002-06-30,0.0,0.07686274710591373
2002-07-01,0.0,0.07987477804209421
2002-07-02,0.0,0.12415880470147175
2002-07-03,0.0,0.14306209025909944
2002-07-04,0.0,0.06770801718116881
2002-07-05,0.0,0.13849079195102876
2002-07-06,0.0,0.08964619686157252
2002-07-07,0.0,0.11794231093474361
2002-07-08,1.0,0.10670132233586604
2002-07-09,0.0,0.11271426717409451
2002-07-10,1.0,0.08773408280622834
2002-07-11,0.0,0.11345098735830096
2002-07-12,0.0,0.07612671935807497
2002-07-13,0.0,0.06385635732583418
2002-07-14,0.0,0.07865264524173171
2002-07-15,0.0,0.12880650568002827
2002-07-16,0.0,0.13973532699452307
2002-07-17,0.0,0.13241214005406518
2002-07-18,0.0,0.056754903332205876
2002-07-19,0.0,0.12669986834503805
2002-07-20,0.0,0.10413839435052229
2002-07-21,0.0,0.08198588875017536
2002-07-22,0.0,0.1015498859727244
2002-07-23,0.0,0.0914109809136633
2002-07-24,0.0,0.10201388084796162
2002-07-25,0.0,0.0941258578951386
2002-07-26,0.0,0.12386879241932237
2002-07-27,0.0,0.1347877107137891
2002-07-28,0.0,0.147099337365592
2002-07-29,1.0,0.08278205069825526
2002-07-30,0.0,0.14607041118307756
2002-07-31,0.0,0.08226073490799356
2002-08-01,0.0,0.0894793381862445
2002-08-02,0.0,0.09845970340063426
2002-08-03,0.0,0.06696304347959989
2002-08-04,0.0,0.10302550785196384
2002-08-05,0.0,0.11136310361745892
2002-08-06,0.0,0.09667858528011206
2002-08-07,0.0,0.07965585281921597
2002-08-08,0.0,0.0879684094901176
2002-08-09,0.0,0.13667211200727802
2002-08-10,0.0,0.08632280193065897
2002-08-11,0.0,0.1339663591325398
2002-08-12,0.0,0.08055011312833608
2002-08-13,0.0,0.08603259626365037
2002-08-14,0.0,0.10654225518667992
2002-08-15,0.0,0.07721297250999176
2002-08-16,1.0,0.0983159803781654
2002-08-17,0.0,0.1119887533717771
2002-08-18,0.0,0.06855025591784096
2002-08-19,0.0,0.05300504592517036
2002-08-20,0.0,0.09429888701122766
2002-08-21,0.0,0.13145932474281416
2002-08-22,0.0,0.12073393536533479
2002-08-23,0.0,0.07340408832143082
2002-08-24,0.0,0.08296831778045563
2002-08-25,0.0,0.10716105216719667
2002-08-26,0.0,0.06025411127212787
2002-08-27,0.0,0.11591060563648968
2002-08-28,0.0,0.10673173893569776
2002-08-29,0.0,0.13794365278732917
2002-08-30,0.0,0.10151467864590386
2002-08-31,0.0,0.1272870197058579
2002-09-01,0.0,0.10985286783587589
2002-09-02,0.0,0.13453848499681087
2002-09-03,0.0,0.13225524771075128
2002-09-04,0.0,0.12806903962998017
2002-09-05,0.0,0.10630285547026036
2002-09-06,0.0,0.07719120549676303
2002-09-07,0.0,0.06786087994461107
2002-09-08,0.0,0.05909526933585923
2002-09-09,1.0,0.1029186242417682
2002-09-10,0.0,0.10338423355516521
2002-09-11,0.0,0.14026674013528984
2002-09-12,0.0,0.1279224061508198
2002-09-13,0.0,0.12803186604884004
2002-09-14,0.0,0.1063606668702947
2002-09-15,0.0,0.09632064611763769
2002-09-16,0.0,0.12971786832668464
2002-09-17,0.0,0.07416786660605121
2002-09-18,0.0,0.14704660266842645
2002-09-19,0.0,0.14594104559172566
2002-09-20,1.0,0.13641171195968216
2002-09-21,0.0,0.10411157279722794
2002-09-22,0.0,0.13541734493347365
2002-09-23,1.0,0.1424787839630099
2002-09-24,0.0,0.14269296291840836
2002-09-25,0.0,0.11848242574415968
2002-09-26,1.0,0.07122716975195897
2002-09-27,0.0,0.13125132923083588
2002-09-28,0.0,0.13983151576866357
2002-09-29,0.0,0.10484904933923728
2002-09-30,0.0,0.09295342650441496
2002-10-01,1.0,0.07218620949945122
2002-10-02,0.0,0.10502986386989693
2002-10-03,1.0,0.09506576918636908
2002-10-04,0.0,0.0897429797975708
2002-10-05,0.0,0.06068000291053002
2002-10-06,0.0,0.10600414818750103
2002-10-07,0.0,0.07682437769054075
2002-10-08,0.0,0.06957634956477478
2002-10-09,0.0,0.14464504909715725
2002-10-10,0.0,0.08305149794853109
2002-10-11,0.0,0.11952859056671654
2002-10-12,0.0,0.050463181751354114
2002-10-13,0.0,0.11330267080754126
2002-10-14,0.0,0.10751286722568174
2002-10-15,0.0,0.06193598104811529
2002-10-16,0.0,0.05879016623057512
2002-10-17,0.0,0.09341181100393908
2002-10-18,0.0,0.1306934732519084
2002-10-19,0.0,0.08335606611531209
2002-10-20,0.0,0.09029235047371839
2002-10-21,0.0,0.059166063320438916
2002-10-22,0.0,0.10834785596837009
2002-10-23,0.0,0.11684613604290649
2002-10-24,0.0,0.1034765200894529
2002-10-25,0.0,0.05450245106375628
2002-10-26,0.0,0.11376864594433901
2002-10-27,0.0,0.06329529789854721
2002-10-28,0.0,0.1345382996257128
2002-10-29,0.0,0.14270451673059978
2002-10-30,0.0,0.13639157778364291
2002-10-31,0.0,0.12572113078805722
2002-11-01,0.0,0.1184463259523747
2002-11-02,0.0,0.09334174669754428
2002-11-03,0.0,0.1298359162499977
2002-11-04,0.0,0.05467823361425222
2002-11-05,0.0,0.057393041320635774
2002-11-06,0.0,0.07514156550650039
2002-11-07,0.0,0.06906196838611688
2002-11-08,0.0,0.14890469261257128
2002-11-09,1.0,0.07935934837156586
2002-11-10,0.0,0.0767654099306641
2002-11-11,1.0,0.14958641945799916
2002-11-12,0.0,0.10293895242281746
2002-11-13,0.0,0.06905181809284103
2002-11-14,0.0,0.13901086889460373
2002-11-15,0.0,0.11730871611849462
2002-11-16,1.0,0.13865978241893331
2002-11-17,0.0,0.11361764239577815
2002-11-18,0.0,0.1458853320215076
2002-11-19,1.0,0.14499281123684968
2002-11-20,0.0,0.07459362047809406
2002-11-21,0.0,0.05956355304144689
2002-11-22,0.0,0.1387813238794738
2002-11-23,0.0,0.12870833662733736
2002-11-24,0.0,0.14213041287804173
2002-11-25,0.0,0.08113963832355756
2002-11-26,0.0,0.13774062734606846
2002-11-27,0.0,0.10963507079376288
2002-11-28,0.0,0.09193009753487907
2002-11-29,0.0,0.0951598474125332
2002-11-30,0.0,0.06740642785203034
2002-12-01,0.0,0.10082550716592686
2002-12-02,0.0,0.08383169769401436
2002-12-03,0.0,0.050267629602840896
2002-12-04,0.0,0.050817647641328394
2002-12-05,0.0,0.11526525941522456
2002-12-06,0.0,0.08802097068280765
2002-12-07,1.0,0.09477502155207583
2002-12-08,0.0,0.14371495918555116
2002-12-09,0.0,0.08151889584103499
2002-12-10,0.0,0.10680171754356488
2002-12-11,0.0,0.07459877713359755
2002-12-12,0.0,0.11955858216235604
2002-12-13,0.0,0.09451413298197633
2002-12-14,0.0,0.09884747972518845
2002-12-15,0.0,0.06469822714873381
2002-12-16,0.0,0.11952805126788925
2002-12-17,0.0,0.10982942583322655
2002-12-18,0.0,0.08335420337897528
2002-12-19,0.0,0.0927588218585853
2002-12-20,0.0,0.09414465931187638
2002-12-21,0.0,0.05624938549176939
2002-12-22,0.0,0.10273480952795033
2002-12-23,0.0,0.08443115719178808
2002-12-24,0.0,0.09586485804318344
2002-12-25,0.0,0.08115318987004665
2002-12-26,0.0,0.11440571348381841
2002-12-27,0.0,0.1341669489346073
2002-12-28,1.0,0.06672895023631793
2002-12-29,0.0,0.12030271012407491
2002-12-30,0.0,0.11387847410827907
2002-12-31,0.0,0.09393018740528261
2003-01-01,0.0,0.12291573639748682
2003-01-02,0.0,0.09657096853759825
2003-01-03,0.0,0.1451675585475612
2003-01-04,0.0,0.0868037745630891
2003-01-05,0.0,0.11464787830396604
2003-01-06,0.0,0.11114355516580204
2003-01-07,0.0,0.1055684512413177
2003-01-08,0.0,0.1380820522257429
2003-01-09,0.0,0.13071449291866594
2003-01-10,1.0,0.11205184878819806
2003-01-11,0.0,0.07116579900568308
2003-01-12,0.0,0.14851615689229386
2003-01-13,0.0,0.10666011352739108
2003-01-14,0.0,0.07665893822840439
2003-01-15,1.0,0.13327928812050385
2003-01-16,0.0,0.09348668577571705
2003-01-17,0.0,0.05798462863753798
2003-01-18,0.0,0.08729157751555858
2003-01-19,0.0,0.1236283258215067
2003-01-20,0.0,0.13875414905842937
2003-01-21,1.0,0.1325576992767346
2003-01-22,1.0,0.11948832955121491
2003-01-23,0.0,0.13011603614896994
2003-01-24,0.0,0.09185965952417874
2003-01-25,0.0,0.11863373192156074
2003-01-26,0.0,0.13196290706940744
2003-01-27,0.0,0.14935179181776248
2003-01-28,0.0,0.14280339874592618
2003-01-29,0.0,0.09524552404529937
2003-01-30,0.0,0.09316490744312875
2003-01-31,0.0,0.11887108060888554
2003-02-01,0.0,0.10450512513183839
2003-02-02,0.0,0.12545538664714767
2003-02-03,0.0,0.09361578809698293
2003-02-04,0.0,0.0861488710461826
2003-02-05,0.0,0.08788431028053638
2003-02-06,0.0,0.09389395861683744
2003-02-07,0.0,0.05057162047078473
2003-02-08,0.0,0.14275103525160548
2003-02-09,0.0,0.09614468969866717
2003-02-10,0.0,0.12025478539589292
2003-02-11,0.0,0.07512750320248598
2003-02-12,0.0,0.0694140366222714
2003-02-13,0.0,0.11255635620176077
2003-02-14,0.0,0.09596658788142201
2003-02-15,0.0,0.05941468441340604
2003-02-16,0.0,0.1457287135512394
2003-02-17,0.0,0.13371788001005763
2003-02-18,0.0,0.051381187792011174
2003-02-19,0.0,0.07686062659798708
2003-02-20,0.0,0.1241856713549869
2003-02-21,0.0,0.10499740445401362
2003-02-22,0.0,0.14185417776998482
2003-02-23,0.0,0.11593442990872063
2003-02-24,0.0,0.06150149951869537
2003-02-25,0.0,0.12496791358904774
2003-02-26,0.0,0.1319243825274506
2003-02-27,0.0,0.08432694408986224
2003-02-28,0.0,0.09376169025125757
2003-03-01,0.0,0.05268551862333172
2003-03-02,0.0,0.14042322491100595
2003-03-03,0.0,0.12220853591668857
2003-03-04,0.0,0.14152158118928876
2003-03-05,0.0,0.06414498217145406
2003-03-06,0.0,0.07709766627505911
2003-03-07,0.0,0.07708234353472848
2003-03-08,0.0,0.10536107654930837
2003-03-09,0.0,0.140534776661477
2003-03-10,0.0,0.09102229383943759
2003-03-11,1.0,0.053723622435711244
2003-03-12,0.0,0.13969846192572338
2003-03-13,0.0,0.05509329610043075
2003-03-14,0.0,0.05769283588448835
2003-03-15,0.0,0.12669838466479616
2003-03-16,0.0,0.13729603958575276
2003-03-17,0.0,0.07022551546459277
2003-03-18,0.0,0.09156212155442563
2003-03-19,0.0,0.05848954607979239
2003-03-20,0.0,0.13479685669159466
2003-03-21,0.0,0.08878016221999879
2003-03-22,0.0,0.11315594453600672
2003-03-23,0.0,0.10050063053388811
2003-03-24,0.0,0.08487650412054029
2003-03-25,0.0,0.09411009705845201
2003-03-26,0.0,0.05378080348802122
2003-03-27,0.0,0.08305563720369423
2003-03-28,0.0,0.12989950023138597
2003-03-29,0.0,0.09178855241798523
2003-03-30,0.0,0.13813763506330975
2003-03-31,0.0,0.10540894336220885
2003-04-01,0.0,0.14212598009327804
2003-04-02,0.0,0.1266216207914567
2003-04-03,0.0,0.1222000329582169
2003-04-04,0.0,0.05622578777019297
2003-04-05,0.0,0.12445802753333605
2003-04-06,0.0,0.08922535386514063
2003-04-07,0.0,0.07985499482432715
2003-04-08,0.0,0.10349886146888101
2003-04-09,0.0,0.10113861534906646
2003-04-10,0.0,0.14651922791169547
2003-04-11,0.0,0.14775769078279816
2003-04-12,0.0,0.051577275248608105
2003-04-13,0.0,0.06682877545242343
2003-04-14,1.0,0.135916923000227
2003-04-15,0.0,0.08183068209880764
2003-04-16,0.0,0.07816936399228737
2003-04-17,0.0,0.058133963025117065
2003-04-18,0.0,0.05232637148786762
2003-04-19,0.0,0.09228718989600601
2003-04-20,0.0,0.11742722182627283
2003-04-21,0.0,0.1007355718171756
2003-04-22,0.0,0.11406591770700131
2003-04-23,0.0,0.12195321717071186
2003-04-24,0.0,0.1259428935787526
2003-04-25,0.0,0.08447802248476147
2003-04-26,0.0,0.09913245412233687
2003-04-27,0.0,0.05547714765082559
2003-04-28,0.0,0.06859055495397717
2003-04-29,0.0,0.1284635616038028
2003-04-30,0.0,0.11304546329675957
2003-05-01,0.0,0.09493691393736856
2003-05-02,0.0,0.06249726940980103
2003-05-03,0.0,0.06084216818199592
2003-05-04,0.0,0.10714258284799119
2003-05-05,0.0,0.07900111517598667
2003-05-06,0.0,0.06789757818085701
2003-05-07,0.0,0.06307814612723286
2003-05-08,0.0,0.12731190786909324
2003-05-09,0.0,0.1061887974529939
2003-05-10,1.0,0.11416637884586413
2003-05-11,1.0,0.08886249887688502
2003-05-12,0.0,0.1227422273443628
2003-05-13,0.0,0.13344622483696306
2003-05-14,0.0,0.0862996876614253
2003-05-15,0.0,0.13347344322914467
2003-05-16,0.0,0.09998936501443764
2003-05-17,0.0,0.1118627221690014
2003-05-18,0.0,0.09123878021329364
2003-05-19,0.0,0.08168300588545294
2003-05-20,0.0,0.07336464047652555
2003-05-21,0.0,0.11546524539160857
2003-05-22,0.0,0.09489695758823041
2003-05-23,0.0,0.12017213211465984
2003-05-24,0.0,0.08686641306082539
2003-05-25,0.0,0.08216860168878386
2003-05-26,0.0,0.07158881187996298
2003-05-27,0.0,0.09387032674508747
2003-05-28,0.0,0.14173651929410203
2003-05-29,0.0,0.06494457284403152
2003-05-30,1.0,0.0900120421504506
2003-05-31,0.0,0.13479701193897758
2003-06-01,0.0,0.09720883808148037
2003-06-02,0.0,0.06885014727224319
2003-06-03,1.0,0.14592262443864343
2003-06-04,0.0,0.13436396347512336
2003-06-05,0.0,0.12815419100056105
2003-06-06,0.0,0.07057196448510188
2003-06-07,0.0,0.0771899275171899
2003-06-08,0.0,0.12940490306132632
2003-06-09,0.0,0.10296187062178144
2003-06-10,0.0,0.1128668059667665
2003-06-11,0.0,0.14018723693935062
2003-06-12,0.0,0.07731414398189582
2003-06-13,0.0,0.1093602492565541
2003-06-14,0.0,0.05554757770465183
2003-06-15,0.0,0.054750104215089745
2003-06-16,0.0,0.14403654466130528
2003-06-17,0.0,0.07387742128151661
2003-06-18,0.0,0.07188027194172467
2003-06-19,0.0,0.1137480613893886
2003-06-20,0.0,0.10654644358449752
2003-06-21,0.0,0.129679493584756
2003-06-22,0.0,0.14288367089773302
2003-06-23,0.0,0.11139644971440346
2003-06-24,0.0,0.0836651370338718
2003-06-25,0.0,0.13808697408132117
2003-06-26,0.0,0.1363828734716166
2003-06-27,0.0,0.07265711271809308
2003-06-28,0.0,0.09353150337676402
2003-06-29,0.0,0.0777064033861229
2003-06-30,0.0,0.05215190332689915
2003-07-01,0.0,0.08081468999109157
2003-07-02,0.0,0.1301738790551965
2003-07-03,0.0,0.08278357772789853
2003-07-04,0.0,0.07161707546025949
2003-07-05,0.0,0.12767749400898715
2003-07-06,0.0,0.10241317583865697
2003-07-07,0.0,0.12096271436939711
2003-07-08,0.0,0.11479726138072711
2003-07-09,0.0,0.14323993359144577
2003-07-10,0.0,0.07953868912035252
2003-07-11,1.0,0.08428411106491655
2003-07-12,0.0,0.08277204215630252
2003-07-13,0.0,0.07794775356957141
2003-07-14,0.0,0.1270704877636842
2003-07-15,0.0,0.0885833386361646
2003-07-16,0.0,0.13039864653514022
2003-07-17,0.0,0.14014627459678558
2003-07-18,0.0,0.11920859533488916
2003-07-19,0.0,0.07368993441662457
2003-07-20,0.0,0.11395611265438373
2003-07-21,0.0,0.09866580447171877
2003-07-22,0.0,0.05045095870633164
2003-07-23,0.0,0.0725718060149883
2003-07-24,0.0,0.05343663305315021
2003-07-25,0.0,0.05433395165483099
2003-07-26,0.0,0.10389299879345645
2003-07-27,0.0,0.11042059142032076
2003-07-28,0.0,0.1239427349017886
2003-07-29,0.0,0.06636417044267325
2003-07-30,0.0,0.10236143418170968
2003-07-31,0.0,0.14906274652857332
2003-08-01,0.0,0.09435443956331206
2003-08-02,1.0,0.08149719606847758
2003-08-03,0.0,0.07913189541388135
2003-08-04,0.0,0.05153661797944399
2003-08-05,0.0,0.11836280380779841
2003-08-06,0.0,0.13455382573149888
2003-08-07,0.0,0.0822999753148689
2003-08-08,0.0,0.1270757293568917
2003-08-09,0.0,0.07125429644036749
2003-08-10,0.0,0.12132652167572117
2003-08-11,0.0,0.12049605817092975
2003-08-12,0.0,0.06436858151832744
2003-08-13,0.0,0.06919798290926958
2003-08-14,0.0,0.1342983692774663
2003-08-15,0.0,0.06460973231121683
2003-08-16,0.0,0.05091649301509876
2003-08-17,0.0,0.08037823130908932
2003-08-18,0.0,0.13469692176306622
2003-08-19,0.0,0.06832282059693964
2003-08-20,0.0,0.09753495921278779
2003-08-21,0.0,0.06298666935870177
2003-08-22,0.0,0.13695882021683092
2003-08-23,0.0,0.08659382589516532
2003-08-24,0.0,0.1013157042963227
2003-08-25,0.0,0.13363573854654973
2003-08-26,0.0,0.09659626148581088
2003-08-27,0.0,0.0840202904640906
2003-08-28,0.0,0.0857387566756062
2003-08-29,0.0,0.06329598675251297
2003-08-30,0.0,0.12484642655928227
2003-08-31,0.0,0.1490302935261339
2003-09-01,0.0,0.05671368312252985
2003-09-02,0.0,0.08890397694732811
2003-09-03,0.0,0.0735470341380982
2003-09-04,0.0,0.05848197654862907
2003-09-05,0.0,0.11018932636413396
2003-09-06,0.0,0.10830108317862974
2003-09-07,0.0,0.06531591815211682
2003-09-08,0.0,0.051057391553996245
2003-09-09,0.0,0.1240807806602041
2003-09-10,0.0,0.12297652751332856
2003-09-11,0.0,0.12386763942832663
2003-09-12,0.0,0.12249606265358177
2003-09-13,0.0,0.12461019043490308
2003-09-14,0.0,0.07418628799629992
2003-09-15,0.0,0.13111879414984778
2003-09-16,0.0,0.0832817917726351
2003-09-17,0.0,0.07417623715303814
2003-09-18,0.0,0.1153615683756993
2003-09-19,0.0,0.09156921421572929
2003-09-20,0.0,0.14384117009258884
2003-09-21,0.0,0.14249325387828643
2003-09-22,0.0,0.1380984217751371
2003-09-23,0.0,0.11007169862741688
2003-09-24,0.0,0.12120718053007941
2003-09-25,0.0,0.10198086606836093
2003-09-26,0.0,0.07183379130936715
2003-09-27,0.0,0.08548175647269174
2003-09-28,0.0,0.07406087974082305
2003-09-29,0.0,0.13985522498910574
2003-09-30,0.0,0.08395863486251369
2003-10-01,0.0,0.07677490662853201
2003-10-02,0.0,0.07170462644622291
2003-10-03,0.0,0.06806564491703752
2003-10-04,0.0,0.1095155502563817
2003-10-05,0.0,0.11923028473240016
2003-10-06,0.0,0.14060531917038704
2003-10-07,0.0,0.12629866645083362
2003-10-08,0.0,0.1430432412767629
2003-10-09,0.0,0.11467179051240779
2003-10-10,0.0,0.05183552514899253
2003-10-11,0.0,0.1307626692756869
2003-10-12,0.0,0.05662832869264875
2003-10-13,0.0,0.05550311753871151
2003-10-14,0.0,0.0894596333445833
2003-10-15,0.0,0.08564361677309351
2003-10-16,0.0,0.07133785459018106
2003-10-17,1.0,0.053500394619343666
2003-10-18,0.0,0.10683503988303922
2003-10-19,0.0,0.08289032803527842
2003-10-20,0.0,0.11424768005803083
2003-10-21,0.0,0.12968145440442147
2003-10-22,0.0,0.1394536786313536
2003-10-23,0.0,0.08999878648304802
2003-10-24,0.0,0.11364538579161669
2003-10-25,0.0,0.09007122594587143
2003-10-26,0.0,0.09650459444750847
2003-10-27,1.0,0.1324308770715814
2003-10-28,0.0,0.10980272069052077
2003-10-29,0.0,0.12157101936586492
2003-10-30,0.0,0.08646680426005006
2003-10-31,0.0,0.1273264302764776
2003-11-01,0.0,0.11612834118946881
2003-11-02,0.0,0.14566586458272346
2003-11-03,0.0,0.10821105904560263
2003-11-04,0.0,0.10192837270884968
2003-11-05,0.0,0.14275734130740575
2003-11-06,0.0,0.06829063883295554
2003-11-07,0.0,0.10498792009733943
2003-11-08,1.0,0.09428687271486466
2003-11-09,0.0,0.09958603956501832
2003-11-10,0.0,0.0649513973576282
2003-11-11,0.0,0.06321473068669263
2003-11-12,0.0,0.08294682106782417
2003-11-13,0.0,0.14612871153904533
2003-11-14,0.0,0.05184325172019191
2003-11-15,0.0,0.09469842875899019
2003-11-16,0.0,0.08467009826693385
2003-11-17,0.0,0.12092615813846376
2003-11-18,0.0,0.06335786312269545
2003-11-19,0.0,0.07661732226284718
2003-11-20,0.0,0.08456972787997166
2003-11-21,0.0,0.13499629141770833
2003-11-22,0.0,0.07558681471409416
2003-11-23,0.0,0.09983199515531548
2003-11-24,0.0,0.13456933045705383
2003-11-25,0.0,0.05356644899528456
2003-11-26,0.0,0.10121854815857448
2003-11-27,0.0,0.08788338064326351
2003-11-28,0.0,0.05495808928396643
2003-11-29,0.0,0.08402624128867578
2003-11-30,0.0,0.08137119871616023
2003-12-01,0.0,0.128319195830356
2003-12-02,0.0,0.08054918131310153
2003-12-03,0.0,0.09070607174900636
2003-12-04,0.0,0.08756878601574983
2003-12-05,0.0,0.1408211547011507
2003-12-06,0.0,0.09491980613885052
2003-12-07,0.0,0.09101585372834273
2003-12-08,0.0,0.146706501316001
2003-12-09,0.0,0.09345291369047563
2003-12-10,0.0,0.05878843686117106
2003-12-11,0.0,0.113141840573122
2003-12-12,0.0,0.05776361810013904
2003-12-13,0.0,0.11384855394832928
2003-12-14,0.0,0.11980621432529678
2003-12-15,0.0,0.06737552014035565
2003-12-16,0.0,0.11293066979728919
2003-12-17,0.0,0.1152431494168953
2003-12-18,0.0,0.14037086766475124
2003-12-19,0.0,0.0983560944200498
2003-12-20,0.0,0.05313436899667731
2003-12-21,0.0,0.13168932413309875
2003-12-22,0.0,0.1149075849632396
2003-12-23,0.0,0.09542793381710439
2003-12-24,0.0,0.07956484683883876
2003-12-25,0.0,0.07724520425758269
2003-12-26,0.0,0.07838628972207273
2003-12-27,0.0,0.12246380393111093
2003-12-28,0.0,0.05124477755573964
2003-12-29,0.0,0.10161038783224705
2003-12-30,0.0,0.14141555346365825
2003-12-31,0.0,0.1137232677364219
2004-01-01,0.0,0.08911725833315917
2004-01-02,0.0,0.1216160679026668
2004-01-03,0.0,0.14211347708295324
2004-01-04,0.0,0.13033467646974894
2004-01-05,0.0,0.0516722782581385
2004-01-06,0.0,0.06996662177660734
2004-01-07,0.0,0.13212592892879627
2004-01-08,0.0,0.1437161862630007
2004-01-09,0.0,0.13400155736734648
2004-01-10,0.0,0.09705838475489009
2004-01-11,0.0,0.11771161993089269
2004-01-12,0.0,0.124307005899027
2004-01-13,0.0,0.1193298194864983
2004-01-14,0.0,0.12373917382683695
2004-01-15,1.0,0.06709817259090198
2004-01-16,0.0,0.12564614590522916
2004-01-17,0.0,0.10535444497187157
2004-01-18,0.0,0.05562578962169167
2004-01-19,0.0,0.05539894748344244
2004-01-20,0.0,0.08995361667557555
2004-01-21,0.0,0.14442269249191098
2004-01-22,0.0,0.1487522643166057
2004-01-23,0.0,0.09410598524887359
2004-01-24,0.0,0.13291736387475805
2004-01-25,0.0,0.11957242072500882
2004-01-26,1.0,0.06816853629393459
2004-01-27,0.0,0.14685745273755368
2004-01-28,0.0,0.14862704151384717
2004-01-29,0.0,0.06285949695217585
2004-01-30,0.0,0.13224263087935859
2004-01-31,0.0,0.1442836313869439
2004-02-01,0.0,0.08504720694461645
2004-02-02,0.0,0.1208697604451384
2004-02-03,0.0,0.11658150195241135
2004-02-04,0.0,0.11285592067565604
2004-02-05,0.0,0.07815669493548193
2004-02-06,0.0,0.0837492144456089
2004-02-07,0.0,0.08790813139627199
2004-02-08,0.0,0.13421171681717942
2004-02-09,0.0,0.0802921300466318
2004-02-10,0.0,0.05001161725588818
2004-02-11,0.0,0.11766690720387431
2004-02-12,0.0,0.11879247164250621
2004-02-13,0.0,0.07668816053170137
2004-02-14,0.0,0.1275438227496004
2004-02-15,0.0,0.06917752425233956
2004-02-16,0.0,0.060526828850929484
2004-02-17,0.0,0.09252092305865454
2004-02-18,0.0,0.12553129945165487
2004-02-19,0.0,0.11871434106794583
2004-02-20,0.0,0.06658534009042774
2004-02-21,0.0,0.07950544505507207
2004-02-22,0.0,0.09033765677427255
2004-02-23,0.0,0.08975749165765236
2004-02-24,0.0,0.11153202290078856
2004-02-25,0.0,0.10420443979969507
2004-02-26,0.0,0.10332178042477255
2004-02-27,0.0,0.11301993359690088
2004-02-28,0.0,0.08233220957697931
2004-02-29,0.0,0.09184858178046315
2004-03-01,0.0,0.07745738583883788
2004-03-02,0.0,0.102341244946206
2004-03-03,0.0,0.07753337401072666
2004-03-04,0.0,0.0886004751276939
2004-03-05,0.0,0.132226264520019
2004-03-06,0.0,0.05946433780592493
2004-03-07,0.0,0.07941531419052392
2004-03-08,0.0,0.08741987922164285
2004-03-09,0.0,0.08069641865965307
2004-03-10,0.0,0.09447597725515469
2004-03-11,0.0,0.0679438532865385
2004-03-12,0.0,0.06819703918183881
2004-03-13,0.0,0.06719545598600117
2004-03-14,0.0,0.07309156015330963
2004-03-15,0.0,0.0803060481414476
2004-03-16,0.0,0.14628424722816852
2004-03-17,0.0,0.12112237194397175
2004-03-18,0.0,0.13205938244600846
2004-03-19,0.0,0.08527909640733007
2004-03-20,0.0,0.1431255564999338
2004-03-21,0.0,0.06244451713832794
2004-03-22,0.0,0.11316585984234107
2004-03-23,0.0,0.11922650602661918
2004-03-24,0.0,0.11648766539217582
2004-03-25,0.0,0.11795241168076513
2004-03-26,0.0,0.07488227144261997
2004-03-27,0.0,0.11537715078701484
2004-03-28,0.0,0.0882027679746901
2004-03-29,0.0,0.08267869025703231
2004-03-30,0.0,0.1064528367839355
2004-03-31,0.0,0.09643026664934776
2004-04-01,0.0,0.092720698341195
2004-04-02,0.0,0.05508698929959949
2004-04-03,1.0,0.10613314103945443
2004-04-04,0.0,0.14534613713693756
2004-04-05,0.0,0.12465117100300008
2004-04-06,0.0,0.14265533389478635
2004-04-07,0.0,0.05346723306702991
2004-04-08,0.0,0.08098754148720237
2004-04-09,0.0,0.08246519477482403
2004-04-10,0.0,0.09196663615862752
2004-04-11,0.0,0.05794722438889675
2004-04-12,0.0,0.1288345517151754
2004-04-13,0.0,0.09712954091240611
2004-04-14,0.0,0.07207453271689436
2004-04-15,1.0,0.08885485709915873
2004-04-16,0.0,0.0718343866405596
2004-04-17,0.0,0.12759945792582195
2004-04-18,0.0,0.05920910017073571
2004-04-19,0.0,0.08804543698772935
2004-04-20,0.0,0.07045136027902235
2004-04-21,0.0,0.07326535130377564
2004-04-22,0.0,0.12158415094237933
2004-04-23,0.0,0.07006490161515512
2004-04-24,0.0,0.07269155925122309
2004-04-25,0.0,0.11271123101441868
2004-04-26,0.0,0.10585186494254153
2004-04-27,0.0,0.05751638719762345
2004-04-28,1.0,0.06464425028069418
2004-04-29,0.0,0.09442056402975572
2004-04-30,0.0,0.05650837513709331
2004-05-01,0.0,0.13134262641987665
2004-05-02,0.0,0.06760813444805155
2004-05-03,0.0,0.10563656095076544
2004-05-04,0.0,0.053351520936281406
2004-05-05,0.0,0.13678611770012458
2004-05-06,0.0,0.09371997093786136
2004-05-07,0.0,0.08459690380823284
2004-05-08,0.0,0.08828565725016727
2004-05-09,0.0,0.1071665142634377
2004-05-10,0.0,0.1457611549888355
2004-05-11,0.0,0.12065122562662962
2004-05-12,0.0,0.10609488509829218
2004-05-13,0.0,0.12419035066280917
2004-05-14,0.0,0.09823085756398944
2004-05-15,0.0,0.12047229807354295
2004-05-16,0.0,0.1368749847563671
2004-05-17,0.0,0.10625903250843402
2004-05-18,0.0,0.10613349516368564
2004-05-19,0.0,0.142393113560034
2004-05-20,0.0,0.11681657977878625
2004-05-21,0.0,0.14995311438763917
2004-05-22,0.0,0.12242446294125306
2004-05-23,0.0,0.07158630236741173
2004-05-24,0.0,0.11035492883365308
2004-05-25,0.0,0.10906976479799045
2004-05-26,0.0,0.08340829748199781
2004-05-27,0.0,0.1072932218107728
2004-05-28,0.0,0.140906957750714
2004-05-29,0.0,0.05846982482860868
2004-05-30,0.0,0.11378728884572031
2004-05-31,0.0,0.11824044144954955
2004-06-01,0.0,0.07903920388217914
2004-06-02,0.0,0.13686292467513458
2004-06-03,0.0,0.11872703102215922
2004-06-04,0.0,0.07265529267355131
2004-06-05,0.0,0.12671118573122298
2004-06-06,0.0,0.07983323471867744
2004-06-07,0.0,0.13554884824352348
2004-06-08,0.0,0.12018806144774039
2004-06-09,0.0,0.06283681362848478
2004-06-10,0.0,0.13206813354884395
2004-06-11,0.0,0.05505802060446734
2004-06-12,0.0,0.08696107188938598
2004-06-13,0.0,0.12613026771230884
2004-06-14,0.0,0.08060905814731392
2004-06-15,0.0,0.11819669507274123
2004-06-16,0.0,0.09424972279923954
2004-06-17,0.0,0.07314922939722913
2004-06-18,0.0,0.09509621014696373
2004-06-19,0.0,0.12632810505224107
2004-06-20,0.0,0.1474921843819766
2004-06-21,0.0,0.08310420700432573
2004-06-22,0.0,0.06140436254930884
2004-06-23,0.0,0.05881707762592619
2004-06-24,0.0,0.09431107574063716
2004-06-25,0.0,0.05836713950879874
2004-06-26,0.0,0.05430129615616186
2004-06-27,0.0,0.055512661234930344
2004-06-28,0.0,0.09041408232584183
2004-06-29,0.0,0.09277156780694566
2004-06-30,0.0,0.09535042368504712
2004-07-01,0.0,0.10265993219506486
2004-07-02,0.0,0.07277515978631806
2004-07-03,0.0,0.06490426644418626
2004-07-04,0.0,0.13788800282548955
2004-07-05,0.0,0.1193038657172302
2004-07-06,0.0,0.09521924676158097
2004-07-07,0.0,0.09175142125001781
2004-07-08,0.0,0.06969489421823513
2004-07-09,0.0,0.13762639129268556
2004-07-10,0.0,0.058071092326169686
2004-07-11,1.0,0.05903681420366744
2004-07-12,0.0,0.13460942016538457
2004-07-13,0.0,0.11776564994911357
2004-07-14,0.0,0.06407141541390758
2004-07-15,0.0,0.05565890913949067
2004-07-16,0.0,0.06598251928063312
2004-07-17,0.0,0.14336942787466184
2004-07-18,0.0,0.13198271175920714
2004-07-19,0.0,0.08462579018773407
2004-07-20,0.0,0.143706555586703
2004-07-21,0.0,0.058082211409482734
2004-07-22,0.0,0.08798979300960925
2004-07-23,1.0,0.12519487241426253
2004-07-24,0.0,0.12995224378420012
2004-07-25,0.0,0.0911070414691014
2004-07-26,0.0,0.09138653393463633
2004-07-27,0.0,0.14382784665881637
2004-07-28,0.0,0.09833900472773283
2004-07-29,0.0,0.07669245239309604
2004-07-30,0.0,0.13928172941792077
2004-07-31,0.0,0.10253875309947762
2004-08-01,0.0,0.08374446778902814
2004-08-02,0.0,0.1299646288394531
2004-08-03,0.0,0.08360009505411968
2004-08-04,0.0,0.13918051202392084
2004-08-05,0.0,0.06106235577134517
2004-08-06,0.0,0.12192680923135125
2004-08-07,0.0,0.056111578102104355
2004-08-08,0.0,0.05117800332623357
2004-08-09,0.0,0.11173315735389891
2004-08-10,0.0,0.13281258586009
2004-08-11,0.0,0.0523666711121263
2004-08-12,0.0,0.12139692114295514
2004-08-13,0.0,0.09099885238030303
2004-08-14,0.0,0.06818140290744377
2004-08-15,0.0,0.07685994513997699
2004-08-16,0.0,0.13308820620943032
2004-08-17,0.0,0.08431136043682749
2004-08-18,0.0,0.062420088451946104
2004-08-19,0.0,0.10426376363778032
2004-08-20,0.0,0.1380435639922506
2004-08-21,0.0,0.1479953552848074
2004-08-22,0.0,0.08750858576825406
2004-08-23,1.0,0.09798501667056114
2004-08-24,0.0,0.1409019443360781
2004-08-25,0.0,0.14747874239050146
2004-08-26,0.0,0.11704323597325857
2004-08-27,0.0,0.07219541987178547
2004-08-28,1.0,0.10754291133974896
2004-08-29,0.0,0.07370690659446742
2004-08-30,0.0,0.11757856553675182
2004-08-31,0.0,0.07511109974752866
2004-09-01,0.0,0.09171932290181525
2004-09-02,0.0,0.07925606602737367
2004-09-03,0.0,0.123543241200342
2004-09-04,0.0,0.13367153194651923
2004-09-05,0.0,0.14108481252335003
2004-09-06,0.0,0.12071855457373414
2004-09-07,0.0,0.05190042839872416
2004-09-08,0.0,0.09268333811125776
2004-09-09,0.0,0.13848375932153062
2004-09-10,1.0,0.1412303545914484
2004-09-11,0.0,0.1369788558627329
2004-09-12,0.0,0.07882382185263873
2004-09-13,0.0,0.14821565666515032
2004-09-14,0.0,0.1344110899743651
2004-09-15,0.0,0.10301770428685791
2004-09-16,0.0,0.1355623067516291
2004-09-17,0.0,0.10962684897602659
2004-09-18,0.0,0.13059348043613977
2004-09-19,0.0,0.10686571857973746
2004-09-20,0.0,0.1458065106154008
2004-09-21,0.0,0.1259350656131043
2004-09-22,0.0,0.05030327254556641
2004-09-23,0.0,0.11065045349599997
2004-09-24,0.0,0.0967317082467575
2004-09-25,0.0,0.10217958514885322
2004-09-26,0.0,0.1428202582576651
2004-09-27,0.0,0.07142974213059554
2004-09-28,0.0,0.13625609546044515
2004-09-29,0.0,0.10957054124492657
2004-09-30,0.0,0.10987084666918753
2004-10-01,0.0,0.11333313819900893
2004-10-02,0.0,0.12980907433867028
2004-10-03,0.0,0.14155116808210252
2004-10-04,0.0,0.12397697131435458
2004-10-05,0.0,0.10062455142707871
2004-10-06,0.0,0.14657282329224314
2004-10-07,0.0,0.10807837810313953
2004-10-08,0.0,0.06408476614697008
2004-10-09,0.0,0.09315443337200484
2004-10-10,0.0,0.06258512290633132
2004-10-11,0.0,0.1122978013627241
2004-10-12,0.0,0.10755568966824874
2004-10-13,0.0,0.09335701584392513
2004-10-14,0.0,0.07350121119128704
2004-10-15,0.0,0.07362429886429599
2004-10-16,1.0,0.0817635852029808
2004-10-17,0.0,0.13871173818843585
2004-10-18,0.0,0.12110346409052802
2004-10-19,0.0,0.10050737793761416
2004-10-20,0.0,0.0938593100453122
2004-10-21,0.0,0.1323829654199338
2004-10-22,0.0,0.08078884897556922
2004-10-23,0.0,0.12890043411980945
2004-10-24,0.0,0.06566186127474838
2004-10-25,0.0,0.08522880238987028
2004-10-26,0.0,0.10736961141748896
2004-10-27,0.0,0.06744479720780262
2004-10-28,0.0,0.06226071781959236
2004-10-29,0.0,0.1262836006448479
2004-10-30,1.0,0.14304021698870945
2004-10-31,0.0,0.0866102863992699
2004-11-01,1.0,0.0751076067896436
2004-11-02,0.0,0.07504301013206806
2004-11-03,0.0,0.12879603912801474
2004-11-04,0.0,0.14921263834002285
2004-11-05,0.0,0.10683455896283206
2004-11-06,0.0,0.10648022661398192
2004-11-07,0.0,0.09083717370695026
2004-11-08,0.0,0.11117173958087578
2004-11-09,0.0,0.11834399576158043
2004-11-10,0.0,0.07454598927201994
2004-11-11,1.0,0.11885762162949072
2004-11-12,0.0,0.1299069647828213
2004-11-13,1.0,0.11847547644818554
2004-11-14,0.0,0.10847926815079065
2004-11-15,0.0,0.14236504674598915
2004-11-16,0.0,0.09574035958632729
2004-11-17,0.0,0.09305905241195489
2004-11-18,0.0,0.06029039702772169
2004-11-19,0.0,0.06500971774555277
2004-11-20,0.0,0.0886036818921097
2004-11-21,0.0,0.14084188404205927
2004-11-22,0.0,0.12695555278965132
2004-11-23,1.0,0.08998260885145384
2004-11-24,0.0,0.06914442780925913
2004-11-25,0.0,0.13718600948530493
2004-11-26,0.0,0.11843010847005282
2004-11-27,0.0,0.0835930109432755
2004-11-28,0.0,0.05921586209421756
2004-11-29,0.0,0.06449059511577723
2004-11-30,0.0,0.08172910408410178
2004-12-01,0.0,0.10411582972984722
2004-12-02,0.0,0.06794728369490179
2004-12-03,0.0,0.08715009360949276
2004-12-04,0.0,0.1469179281126337
2004-12-05,0.0,0.09866420150545785
2004-12-06,0.0,0.053121693657566395
2004-12-07,0.0,0.10647681167295595
2004-12-08,0.0,0.1375630928162388
2004-12-09,0.0,0.0507452447856931
2004-12-10,0.0,0.11733428068871452
2004-12-11,0.0,0.06271934114243038
2004-12-12,0.0,0.050782824505754255
2004-12-13,0.0,0.06998817205625577
2004-12-14,0.0,0.11276138535690262
2004-12-15,0.0,0.07033056512109623
2004-12-16,0.0,0.07046977496749882
2004-12-17,0.0,0.08135446734848026
2004-12-18,0.0,0.13137066673813114
2004-12-19,0.0,0.060816954374615206
2004-12-20,0.0,0.1318430820044226
2004-12-21,0.0,0.08452134161670453
2004-12-22,0.0,0.1108438554727198
2004-12-23,0.0,0.059066432402341634
2004-12-24,0.0,0.09729543135957835
2004-12-25,0.0,0.07421732482532716
2004-12-26,0.0,0.08015770780914919
2004-12-27,0.0,0.142361145180543
2004-12-28,0.0,0.11249861046096321
2004-12-29,0.0,0.0632149869074227
2004-12-30,0.0,0.08476561049944716
2004-12-31,0.0,0.07047527447467647
2005-01-01,0.0,0.1131394662086503
2005-01-02,0.0,0.09162719901380487
2005-01-03,0.0,0.051513616773065096
2005-01-04,0.0,0.09416344329525589
2005-01-05,0.0,0.10917053002976579
2005-01-06,0.0,0.09210355431214207
2005-01-07,1.0,0.13658576493264643
2005-01-08,0.0,0.10051851178753876
2005-01-09,0.0,0.05835637240621368
2005-01-10,0.0,0.14795398760900796
2005-01-11,0.0,0.1226368840483316
2005-01-12,0.0,0.12659335623069312
2005-01-13,0.0,0.13982845589706183
2005-01-14,0.0,0.055317218383195824
2005-01-15,0.0,0.09975468079230804
2005-01-16,1.0,0.14458973220053284
2005-01-17,0.0,0.1405005103791624
2005-01-18,0.0,0.06812902489807318
2005-01-19,0.0,0.10469683078488798
2005-01-20,0.0,0.051893124073130584
2005-01-21,0.0,0.10196991348188714
2005-01-22,0.0,0.09629053319732027
2005-01-23,0.0,0.0676097178076728
2005-01-24,0.0,0.08527235221816418
2005-01-25,0.0,0.13670911114429635
2005-01-26,0.0,0.14291532012656905
2005-01-27,0.0,0.09828519461958439
2005-01-28,0.0,0.11710989834808816
2005-01-29,0.0,0.06791598936079439
2005-01-30,0.0,0.07624375038406414
2005-01-31,0.0,0.05668056335261998
2005-02-01,0.0,0.07266853949750325
2005-02-02,0.0,0.0887169360108724
2005-02-03,0.0,0.05393449275079918
2005-02-04,0.0,0.06567713427140844
2005-02-05,0.0,0.06503359794300662
2005-02-06,1.0,0.13690300025651586
2005-02-07,0.0,0.10421605406731685
2005-02-08,0.0,0.1477507238653219
2005-02-09,0.0,0.12563391012169378
2005-02-10,0.0,0.13332425020686603
2005-02-11,0.0,0.07853103070810874
2005-02-12,0.0,0.08266136753367923
2005-02-13,0.0,0.05052287745167303
2005-02-14,1.0,0.05349277632277193
2005-02-15,0.0,0.0698232161467158
2005-02-16,0.0,0.1240324954346268
2005-02-17,0.0,0.10408692008011902
2005-02-18,1.0,0.13373076343696774
2005-02-19,0.0,0.07905803233997463
2005-02-20,0.0,0.10555264493109139
2005-02-21,0.0,0.08736219019624339
2005-02-22,0.0,0.10037247610234533
2005-02-23,0.0,0.141115024284384
2005-02-24,0.0,0.09911377400301541
2005-02-25,0.0,0.05073527063196051
2005-02-26,0.0,0.14870992497404384
2005-02-27,0.0,0.11567109785659754
2005-02-28,0.0,0.12007001437115943
2005-03-01,0.0,0.06111866281075448
2005-03-02,0.0,0.13972653448730704
2005-03-03,1.0,0.08032131859382916
2005-03-04,0.0,0.09772358039389958
2005-03-05,0.0,0.14127709379759743
2005-03-06,0.0,0.13417097628620372
2005-03-07,0.0,0.09403560611237327
2005-03-08,0.0,0.1278623668383371
2005-03-09,0.0,0.12829574452937434
2005-03-10,0.0,0.09365117519955388
2005-03-11,0.0,0.09194011221234955
2005-03-12,0.0,0.059828289827618134
2005-03-13,0.0,0.1415598033613067
2005-03-14,0.0,0.09400192838309135
2005-03-15,0.0,0.11951590211030272
2005-03-16,0.0,0.11712954349657413
2005-03-17,0.0,0.1444558447871656
2005-03-18,0.0,0.1301776042610785
2005-03-19,0.0,0.1167238521936593
2005-03-20,0.0,0.09700397975855066
2005-03-21,0.0,0.08227928000459693
2005-03-22,0.0,0.05923727210448311
2005-03-23,0.0,0.14112401886750592
2005-03-24,1.0,0.12099484613470386
2005-03-25,0.0,0.14560853867311802
2005-03-26,0.0,0.11146344008665869
2005-03-27,0.0,0.12110370126504374
2005-03-28,0.0,0.09547258115629978
2005-03-29,0.0,0.14488798556623023
2005-03-30,0.0,0.06929649067777136
2005-03-31,0.0,0.11398578796987176
2005-04-01,0.0,0.12165048112551757
2005-04-02,0.0,0.08695829550557248
2005-04-03,0.0,0.06726302239597956
2005-04-04,0.0,0.09917372912904632
2005-04-05,0.0,0.058057696282022855
2005-04-06,0.0,0.05687653563516272
2005-04-07,0.0,0.0814601012119006
2005-04-08,0.0,0.09949205490008625
2005-04-09,0.0,0.08230983500861792
2005-04-10,0.0,0.06449786329140059
2005-04-11,0.0,0.05668705915456899
2005-04-12,0.0,0.08555405568762132
2005-04-13,0.0,0.12648554076092006
2005-04-14,0.0,0.10341338454427065
2005-04-15,0.0,0.14623813783739303
2005-04-16,0.0,0.07370514996267048
2005-04-17,0.0,0.0861079545707086
2005-04-18,0.0,0.05785253621342758
2005-04-19,0.0,0.0707048216655258
2005-04-20,0.0,0.08388623588553992
2005-04-21,0.0,0.14246806335609602
2005-04-22,0.0,0.14283883073204395
2005-04-23,0.0,0.08748039976019942
2005-04-24,0.0,0.13668370325512308
2005-04-25,0.0,0.1365015246759744
2005-04-26,0.0,0.11736795448027108
2005-04-27,0.0,0.13765933819106246
2005-04-28,0.0,0.0793164652567738
2005-04-29,0.0,0.11100062859492799
2005-04-30,0.0,0.10817872096380082
2005-05-01,0.0,0.10071296024735571
2005-05-02,0.0,0.06364748600109489
2005-05-03,0.0,0.11907650283885583
2005-05-04,0.0,0.060253280230696926
2005-05-05,0.0,0.053670621074910545
2005-05-06,0.0,0.11663105855983343
2005-05-07,0.0,0.1133007011107637
2005-05-08,0.0,0.08058754891211754
2005-05-09,0.0,0.13676240504262122
2005-05-10,0.0,0.12769584483056634
2005-05-11,0.0,0.05399848179983984
2005-05-12,0.0,0.1449019884737699
2005-05-13,0.0,0.0675500776773002
2005-05-14,0.0,0.09414153417554669
2005-05-15,0.0,0.12224827965380121
2005-05-16,0.0,0.06122133038343273
2005-05-17,0.0,0.1430068826077216
2005-05-18,0.0,0.05032454413861437
2005-05-19,0.0,0.14064848415943593
2005-05-20,0.0,0.1428904929594334
2005-05-21,0.0,0.05981716397666092
2005-05-22,0.0,0.1306342377461992
2005-05-23,0.0,0.12756162272186844
2005-05-24,0.0,0.13859964611003822
2005-05-25,0.0,0.06865000676422293
2005-05-26,0.0,0.052906726982950375
2005-05-27,0.0,0.051862454208155565
2005-05-28,0.0,0.06478852150910562
2005-05-29,0.0,0.08360170025435162
2005-05-30,0.0,0.06751130714389757
2005-05-31,0.0,0.07782849048402828
2005-06-01,0.0,0.11393596865477369
2005-06-02,0.0,0.13121153903600785
2005-06-03,0.0,0.05948681436977667
2005-06-04,0.0,0.0971352414576838
2005-06-05,0.0,0.09136958195153887
2005-06-06,1.0,0.10582190898806947
2005-06-07,0.0,0.10467618234416252
2005-06-08,0.0,0.10673538328340176
2005-06-09,0.0,0.14490534727823084
2005-06-10,1.0,0.14391567970208274
2005-06-11,0.0,0.11463497926420606
2005-06-12,0.0,0.09802674729847577
2005-06-13,0.0,0.14752969518973613
2005-06-14,0.0,0.10938153315356945
2005-06-15,0.0,0.07917549525248058
2005-06-16,0.0,0.06148955812738588
2005-06-17,0.0,0.13704603281551736
2005-06-18,0.0,0.12525565290541743
2005-06-19,0.0,0.052522617234069535
2005-06-20,0.0,0.054047725000858964
2005-06-21,0.0,0.13447487456172036
2005-06-22,0.0,0.11256732664231957
2005-06-23,0.0,0.105131574287049
2005-06-24,0.0,0.061406313059834586
2005-06-25,0.0,0.08267870324664442
2005-06-26,0.0,0.08098429751771906
2005-06-27,0.0,0.14717900462041633
2005-06-28,0.0,0.10200312809429327
2005-06-29,0.0,0.110765003556824
2005-06-30,0.0,0.11011914802318282
2005-07-01,0.0,0.1257729258485042
2005-07-02,0.0,0.07106347402139737
2005-07-03,0.0,0.11565757072090002
2005-07-04,0.0,0.1067702155859042
2005-07-05,0.0,0.12477062640694726
2005-07-06,0.0,0.08243918499107146
2005-07-07,0.0,0.14172158301481466
2005-07-08,0.0,0.14257438981610115
2005-07-09,0.0,0.12738547554163626
2005-07-10,0.0,0.13967618640326612
2005-07-11,0.0,0.12222579662191324
2005-07-12,0.0,0.10543852834772291
2005-07-13,0.0,0.07396829834213593
2005-07-14,0.0,0.09360651336215364
2005-07-15,0.0,0.06242342499300521
2005-07-16,0.0,0.10669079676656149
2005-07-17,0.0,0.07457169009288996
2005-07-18,1.0,0.05192018302413205
2005-07-19,0.0,0.06935487338391211
2005-07-20,0.0,0.08576433953091708
2005-07-21,0.0,0.11122093859058196
2005-07-22,0.0,0.1441372114547979
2005-07-23,0.0,0.14854237610865428
2005-07-24,0.0,0.06282404082136803
2005-07-25,0.0,0.13567595664634846
2005-07-26,0.0,0.1459286186517253
2005-07-27,0.0,0.14034939774728244
2005-07-28,0.0,0.05242290379975868
2005-07-29,1.0,0.1300281496115473
2005-07-30,0.0,0.12556661212320788
2005-07-31,0.0,0.1310805520317652
2005-08-01,0.0,0.11750392361535984
2005-08-02,0.0,0.12896974321398064
2005-08-03,0.0,0.07115566346883777
2005-08-04,0.0,0.10039344594334751
2005-08-05,0.0,0.08258969775601552
2005-08-06,0.0,0.13967291132457266
2005-08-07,0.0,0.08513525552023911
2005-08-08,0.0,0.0542275926187251
2005-08-09,0.0,0.13210012287234468
2005-08-10,0.0,0.12831876480098786
2005-08-11,0.0,0.13851204927478722
2005-08-12,0.0,0.1056005473873643
2005-08-13,0.0,0.057503908762612826
2005-08-14,0.0,0.1490498618546014
2005-08-15,0.0,0.1499329866142448
2005-08-16,0.0,0.0762337376681088
2005-08-17,0.0,0.13289394846535518
2005-08-18,0.0,0.07317945417966695
2005-08-19,0.0,0.11247441100192822
2005-08-20,0.0,0.08740223651593693
2005-08-21,0.0,0.06879996851318339
2005-08-22,0.0,0.14071304667602336
2005-08-23,0.0,0.13282103390268798
2005-08-24,0.0,0.12391423354735823
2005-08-25,0.0,0.12424628318456511
2005-08-26,0.0,0.14100828960686712
2005-08-27,0.0,0.14009486355451872
2005-08-28,0.0,0.14758638424944856
2005-08-29,0.0,0.14322247828099408
2005-08-30,0.0,0.06826208191259422
2005-08-31,0.0,0.11744713900228212
2005-09-01,0.0,0.09142656120745324
2005-09-02,0.0,0.0943941807773108
2005-09-03,0.0,0.06733613873983665
2005-09-04,0.0,0.08842370065051391
2005-09-05,0.0,0.14761144360371864
2005-09-06,0.0,0.12069382295424157
2005-09-07,0.0,0.14650784017147533
2005-09-08,0.0,0.06207779783379357
2005-09-09,0.0,0.1453729735831741
2005-09-10,1.0,0.11861191434147668
2005-09-11,0.0,0.10340908140370225
2005-09-12,0.0,0.12258064039481134
2005-09-13,0.0,0.0843584238881013
2005-09-14,0.0,0.053343579510634634
2005-09-15,0.0,0.062351265804908476
2005-09-16,0.0,0.05011635710955164
2005-09-17,0.0,0.10309178526206758
2005-09-18,1.0,0.061601419631812995
2005-09-19,0.0,0.052773720244187555
2005-09-20,0.0,0.13155646768786633
2005-09-21,0.0,0.13814737689910722
2005-09-22,0.0,0.07026867984922189
2005-09-23,0.0,0.08574008094886333
2005-09-24,0.0,0.1346513853801231
2005-09-25,0.0,0.06789213208924597
2005-09-26,0.0,0.05029557192006117
2005-09-27,0.0,0.06357427999874313
2005-09-28,0.0,0.14509079519822166
2005-09-29,0.0,0.05301246941053041
2005-09-30,0.0,0.08662192285573908
2005-10-01,0.0,0.14332639238920825
2005-10-02,0.0,0.11294793584697999
2005-10-03,1.0,0.1442834848010301
2005-10-04,0.0,0.13194663650037552
2005-10-05,0.0,0.1122101377819893
2005-10-06,0.0,0.05060271620268758
2005-10-07,0.0,0.06289671403747873
2005-10-08,1.0,0.12486932437914926
2005-10-09,0.0,0.05012673783746892
2005-10-10,0.0,0.06226444892285343
2005-10-11,0.0,0.12978843267426637
2005-10-12,0.0,0.08133899104778189
2005-10-13,0.0,0.10844143179373075
2005-10-14,0.0,0.051229132836108485
2005-10-15,0.0,0.08896855214042985
2005-10-16,0.0,0.1480417532928967
2005-10-17,0.0,0.05234815322269262
2005-10-18,0.0,0.1438686057508483
2005-10-19,0.0,0.09802304182846444
2005-10-20,1.0,0.07838143567236897
2005-10-21,0.0,0.12315025668554737
2005-10-22,0.0,0.11044044229853658
2005-10-23,0.0,0.07775739275637297
2005-10-24,0.0,0.061550267681324655
2005-10-25,0.0,0.08840851358256267
2005-10-26,0.0,0.11402771216774799
2005-10-27,1.0,0.11579441752717033
2005-10-28,0.0,0.1270769698898147
2005-10-29,0.0,0.07700711809384987
2005-10-30,0.0,0.10925692244778677
2005-10-31,0.0,0.1354561636175759
2005-11-01,0.0,0.08963110742987287
2005-11-02,0.0,0.05757655871078883
2005-11-03,0.0,0.13865402043707797
2005-11-04,0.0,0.12448363721427136
2005-11-05,0.0,0.09131934844388381
2005-11-06,0.0,0.131002115852702
2005-11-07,0.0,0.07729138714104176
2005-11-08,0.0,0.08108349815463224
2005-11-09,0.0,0.10260209841895143
2005-11-10,0.0,0.12841758499056982
2005-11-11,0.0,0.07338950594886065
2005-11-12,0.0,0.08647334708931323
2005-11-13,0.0,0.07172154454643759
2005-11-14,0.0,0.13917579790666493
2005-11-15,0.0,0.1070459255079875
2005-11-16,0.0,0.09497602827999027
2005-11-17,0.0,0.08620674189734004
2005-11-18,0.0,0.07022555655468785
2005-11-19,0.0,0.13957866219616932
2005-11-20,0.0,0.0743462578579738
2005-11-21,0.0,0.14561652042102202
2005-11-22,0.0,0.06686380339778292
2005-11-23,0.0,0.11265645991210517
2005-11-24,0.0,0.058751102777808296
2005-11-25,0.0,0.08852786494147274
2005-11-26,0.0,0.06817312302212
2005-11-27,0.0,0.07432722182700749
2005-11-28,0.0,0.13012762212774587
2005-11-29,0.0,0.10148277007671819
2005-11-30,0.0,0.10132136612186221
2005-12-01,0.0,0.09611879738661264
2005-12-02,0.0,0.1457153828215378
2005-12-03,0.0,0.09562722822147184
2005-12-04,0.0,0.14993972679978096
2005-12-05,0.0,0.10158045436976165
2005-12-06,0.0,0.13142832706643964
2005-12-07,0.0,0.09080578746487485
2005-12-08,0.0,0.06671115995787374
2005-12-09,0.0,0.06375046069898008
2005-12-10,0.0,0.06733626738019058
2005-12-11,0.0,0.07863842064175006
2005-12-12,0.0,0.13077207487023673
2005-12-13,0.0,0.08295174958152843
2005-12-14,0.0,0.08113700356759129
2005-12-15,0.0,0.06472142545227377
2005-12-16,0.0,0.12634633108348248
2005-12-17,0.0,0.10865972853611544
2005-12-18,0.0,0.14086903001447165
2005-12-19,0.0,0.1378292303726092
2005-12-20,0.0,0.06370920873299593
2005-12-21,0.0,0.11046052896212483
2005-12-22,0.0,0.09009257951525179
2005-12-23,0.0,0.11315403807271339
2005-12-24,0.0,0.06196321443338848
2005-12-25,0.0,0.10154330774019057
2005-12-26,0.0,0.06704309167663884
2005-12-27,1.0,0.061627177044386555
2005-12-28,0.0,0.10519147760828021
2005-12-29,0.0,0.13890206365322663
2005-12-30,0.0,0.08477711091940227
2005-12-31,0.0,0.0996212622755159
2006-01-01,0.0,0.09442291876920356
2006-01-02,0.0,0.09271705598751298
2006-01-03,0.0,0.09058090001342198
2006-01-04,0.0,0.06151206453796895
2006-01-05,0.0,0.10937730828369396
2006-01-06,0.0,0.12539909487756426
2006-01-07,0.0,0.10921789571206564
2006-01-08,0.0,0.05933188594498632
2006-01-09,0.0,0.14827526434044191
2006-01-10,0.0,0.07999863604376226
2006-01-11,0.0,0.07364640057765705
2006-01-12,0.0,0.12727104702378433
2006-01-13,0.0,0.14686291682301633
2006-01-14,0.0,0.07560474181860148
2006-01-15,0.0,0.10801158127480197
2006-01-16,0.0,0.0999163205921749
2006-01-17,0.0,0.05859265489371493
2006-01-18,0.0,0.08855804397415765
2006-01-19,0.0,0.10879050448082711
2006-01-20,0.0,0.13981188389867633
2006-01-21,1.0,0.1248865193647774
2006-01-22,1.0,0.07344966408324696
2006-01-23,0.0,0.0868692819079244
2006-01-24,0.0,0.14941113834134243
2006-01-25,0.0,0.14281382921836372
2006-01-26,0.0,0.1309815160541059
2006-01-27,0.0,0.09818857360383819
2006-01-28,0.0,0.1422480109445713
2006-01-29,0.0,0.12364041328428933
2006-01-30,0.0,0.13587386766288245
2006-01-31,0.0,0.06191260224565284
2006-02-01,0.0,0.11728200047642255
2006-02-02,0.0,0.13934019179410784
2006-02-03,0.0,0.1370432438326335
2006-02-04,0.0,0.12896199659355848
2006-02-05,0.0,0.103299228465394
2006-02-06,0.0,0.0816152914097533
2006-02-07,0.0,0.12240794328619543
2006-02-08,0.0,0.08719268761757842
2006-02-09,0.0,0.05882138295032633
2006-02-10,0.0,0.09597452491748837
2006-02-11,0.0,0.10271433620349893
2006-02-12,0.0,0.0921291208973942
2006-02-13,0.0,0.08980088370699242
2006-02-14,0.0,0.14900716692397095
2006-02-15,0.0,0.10346046253689564
2006-02-16,0.0,0.05520057662547271
2006-02-17,0.0,0.08805963451248693
2006-02-18,0.0,0.05609782866491874
2006-02-19,1.0,0.07842628206333165
2006-02-20,0.0,0.147600710221361
2006-02-21,0.0,0.0644067952540885
2006-02-22,0.0,0.1103344363868197
2006-02-23,1.0,0.06356966649857201
2006-02-24,0.0,0.11020973304860598
2006-02-25,0.0,0.05088263660949053
2006-02-26,0.0,0.09408701300286175
2006-02-27,0.0,0.09274770089311804
2006-02-28,0.0,0.076560641824303
2006-03-01,0.0,0.121292773756156
2006-03-02,1.0,0.11941306618040794
2006-03-03,0.0,0.13841710693180503
2006-03-04,0.0,0.051686149555424166
2006-03-05,0.0,0.11857725707997531
2006-03-06,0.0,0.09719119936351178
2006-03-07,0.0,0.11807063697854488
2006-03-08,0.0,0.0559616121915253
2006-03-09,0.0,0.06572380709176635
2006-03-10,0.0,0.0970800585934786
2006-03-11,0.0,0.10195937215675166
2006-03-12,0.0,0.1021946172974437
2006-03-13,0.0,0.0707006564002784
2006-03-14,0.0,0.0835033704644474
2006-03-15,0.0,0.06139786959205473
2006-03-16,0.0,0.10229077614344217
2006-03-17,0.0,0.10390085234243149
2006-03-18,0.0,0.06458274883671153
2006-03-19,0.0,0.05297849249700352
2006-03-20,0.0,0.10877287754209906
2006-03-21,0.0,0.05781489735215067
2006-03-22,0.0,0.09461350176133648
2006-03-23,0.0,0.1313338639544258
2006-03-24,0.0,0.0722720679395162
2006-03-25,0.0,0.06437165179252405
2006-03-26,0.0,0.13478096251028143
2006-03-27,0.0,0.07095224605872662
2006-03-28,0.0,0.1469587324523582
2006-03-29,0.0,0.06627398711683062
2006-03-30,0.0,0.13145931104182568
2006-03-31,0.0,0.07112432690989152
2006-04-01,0.0,0.11869061780639933
2006-04-02,0.0,0.07671344121113084
2006-04-03,0.0,0.12301935256225634
2006-04-04,0.0,0.09965953476212851
2006-04-05,0.0,0.10260906333236364
2006-04-06,0.0,0.1046055144790351
2006-04-07,0.0,0.11205670904169994
2006-04-08,0.0,0.1340561097792633
2006-04-09,0.0,0.07203194809848582
2006-04-10,0.0,0.11592862031527675
2006-04-11,0.0,0.10431263331305404
2006-04-12,0.0,0.08265311190845623
2006-04-13,0.0,0.0868273078220029
2006-04-14,0.0,0.06849098819586581
2006-04-15,0.0,0.06813193441269175
2006-04-16,0.0,0.09782521908678314
2006-04-17,0.0,0.05288250322743
2006-04-18,0.0,0.1089288649847899
2006-04-19,0.0,0.0676563699278611
2006-04-20,0.0,0.06173703185476481
2006-04-21,0.0,0.13146798942938093
2006-04-22,0.0,0.14604711889191788
2006-04-23,0.0,0.12877453406522346
2006-04-24,0.0,0.06446278855806191
2006-04-25,0.0,0.05426711670362814
2006-04-26,0.0,0.07865885223689964
2006-04-27,0.0,0.051382746847624144
2006-04-28,0.0,0.13434641905376782
2006-04-29,1.0,0.11423196022290998
2006-04-30,0.0,0.126091143563846
2006-05-01,0.0,0.08947517310825703
2006-05-02,0.0,0.06077249456596179
2006-05-03,0.0,0.07454549390408532
2006-05-04,0.0,0.1111010988332301
2006-05-05,0.0,0.10741847169614382
2006-05-06,0.0,0.08236461230416198
2006-05-07,0.0,0.1228664770790402
2006-05-08,0.0,0.09574867819423685
2006-05-09,0.0,0.11782869155801458
2006-05-10,0.0,0.11107872731201868
2006-05-11,0.0,0.08571499730099444
2006-05-12,0.0,0.1001888952820075
2006-05-13,0.0,0.08976721970395327
2006-05-14,0.0,0.14489534742406213
2006-05-15,0.0,0.08542868860404099
2006-05-16,0.0,0.08264766326481901
2006-05-17,0.0,0.07767048325024359
2006-05-18,0.0,0.09849814775511682
2006-05-19,0.0,0.08861651475982459
2006-05-20,1.0,0.08603560819055658
2006-05-21,0.0,0.14870427411392545
2006-05-22,0.0,0.1295055740143577
2006-05-23,0.0,0.13860055646577424
2006-05-24,0.0,0.09354204573471225
2006-05-25,0.0,0.13967238540663002
2006-05-26,0.0,0.12086956924766659
2006-05-27,0.0,0.10266826198804893
2006-05-28,0.0,0.07790562685404828
2006-05-29,0.0,0.060895517788506694
2006-05-30,0.0,0.14433767277572496
2006-05-31,0.0,0.09659376407869379
2006-06-01,0.0,0.14670045189878972
2006-06-02,0.0,0.10539570828579056
2006-06-03,0.0,0.10796804332437235
2006-06-04,0.0,0.13324784740911794
2006-06-05,0.0,0.08533024691523633
2006-06-06,0.0,0.08484916516098422
2006-06-07,0.0,0.10289700936523313
2006-06-08,0.0,0.05476941621811207
2006-06-09,0.0,0.10690391809289551
2006-06-10,0.0,0.07740872063639406
2006-06-11,0.0,0.0670742923793594
2006-06-12,0.0,0.14164684745714112
2006-06-13,0.0,0.08490996664791153
2006-06-14,0.0,0.07470952713546032
2006-06-15,0.0,0.11827646053814865
2006-06-16,0.0,0.1320001304009148
2006-06-17,0.0,0.050154474401434536
2006-06-18,0.0,0.14837413576611191
2006-06-19,0.0,0.06347938045633915
2006-06-20,0.0,0.060763617637884716
2006-06-21,0.0,0.09646379602122176
2006-06-22,0.0,0.13256279823701228
2006-06-23,0.0,0.10065990699684121
2006-06-24,0.0,0.14466078013133277
2006-06-25,1.0,0.09061340106537893
2006-06-26,0.0,0.09898659506130657
2006-06-27,0.0,0.14208738920021297
2006-06-28,0.0,0.14425860860201484
2006-06-29,0.0,0.13657255899027437
2006-06-30,0.0,0.050481309132111865
2006-07-01,0.0,0.08415199242638347
2006-07-02,0.0,0.10537353527073434
2006-07-03,0.0,0.06198393594864454
2006-07-04,0.0,0.11281837782328147
2006-07-05,0.0,0.14336706325016085
2006-07-06,0.0,0.1370873258832061
2006-07-07,1.0,0.05371274193207404
2006-07-08,0.0,0.10929386390235057
2006-07-09,0.0,0.08707926787614187
2006-07-10,0.0,0.09523455291103206
2006-07-11,0.0,0.07965217138920563
2006-07-12,0.0,0.12062118024049795
2006-07-13,0.0,0.09165312088598858
2006-07-14,0.0,0.1408003877636002
2006-07-15,0.0,0.05595774225232741
2006-07-16,0.0,0.12727763959630306
2006-07-17,0.0,0.08404474948261083
2006-07-18,0.0,0.08818440210429365
2006-07-19,0.0,0.1198326741573737
2006-07-20,0.0,0.09481944265127498
2006-07-21,0.0,0.0698656611178522
2006-07-22,1.0,0.12878449841778966
2006-07-23,0.0,0.08413090143423926
2006-07-24,0.0,0.1253338129668086
2006-07-25,0.0,0.14528339207228258
2006-07-26,0.0,0.12413331175751315
2006-07-27,0.0,0.05279399655306405
2006-07-28,0.0,0.05317722950048962
2006-07-29,0.0,0.1096196176612707
2006-07-30,0.0,0.07785488262160813
2006-07-31,0.0,0.08375459720829694
2006-08-01,0.0,0.11851635221454312
2006-08-02,0.0,0.05377274006066767
2006-08-03,0.0,0.09412363611092653
2006-08-04,0.0,0.05285314974716167
2006-08-05,0.0,0.13789935884236726
2006-08-06,0.0,0.12233638908808557
2006-08-07,0.0,0.12269837479150535
2006-08-08,0.0,0.09034635969049387
2006-08-09,0.0,0.14158121336857848
2006-08-10,0.0,0.0961891686355199
2006-08-11,0.0,0.07509863216330873
2006-08-12,0.0,0.0778249596035124
2006-08-13,0.0,0.05766427778627047
2006-08-14,0.0,0.05544760657488671
2006-08-15,0.0,0.0885161966708797
2006-08-16,0.0,0.13028548789662286
2006-08-17,0.0,0.08062654286182899
2006-08-18,0.0,0.1190057254275055
2006-08-19,0.0,0.09933182957723401
2006-08-20,0.0,0.09599663197498154
2006-08-21,0.0,0.11146731613150795
2006-08-22,0.0,0.05267373045870094
2006-08-23,0.0,0.09995725697672742
2006-08-24,0.0,0.10777239427678839
2006-08-25,0.0,0.07353508353501072
2006-08-26,0.0,0.07495082159511779
2006-08-27,0.0,0.0906397395454369
2006-08-28,1.0,0.11228299484966839
2006-08-29,0.0,0.09466406078594808
2006-08-30,0.0,0.1294129136751215
2006-08-31,1.0,0.07046652590794822
2006-09-01,0.0,0.07456176515113594
2006-09-02,0.0,0.10721403682637007
2006-09-03,0.0,0.0596114714399528
2006-09-04,0.0,0.061020086965949474
2006-09-05,0.0,0.05734743931341724
2006-09-06,0.0,0.12949699623048216
2006-09-07,0.0,0.14022474065931395
2006-09-08,0.0,0.13560811507991583
2006-09-09,0.0,0.1396921550708331
2006-09-10,0.0,0.14291091701147096
2006-09-11,0.0,0.11159605872121955
2006-09-12,0.0,0.06282742812033484
2006-09-13,0.0,0.053152442466926735
2006-09-14,0.0,0.062091099180109854
2006-09-15,0.0,0.11700567347287201
2006-09-16,0.0,0.07389531067447425
2006-09-17,0.0,0.13911977459683827
2006-09-18,1.0,0.0691016672803901
2006-09-19,0.0,0.06392371653718618
2006-09-20,0.0,0.06620863022252557
2006-09-21,0.0,0.08087326225574813
2006-09-22,0.0,0.14670285142885459
2006-09-23,0.0,0.09744861021965631
2006-09-24,0.0,0.09888379008746137
2006-09-25,0.0,0.11325642231348011
2006-09-26,0.0,0.06406461056870923
2006-09-27,0.0,0.08735044846569986
2006-09-28,0.0,0.12417088352120285
2006-09-29,0.0,0.12745075412126972
2006-09-30,0.0,0.12683654955910023
2006-10-01,0.0,0.07571172098751966
2006-10-02,0.0,0.10421696094537372
2006-10-03,0.0,0.06633275760782441
2006-10-04,0.0,0.14544757284441423
2006-10-05,0.0,0.12283880123590209
2006-10-06,0.0,0.07633461808088747
2006-10-07,0.0,0.12818717676718383
2006-10-08,0.0,0.09556456589304291
2006-10-09,0.0,0.08535872328781105
2006-10-10,0.0,0.07789577724284577
2006-10-11,0.0,0.11982966837424427
2006-10-12,0.0,0.07774300745603809
2006-10-13,0.0,0.12036888820903408
2006-10-14,1.0,0.06743969682736659
2006-10-15,0.0,0.1108906307109507
2006-10-16,0.0,0.10349083720565841
2006-10-17,0.0,0.11281421491983495
2006-10-18,0.0,0.13054920752442556
2006-10-19,0.0,0.114777262159443
2006-10-20,0.0,0.11741531149462142
2006-10-21,0.0,0.1352373242123477
2006-10-22,0.0,0.06346040485469967
2006-10-23,0.0,0.06870521670491107
2006-10-24,0.0,0.1367385227473656
2006-10-25,0.0,0.061091585511630554
2006-10-26,1.0,0.07862650521257933
2006-10-27,0.0,0.06665017437391256
2006-10-28,0.0,0.1029235092115065
2006-10-29,0.0,0.10214605221200596
2006-10-30,0.0,0.07200814423636616
2006-10-31,0.0,0.05807914451424141
2006-11-01,0.0,0.1477325434502106
2006-11-02,0.0,0.14902683075316797
2006-11-03,0.0,0.12168100201774194
2006-11-04,0.0,0.09487100475097351
2006-11-05,0.0,0.05509023488078181
2006-11-06,0.0,0.12389102743829879
2006-11-07,0.0,0.1190553937557985
2006-11-08,0.0,0.11919100876919325
2006-11-09,0.0,0.07108503960589294
2006-11-10,1.0,0.11755507772099469
2006-11-11,0.0,0.10583968274495112
2006-11-12,0.0,0.06269353804626007
2006-11-13,0.0,0.14847164440394128
2006-11-14,0.0,0.11330395747915066
2006-11-15,0.0,0.07849104276959099
2006-11-16,1.0,0.10053391739940509
2006-11-17,0.0,0.09527668732630654
2006-11-18,0.0,0.061592516046626855
2006-11-19,0.0,0.11277208984927485
2006-11-20,0.0,0.08865014648608137
2006-11-21,0.0,0.10787772626671704
2006-11-22,0.0,0.13038943160035238
2006-11-23,0.0,0.1483374316510136
2006-11-24,0.0,0.14619178130264776
2006-11-25,0.0,0.09766933915439524
2006-11-26,0.0,0.06613772657721892
2006-11-27,0.0,0.10465727727834259
2006-11-28,0.0,0.08863807450865577
2006-11-29,0.0,0.12941947310487462
2006-11-30,0.0,0.10131493362304039
2006-12-01,0.0,0.0877771484080717
2006-12-02,0.0,0.051347755169864076
2006-12-03,0.0,0.11880666427991288
2006-12-04,0.0,0.13533580502251072
2006-12-05,0.0,0.07793081246131126
2006-12-06,1.0,0.13296690839245645
2006-12-07,1.0,0.1364898551440116
2006-12-08,0.0,0.10847031322832903
2006-12-09,0.0,0.10058836469009717
2006-12-10,0.0,0.12724594671240774
2006-12-11,0.0,0.11986575935626681
2006-12-12,0.0,0.051060574530692904
2006-12-13,0.0,0.1272721502858261
2006-12-14,0.0,0.08186876518519665
2006-12-15,0.0,0.09371322902106514
2006-12-16,0.0,0.14867423911080935
2006-12-17,0.0,0.08045711146167131
2006-12-18,0.0,0.07864715644005285
2006-12-19,0.0,0.05877880964650454
2006-12-20,0.0,0.07166335747692416
2006-12-21,0.0,0.12084213561573161
2006-12-22,0.0,0.11896582013729579
2006-12-23,0.0,0.1311918302524835
2006-12-24,1.0,0.05236317579980102
2006-12-25,0.0,0.14027035196800375
2006-12-26,0.0,0.13901830665754328
2006-12-27,0.0,0.14846722720178235
2006-12-28,0.0,0.1088422204498478
2006-12-29,0.0,0.0961567076480223
2006-12-30,0.0,0.09619290707185399
2006-12-31,0.0,0.10212805506509043
2007-01-01,0.0,0.1114342767026823
2007-01-02,0.0,0.082289902513141
2007-01-03,0.0,0.07495586708859389
2007-01-04,1.0,0.14179261285148476
2007-01-05,0.0,0.06334665893465853
2007-01-06,0.0,0.10122453718389944
2007-01-07,0.0,0.08539738703499791
2007-01-08,0.0,0.13306914063997827
2007-01-09,0.0,0.08849495079162685
2007-01-10,0.0,0.08729882521096337
2007-01-11,0.0,0.08659113060427437
2007-01-12,0.0,0.1425235257473041
2007-01-13,0.0,0.0628458840516968
2007-01-14,0.0,0.12672354022921523
2007-01-15,0.0,0.057697702759275576
2007-01-16,1.0,0.12998543289795417
2007-01-17,0.0,0.12522004589250865
2007-01-18,0.0,0.1381012889806036
2007-01-19,0.0,0.08589165797755752
2007-01-20,0.0,0.12635303498237688
2007-01-21,0.0,0.10549773485624422
2007-01-22,0.0,0.14483324400684544
2007-01-23,0.0,0.12270133397497765
2007-01-24,0.0,0.08690808120453952
2007-01-25,0.0,0.09613711956387352
2007-01-26,0.0,0.1085300466601694
2007-01-27,0.0,0.10185657811981505
2007-01-28,0.0,0.1302063299068182
2007-01-29,0.0,0.09054485352037565
2007-01-30,0.0,0.06744616114616254
2007-01-31,0.0,0.05050112570532477
2007-02-01,0.0,0.1481673217602303
2007-02-02,1.0,0.08131963079872946
2007-02-03,0.0,0.1285306900968756
2007-02-04,0.0,0.09392110580688479
2007-02-05,0.0,0.07443184346598794
2007-02-06,0.0,0.12844972772848628
2007-02-07,0.0,0.09940284797088106
2007-02-08,0.0,0.061156008267986985
2007-02-09,0.0,0.10821652664334086
2007-02-10,0.0,0.08457721047916282
2007-02-11,0.0,0.10711655238471146
2007-02-12,0.0,0.12372182857194039
2007-02-13,0.0,0.14373144576697894
2007-02-14,0.0,0.05185575433202036
2007-02-15,0.0,0.11631560337754045
2007-02-16,0.0,0.1105670660423696
2007-02-17,0.0,0.12725052033794676
2007-02-18,0.0,0.11985570724732261
2007-02-19,0.0,0.1415261981598819
2007-02-20,0.0,0.07760286866350909
2007-02-21,0.0,0.050087385202752445
2007-02-22,0.0,0.09248458327367015
2007-02-23,0.0,0.05432964673239413
2007-02-24,0.0,0.08876099068243662
2007-02-25,0.0,0.12780393990711303
2007-02-26,0.0,0.10036761636230643
2007-02-27,0.0,0.11729434822451647
2007-02-28,0.0,0.0915134995514512
2007-03-01,0.0,0.09802459352331144
2007-03-02,0.0,0.14750890954589868
2007-03-03,0.0,0.05871366024016139
2007-03-04,0.0,0.07127775890351142
2007-03-05,0.0,0.08827480106484839
2007-03-06,0.0,0.07144242413521058
2007-03-07,0.0,0.09046101552809163
2007-03-08,0.0,0.13639087478847023
2007-03-09,0.0,0.08562137386098571
2007-03-10,0.0,0.06536328786318177
2007-03-11,0.0,0.12530039495702483
2007-03-12,0.0,0.09454520519285481
2007-03-13,0.0,0.10930313631193947
2007-03-14,0.0,0.09350063703286132
2007-03-15,0.0,0.054777554538628405
2007-03-16,0.0,0.11418661867276358
2007-03-17,0.0,0.1102998834038316
2007-03-18,0.0,0.11010127911305971
2007-03-19,0.0,0.13780559540337345
2007-03-20,0.0,0.06193427900117724
2007-03-21,0.0,0.05170344915692482
2007-03-22,1.0,0.12329774964448122
2007-03-23,1.0,0.10523526242960562
2007-03-24,0.0,0.05070162247370627
2007-03-25,0.0,0.06102607471053337
2007-03-26,0.0,0.12428044636138912
2007-03-27,0.0,0.13357147729522392
2007-03-28,0.0,0.1277573057129084
2007-03-29,0.0,0.12355561221658168
2007-03-30,0.0,0.09712072601488096
2007-03-31,0.0,0.05730279321977541
2007-04-01,0.0,0.11170051927870561
2007-04-02,0.0,0.08046633638707315
2007-04-03,0.0,0.11874231058019337
2007-04-04,0.0,0.10676123188945733
2007-04-05,1.0,0.07588178145580311
2007-04-06,0.0,0.052246316507235525
2007-04-07,0.0,0.07249197717690434
2007-04-08,0.0,0.14421613013383655
2007-04-09,0.0,0.06369448360170832
2007-04-10,0.0,0.05906257137744704
2007-04-11,0.0,0.10304265389478331
2007-04-12,0.0,0.05320283260030223
2007-04-13,0.0,0.07167855785985318
2007-04-14,0.0,0.0695602267268561
2007-04-15,0.0,0.10476335041524762
2007-04-16,0.0,0.1464404408592524
2007-04-17,0.0,0.09703294912628269
2007-04-18,0.0,0.0948090248828618
2007-04-19,0.0,0.07764126987445776
2007-04-20,0.0,0.056507110811802076
2007-04-21,0.0,0.10595429957010022
2007-04-22,0.0,0.1453039297257997
2007-04-23,0.0,0.08556541178347152
2007-04-24,0.0,0.06672190609051272
2007-04-25,0.0,0.1374918683195908
2007-04-26,0.0,0.0775984151590044
2007-04-27,0.0,0.11787705482421831
2007-04-28,0.0,0.11186476243476227
2007-04-29,0.0,0.09250381879563344
2007-04-30,0.0,0.10254373290605559
2007-05-01,0.0,0.1114319892883627
2007-05-02,0.0,0.08168967544714217
2007-05-03,1.0,0.1398756818198908
2007-05-04,0.0,0.14138548905557807
2007-05-05,1.0,0.13738546773868532
2007-05-06,0.0,0.12229274044726057
2007-05-07,0.0,0.12360391833268403
2007-05-08,0.0,0.08140039949794234
2007-05-09,0.0,0.08213608764321426
2007-05-10,0.0,0.08722421934050464
2007-05-11,0.0,0.09421724995302731
2007-05-12,0.0,0.1489375139744698
2007-05-13,0.0,0.05244881461881169
2007-05-14,0.0,0.07193695222346476
2007-05-15,0.0,0.052561558953318654
2007-05-16,0.0,0.06829293947853547
2007-05-17,0.0,0.12501854475181817
2007-05-18,0.0,0.08454798119007531
2007-05-19,0.0,0.10871104310386508
2007-05-20,0.0,0.11676389896036439
2007-05-21,0.0,0.11109531437648656
2007-05-22,0.0,0.07101592364201058
2007-05-23,0.0,0.052868221225145166
2007-05-24,0.0,0.11521994754895616
2007-05-25,0.0,0.08512330550195107
2007-05-26,0.0,0.09416737600247885
2007-05-27,0.0,0.06480354097417847
2007-05-28,0.0,0.11928475071911715
2007-05-29,0.0,0.08422788212883177
2007-05-30,0.0,0.10813792974318806
2007-05-31,0.0,0.13832123355484688
2007-06-01,0.0,0.09058854268973422
2007-06-02,1.0,0.06325537224838733
2007-06-03,0.0,0.06879014019534388
2007-06-04,0.0,0.09243050083557644
2007-06-05,0.0,0.07070765192246943
2007-06-06,0.0,0.14236459749060262
2007-06-07,0.0,0.05359560408810962
2007-06-08,0.0,0.10338258441237647
2007-06-09,0.0,0.07300793940041136
2007-06-10,0.0,0.12352473069620164
2007-06-11,0.0,0.11864593078560666
2007-06-12,0.0,0.05225719921989983
2007-06-13,1.0,0.06777023541856289
2007-06-14,0.0,0.10320999152018975
2007-06-15,0.0,0.10468734862288524
2007-06-16,1.0,0.09957370031798249
2007-06-17,0.0,0.08287143835847652
2007-06-18,0.0,0.11603423807928913
2007-06-19,0.0,0.05696992986814319
2007-06-20,1.0,0.09171904225167164
2007-06-21,0.0,0.07915261689712681
2007-06-22,0.0,0.06912632004392447
2007-06-23,0.0,0.08212109761665665
2007-06-24,0.0,0.07920730947083898
2007-06-25,0.0,0.05075480465457011
2007-06-26,1.0,0.14700981915672176
2007-06-27,0.0,0.057077518540632914
2007-06-28,0.0,0.1069083002301168
2007-06-29,0.0,0.11215261006451732
2007-06-30,0.0,0.1000027434483361
2007-07-01,0.0,0.06896243854559031
2007-07-02,0.0,0.13223165394248343
2007-07-03,0.0,0.0930079428056376
2007-07-04,0.0,0.10103580396706563
2007-07-05,0.0,0.09224757403678935
2007-07-06,0.0,0.14723712208435658
2007-07-07,0.0,0.07160897255412736
2007-07-08,0.0,0.054584959714967976
2007-07-09,0.0,0.07002703658635974
2007-07-10,0.0,0.09304851079013451
2007-07-11,1.0,0.1427847568815413
2007-07-12,0.0,0.05796069397180506
2007-07-13,0.0,0.10695250014429673
2007-07-14,0.0,0.060009620662859454
2007-07-15,0.0,0.08585943495569369
2007-07-16,0.0,0.14878691035127223
2007-07-17,0.0,0.05640250179772484
2007-07-18,0.0,0.08254166932247786
2007-07-19,0.0,0.07364545366685019
2007-07-20,0.0,0.1365886031257154
2007-07-21,0.0,0.059110830824769825
2007-07-22,0.0,0.06675092989994381
2007-07-23,0.0,0.1073904835453893
2007-07-24,0.0,0.13286666182788615
2007-07-25,0.0,0.11652018161853359
2007-07-26,0.0,0.09824478421661131
2007-07-27,0.0,0.06914935537460114
2007-07-28,0.0,0.1052319863472099
2007-07-29,0.0,0.10501156215339938
2007-07-30,0.0,0.0686991371100558
2007-07-31,0.0,0.1392781632958458
2007-08-01,0.0,0.07187088074492834
2007-08-02,0.0,0.10934111263030821
2007-08-03,0.0,0.08554658546119982
2007-08-04,0.0,0.14610394561021328
2007-08-05,0.0,0.07751434780964717
2007-08-06,0.0,0.061721165686776415
2007-08-07,0.0,0.12067914585030869
2007-08-08,0.0,0.12939984763067408
2007-08-09,0.0,0.14707850842219083
2007-08-10,0.0,0.07355619605616401
2007-08-11,0.0,0.08129711223564298
2007-08-12,0.0,0.10028051524645429
2007-08-13,0.0,0.10699836877898508
2007-08-14,0.0,0.07047210834217352
2007-08-15,1.0,0.14402096733221703
2007-08-16,0.0,0.12459070925744475
2007-08-17,0.0,0.10504946690779537
2007-08-18,0.0,0.13446069282405504
2007-08-19,0.0,0.14214589798431165
2007-08-20,0.0,0.09059327230418701
2007-08-21,0.0,0.107286325776527
2007-08-22,0.0,0.06297393901165173
2007-08-23,0.0,0.08107473102776915
2007-08-24,1.0,0.06941676726548672
2007-08-25,0.0,0.06332472743181798
2007-08-26,0.0,0.059442975557069316
2007-08-27,0.0,0.05005819916566643
2007-08-28,0.0,0.14193965478254042
2007-08-29,0.0,0.05884137993270677
2007-08-30,0.0,0.11053896735413071
2007-08-31,0.0,0.1320787327229046
2007-09-01,0.0,0.09264693707802624
2007-09-02,0.0,0.06739055413176062
2007-09-03,0.0,0.09330950480722965
2007-09-04,0.0,0.09851772456202651
2007-09-05,0.0,0.1148107885085512
2007-09-06,0.0,0.14598958700749678
2007-09-07,0.0,0.14893711884953292
2007-09-08,0.0,0.13185521951117207
2007-09-09,0.0,0.07275501179546165
2007-09-10,0.0,0.06015201992295858
2007-09-11,0.0,0.10903435459793565
2007-09-12,0.0,0.0986198333667753
2007-09-13,0.0,0.08574463846106391
2007-09-14,0.0,0.0857607271587141
2007-09-15,0.0,0.07978569112546048
2007-09-16,0.0,0.060631207690336864
2007-09-17,0.0,0.065180139617371
2007-09-18,0.0,0.09988668925083499
2007-09-19,0.0,0.08730854170897798
2007-09-20,0.0,0.12626723987141397
2007-09-21,0.0,0.10999856872071188
2007-09-22,0.0,0.14444169164227416
2007-09-23,0.0,0.07518658909101264
2007-09-24,0.0,0.056072280147887725
2007-09-25,0.0,0.07907584956948134
2007-09-26,0.0,0.07067784097108329
2007-09-27,0.0,0.11343998972006346
2007-09-28,0.0,0.0653665596644045
2007-09-29,0.0,0.05476148311850454
2007-09-30,0.0,0.09243378629707685
2007-10-01,0.0,0.12861157117234526
2007-10-02,0.0,0.13078984560785142
2007-10-03,0.0,0.06644677636772697
2007-10-04,0.0,0.143326842014327
2007-10-05,0.0,0.14592852942742862
2007-10-06,0.0,0.08571875684720986
2007-10-07,0.0,0.07900140845161116
2007-10-08,0.0,0.10355866861838123
2007-10-09,1.0,0.08748875004014274
2007-10-10,0.0,0.14253897938021554
2007-10-11,0.0,0.07639213536240094
2007-10-12,0.0,0.11703792062062975
2007-10-13,0.0,0.08114381002692342
2007-10-14,0.0,0.09180489729359304
2007-10-15,0.0,0.14866479204470945
2007-10-16,0.0,0.13223607808919224
2007-10-17,0.0,0.10744527731497447
2007-10-18,0.0,0.0741492630005573
2007-10-19,0.0,0.08481279604494829
2007-10-20,0.0,0.09829618202872814
2007-10-21,0.0,0.07629427158768394
2007-10-22,0.0,0.06718183909630907
2007-10-23,1.0,0.1447953139944653
2007-10-24,0.0,0.12548865207778942
2007-10-25,0.0,0.07264707859605513
2007-10-26,0.0,0.0715998183415512
2007-10-27,0.0,0.11171843694526842
2007-10-28,0.0,0.10323799431401581
2007-10-29,0.0,0.14965505940436313
2007-10-30,0.0,0.1122295061091501
2007-10-31,0.0,0.07677943255516886
2007-11-01,1.0,0.06476092438024038
2007-11-02,0.0,0.10812934705399133
2007-11-03,0.0,0.06651961657296462
2007-11-04,0.0,0.1469392900830814
2007-11-05,0.0,0.14832613182980997
2007-11-06,0.0,0.07703467476575834
2007-11-07,0.0,0.1254547131070584
2007-11-08,0.0,0.1071887230583839
2007-11-09,0.0,0.14288019339647479
2007-11-10,0.0,0.1372387265040601
2007-11-11,0.0,0.10162975824539809
2007-11-12,0.0,0.12278813048180943
2007-11-13,0.0,0.11174271151085789
2007-11-14,0.0,0.10805286871503142
2007-11-15,0.0,0.052865318572280696
2007-11-16,0.0,0.12320008800649154
2007-11-17,0.0,0.09013894055705214
2007-11-18,0.0,0.09046978356631266
2007-11-19,0.0,0.11962357961053224
2007-11-20,0.0,0.10587045972043024
2007-11-21,0.0,0.06699766049168654
2007-11-22,0.0,0.09820195171116844
2007-11-23,0.0,0.08262480461895665
2007-11-24,1.0,0.05340414925194216
2007-11-25,0.0,0.11998394519085707
2007-11-26,0.0,0.06572193735688624
2007-11-27,1.0,0.10891859048603729
2007-11-28,0.0,0.09817297921064805
2007-11-29,0.0,0.052990523459194167
2007-11-30,0.0,0.14977259692654826
2007-12-01,0.0,0.10070200794616901
2007-12-02,0.0,0.1469526847792437
2007-12-03,0.0,0.0688561906001096
2007-12-04,0.0,0.11873452282416583
2007-12-05,0.0,0.07884089090465042
2007-12-06,0.0,0.07209176196810066
2007-12-07,0.0,0.07159807611198281
2007-12-08,0.0,0.09973089801115706
2007-12-09,0.0,0.0750124687065294
2007-12-10,0.0,0.12376174910713662
2007-12-11,0.0,0.05411599547055032
2007-12-12,0.0,0.13179838495119328
2007-12-13,0.0,0.06663266841401637
2007-12-14,0.0,0.12154617807694122
2007-12-15,0.0,0.14455613266016842
2007-12-16,1.0,0.148743833572358
2007-12-17,0.0,0.1293531081917384
2007-12-18,0.0,0.05268169902343607
2007-12-19,0.0,0.07332498732970545
2007-12-20,0.0,0.07311122062451496
2007-12-21,0.0,0.055513803862777246
2007-12-22,0.0,0.11884851058306307
2007-12-23,0.0,0.05599164521028767
2007-12-24,0.0,0.12622594511192495
2007-12-25,0.0,0.055924712086464545
2007-12-26,0.0,0.11623962632866952
2007-12-27,0.0,0.11996564353822134
2007-12-28,0.0,0.10653653047004494
2007-12-29,0.0,0.06547601506358827
2007-12-30,0.0,0.054014566295612354
2007-12-31,0.0,0.1293283956195844
2008-01-01,0.0,0.09483799298543077
2008-01-02,0.0,0.07760172181222194
2008-01-03,0.0,0.08447526526961618
2008-01-04,0.0,0.08253642298052447
2008-01-05,0.0,0.12329035433883222
2008-01-06,0.0,0.12999795680570608
2008-01-07,0.0,0.09183004980207912
2008-01-08,0.0,0.07867864294173821
2008-01-09,0.0,0.10636006821701013
2008-01-10,0.0,0.0697194055604494
2008-01-11,0.0,0.05552081857207461
2008-01-12,0.0,0.05472399512410513
2008-01-13,0.0,0.13732324525239986
2008-01-14,0.0,0.12481143510265298
2008-01-15,0.0,0.12279065647795184
2008-01-16,0.0,0.09430168669516667
2008-01-17,0.0,0.1385336246329255
2008-01-18,1.0,0.12371136693920264
2008-01-19,0.0,0.08632494622678202
2008-01-20,0.0,0.058525626899070426
2008-01-21,0.0,0.06205063454021853
2008-01-22,0.0,0.10399098207651186
2008-01-23,0.0,0.05639906219091463
2008-01-24,0.0,0.12196544360528765
2008-01-25,0.0,0.09547376084941697
2008-01-26,0.0,0.06972482782853698
2008-01-27,0.0,0.06016151461863237
2008-01-28,0.0,0.06703978258726839
2008-01-29,0.0,0.1053924796483223
2008-01-30,0.0,0.0703676406250322
2008-01-31,0.0,0.12632409497497163
2008-02-01,0.0,0.1444828785437262
2008-02-02,1.0,0.05971935754336532
2008-02-03,0.0,0.12937452714878708
2008-02-04,0.0,0.0781800729607047
2008-02-05,0.0,0.0579291711832701
2008-02-06,0.0,0.09745406398490356
2008-02-07,0.0,0.05818832139611272
2008-02-08,0.0,0.14830565943302376
2008-02-09,0.0,0.12497267260107864
2008-02-10,0.0,0.12416937050367595
2008-02-11,0.0,0.09842361428057797
2008-02-12,0.0,0.14719169893683187
2008-02-13,0.0,0.05528085426356169
2008-02-14,0.0,0.11898412986051701
2008-02-15,0.0,0.09793420985691123
2008-02-16,0.0,0.14517614858607514
2008-02-17,0.0,0.1141012444391626
2008-02-18,0.0,0.1439923611652251
2008-02-19,0.0,0.06838320307589124
2008-02-20,0.0,0.09099643327752202
2008-02-21,0.0,0.0898621352560365
2008-02-22,0.0,0.13790895707012513
2008-02-23,0.0,0.05417312878232329
2008-02-24,0.0,0.06347574593911802
2008-02-25,0.0,0.13483212046666582
2008-02-26,0.0,0.14705604634999403
2008-02-27,0.0,0.09035590280250987
2008-02-28,0.0,0.1326798867488977
2008-02-29,0.0,0.13766540298250607
2008-03-01,0.0,0.07003868155546325
2008-03-02,1.0,0.05176481149604461
2008-03-03,0.0,0.13089033251496512
2008-03-04,0.0,0.0990425470817975
2008-03-05,0.0,0.1435819637916081
2008-03-06,0.0,0.11977679550767838
2008-03-07,0.0,0.06115884256224945
2008-03-08,0.0,0.14911200235642574
2008-03-09,0.0,0.10069247439698747
2008-03-10,0.0,0.05395526157548783
2008-03-11,0.0,0.11761748242091351
2008-03-12,1.0,0.09689807268057132
2008-03-13,0.0,0.08011728173508208
2008-03-14,0.0,0.1007866655565417
2008-03-15,0.0,0.14819578540881945
2008-03-16,0.0,0.09321036269644267
2008-03-17,0.0,0.058999223998476624
2008-03-18,0.0,0.10939263895545331
2008-03-19,0.0,0.08998698180226856
2008-03-20,0.0,0.09500371131956145
2008-03-21,0.0,0.058380490125999586
2008-03-22,0.0,0.12223405181234608
2008-03-23,0.0,0.1261560419974839
2008-03-24,0.0,0.12168594130885141
2008-03-25,0.0,0.09592869537839646
2008-03-26,0.0,0.08602697242198094
2008-03-27,0.0,0.09017544053228703
2008-03-28,0.0,0.13763979736942455
2008-03-29,0.0,0.05781049811810843
2008-03-30,1.0,0.12766067175158263
2008-03-31,0.0,0.08570622563639507
2008-04-01,0.0,0.14578784886100932
2008-04-02,0.0,0.10438126226751865
2008-04-03,0.0,0.13510925319817166
2008-04-04,0.0,0.0895008417303378
2008-04-05,0.0,0.05644048669638261
2008-04-06,0.0,0.075136862392338
2008-04-07,0.0,0.12806163041757299
2008-04-08,0.0,0.11732314524347777
2008-04-09,1.0,0.12204799931426592
2008-04-10,0.0,0.12913378355402164
2008-04-11,0.0,0.08814910745293877
2008-04-12,0.0,0.06318490038067973
2008-04-13,0.0,0.06760565726605958
2008-04-14,0.0,0.07073357122478263
2008-04-15,0.0,0.06529027388269278
2008-04-16,0.0,0.07358495728859432
2008-04-17,1.0,0.060570403852221955
2008-04-18,0.0,0.053466378916992796
2008-04-19,1.0,0.06154700813665857
2008-04-20,0.0,0.09945234621234197
2008-04-21,0.0,0.05235964619811291
2008-04-22,0.0,0.11071086297992491
2008-04-23,0.0,0.13169813197743985
2008-04-24,0.0,0.13615643419425433
2008-04-25,0.0,0.11496336228303435
2008-04-26,0.0,0.05418421757063069
2008-04-27,0.0,0.0682264746270708
2008-04-28,0.0,0.13772290419388838
2008-04-29,0.0,0.09870944938874554
2008-04-30,0.0,0.0772636190710982
2008-05-01,0.0,0.09146756651776018
2008-05-02,0.0,0.055631004738000124
2008-05-03,0.0,0.07820527361035215
2008-05-04,0.0,0.1465980096465767
2008-05-05,1.0,0.06224074529846753
2008-05-06,0.0,0.09392038905694311
2008-05-07,0.0,0.12809834910678772
2008-05-08,0.0,0.13813450590344917
2008-05-09,0.0,0.10059851745220093
2008-05-10,0.0,0.0635510347229988
2008-05-11,0.0,0.12537749353392585
2008-05-12,1.0,0.057837311291893095
2008-05-13,0.0,0.11665239640756023
2008-05-14,0.0,0.12271402987398454
2008-05-15,0.0,0.1402217906172204
2008-05-16,0.0,0.09151440533944087
2008-05-17,0.0,0.07944280140062582
2008-05-18,0.0,0.07689088129450009
2008-05-19,0.0,0.10091394251363744
2008-05-20,0.0,0.14615531897597334
2008-05-21,0.0,0.11610356669637617
2008-05-22,0.0,0.10174465142262465
2008-05-23,0.0,0.08981233837859699
2008-05-24,0.0,0.10669549530167459
2008-05-25,0.0,0.05298539542366065
2008-05-26,0.0,0.08942069219162053
2008-05-27,0.0,0.1472181366748552
2008-05-28,0.0,0.13806805951903778
2008-05-29,0.0,0.1256511427831421
2008-05-30,0.0,0.1236829391964798
2008-05-31,0.0,0.10391429904331971
2008-06-01,0.0,0.10568768597245991
2008-06-02,0.0,0.13320206724988182
2008-06-03,0.0,0.12825103203303312
2008-06-04,0.0,0.08141994658592552
2008-06-05,0.0,0.12774909441747045
2008-06-06,0.0,0.0972846801904955
2008-06-07,0.0,0.12238748874163043
2008-06-08,0.0,0.05312219718290663
2008-06-09,0.0,0.06306536555410044
2008-06-10,0.0,0.14938523887539312
2008-06-11,0.0,0.07063423912050784
2008-06-12,0.0,0.08506756068885155
2008-06-13,0.0,0.1357039261255948
2008-06-14,0.0,0.08756488980358203
2008-06-15,0.0,0.12253468598629787
2008-06-16,0.0,0.12676815976991979
2008-06-17,0.0,0.09507468403414931
2008-06-18,0.0,0.10054782631771762
2008-06-19,0.0,0.09470482286846879
2008-06-20,0.0,0.053118521528932816
2008-06-21,0.0,0.07546319288636023
2008-06-22,0.0,0.10470457457598914
2008-06-23,0.0,0.08870923969519913
2008-06-24,1.0,0.07415293788720144
2008-06-25,0.0,0.1327113636287202
2008-06-26,0.0,0.12205399077330337
2008-06-27,0.0,0.1050545785499874
2008-06-28,0.0,0.14863052798392296
2008-06-29,0.0,0.1404170971290216
2008-06-30,0.0,0.12679870700963325
2008-07-01,0.0,0.1440222614469439
2008-07-02,0.0,0.053180949829257966
2008-07-03,0.0,0.0995974469547494
2008-07-04,0.0,0.12400856442097041
2008-07-05,0.0,0.058085743917008104
2008-07-06,0.0,0.09789232072236725
2008-07-07,0.0,0.0879654038133709
2008-07-08,0.0,0.1138388342638417
2008-07-09,0.0,0.0586928749864084
2008-07-10,0.0,0.12922940887295398
2008-07-11,1.0,0.11703225952548964
2008-07-12,0.0,0.05880474219367028
2008-07-13,0.0,0.13593318675513236
2008-07-14,0.0,0.10288194312269477
2008-07-15,0.0,0.12820423093159794
2008-07-16,0.0,0.06312096531881711
2008-07-17,1.0,0.0505155061926075
2008-07-18,0.0,0.1408301965693353
2008-07-19,0.0,0.13993983137166185
2008-07-20,0.0,0.07359297165654803
2008-07-21,0.0,0.06395771507495084
2008-07-22,0.0,0.13508455188773827
2008-07-23,0.0,0.11292382654428249
2008-07-24,0.0,0.14097016175365876
2008-07-25,0.0,0.14340118977879734
2008-07-26,0.0,0.058275644019867734
2008-07-27,0.0,0.10306458562243379
2008-07-28,0.0,0.08821061768958015
2008-07-29,0.0,0.07729496514320136
2008-07-30,0.0,0.12717857065144905
2008-07-31,0.0,0.10412244458303292
2008-08-01,0.0,0.0614502673024761
2008-08-02,0.0,0.14634316029644867
2008-08-03,0.0,0.14440654890289684
2008-08-04,0.0,0.08623717427204654
2008-08-05,0.0,0.09838303512240558
2008-08-06,0.0,0.11334727102608819
2008-08-07,0.0,0.14475506256647594
2008-08-08,0.0,0.14159727612708206
2008-08-09,0.0,0.11617122969643395
2008-08-10,0.0,0.12219601046538438
2008-08-11,0.0,0.13431668375663375
2008-08-12,0.0,0.08117932581169728
2008-08-13,0.0,0.13019790899557682
2008-08-14,0.0,0.09231106569433414
2008-08-15,0.0,0.08332860265002745
2008-08-16,1.0,0.07622885514193825
2008-08-17,0.0,0.12220281890615138
2008-08-18,0.0,0.14104970368819314
2008-08-19,0.0,0.11042963831395897
2008-08-20,0.0,0.05411420577647955
2008-08-21,1.0,0.09619754263673896
2008-08-22,0.0,0.12728496816013232
2008-08-23,0.0,0.11427513514161006
2008-08-24,1.0,0.12272462003179234
2008-08-25,0.0,0.06250772659634878
2008-08-26,0.0,0.07546112965225858
2008-08-27,0.0,0.08594322332674295
2008-08-28,0.0,0.09161559994967586
2008-08-29,0.0,0.06488268028116873
2008-08-30,0.0,0.13376798350851568
2008-08-31,0.0,0.0794845870263701
2008-09-01,0.0,0.11838856282268964
2008-09-02,0.0,0.10722662550998124
2008-09-03,0.0,0.14174797806918915
2008-09-04,0.0,0.13005277068016974
2008-09-05,0.0,0.06434659013101506
2008-09-06,0.0,0.13470375930945488
2008-09-07,0.0,0.05162357887541245
2008-09-08,0.0,0.12561834195155763
2008-09-09,0.0,0.06547936314156391
2008-09-10,0.0,0.13888552769180348
2008-09-11,0.0,0.10336752212744231
2008-09-12,0.0,0.07673263339844162
2008-09-13,0.0,0.10697771327169828
2008-09-14,0.0,0.058859412866207605
2008-09-15,0.0,0.1437693834657377
2008-09-16,0.0,0.07166341390004768
2008-09-17,0.0,0.09036293824453166
2008-09-18,0.0,0.09477662320598701
2008-09-19,0.0,0.09903337246623888
2008-09-20,0.0,0.06855172516386392
2008-09-21,0.0,0.09727565374424882
2008-09-22,0.0,0.11316986598830678
2008-09-23,0.0,0.10600170812040807
2008-09-24,0.0,0.0848076716377738
2008-09-25,0.0,0.14705665585109978
2008-09-26,0.0,0.13306469539703547
2008-09-27,0.0,0.06901074483059064
2008-09-28,1.0,0.06738660171497182
2008-09-29,0.0,0.10588866981586348
2008-09-30,1.0,0.11291188771307029
2008-10-01,0.0,0.12523294095755338
2008-10-02,0.0,0.07337682337008096
2008-10-03,0.0,0.08347646238513896
2008-10-04,0.0,0.09123969916807254
2008-10-05,0.0,0.0851031876396718
2008-10-06,0.0,0.10141293296199731
2008-10-07,0.0,0.07739503773765932
2008-10-08,0.0,0.056725261386781536
2008-10-09,0.0,0.07564107158195368
2008-10-10,0.0,0.09660228488723076
2008-10-11,0.0,0.050306788570678954
2008-10-12,0.0,0.11716655850983249
2008-10-13,0.0,0.11240871174531519
2008-10-14,0.0,0.10385820101433646
2008-10-15,0.0,0.11179603685936423
2008-10-16,0.0,0.13447629616771903
2008-10-17,0.0,0.0759593197087786
2008-10-18,0.0,0.10797404915178137
2008-10-19,0.0,0.14504849217623256
2008-10-20,0.0,0.14787158784990384
2008-10-21,0.0,0.122975859489237
2008-10-22,0.0,0.05444953058085568
2008-10-23,0.0,0.09321726401529112
2008-10-24,0.0,0.05527168768875517
2008-10-25,0.0,0.07452951977586285
2008-10-26,0.0,0.13461329112986326
2008-10-27,0.0,0.14356656403532284
2008-10-28,0.0,0.10304589797493972
2008-10-29,0.0,0.08917589349453145
2008-10-30,0.0,0.11651072106017109
2008-10-31,0.0,0.0863841532496593
2008-11-01,0.0,0.11389596316119309
2008-11-02,0.0,0.14320861973988558
2008-11-03,0.0,0.05951614719150934
2008-11-04,0.0,0.07364938683843823
2008-11-05,0.0,0.14263362634311966
2008-11-06,0.0,0.11941095101289513
2008-11-07,0.0,0.07796141067581476
2008-11-08,0.0,0.09780414276233917
2008-11-09,0.0,0.1184303018111857
2008-11-10,0.0,0.12015263540689743
2008-11-11,0.0,0.12453921134624825
2008-11-12,0.0,0.08207520830966135
2008-11-13,0.0,0.09320640100188185
2008-11-14,0.0,0.12798583544083716
2008-11-15,0.0,0.09110072926161565
2008-11-16,0.0,0.05820947360979761
2008-11-17,1.0,0.07134969328794219
2008-11-18,0.0,0.10413020664223094
2008-11-19,0.0,0.11471745463227555
2008-11-20,0.0,0.13600800972756297
2008-11-21,1.0,0.10763558068919002
2008-11-22,0.0,0.06032690595004184
2008-11-23,1.0,0.11848600445044434
2008-11-24,0.0,0.08687773907923908
2008-11-25,0.0,0.14881826357272065
2008-11-26,1.0,0.09113041869797325
2008-11-27,0.0,0.05920778619102059
2008-11-28,0.0,0.12970203802147073
2008-11-29,0.0,0.0746104557349355
2008-11-30,0.0,0.1139464591268647
2008-12-01,0.0,0.057319573388255156
2008-12-02,0.0,0.13098112939269868
2008-12-03,0.0,0.07967988076393887
2008-12-04,0.0,0.10327797229173688
2008-12-05,0.0,0.10027471471554569
2008-12-06,0.0,0.14385351912154754
2008-12-07,0.0,0.07156309074007954
2008-12-08,0.0,0.1094744119117999
2008-12-09,0.0,0.0766325901951759
2008-12-10,0.0,0.11612147833835619
2008-12-11,1.0,0.05559982333576116
2008-12-12,0.0,0.14161392326680428
2008-12-13,0.0,0.060489350664293354
2008-12-14,0.0,0.07123175077253088
2008-12-15,1.0,0.12188863795195301
2008-12-16,0.0,0.05750574135340423
2008-12-17,0.0,0.12720019107124522
2008-12-18,0.0,0.12317403035390655
2008-12-19,0.0,0.08404412223416746
2008-12-20,0.0,0.10281305251831402
2008-12-21,0.0,0.07412070774293279
2008-12-22,0.0,0.07504102743384197
2008-12-23,0.0,0.08264547583117648
2008-12-24,0.0,0.14485996182203525
2008-12-25,0.0,0.08148047485069834
2008-12-26,0.0,0.07105735274752109
2008-12-27,0.0,0.08878860799308846
2008-12-28,0.0,0.1272754292509362
2008-12-29,0.0,0.13486101179186843
2008-12-30,0.0,0.09017692251422044
2008-12-31,0.0,0.09390092972283319
2009-01-01,0.0,0.10066504624990338
2009-01-02,0.0,0.1462108167351913
2009-01-03,0.0,0.12149647887684813
2009-01-04,0.0,0.05837270408713892
2009-01-05,0.0,0.075883371471011
2009-01-06,0.0,0.06226994881605157
2009-01-07,0.0,0.10158663721695962
2009-01-08,0.0,0.08155335012218753
2009-01-09,0.0,0.06692412968798202
2009-01-10,0.0,0.13264988837851316
2009-01-11,0.0,0.08644795195753127
2009-01-12,1.0,0.0838722213820926
2009-01-13,0.0,0.07984677280557578
2009-01-14,0.0,0.12907165999410133
2009-01-15,0.0,0.14290157153255345
2009-01-16,0.0,0.07668641804634634
2009-01-17,0.0,0.06901252105241357
2009-01-18,0.0,0.09347337119716145
2009-01-19,0.0,0.08099782848133188
2009-01-20,0.0,0.0741741515155622
2009-01-21,0.0,0.11923403755147516
2009-01-22,0.0,0.08580754258445575
2009-01-23,0.0,0.14025387068942657
2009-01-24,1.0,0.0633360295559945
2009-01-25,0.0,0.13161729571938025
2009-01-26,0.0,0.14857255721363244
2009-01-27,0.0,0.11354417616977884
2009-01-28,0.0,0.09622829415449258
2009-01-29,0.0,0.1266151609825262
2009-01-30,0.0,0.10016458812756746
2009-01-31,1.0,0.10884581010053294
2009-02-01,0.0,0.06668482161285322
2009-02-02,0.0,0.0566216830037826
2009-02-03,0.0,0.07743668345248814
2009-02-04,0.0,0.1339173344072363
2009-02-05,0.0,0.05895899158442244
2009-02-06,0.0,0.07426239983013685
2009-02-07,0.0,0.12204683477299744
2009-02-08,0.0,0.14476721024266093
2009-02-09,0.0,0.1429893970190913
2009-02-10,0.0,0.1310370290835703
2009-02-11,0.0,0.0572053404790724
2009-02-12,0.0,0.05723073102916122
2009-02-13,0.0,0.12230987043505699
2009-02-14,0.0,0.13665240917794463
2009-02-15,0.0,0.08303325793046594
2009-02-16,0.0,0.07166859713194457
2009-02-17,0.0,0.13232814116140376
2009-02-18,0.0,0.07532156566821768
2009-02-19,0.0,0.09791876230789015
2009-02-20,0.0,0.13305901622014202
2009-02-21,0.0,0.13046956276005858
2009-02-22,0.0,0.10019238239023273
2009-02-23,0.0,0.064591354528939
2009-02-24,0.0,0.09411545514240807
2009-02-25,0.0,0.09097509129595602
2009-02-26,0.0,0.12799110813976713
2009-02-27,0.0,0.05065334964110999
2009-02-28,0.0,0.07770894643883727
2009-03-01,1.0,0.05678542292561786
2009-03-02,0.0,0.06702355536579599
2009-03-03,0.0,0.12123315014387945
2009-03-04,0.0,0.10181064781003883
2009-03-05,0.0,0.06908346473868023
2009-03-06,0.0,0.1103666486580398
2009-03-07,0.0,0.06583110667513505
2009-03-08,0.0,0.14775414400357328
2009-03-09,0.0,0.07179638568254554
2009-03-10,0.0,0.07155954401805024
2009-03-11,0.0,0.06069921896840477
2009-03-12,0.0,0.09211073632438332
2009-03-13,0.0,0.10002319490174431
2009-03-14,0.0,0.1295048396863286
2009-03-15,0.0,0.1115153344094103
2009-03-16,1.0,0.08114937335682187
2009-03-17,1.0,0.05921650120628202
2009-03-18,0.0,0.05909584967055366
2009-03-19,0.0,0.12545489239774615
2009-03-20,0.0,0.11351350144483205
2009-03-21,1.0,0.08431643240376327
2009-03-22,0.0,0.10543684206427573
2009-03-23,0.0,0.1402142751024382
2009-03-24,0.0,0.11673451063846013
2009-03-25,0.0,0.1463278115158542
2009-03-26,0.0,0.09032816953220596
2009-03-27,0.0,0.07090486225253424
2009-03-28,0.0,0.10628655358988501
2009-03-29,0.0,0.13223531648044756
2009-03-30,1.0,0.14853432819218748
2009-03-31,0.0,0.07638884895358611
2009-04-01,0.0,0.11141301373417893
2009-04-02,0.0,0.09335960872318116
2009-04-03,0.0,0.10453989499728386
2009-04-04,0.0,0.05633222334826359
2009-04-05,0.0,0.08546138631518804
2009-04-06,0.0,0.1393518633474075
2009-04-07,0.0,0.14079819526080378
2009-04-08,0.0,0.0928536971160696
2009-04-09,0.0,0.14549500594271456
2009-04-10,0.0,0.05582697870621346
2009-04-11,0.0,0.0957961695424088
2009-04-12,0.0,0.08300039055632644
2009-04-13,0.0,0.12115377060046748
2009-04-14,0.0,0.07923135921615085
2009-04-15,1.0,0.13387907915643593
2009-04-16,0.0,0.13385127342535208
2009-04-17,0.0,0.05326285342256622
2009-04-18,0.0,0.07152785068030025
2009-04-19,0.0,0.06473231168496658
2009-04-20,0.0,0.13586113589213533
2009-04-21,0.0,0.1297518161938795
2009-04-22,0.0,0.05626275841694525
2009-04-23,0.0,0.10035764487102675
2009-04-24,0.0,0.0990966013680517
2009-04-25,0.0,0.06092382940531771
2009-04-26,0.0,0.08873737915858851
2009-04-27,0.0,0.06728429984755013
2009-04-28,1.0,0.11997304618272243
2009-04-29,0.0,0.07504309142831403
2009-04-30,0.0,0.053471678055471594
2009-05-01,0.0,0.12291740565898128
2009-05-02,0.0,0.13821860563286226
2009-05-03,0.0,0.06729693913234389
2009-05-04,0.0,0.08400543158033137
2009-05-05,0.0,0.09831634478907189
2009-05-06,0.0,0.08714202970566683
2009-05-07,0.0,0.07881413590116006
2009-05-08,0.0,0.10754423196339716
2009-05-09,0.0,0.10028444665095382
2009-05-10,0.0,0.11945029851124961
2009-05-11,0.0,0.08296498900467456
2009-05-12,0.0,0.13447676633267622
2009-05-13,0.0,0.05415491041846544
2009-05-14,0.0,0.061961610760260355
2009-05-15,0.0,0.06457028654325274
2009-05-16,0.0,0.14029880158458594
2009-05-17,0.0,0.1261978803044423
2009-05-18,0.0,0.10245824783183352
2009-05-19,0.0,0.06017944777124673
2009-05-20,0.0,0.05179770062890368
2009-05-21,0.0,0.07179789607570909
2009-05-22,0.0,0.07476541296200198
2009-05-23,0.0,0.10711439538029624
2009-05-24,0.0,0.0665078459876248
2009-05-25,0.0,0.11939196495633943
2009-05-26,0.0,0.05079937802089728
2009-05-27,0.0,0.07956488656369713
2009-05-28,0.0,0.12946061105365653
2009-05-29,0.0,0.06336669646660376
2009-05-30,1.0,0.14071643094425312
2009-05-31,0.0,0.059375541886887276
2009-06-01,0.0,0.10215151496445501
2009-06-02,0.0,0.12005264002685945
2009-06-03,0.0,0.10578397328843026
2009-06-04,0.0,0.0741400202477772
2009-06-05,0.0,0.09395285070609481
2009-06-06,0.0,0.13491124490831174
2009-06-07,0.0,0.1441244848837863
2009-06-08,0.0,0.14374390738734932
2009-06-09,0.0,0.11572701833067997
2009-06-10,0.0,0.12771208076364504
2009-06-11,0.0,0.12224824399115479
2009-06-12,0.0,0.0769777880309668
2009-06-13,0.0,0.06644489596617312
2009-06-14,0.0,0.07182695628341146
2009-06-15,0.0,0.08039020330269007
2009-06-16,0.0,0.06246677190664203
2009-06-17,0.0,0.13088227267282487
2009-06-18,0.0,0.07954474610190691
2009-06-19,0.0,0.0982856151696097
2009-06-20,0.0,0.07282382092232426
2009-06-21,0.0,0.06458362600039473
2009-06-22,0.0,0.11085491942451306
2009-06-23,0.0,0.14666044679354012
2009-06-24,0.0,0.12401374562011676
2009-06-25,0.0,0.14786555987713057
2009-06-26,0.0,0.117796155403814
2009-06-27,0.0,0.14422104562962296
2009-06-28,0.0,0.13925143908529447
2009-06-29,0.0,0.08579217489085347
2009-06-30,0.0,0.11436379845130618
2009-07-01,0.0,0.05123046260081339
2009-07-02,0.0,0.14244806001070967
2009-07-03,0.0,0.11639426265241569
2009-07-04,0.0,0.1332918905753705
2009-07-05,0.0,0.10977346859127052
2009-07-06,0.0,0.07929946234989631
2009-07-07,0.0,0.053506536067378443
2009-07-08,0.0,0.07115442111599547
2009-07-09,0.0,0.13134800688309503
2009-07-10,0.0,0.14215498195973247
2009-07-11,0.0,0.10199466463351181
2009-07-12,0.0,0.1409237258985212
2009-07-13,0.0,0.08345801421015323
2009-07-14,0.0,0.12098418875525012
2009-07-15,0.0,0.13890675987876283
2009-07-16,0.0,0.10137403343582085
2009-07-17,0.0,0.06622293737062529
2009-07-18,0.0,0.1363859990882711
2009-07-19,0.0,0.13405734601511393
2009-07-20,0.0,0.07200951694033944
2009-07-21,0.0,0.1208565393467533
2009-07-22,0.0,0.1134271911470865
2009-07-23,0.0,0.09816825938987697
2009-07-24,0.0,0.08168877046594257
2009-07-25,0.0,0.12272593869934778
2009-07-26,0.0,0.11466606449284047
2009-07-27,0.0,0.09970578146917328
2009-07-28,0.0,0.06810294780292059
2009-07-29,0.0,0.13091304267701315
2009-07-30,0.0,0.1159745204307926
2009-07-31,0.0,0.06868766227231679
2009-08-01,0.0,0.06946611113483918
2009-08-02,0.0,0.07394405475563813
2009-08-03,0.0,0.13716236979295826
2009-08-04,0.0,0.051849644080237824
2009-08-05,0.0,0.07286226222607817
2009-08-06,0.0,0.06795096693016653
2009-08-07,0.0,0.1450540283406821
2009-08-08,0.0,0.07237809750418422
2009-08-09,0.0,0.10113646288387433
2009-08-10,0.0,0.09883658912187658
2009-08-11,0.0,0.1368443663450084
2009-08-12,0.0,0.10064906404262351
2009-08-13,1.0,0.13383900336393084
2009-08-14,0.0,0.09729646964990638
2009-08-15,0.0,0.1259305801724185
2009-08-16,0.0,0.13651791848329206
2009-08-17,0.0,0.08546707900855537
2009-08-18,0.0,0.1495155391645525
2009-08-19,0.0,0.12947587604952004
2009-08-20,0.0,0.1317280530364355
2009-08-21,0.0,0.06644486099624355
2009-08-22,0.0,0.12553479267901568
2009-08-23,0.0,0.1346639712322476
2009-08-24,0.0,0.08382257438031157
2009-08-25,0.0,0.11503520433180815
2009-08-26,0.0,0.05150881206774134
2009-08-27,0.0,0.08119755278784771
2009-08-28,0.0,0.1367656299436062
2009-08-29,0.0,0.10432647134297796
2009-08-30,0.0,0.14382561433773067
2009-08-31,0.0,0.0914678369315751
2009-09-01,0.0,0.08025250189742125
2009-09-02,0.0,0.13611681636521394
2009-09-03,0.0,0.05311424506179055
2009-09-04,0.0,0.12590803343029716
2009-09-05,0.0,0.08070178181874613
2009-09-06,0.0,0.14403915588256466
2009-09-07,0.0,0.05593292710768051
2009-09-08,0.0,0.08189858267562766
2009-09-09,0.0,0.10380645073668887
2009-09-10,0.0,0.111775181026811
2009-09-11,0.0,0.05984994978085093
2009-09-12,0.0,0.05645047570659059
2009-09-13,0.0,0.09473081165097563
2009-09-14,0.0,0.13233625150466444
2009-09-15,0.0,0.05898108024800759
2009-09-16,0.0,0.09615266420670203
2009-09-17,0.0,0.07619963151739037
2009-09-18,0.0,0.07070034851764297
2009-09-19,0.0,0.07609826525896861
2009-09-20,0.0,0.11975013838598451
2009-09-21,0.0,0.08649313886668786
2009-09-22,1.0,0.11703135403143858
2009-09-23,0.0,0.09967286306425324
2009-09-24,0.0,0.0685900757725313
2009-09-25,0.0,0.0822984300589764
2009-09-26,0.0,0.050082774039338245
2009-09-27,0.0,0.08495320145211285
2009-09-28,0.0,0.11021461417664312
2009-09-29,0.0,0.05869130930447491
2009-09-30,0.0,0.08400248763291393
2009-10-01,0.0,0.13597985320193015
2009-10-02,0.0,0.09145996567407953
2009-10-03,0.0,0.14963017685342828
2009-10-04,0.0,0.08442811926854507
2009-10-05,0.0,0.11579768406598472
2009-10-06,0.0,0.10606338657048814
2009-10-07,0.0,0.11139663349052252
2009-10-08,0.0,0.05560770865021957
2009-10-09,0.0,0.13067562768400154
2009-10-10,0.0,0.12560958556988072
2009-10-11,0.0,0.07362766898690784
2009-10-12,0.0,0.11017505917583392
2009-10-13,0.0,0.0833580127757078
2009-10-14,1.0,0.07348388386374037
2009-10-15,0.0,0.1039796376918139
2009-10-16,0.0,0.10010532940862191
2009-10-17,0.0,0.11581848364485375
2009-10-18,0.0,0.09835454243750484
2009-10-19,0.0,0.11700802803889467
2009-10-20,0.0,0.13348456238150555
2009-10-21,0.0,0.12808525345606275
2009-10-22,0.0,0.08994432554118045
2009-10-23,0.0,0.07143819878745497
2009-10-24,0.0,0.13912199779265794
2009-10-25,0.0,0.10855084788612698
2009-10-26,0.0,0.09746995492926869
2009-10-27,0.0,0.1288011956965247
2009-10-28,0.0,0.09561415656587417
2009-10-29,0.0,0.095632645936896
2009-10-30,0.0,0.1416382896909657
2009-10-31,0.0,0.13468182156729885
2009-11-01,0.0,0.10071727947807929
2009-11-02,0.0,0.071647863136127
2009-11-03,0.0,0.05928901974585458
2009-11-04,0.0,0.07173377172355981
2009-11-05,0.0,0.07057292829161857
2009-11-06,0.0,0.09564373540421764
2009-11-07,0.0,0.07897171612774886
2009-11-08,0.0,0.13460590779014786
2009-11-09,0.0,0.071211285969011
2009-11-10,0.0,0.051139799401911004
2009-11-11,0.0,0.061349035909150765
2009-11-12,0.0,0.09960299096897696
2009-11-13,0.0,0.11637584386765916
2009-11-14,0.0,0.07832669868161625
2009-11-15,0.0,0.08590825247694645
2009-11-16,0.0,0.1359227393884287
2009-11-17,0.0,0.06437115135958613
2009-11-18,0.0,0.06305964722460808
2009-11-19,0.0,0.06161946987844056
2009-11-20,0.0,0.1110170148923798
2009-11-21,0.0,0.071975098379456
2009-11-22,0.0,0.11414896754959897
2009-11-23,0.0,0.05338136843590249
2009-11-24,0.0,0.13232650144954106
2009-11-25,0.0,0.061712254397817856
2009-11-26,1.0,0.13370724556667768
2009-11-27,0.0,0.07279738517129539
2009-11-28,0.0,0.12150232746144124
2009-11-29,0.0,0.13589333278693955
2009-11-30,0.0,0.09449714555308651
2009-12-01,0.0,0.11892384546689841
2009-12-02,0.0,0.12279276894983622
2009-12-03,0.0,0.13918050907236018
2009-12-04,0.0,0.06430514622456897
2009-12-05,0.0,0.06660658751040213
2009-12-06,0.0,0.05560061118551693
2009-12-07,0.0,0.13022280913193335
2009-12-08,0.0,0.07039706220259016
2009-12-09,0.0,0.05016912078113104
2009-12-10,0.0,0.07827678681917036
2009-12-11,0.0,0.10808822817217542
2009-12-12,0.0,0.12208730625072858
2009-12-13,0.0,0.1352175303285887
2009-12-14,0.0,0.11454008419889088
2009-12-15,0.0,0.14808898758299205
2009-12-16,0.0,0.1261074833500434
2009-12-17,0.0,0.0821487608907792
2009-12-18,0.0,0.08386655078087842
2009-12-19,0.0,0.09999898981389971
2009-12-20,0.0,0.08542074378646831
2009-12-21,0.0,0.07685250292054854
2009-12-22,0.0,0.12908647231690956
2009-12-23,0.0,0.14433126573641225
2009-12-24,0.0,0.09843349982280424
2009-12-25,0.0,0.10836357280509883
2009-12-26,0.0,0.11324538067193728
2009-12-27,0.0,0.08427411806821308
2009-12-28,0.0,0.058232381118286915
2009-12-29,0.0,0.13865057647178952
2009-12-30,1.0,0.06860321462156929
2009-12-31,0.0,0.0780322365389018
2010-01-01,0.0,0.05847555151412455
2010-01-02,1.0,0.11143276530312561
2010-01-03,0.0,0.13315056694563338
2010-01-04,0.0,0.13318776651764633
2010-01-05,0.0,0.12800817528254366
2010-01-06,0.0,0.05459656304951521
2010-01-07,0.0,0.09619301432474248
2010-01-08,0.0,0.12756920323109122
2010-01-09,0.0,0.05266174721998462
2010-01-10,0.0,0.12860402541808463
2010-01-11,0.0,0.06549283723684353
2010-01-12,0.0,0.10323367186964866
2010-01-13,0.0,0.08929255182876192
2010-01-14,0.0,0.06371532345514107
2010-01-15,0.0,0.11099274230483072
2010-01-16,0.0,0.11754519408006378
2010-01-17,0.0,0.11334041084223465
2010-01-18,0.0,0.13729863673861378
2010-01-19,0.0,0.1432176231775562
2010-01-20,0.0,0.10082026342956762
2010-01-21,0.0,0.09548625406687494
2010-01-22,0.0,0.11667219146108292
2010-01-23,0.0,0.06408678626223753
2010-01-24,0.0,0.14832971164292308
2010-01-25,0.0,0.12296122986188451
2010-01-26,0.0,0.09199912095045923
2010-01-27,0.0,0.1490879825027006
2010-01-28,0.0,0.09449977942767399
2010-01-29,0.0,0.060921538458157065
2010-01-30,0.0,0.1062015387888237
2010-01-31,0.0,0.07285447796800423
2010-02-01,0.0,0.13006128873532496
2010-02-02,0.0,0.09755523255767357
2010-02-03,0.0,0.051285745581385815
2010-02-04,0.0,0.1351313371816535
2010-02-05,0.0,0.07808614949561934
2010-02-06,0.0,0.056455803574728416
2010-02-07,0.0,0.11537530389556291
2010-02-08,0.0,0.05206777842932652
2010-02-09,0.0,0.056851474311413644
2010-02-10,0.0,0.13730164955196358
2010-02-11,0.0,0.1089688411398571
2010-02-12,0.0,0.08513166858269183
2010-02-13,0.0,0.05529975853516011
2010-02-14,0.0,0.06603760982585591
2010-02-15,0.0,0.13518624266210708
2010-02-16,0.0,0.093080757364577
2010-02-17,0.0,0.12452617717061466
2010-02-18,0.0,0.11943054126917142
2010-02-19,0.0,0.08677715669696898
2010-02-20,0.0,0.08163398939011532
2010-02-21,0.0,0.12065505773863712
2010-02-22,0.0,0.07072560825565341
2010-02-23,0.0,0.10574709770466527
2010-02-24,0.0,0.1324375151150407
2010-02-25,0.0,0.09169156030116793
2010-02-26,0.0,0.0853540727759535
2010-02-27,0.0,0.08665306138194705
2010-02-28,0.0,0.14230150743228576
2010-03-01,0.0,0.05554082445237484
2010-03-02,0.0,0.068045912680426
2010-03-03,0.0,0.06058106501530755
2010-03-04,0.0,0.089686630846216
2010-03-05,0.0,0.14072184929660253
2010-03-06,0.0,0.08323279112474051
2010-03-07,0.0,0.14800169937967128
2010-03-08,0.0,0.12051655855068859
2010-03-09,0.0,0.10251247108218187
2010-03-10,0.0,0.07690482580141152
2010-03-11,0.0,0.11357270928940201
2010-03-12,0.0,0.1437620522747111
2010-03-13,0.0,0.10895468350319149
2010-03-14,0.0,0.08283466701395596
2010-03-15,0.0,0.12444521254415715
2010-03-16,0.0,0.06495378735705643
2010-03-17,0.0,0.14728693155177275
2010-03-18,0.0,0.08282333161983385
2010-03-19,0.0,0.07775450151164469
2010-03-20,0.0,0.11657174621758429
2010-03-21,0.0,0.08633107175552035
2010-03-22,0.0,0.06653746241539492
2010-03-23,1.0,0.11255165178294184
2010-03-24,0.0,0.12412103105428117
2010-03-25,0.0,0.1028184478060219
2010-03-26,0.0,0.1109475424935638
2010-03-27,0.0,0.1499821124324801
2010-03-28,0.0,0.07992223594200691
2010-03-29,0.0,0.1270044693388401
2010-03-30,0.0,0.0811326229301669
2010-03-31,0.0,0.09990837927889631
2010-04-01,0.0,0.05134406915281058
2010-04-02,1.0,0.10845189193555768
2010-04-03,0.0,0.07533421496280424
2010-04-04,0.0,0.1306121297254403
2010-04-05,0.0,0.14055595308023372
2010-04-06,0.0,0.06404588095169406
2010-04-07,0.0,0.14732683336835273
2010-04-08,1.0,0.10103772052626248
2010-04-09,0.0,0.12855778343079888
2010-04-10,0.0,0.055666656576607736
2010-04-11,0.0,0.09509116534984934
2010-04-12,0.0,0.10853058291081394
2010-04-13,1.0,0.06378985120367725
2010-04-14,0.0,0.10390688829148254
2010-04-15,0.0,0.11894465488954654
2010-04-16,0.0,0.13059264302027734
2010-04-17,0.0,0.08254604771380289
2010-04-18,0.0,0.12802751781068028
2010-04-19,0.0,0.1455498036659733
2010-04-20,0.0,0.12757276729634193
2010-04-21,0.0,0.13055740215168415
2010-04-22,0.0,0.07456711255874879
2010-04-23,0.0,0.12521998753319563
2010-04-24,0.0,0.11030379810749946
2010-04-25,0.0,0.08636330681490786
2010-04-26,0.0,0.07502021261559695
2010-04-27,0.0,0.09760637215652576
2010-04-28,0.0,0.13222887264927163
2010-04-29,0.0,0.14604396164773908
2010-04-30,0.0,0.1368713011525008
2010-05-01,0.0,0.0553006921979872
2010-05-02,0.0,0.07893385488047067
2010-05-03,0.0,0.05270150207965405
2010-05-04,0.0,0.08369562805105372
2010-05-05,0.0,0.12376386577206502
2010-05-06,0.0,0.12179350577969945
2010-05-07,1.0,0.06677597614451823
2010-05-08,0.0,0.05330442845161825
2010-05-09,0.0,0.09142578862010559
2010-05-10,0.0,0.14936664535261054
2010-05-11,0.0,0.14702649216118638
2010-05-12,0.0,0.09561326622211688
2010-05-13,0.0,0.07860734198936152
2010-05-14,0.0,0.09978272785610434
2010-05-15,1.0,0.08007244725250852
2010-05-16,0.0,0.06072751655528045
2010-05-17,0.0,0.07140845000478599
2010-05-18,0.0,0.1294542687307814
2010-05-19,0.0,0.1477466682669032
2010-05-20,0.0,0.11984440244162686
2010-05-21,0.0,0.11210014459660428
2010-05-22,0.0,0.10306853858387525
2010-05-23,0.0,0.1417456319086662
2010-05-24,0.0,0.12693717559443876
2010-05-25,0.0,0.10652247773288151
2010-05-26,0.0,0.08284562368663403
2010-05-27,0.0,0.09782351945891107
2010-05-28,0.0,0.07274100787916811
2010-05-29,1.0,0.08389179766654109
2010-05-30,0.0,0.06678002903518253
2010-05-31,0.0,0.12974195319004672
2010-06-01,0.0,0.10849014412590806
2010-06-02,0.0,0.12282987781700158
2010-06-03,0.0,0.06781878518453605
2010-06-04,1.0,0.13278516338370278
2010-06-05,0.0,0.05798426957890521
2010-06-06,0.0,0.07689859437704015
2010-06-07,1.0,0.12309915371224718
2010-06-08,0.0,0.12825116644332163
2010-06-09,0.0,0.11899503810467946
2010-06-10,0.0,0.13523461740485243
2010-06-11,0.0,0.10923917016363788
2010-06-12,0.0,0.11085533782640472
2010-06-13,0.0,0.06347826579669745
2010-06-14,1.0,0.14963808600579798
2010-06-15,0.0,0.11860188468531171
2010-06-16,0.0,0.10129425746053952
2010-06-17,0.0,0.09399366246488411
2010-06-18,0.0,0.12318200219114629
2010-06-19,0.0,0.11056358211997008
2010-06-20,0.0,0.06224285934641913
2010-06-21,0.0,0.11752982253886561
2010-06-22,1.0,0.07481956902995876
2010-06-23,0.0,0.12190705700706765
2010-06-24,0.0,0.05560725353536127
2010-06-25,0.0,0.12857983068191786
2010-06-26,0.0,0.14121940114623174
2010-06-27,0.0,0.09327592229350809
2010-06-28,1.0,0.12916151092355516
2010-06-29,0.0,0.12895798046357565
2010-06-30,0.0,0.13516896503680814
2010-07-01,0.0,0.11746345426057316
2010-07-02,0.0,0.09626042409230498
2010-07-03,0.0,0.13854145872043694
2010-07-04,0.0,0.13983338751702118
2010-07-05,0.0,0.06135045966975711
2010-07-06,0.0,0.1399165012886367
2010-07-07,0.0,0.09245428579110147
2010-07-08,0.0,0.05341451399145766
2010-07-09,0.0,0.14814150228296255
2010-07-10,0.0,0.05688249517348043
2010-07-11,0.0,0.08818629527446689
2010-07-12,0.0,0.11796976190154614
2010-07-13,0.0,0.11421247683912318
2010-07-14,0.0,0.0755584216510684
2010-07-15,0.0,0.09579771623002417
2010-07-16,0.0,0.14986546400900005
2010-07-17,0.0,0.11047263587133803
2010-07-18,0.0,0.11302187937403825
2010-07-19,0.0,0.06871362716658685
2010-07-20,0.0,0.12765399578415876
2010-07-21,0.0,0.05124815372842781
2010-07-22,0.0,0.10238166890279601
2010-07-23,0.0,0.07680558217914465
2010-07-24,0.0,0.06803800993135552
2010-07-25,0.0,0.11344273150918706
2010-07-26,0.0,0.10366081831437834
2010-07-27,1.0,0.10413810081290215
2010-07-28,0.0,0.10101435320194663
2010-07-29,0.0,0.05796390246508143
2010-07-30,0.0,0.0714848890213213
2010-07-31,0.0,0.07919594047893365
2010-08-01,0.0,0.1326357440629508
2010-08-02,0.0,0.09871273161277025
2010-08-03,1.0,0.1421848969754157
2010-08-04,0.0,0.08901422262576718
2010-08-05,0.0,0.06174050911004001
2010-08-06,0.0,0.11844642430165433
2010-08-07,0.0,0.07832892952777284
2010-08-08,0.0,0.05071466475496046
2010-08-09,0.0,0.12904071851898927
2010-08-10,0.0,0.13458073191552017
2010-08-11,0.0,0.06667768768620433
2010-08-12,0.0,0.14801991915505636
2010-08-13,0.0,0.11307859135972101
2010-08-14,0.0,0.12380046345160062
2010-08-15,0.0,0.11390681075425628
2010-08-16,0.0,0.12118801309721479
2010-08-17,0.0,0.07757965934149623
2010-08-18,0.0,0.09638399518605764
2010-08-19,0.0,0.1382666404377103
2010-08-20,0.0,0.07443206134765114
2010-08-21,0.0,0.14640064742579792
2010-08-22,0.0,0.05606785444888462
2010-08-23,0.0,0.07316122670857826
2010-08-24,0.0,0.06095438321353363
2010-08-25,0.0,0.10038065607560792
2010-08-26,0.0,0.08508803094478443
2010-08-27,0.0,0.05748413071710759
2010-08-28,0.0,0.11434744802287054
2010-08-29,0.0,0.05624272411583047
2010-08-30,0.0,0.12395785134649806
2010-08-31,0.0,0.055096342427077644
2010-09-01,0.0,0.0806481582068359
2010-09-02,0.0,0.11163184157508237
2010-09-03,0.0,0.14765712190582503
2010-09-04,0.0,0.14323572817693675
2010-09-05,0.0,0.07634111950411124
2010-09-06,0.0,0.05953331724204221
2010-09-07,0.0,0.08834383877165768
2010-09-08,0.0,0.07375165956613852
2010-09-09,0.0,0.09093621699588852
2010-09-10,0.0,0.09609393200257388
2010-09-11,0.0,0.08479439105763897
2010-09-12,0.0,0.08249116978857947
2010-09-13,0.0,0.07062222258094032
2010-09-14,0.0,0.0504128225030776
2010-09-15,0.0,0.08844339502689168
2010-09-16,1.0,0.1434880930772905
2010-09-17,0.0,0.1173005584391709
2010-09-18,0.0,0.1416105919520747
2010-09-19,0.0,0.12871815208289983
2010-09-20,0.0,0.12012640649235383
2010-09-21,0.0,0.11214459666434981
2010-09-22,0.0,0.06282164193766013
2010-09-23,0.0,0.13935917973228035
2010-09-24,0.0,0.12495852934635454
2010-09-25,0.0,0.14420641928265682
2010-09-26,0.0,0.07965177882335764
2010-09-27,0.0,0.0641925006517914
2010-09-28,0.0,0.0645637404081315
2010-09-29,1.0,0.1419019061009912
2010-09-30,0.0,0.0955336316335531
2010-10-01,0.0,0.11123090351031842
2010-10-02,0.0,0.1245035268961562
2010-10-03,0.0,0.12327773659216172
2010-10-04,0.0,0.1237419262140883
2010-10-05,0.0,0.12269848344061482
2010-10-06,0.0,0.10002881789302151
2010-10-07,0.0,0.10132999433999232
2010-10-08,0.0,0.10754710668856432
2010-10-09,0.0,0.12231833651636805
2010-10-10,0.0,0.05375456965218951
2010-10-11,0.0,0.10261039398333376
2010-10-12,0.0,0.1455326310302743
2010-10-13,0.0,0.12036701714309181
2010-10-14,0.0,0.1061655534277823
2010-10-15,0.0,0.08840201027149583
2010-10-16,0.0,0.1377682197448864
2010-10-17,0.0,0.11953980367263257
2010-10-18,0.0,0.11373451337592336
2010-10-19,0.0,0.08024485207856129
2010-10-20,0.0,0.1301446935635741
2010-10-21,0.0,0.11076729175292832
2010-10-22,0.0,0.13019739338269012
2010-10-23,0.0,0.11434720517200894
2010-10-24,0.0,0.12839545415114695
2010-10-25,0.0,0.11296734895556851
2010-10-26,0.0,0.07600051632743211
2010-10-27,0.0,0.06845034445550235
2010-10-28,0.0,0.06548191001539247
2010-10-29,0.0,0.10620842005486508
2010-10-30,0.0,0.07848772652421676
2010-10-31,0.0,0.1028850785579721
2010-11-01,0.0,0.14748487864650545
2010-11-02,0.0,0.08740293678126412
2010-11-03,0.0,0.11448430657853662
2010-11-04,0.0,0.08382059604615247
2010-11-05,0.0,0.1463092192108329
2010-11-06,0.0,0.07249363544633579
2010-11-07,0.0,0.11734407524701702
2010-11-08,0.0,0.1455793857205369
2010-11-09,0.0,0.09946724299614321
2010-11-10,0.0,0.14520057788469248
2010-11-11,0.0,0.12045998078815427
2010-11-12,0.0,0.05138179544586509
2010-11-13,0.0,0.053290497508944934
2010-11-14,0.0,0.08009597413146193
2010-11-15,1.0,0.11167519039113072
2010-11-16,0.0,0.14173914205926957
2010-11-17,0.0,0.13794832943863639
2010-11-18,0.0,0.08679756740247072
2010-11-19,0.0,0.0859923284691213
2010-11-20,0.0,0.08351056947686232
2010-11-21,0.0,0.08541665279207758
2010-11-22,0.0,0.11622947902466928
2010-11-23,0.0,0.05885268313873524
2010-11-24,0.0,0.066438856892064
2010-11-25,0.0,0.12555953192808061
2010-11-26,0.0,0.09108931322287998
2010-11-27,0.0,0.06999557121302205
2010-11-28,0.0,0.11857361144529453
2010-11-29,0.0,0.10811376155283198
2010-11-30,0.0,0.0758710931572265
2010-12-01,0.0,0.08434544324893081
2010-12-02,0.0,0.07330467157755352
2010-12-03,0.0,0.13931313470866913
2010-12-04,0.0,0.09301165207892262
2010-12-05,0.0,0.0884599283499406
2010-12-06,1.0,0.09139431909406796
2010-12-07,0.0,0.06677377715024226
2010-12-08,0.0,0.06192670077800794
2010-12-09,0.0,0.08605303196133492
2010-12-10,0.0,0.053678315493235595
2010-12-11,0.0,0.08380448225416626
2010-12-12,0.0,0.12496434913284848
2010-12-13,0.0,0.1365703511861504
2010-12-14,0.0,0.11238692862386354
2010-12-15,0.0,0.0826246764732916
2010-12-16,0.0,0.08348149192731638
2010-12-17,0.0,0.07021998594403422
2010-12-18,0.0,0.09726295372717472
2010-12-19,0.0,0.06853045361979823
2010-12-20,0.0,0.06690659232777582
2010-12-21,0.0,0.1470314371505485
2010-12-22,0.0,0.12159996034194807
2010-12-23,0.0,0.0761867406308285
2010-12-24,0.0,0.10943369036312273
2010-12-25,0.0,0.09342557258246548
2010-12-26,0.0,0.05660908992323861
2010-12-27,0.0,0.11783446545090555
2010-12-28,0.0,0.11781142559790371
2010-12-29,0.0,0.1189512452662122
2010-12-30,0.0,0.10584590995248114
2010-12-31,0.0,0.13736714615105944
2011-01-01,0.0,0.06734229401588004
2011-01-02,0.0,0.11822789160087513
2011-01-03,0.0,0.10486149489855942
2011-01-04,0.0,0.07271042012373985
2011-01-05,0.0,0.05126994563777129
2011-01-06,0.0,0.08061858833183948
2011-01-07,0.0,0.12134434634634966
2011-01-08,0.0,0.08673497389806775
2011-01-09,0.0,0.0775481060393695
2011-01-10,0.0,0.11119105870423054
2011-01-11,0.0,0.07167014456960391
2011-01-12,0.0,0.0620485754209432
2011-01-13,0.0,0.051652942937528645
2011-01-14,0.0,0.08326110550552121
2011-01-15,0.0,0.10356700705938647
2011-01-16,0.0,0.0884756075951078
2011-01-17,0.0,0.06495480212048955
2011-01-18,0.0,0.13621636484764557
2011-01-19,0.0,0.11425436106200228
2011-01-20,1.0,0.14703429403146748
2011-01-21,0.0,0.10664889224365368
2011-01-22,0.0,0.12594299488927546
2011-01-23,0.0,0.05366339148439539
2011-01-24,0.0,0.11301059686186911
2011-01-25,0.0,0.1050415117691037
2011-01-26,0.0,0.058599665522265636
2011-01-27,0.0,0.09704889062508901
2011-01-28,1.0,0.054297529516477254
2011-01-29,0.0,0.13321828311504985
2011-01-30,0.0,0.1260609442944418
2011-01-31,0.0,0.06992833766149008
2011-02-01,0.0,0.11622611904753002
2011-02-02,0.0,0.10094848562479367
2011-02-03,0.0,0.08796300867927778
2011-02-04,0.0,0.09624532330190072
2011-02-05,0.0,0.061211641320852064
2011-02-06,0.0,0.0779600545174853
2011-02-07,0.0,0.12260009004318952
2011-02-08,0.0,0.1380754963035904
2011-02-09,0.0,0.1472748078319302
2011-02-10,0.0,0.06545941059070887
2011-02-11,0.0,0.09963870626735866
2011-02-12,0.0,0.1435470099919906
2011-02-13,0.0,0.063331490244051
2011-02-14,0.0,0.11988601815994147
2011-02-15,0.0,0.08057307732157698
2011-02-16,0.0,0.08309855493107336
2011-02-17,0.0,0.1190147823523113
2011-02-18,0.0,0.08407879511427056
2011-02-19,0.0,0.10081777448358795
2011-02-20,0.0,0.13172460423905658
2011-02-21,0.0,0.08741210959658796
2011-02-22,0.0,0.09808004511547734
2011-02-23,0.0,0.11938883716951933
2011-02-24,0.0,0.13370873138937844
2011-02-25,0.0,0.10205537147372917
2011-02-26,0.0,0.12649543733613383
2011-02-27,0.0,0.09174240782356771
2011-02-28,0.0,0.10548649501384941
2011-03-01,0.0,0.053380493677837385
2011-03-02,0.0,0.05474962207115333
2011-03-03,0.0,0.12226913608648983
2011-03-04,0.0,0.08589891178103823
2011-03-05,0.0,0.13956668374929437
2011-03-06,0.0,0.08907471246032753
2011-03-07,0.0,0.0951132798065528
2011-03-08,0.0,0.12643777445821125
2011-03-09,0.0,0.12527676072916727
2011-03-10,0.0,0.05853243173797484
2011-03-11,0.0,0.14932262639808352
2011-03-12,0.0,0.11736100557887909
2011-03-13,0.0,0.11887648895721055
2011-03-14,0.0,0.08414563209113583
2011-03-15,0.0,0.12728558006940008
2011-03-16,0.0,0.10423925265918155
2011-03-17,0.0,0.13741101787609708
2011-03-18,0.0,0.13397462568995283
2011-03-19,0.0,0.06437957200920949
2011-03-20,0.0,0.0754330996958276
2011-03-21,0.0,0.10031650961393171
2011-03-22,0.0,0.08516420164142467
2011-03-23,0.0,0.10359586976927818
2011-03-24,0.0,0.087103453180574
2011-03-25,0.0,0.06534358701371282
2011-03-26,0.0,0.05536263930401361
2011-03-27,0.0,0.05847097840598345
2011-03-28,0.0,0.12509069689484975
2011-03-29,0.0,0.08548313695217034
2011-03-30,0.0,0.14773828001160555
2011-03-31,1.0,0.13454326727029361
2011-04-01,0.0,0.12584664066380113
2011-04-02,0.0,0.12737919608859416
2011-04-03,0.0,0.05638685528148956
2011-04-04,0.0,0.0897575532594532
2011-04-05,0.0,0.09980804155818099
2011-04-06,0.0,0.08612721552912311
2011-04-07,0.0,0.07411739854727585
2011-04-08,0.0,0.0689326310686211
2011-04-09,0.0,0.08342198074189063
2011-04-10,0.0,0.07901068966127159
2011-04-11,0.0,0.07833802665296216
2011-04-12,0.0,0.06275883925709644
2011-04-13,0.0,0.1489574656444082
2011-04-14,0.0,0.1321236898870422
2011-04-15,0.0,0.11930664884062343
2011-04-16,0.0,0.12481599125288735
2011-04-17,0.0,0.13479448075293488
2011-04-18,0.0,0.13061591946932521
2011-04-19,0.0,0.11473797950081133
2011-04-20,0.0,0.14811331920885593
2011-04-21,0.0,0.08660510569353462
2011-04-22,0.0,0.05415722690500211
2011-04-23,0.0,0.05737361714635794
2011-04-24,0.0,0.07542742909681904
2011-04-25,0.0,0.10317629586053925
2011-04-26,0.0,0.10448856665109045
2011-04-27,0.0,0.09348774467978609
2011-04-28,0.0,0.09169731215437107
2011-04-29,0.0,0.05459185703012648
2011-04-30,0.0,0.08243817468312785
2011-05-01,0.0,0.09920729264886234
2011-05-02,0.0,0.1492828185771407
2011-05-03,0.0,0.13244037038277356
2011-05-04,0.0,0.057165560243054074
2011-05-05,0.0,0.05113176478714892
2011-05-06,0.0,0.12790609730459945
2011-05-07,0.0,0.14155452228032228
2011-05-08,0.0,0.09306381123618498
2011-05-09,0.0,0.14408412214528554
2011-05-10,0.0,0.11488804261436196
2011-05-11,0.0,0.1117328757282448
2011-05-12,0.0,0.1174997776145903
2011-05-13,0.0,0.053509611796668834
2011-05-14,0.0,0.05779745257959971
2011-05-15,0.0,0.08862321191418224
2011-05-16,0.0,0.08986649374099129
2011-05-17,0.0,0.1081183528706515
2011-05-18,0.0,0.10249933867666777
2011-05-19,1.0,0.1407806270273647
2011-05-20,0.0,0.1477510541609362
2011-05-21,1.0,0.06782833701058898
2011-05-22,0.0,0.06551963865797704
2011-05-23,0.0,0.10863512887311547
2011-05-24,0.0,0.07394098027579375
2011-05-25,1.0,0.1179027927792606
2011-05-26,0.0,0.11939318480001017
2011-05-27,0.0,0.14924052585852643
2011-05-28,0.0,0.12710760655024855
2011-05-29,0.0,0.07109437341381551
2011-05-30,0.0,0.13775670930000122
2011-05-31,0.0,0.12629147989944925
2011-06-01,0.0,0.0760509817413227
2011-06-02,0.0,0.13194123242567724
2011-06-03,0.0,0.1203802513796113
2011-06-04,0.0,0.1475650791444028
2011-06-05,0.0,0.08725712968022672
2011-06-06,0.0,0.06686915470137697
2011-06-07,0.0,0.10434403693531151
2011-06-08,0.0,0.1274862176505519
2011-06-09,0.0,0.11643567556436821
2011-06-10,0.0,0.07549132557534274
2011-06-11,0.0,0.1398974180525217
2011-06-12,0.0,0.07061126379355284
2011-06-13,0.0,0.0649366591279113
2011-06-14,0.0,0.07271010111446904
2011-06-15,0.0,0.10934366634916934
2011-06-16,0.0,0.1443780240987218
2011-06-17,0.0,0.14531480027215998
2011-06-18,0.0,0.11692057582328809
2011-06-19,0.0,0.14623217962053187
2011-06-20,0.0,0.07045641088368962
2011-06-21,0.0,0.1176120443977814
2011-06-22,0.0,0.07866783990191314
2011-06-23,1.0,0.09363256109665088
2011-06-24,1.0,0.10677075419624646
2011-06-25,0.0,0.0899342225908355
2011-06-26,0.0,0.06022787953062874
2011-06-27,0.0,0.10624652982511268
2011-06-28,0.0,0.05387349319012657
2011-06-29,0.0,0.07972970264055236
2011-06-30,0.0,0.10587227572696682
2011-07-01,0.0,0.07841381380486583
2011-07-02,0.0,0.06226593772215921
2011-07-03,0.0,0.1357986413957616
2011-07-04,0.0,0.05918038716534368
2011-07-05,0.0,0.14086885011077296
2011-07-06,0.0,0.07359518461531245
2011-07-07,0.0,0.14237448882849774
2011-07-08,0.0,0.1470736586626588
2011-07-09,0.0,0.05745883444832659
2011-07-10,0.0,0.11515777484288157
2011-07-11,0.0,0.1496304217064986
2011-07-12,0.0,0.05179907242484255
2011-07-13,0.0,0.06983477268593856
2011-07-14,0.0,0.08078527144656403
2011-07-15,0.0,0.08931497453151545
2011-07-16,0.0,0.07803058683586736
2011-07-17,0.0,0.09697679150938085
2011-07-18,0.0,0.10637977827900785
2011-07-19,0.0,0.10718732603809483
2011-07-20,0.0,0.07280203478015798
2011-07-21,0.0,0.12616381975552807
2011-07-22,0.0,0.06542063640185002
2011-07-23,0.0,0.08929969851854443
2011-07-24,0.0,0.0734121377894669
2011-07-25,0.0,0.07314127908074664
2011-07-26,0.0,0.09999225590354852
2011-07-27,0.0,0.08832124423195588
2011-07-28,0.0,0.12345207167226638
2011-07-29,0.0,0.11178077001566027
2011-07-30,0.0,0.14822617598359628
2011-07-31,0.0,0.14264090502558657
2011-08-01,0.0,0.10650273286786094
2011-08-02,0.0,0.07000190132926894
2011-08-03,0.0,0.14588331251703635
2011-08-04,0.0,0.1031073904552165
2011-08-05,0.0,0.10744746708690034
2011-08-06,0.0,0.05115093031884045
2011-08-07,1.0,0.12336224582929979
2011-08-08,0.0,0.10028022369228318
2011-08-09,0.0,0.07256493946641894
2011-08-10,0.0,0.05526717102346493
2011-08-11,0.0,0.10252641057202325
2011-08-12,0.0,0.14515721583843655
2011-08-13,0.0,0.11592676732028563
2011-08-14,0.0,0.14562033257107468
2011-08-15,0.0,0.07938254157929674
2011-08-16,0.0,0.05069369513947193
2011-08-17,0.0,0.08858672981019575
2011-08-18,0.0,0.08746030997605755
2011-08-19,0.0,0.0978025228960081
2011-08-20,0.0,0.13580393622526038
2011-08-21,0.0,0.07868026343895264
2011-08-22,0.0,0.14679762236689958
2011-08-23,0.0,0.08301181823687069
2011-08-24,0.0,0.14050094147109643
2011-08-25,0.0,0.14980653379903508
2011-08-26,0.0,0.059915990529686915
2011-08-27,0.0,0.11888479905191841
2011-08-28,0.0,0.14318271006541639
2011-08-29,0.0,0.14588196728216563
2011-08-30,0.0,0.06117779648139572
2011-08-31,0.0,0.13896345490352657
2011-09-01,0.0,0.11504079484512075
2011-09-02,0.0,0.09643916632241525
2011-09-03,0.0,0.09154745592277919
2011-09-04,0.0,0.06066336099409038
2011-09-05,0.0,0.07214781107930131
2011-09-06,1.0,0.0804117662542519
2011-09-07,0.0,0.1438172103112605
2011-09-08,0.0,0.14815904881831077
2011-09-09,0.0,0.09908484212472873
2011-09-10,0.0,0.14013410192901526
2011-09-11,0.0,0.05049706012719179
2011-09-12,0.0,0.14693261786926193
2011-09-13,0.0,0.05882802337265335
2011-09-14,0.0,0.09364599675800653
2011-09-15,0.0,0.12943316669917052
2011-09-16,0.0,0.12251359515768975
2011-09-17,0.0,0.05651791044272291
2011-09-18,0.0,0.14207797818374207
2011-09-19,0.0,0.09116094916364983
2011-09-20,0.0,0.12652105135998035
2011-09-21,0.0,0.11311192070151972
2011-09-22,0.0,0.05892154324226924
2011-09-23,0.0,0.09023044228909798
2011-09-24,0.0,0.10815131573574496
2011-09-25,0.0,0.1423830587258904
2011-09-26,0.0,0.1424500624619926
2011-09-27,0.0,0.10197207887747062
2011-09-28,0.0,0.09264607637908778
2011-09-29,0.0,0.07480836211805746
2011-09-30,0.0,0.12228965714510559
2011-10-01,0.0,0.1221004806526624
2011-10-02,0.0,0.13628616175343514
2011-10-03,0.0,0.13726629038114851
2011-10-04,1.0,0.10511878484059003
2011-10-05,0.0,0.14942200809139122
2011-10-06,0.0,0.10265033891515929
2011-10-07,0.0,0.14446453695015266
2011-10-08,0.0,0.11694451655894417
2011-10-09,0.0,0.07126905272819133
2011-10-10,0.0,0.07552416271395837
2011-10-11,0.0,0.08539253245575668
2011-10-12,0.0,0.13605613469152483
2011-10-13,0.0,0.10851049266288854
2011-10-14,0.0,0.12180892773360068
2011-10-15,0.0,0.14491513784084756
2011-10-16,0.0,0.10849639424895613
2011-10-17,0.0,0.08595361943766061
2011-10-18,0.0,0.07810399099338071
2011-10-19,0.0,0.10456865254734193
2011-10-20,0.0,0.13235235283073443
2011-10-21,0.0,0.14945360938556237
2011-10-22,0.0,0.09971790978293248
2011-10-23,0.0,0.09670347981514119
2011-10-24,0.0,0.08798623517374593
2011-10-25,0.0,0.054472121995186674
2011-10-26,0.0,0.10616747296624582
2011-10-27,0.0,0.0510777213042273
2011-10-28,0.0,0.07655675600481608
2011-10-29,0.0,0.07110957826864386
2011-10-30,0.0,0.06858272320177872
2011-10-31,0.0,0.09870381212868135
2011-11-01,1.0,0.13391715636673868
2011-11-02,0.0,0.12991516914522933
2011-11-03,0.0,0.13377007190653478
2011-11-04,0.0,0.1253675430742075
2011-11-05,0.0,0.06437625625489808
2011-11-06,0.0,0.09907846173368864
2011-11-07,0.0,0.11715258851252738
2011-11-08,0.0,0.07860749263847935
2011-11-09,0.0,0.10845823548477151
2011-11-10,0.0,0.11290632865343873
2011-11-11,0.0,0.12082284972553133
2011-11-12,0.0,0.0528970594047945
2011-11-13,0.0,0.13680404459730705
2011-11-14,0.0,0.06111050711071349
2011-11-15,0.0,0.11224944138114493
2011-11-16,0.0,0.08512746422839951
2011-11-17,0.0,0.05996749629214559
2011-11-18,0.0,0.06940864276990646
2011-11-19,0.0,0.07947207629797799
2011-11-20,0.0,0.0730476565894603
2011-11-21,0.0,0.06334003882640052
2011-11-22,0.0,0.12391734861531228
2011-11-23,0.0,0.07576741085152564
2011-11-24,0.0,0.10710409974426159
2011-11-25,0.0,0.11611360187522253
2011-11-26,0.0,0.12337713209264516
2011-11-27,0.0,0.07887346718380228
2011-11-28,0.0,0.14431274214163686
2011-11-29,0.0,0.059237847015125515
2011-11-30,0.0,0.1123154787967002
2011-12-01,0.0,0.12286024089923914
2011-12-02,0.0,0.07523541147772275
2011-12-03,0.0,0.12835666099714807
2011-12-04,0.0,0.10428589592935264
2011-12-05,0.0,0.08060274072357464
2011-12-06,0.0,0.1336880909375402
2011-12-07,0.0,0.13395348447686545
2011-12-08,0.0,0.14703675944084532
2011-12-09,0.0,0.14960497415597285
2011-12-10,0.0,0.08712340358887846
2011-12-11,0.0,0.05429412519086593
2011-12-12,0.0,0.13546981998737884
2011-12-13,0.0,0.09778388703312299
2011-12-14,0.0,0.11247046759442629
2011-12-15,0.0,0.0887537208289064
2011-12-16,1.0,0.06731513861054164
2011-12-17,0.0,0.12334883526003385
2011-12-18,0.0,0.06486518750552209
2011-12-19,0.0,0.053938755939509156
2011-12-20,0.0,0.08005466143574425
2011-12-21,0.0,0.11453045279695519
2011-12-22,0.0,0.0879368476294673
2011-12-23,0.0,0.0718235292053139
2011-12-24,0.0,0.05799039443070745
2011-12-25,0.0,0.0879130221110231
2011-12-26,0.0,0.09634130862047444
2011-12-27,0.0,0.13055458253898816
2011-12-28,0.0,0.0653893902646421
2011-12-29,0.0,0.10503756358060011
2011-12-30,0.0,0.10507118836181892
2011-12-31,0.0,0.08611452649664603
2012-01-01,0.0,0.05932443913424578
2012-01-02,0.0,0.059487852975826754
2012-01-03,0.0,0.08763531278035783
2012-01-04,0.0,0.06060784343918894
2012-01-05,0.0,0.06248546076742272
2012-01-06,0.0,0.06142949685014472
2012-01-07,0.0,0.0995964829928366
2012-01-08,0.0,0.12775698753094966
2012-01-09,0.0,0.11032227428291634
2012-01-10,0.0,0.13896434843443187
2012-01-11,0.0,0.05773138959227116
2012-01-12,0.0,0.13801985623888885
2012-01-13,0.0,0.05738211804526849
2012-01-14,0.0,0.14834268612344287
2012-01-15,0.0,0.10289231044355765
2012-01-16,1.0,0.11557642831876354
2012-01-17,0.0,0.06598358889893031
2012-01-18,0.0,0.1394573631154073
2012-01-19,0.0,0.13099256777306761
2012-01-20,0.0,0.14394174712474322
2012-01-21,0.0,0.10829219923367114
2012-01-22,0.0,0.09490970628023399
2012-01-23,0.0,0.0910836665471829
2012-01-24,0.0,0.105968461502969
2012-01-25,0.0,0.09786806259040219
2012-01-26,0.0,0.1194206867006305
2012-01-27,0.0,0.13926245219023176
2012-01-28,0.0,0.10025049695910607
2012-01-29,0.0,0.10962723107581368
2012-01-30,0.0,0.12290043971730387
2012-01-31,0.0,0.11125566139514237
2012-02-01,0.0,0.06048867942294476
2012-02-02,0.0,0.1086581320633766
2012-02-03,0.0,0.11610882458019997
2012-02-04,0.0,0.10784772035916143
2012-02-05,0.0,0.1435569533981185
2012-02-06,0.0,0.08808563375769916
2012-02-07,0.0,0.06074933657250084
2012-02-08,0.0,0.13841200562389058
2012-02-09,0.0,0.05790136655000943
2012-02-10,0.0,0.14846968498608168
2012-02-11,0.0,0.10127377113539814
2012-02-12,0.0,0.11042531191095276
2012-02-13,0.0,0.10107813646269131
2012-02-14,0.0,0.0870171597099437
2012-02-15,0.0,0.07539738197432624
2012-02-16,1.0,0.1084769215969045
2012-02-17,0.0,0.06834598920945016
2012-02-18,0.0,0.1281787897417383
2012-02-19,0.0,0.14710815708381159
2012-02-20,0.0,0.11791482143979684
2012-02-21,0.0,0.1206485328994362
2012-02-22,0.0,0.07631798776123087
2012-02-23,0.0,0.061870497298155226
2012-02-24,0.0,0.08522222115473785
2012-02-25,0.0,0.10826240164147177
2012-02-26,0.0,0.05951186424085006
2012-02-27,1.0,0.13497869693806014
2012-02-28,0.0,0.12180279678734353
2012-02-29,0.0,0.11089184176317746
2012-03-01,0.0,0.09473229413198225
2012-03-02,0.0,0.1223293096010637
2012-03-03,0.0,0.10777832435248949
2012-03-04,0.0,0.10018101461677104
2012-03-05,0.0,0.05010393617077204
2012-03-06,0.0,0.07514743659272591
2012-03-07,0.0,0.06969062945807898
2012-03-08,0.0,0.1191501843772855
2012-03-09,1.0,0.05846390595671948
2012-03-10,0.0,0.07544490989049588
2012-03-11,0.0,0.10826114875379525
2012-03-12,0.0,0.13426269388070777
2012-03-13,0.0,0.07740567574380297
2012-03-14,0.0,0.05943727308330035
2012-03-15,0.0,0.14036534804601353
2012-03-16,0.0,0.10650309854343258
2012-03-17,0.0,0.13596597385204123
2012-03-18,0.0,0.06218686100279644
2012-03-19,0.0,0.06191803550131907
2012-03-20,0.0,0.14149743871236556
2012-03-21,0.0,0.0877443999678175
2012-03-22,0.0,0.11267435065063156
2012-03-23,0.0,0.06702260870011609
2012-03-24,0.0,0.08785367784126483
2012-03-25,0.0,0.08607616929416842
2012-03-26,0.0,0.1077199245193873
2012-03-27,0.0,0.06290054022786398
2012-03-28,0.0,0.06412949948759536
2012-03-29,0.0,0.1425929543551187
2012-03-30,0.0,0.068712119929316
2012-03-31,0.0,0.05141788904129396
2012-04-01,0.0,0.1331715986789026
2012-04-02,1.0,0.0702015997532639
2012-04-03,1.0,0.0974308519095181
2012-04-04,0.0,0.10246765508794545
2012-04-05,0.0,0.13805567287599085
2012-04-06,0.0,0.11494952204879523
2012-04-07,0.0,0.14230677308387674
2012-04-08,0.0,0.084997461893717
2012-04-09,0.0,0.08968933665521042
2012-04-10,0.0,0.06158420533152364
2012-04-11,0.0,0.08683529010829463
2012-04-12,0.0,0.09746987807651514
2012-04-13,0.0,0.1449498864853357
2012-04-14,0.0,0.11379692678678546
2012-04-15,0.0,0.06465770162150407
2012-04-16,0.0,0.08134325863134559
2012-04-17,0.0,0.10712080471526006
2012-04-18,0.0,0.14650443758930726
2012-04-19,0.0,0.09164817841327756
2012-04-20,0.0,0.1348217997856611
2012-04-21,0.0,0.07331587028433924
2012-04-22,0.0,0.07857928422799733
2012-04-23,0.0,0.09111465011387575
2012-04-24,0.0,0.058390559610849616
2012-04-25,0.0,0.07379565139064757
2012-04-26,0.0,0.12899297431534423
2012-04-27,0.0,0.071652696251443
2012-04-28,0.0,0.1031975979752926
2012-04-29,0.0,0.10809090125707371
2012-04-30,0.0,0.09527784022858077
2012-05-01,0.0,0.10668962416713394
2012-05-02,0.0,0.06991468199106995
2012-05-03,0.0,0.0989844871498553
2012-05-04,0.0,0.10720238234506485
2012-05-05,0.0,0.09599904896919886
2012-05-06,0.0,0.12775881226114583
2012-05-07,0.0,0.058749403297497074
2012-05-08,0.0,0.10591402174532237
2012-05-09,0.0,0.1389932909142545
2012-05-10,0.0,0.054991748468306345
2012-05-11,0.0,0.083562017571003
2012-05-12,0.0,0.10541359905861411
2012-05-13,0.0,0.0704088750661314
2012-05-14,0.0,0.1326243923203876
2012-05-15,0.0,0.09924666328139874
2012-05-16,0.0,0.14564222410932376
2012-05-17,0.0,0.12432942857654106
2012-05-18,0.0,0.0707343458123138
2012-05-19,0.0,0.06480818964857119
2012-05-20,0.0,0.10855346783775598
2012-05-21,0.0,0.051590136504702566
2012-05-22,0.0,0.0553617544660335
2012-05-23,1.0,0.1185031069317629
2012-05-24,0.0,0.12096834343884721
2012-05-25,0.0,0.1212344744130134
2012-05-26,0.0,0.14873507943739467
2012-05-27,0.0,0.14415765953394394
2012-05-28,0.0,0.14178887345793298
2012-05-29,0.0,0.14021179397156291
2012-05-30,0.0,0.08842710717993771
2012-05-31,0.0,0.14778818206572625
2012-06-01,0.0,0.10817619970741546
2012-06-02,0.0,0.0816263043038443
2012-06-03,0.0,0.14811944394399904
2012-06-04,0.0,0.07586066964834978
2012-06-05,0.0,0.06582788226243089
2012-06-06,0.0,0.06501562683163861
2012-06-07,0.0,0.12385378816348014
2012-06-08,0.0,0.10688264206709708
2012-06-09,0.0,0.09271673498673616
2012-06-10,0.0,0.052709190716571146
2012-06-11,0.0,0.08083938082973863
2012-06-12,0.0,0.14056004752582574
2012-06-13,0.0,0.08314418948476152
2012-06-14,0.0,0.0686953460354002
2012-06-15,0.0,0.058474733105534374
2012-06-16,0.0,0.14977426293436769
2012-06-17,1.0,0.05999513277648721
2012-06-18,0.0,0.14240861811433939
2012-06-19,0.0,0.14102944264105577
2012-06-20,0.0,0.10938344557484406
2012-06-21,0.0,0.12329923016976918
2012-06-22,0.0,0.06933962626103199
2012-06-23,0.0,0.10339213560988768
2012-06-24,0.0,0.062001161033691556
2012-06-25,0.0,0.08640389890777787
2012-06-26,0.0,0.11258460476165374
2012-06-27,0.0,0.06764742906476727
2012-06-28,0.0,0.14149969556716988
2012-06-29,1.0,0.14055406921075497
2012-06-30,0.0,0.14034523689451617
2012-07-01,0.0,0.11127397993315075
2012-07-02,0.0,0.07393789172188173
2012-07-03,1.0,0.09955829348599507
2012-07-04,0.0,0.06744000228408108
2012-07-05,0.0,0.10084759837109358
2012-07-06,0.0,0.0560521198147437
2012-07-07,0.0,0.14035441663841383
2012-07-08,0.0,0.08548483806080615
2012-07-09,0.0,0.11397046145833642
2012-07-10,0.0,0.0567068117873753
2012-07-11,1.0,0.05477404490212067
2012-07-12,0.0,0.08674544659959946
2012-07-13,0.0,0.1107262614984044
2012-07-14,1.0,0.10415139243356011
2012-07-15,0.0,0.11562009374138628
2012-07-16,0.0,0.05772429724570462
2012-07-17,0.0,0.12942747077257494
2012-07-18,0.0,0.1255280834081463
2012-07-19,0.0,0.06181179607008459
2012-07-20,0.0,0.1126079734210269
2012-07-21,0.0,0.07824084379670067
2012-07-22,0.0,0.14109100435105182
2012-07-23,0.0,0.08177922778050069
2012-07-24,0.0,0.06137439796632288
2012-07-25,0.0,0.10784027373401821
2012-07-26,0.0,0.07033051360241453
2012-07-27,0.0,0.1248961197869824
2012-07-28,0.0,0.06740583450176292
2012-07-29,0.0,0.1350286871414605
2012-07-30,0.0,0.050050685431188825
2012-07-31,0.0,0.09106117257432374
2012-08-01,0.0,0.11089326934429752
2012-08-02,0.0,0.08617551146936825
2012-08-03,0.0,0.0533148257087993
2012-08-04,0.0,0.058328015992113624
2012-08-05,0.0,0.08793169198873249
2012-08-06,0.0,0.09934556115409365
2012-08-07,0.0,0.13329931480207402
2012-08-08,0.0,0.09519524866621559
2012-08-09,1.0,0.14875743301446215
2012-08-10,0.0,0.12694322873312397
2012-08-11,0.0,0.06258624739883381
2012-08-12,0.0,0.11118003749366837
2012-08-13,0.0,0.08080116294688443
2012-08-14,0.0,0.08844479980230427
2012-08-15,0.0,0.1225625362836031
2012-08-16,0.0,0.14445022846586208
2012-08-17,0.0,0.07470502903834374
2012-08-18,0.0,0.11515505287331225
2012-08-19,0.0,0.05686437832323307
2012-08-20,0.0,0.08621130621599218
2012-08-21,0.0,0.08924171678804563
2012-08-22,0.0,0.14110843806437867
2012-08-23,0.0,0.11927936484010249
2012-08-24,0.0,0.1308708927971417
2012-08-25,0.0,0.12661432015431834
2012-08-26,0.0,0.06751053952395883
2012-08-27,0.0,0.06280184163736402
2012-08-28,0.0,0.11443132789684783
2012-08-29,0.0,0.14992885699938485
2012-08-30,0.0,0.1435351401648614
2012-08-31,0.0,0.11344511143691598
2012-09-01,0.0,0.12374321250627603
2012-09-02,0.0,0.14079029553214073
2012-09-03,0.0,0.06591101223714028
2012-09-04,0.0,0.10827448003133952
2012-09-05,0.0,0.07673210368755498
2012-09-06,0.0,0.07461659950518514
2012-09-07,0.0,0.09790245485204416
2012-09-08,0.0,0.06544921498859059
2012-09-09,0.0,0.14732182093130974
2012-09-10,0.0,0.091078240189839
2012-09-11,0.0,0.10722172229771869
2012-09-12,0.0,0.06234555927298938
2012-09-13,0.0,0.12974983314924943
2012-09-14,0.0,0.10044745265439417
2012-09-15,0.0,0.05498584349711483
2012-09-16,0.0,0.08236566211045268
2012-09-17,0.0,0.11028611757276854
2012-09-18,0.0,0.14891621096363117
2012-09-19,0.0,0.14274860464864342
2012-09-20,0.0,0.081481345163843
2012-09-21,0.0,0.05825995812230851
2012-09-22,1.0,0.13736247028975812
2012-09-23,1.0,0.13008297052355922
2012-09-24,0.0,0.08789352336659731
2012-09-25,0.0,0.12286101302125871
2012-09-26,0.0,0.10103608335511904
2012-09-27,0.0,0.13000912703417278
2012-09-28,0.0,0.05542246680226869
2012-09-29,0.0,0.05334789104331548
2012-09-30,0.0,0.07174848967649741
2012-10-01,0.0,0.12970923543884924
2012-10-02,0.0,0.056124499586027776
2012-10-03,0.0,0.06599094655821844
2012-10-04,0.0,0.14199442164038997
2012-10-05,0.0,0.08550165307493793
2012-10-06,0.0,0.11611997047255246
2012-10-07,0.0,0.14417036992905904
2012-10-08,0.0,0.05326967984088774
2012-10-09,0.0,0.08093412585418447
2012-10-10,1.0,0.05576134619299697
2012-10-11,0.0,0.1225926894282594
2012-10-12,0.0,0.114250488767797
2012-10-13,0.0,0.10204265287751166
2012-10-14,0.0,0.1459152007641905
2012-10-15,0.0,0.12804586086084185
2012-10-16,0.0,0.11999726664785157
2012-10-17,0.0,0.14840702861569727
2012-10-18,0.0,0.07503557410046102
2012-10-19,0.0,0.11715580642690303
2012-10-20,0.0,0.05511070849011149
2012-10-21,0.0,0.09509132872264067
2012-10-22,0.0,0.06113491248277016
2012-10-23,0.0,0.07126704032153829
2012-10-24,0.0,0.07418817910836642
2012-10-25,1.0,0.06393018637075348
2012-10-26,0.0,0.10683171841725456
2012-10-27,0.0,0.08994167848943516
2012-10-28,0.0,0.08928200057701338
2012-10-29,0.0,0.10998223261310562
2012-10-30,0.0,0.10793113293963155
2012-10-31,0.0,0.08228799929893776
2012-11-01,0.0,0.051277433433434896
2012-11-02,0.0,0.10024451361524755
2012-11-03,0.0,0.12385998126857584
2012-11-04,0.0,0.1279618228208575
2012-11-05,0.0,0.09053568784082489
2012-11-06,0.0,0.09603499225681306
2012-11-07,0.0,0.12466501197452666
2012-11-08,0.0,0.14832391380695858
2012-11-09,0.0,0.10941597110880967
2012-11-10,0.0,0.05409348565190203
2012-11-11,0.0,0.07758831649744312
2012-11-12,0.0,0.10621477863545874
2012-11-13,0.0,0.11097581343184662
2012-11-14,0.0,0.12977020267026146
2012-11-15,0.0,0.05739105397367078
2012-11-16,0.0,0.08206510858931262
2012-11-17,0.0,0.05182271760560523
2012-11-18,0.0,0.12310097845710335
2012-11-19,0.0,0.06006430820039097
2012-11-20,0.0,0.12025364807457252
2012-11-21,1.0,0.103698369425481
2012-11-22,0.0,0.055394633319190846
2012-11-23,0.0,0.13118356727835556
2012-11-24,0.0,0.07953010829618516
2012-11-25,0.0,0.11456881778006851
2012-11-26,0.0,0.08600169436387275
2012-11-27,0.0,0.07476454399682582
2012-11-28,0.0,0.14862042453138624
2012-11-29,1.0,0.0866271424167964
2012-11-30,0.0,0.07921749878858952
2012-12-01,0.0,0.06443966126821646
2012-12-02,0.0,0.06731216995157507
2012-12-03,0.0,0.1264576547171044
2012-12-04,0.0,0.09949435109693776
2012-12-05,0.0,0.08332946270587471
2012-12-06,0.0,0.052813261176102515
2012-12-07,0.0,0.12071801622061268
2012-12-08,0.0,0.13676927337596284
2012-12-09,0.0,0.13750101836006812
2012-12-10,0.0,0.07695695810503786
2012-12-11,0.0,0.1144306779841562
2012-12-12,0.0,0.14419907556224898
2012-12-13,0.0,0.0727009401187902
2012-12-14,0.0,0.12053139621207072
2012-12-15,0.0,0.09185339166331069
2012-12-16,0.0,0.06841827236686629
2012-12-17,0.0,0.11023879148678004
2012-12-18,0.0,0.06902957826947528
2012-12-19,0.0,0.12586871592744567
2012-12-20,0.0,0.05576764093239426
2012-12-21,0.0,0.13671028185749864
2012-12-22,0.0,0.08063207409225248
2012-12-23,0.0,0.12429013969557291
2012-12-24,0.0,0.0766689625268521
2012-12-25,1.0,0.06415596707589898
2012-12-26,0.0,0.09043931019946076
2012-12-27,0.0,0.11891643993426596
2012-12-28,0.0,0.08318589631630623
2012-12-29,0.0,0.1462033998495489
2012-12-30,0.0,0.13047177191465148
2012-12-31,0.0,0.13727052271946627
2013-01-01,0.0,0.08435715879886399
2013-01-02,0.0,0.0848286861594272
2013-01-03,0.0,0.12199567057213369
2013-01-04,0.0,0.05172073174933535
2013-01-05,0.0,0.1403994448796152
2013-01-06,0.0,0.058311792283759635
2013-01-07,0.0,0.13816604844268884
2013-01-08,0.0,0.10002500871532993
2013-01-09,1.0,0.08319291040379902
2013-01-10,0.0,0.07472038459139771
2013-01-11,0.0,0.08279459859307267
2013-01-12,0.0,0.12771001180132907
2013-01-13,0.0,0.09274310873158409
2013-01-14,0.0,0.07891353384048468
2013-01-15,0.0,0.0985536375024767
2013-01-16,0.0,0.07330810311891182
2013-01-17,0.0,0.14592516237040026
2013-01-18,0.0,0.08693559414324765
2013-01-19,0.0,0.13907666214055714
2013-01-20,0.0,0.10546915585013969
2013-01-21,0.0,0.0600990596983796
2013-01-22,0.0,0.05671666311306231
2013-01-23,0.0,0.07529367091863434
2013-01-24,0.0,0.10527986493062594
2013-01-25,0.0,0.14398726258001937
2013-01-26,0.0,0.14511544412705582
2013-01-27,0.0,0.07659971012879016
2013-01-28,0.0,0.13513460093071195
2013-01-29,0.0,0.06937140425806768
2013-01-30,0.0,0.10767618068737128
2013-01-31,0.0,0.07123136065344593
2013-02-01,0.0,0.11755654004822394
2013-02-02,0.0,0.1455577423045438
2013-02-03,0.0,0.1388347932339049
2013-02-04,0.0,0.13160753798125774
2013-02-05,0.0,0.09455539443636832
2013-02-06,0.0,0.10440722914981149
2013-02-07,0.0,0.0775193362128268
2013-02-08,0.0,0.058953114425543456
2013-02-09,0.0,0.10983523432029604
2013-02-10,0.0,0.14660779561147153
2013-02-11,0.0,0.123472372580348
2013-02-12,0.0,0.10355604845269586
2013-02-13,0.0,0.14634888697401027
2013-02-14,0.0,0.11763691118822422
2013-02-15,0.0,0.05430499728615164
2013-02-16,0.0,0.13302468693214708
2013-02-17,0.0,0.10006833244073729
2013-02-18,0.0,0.12528865350936574
2013-02-19,0.0,0.06474722580370319
2013-02-20,0.0,0.08887686255145397
2013-02-21,0.0,0.10397528746447257
2013-02-22,0.0,0.10851361678712068
2013-02-23,0.0,0.14064608439350085
2013-02-24,0.0,0.10587942062041605
2013-02-25,0.0,0.124710733510047
2013-02-26,0.0,0.11233431749509273
2013-02-27,0.0,0.10749599518004946
2013-02-28,0.0,0.14796936587113757
2013-03-01,0.0,0.13107205976379405
2013-03-02,0.0,0.14385807646513696
2013-03-03,0.0,0.09073985471209721
2013-03-04,0.0,0.05751415160732903
2013-03-05,0.0,0.12264911233349342
2013-03-06,0.0,0.14080469880205843
2013-03-07,0.0,0.09184461183581054
2013-03-08,0.0,0.11731364489242961
2013-03-09,0.0,0.10050272642915672
2013-03-10,0.0,0.13751112482734254
2013-03-11,0.0,0.059093837115166165
2013-03-12,0.0,0.06560089701275433
2013-03-13,0.0,0.13421557220238517
2013-03-14,0.0,0.1481243393695611
2013-03-15,0.0,0.12505949164124308
2013-03-16,0.0,0.10566818741592636
2013-03-17,0.0,0.14650440910102058
2013-03-18,0.0,0.06701760182233793
2013-03-19,0.0,0.14916309446487053
2013-03-20,0.0,0.05964844724429677
2013-03-21,1.0,0.11563008173192846
2013-03-22,1.0,0.06909659010335845
2013-03-23,0.0,0.10411886916495604
2013-03-24,0.0,0.146368071110625
2013-03-25,0.0,0.07795085570525895
2013-03-26,0.0,0.1484575645045897
2013-03-27,0.0,0.10261855964349362
2013-03-28,0.0,0.10374788295420503
2013-03-29,0.0,0.11321535868357475
2013-03-30,0.0,0.14519541863776042
2013-03-31,0.0,0.10815331209402868
2013-04-01,0.0,0.0856357042327588
2013-04-02,0.0,0.053346631716737626
2013-04-03,0.0,0.13955558729460837
2013-04-04,0.0,0.14871477796305388
2013-04-05,0.0,0.07100284350498055
2013-04-06,0.0,0.11395049348584967
2013-04-07,0.0,0.11392351569191833
2013-04-08,0.0,0.07554177390529962
2013-04-09,0.0,0.12441954691279507
2013-04-10,0.0,0.10297440530522067
2013-04-11,0.0,0.12601167450079082
2013-04-12,0.0,0.08919892402349075
2013-04-13,0.0,0.1334759349761012
2013-04-14,0.0,0.1450630187352047
2013-04-15,0.0,0.13534587604067355
2013-04-16,0.0,0.14828352611939194
2013-04-17,0.0,0.06801211071898045
2013-04-18,0.0,0.055157668181596176
2013-04-19,0.0,0.14116087790906653
2013-04-20,0.0,0.1322899526758683
2013-04-21,0.0,0.08351993118913645
2013-04-22,1.0,0.08554937962345169
2013-04-23,0.0,0.07776308763863662
2013-04-24,0.0,0.12256454830990028
2013-04-25,0.0,0.05052967943866026
2013-04-26,0.0,0.08428752927728234
2013-04-27,0.0,0.09743568755568927
2013-04-28,0.0,0.1431075986716944
2013-04-29,0.0,0.1277900177999433
2013-04-30,0.0,0.1446140814100274
2013-05-01,0.0,0.14566311103704377
2013-05-02,0.0,0.12121311947770316
2013-05-03,0.0,0.10263421278318113
2013-05-04,0.0,0.052226683980430094
2013-05-05,0.0,0.13459448205515845
2013-05-06,0.0,0.09638437943105108
2013-05-07,0.0,0.112533762965992
2013-05-08,0.0,0.054928579892866314
2013-05-09,0.0,0.056567650276120235
2013-05-10,0.0,0.1056252163582573
2013-05-11,0.0,0.11000977897180989
2013-05-12,0.0,0.12006773467872478
2013-05-13,0.0,0.1094575440011531
2013-05-14,0.0,0.13898069433643134
2013-05-15,0.0,0.08837184638938349
2013-05-16,1.0,0.11063383172436929
2013-05-17,0.0,0.13596678144539753
2013-05-18,0.0,0.13581826696685106
2013-05-19,0.0,0.07585505589086092
2013-05-20,0.0,0.06620139148062372
2013-05-21,0.0,0.10258107219835297
2013-05-22,0.0,0.08021028845411263
2013-05-23,0.0,0.05170693535165602
2013-05-24,0.0,0.057214637178286
2013-05-25,0.0,0.06845832324005909
2013-05-26,0.0,0.07884453332114327
2013-05-27,0.0,0.06369275852302447
2013-05-28,0.0,0.09530855013136844
2013-05-29,0.0,0.14810411618001812
2013-05-30,0.0,0.14353738829649393
2013-05-31,0.0,0.08500666667218817
2013-06-01,0.0,0.09055369500140982
2013-06-02,0.0,0.09364522028221117
2013-06-03,0.0,0.09376494398585675
2013-06-04,0.0,0.13486303815168205
2013-06-05,0.0,0.05266883527865053
2013-06-06,0.0,0.1264978616974545
2013-06-07,0.0,0.07836619369836842
2013-06-08,0.0,0.09171129030302888
2013-06-09,0.0,0.11753191931864172
2013-06-10,0.0,0.05085422107031641
2013-06-11,0.0,0.1081681087486248
2013-06-12,0.0,0.08939543569747074
2013-06-13,0.0,0.07430017746036063
2013-06-14,0.0,0.14650956281846556
2013-06-15,0.0,0.1329991622194146
2013-06-16,0.0,0.11208924028031506
2013-06-17,0.0,0.132098064313116
2013-06-18,0.0,0.12695329798673938
2013-06-19,0.0,0.11432236304218836
2013-06-20,0.0,0.09877900310434004
2013-06-21,0.0,0.08655699800884768
2013-06-22,1.0,0.1368573819033328
2013-06-23,0.0,0.10953706252533188
2013-06-24,0.0,0.08125245216876413
2013-06-25,0.0,0.09211695573277989
2013-06-26,0.0,0.08690098394494497
2013-06-27,0.0,0.12287548098452646
2013-06-28,0.0,0.1078589051870513
2013-06-29,0.0,0.14572868637017822
2013-06-30,0.0,0.13916776105088224
2013-07-01,0.0,0.09800269736316564
2013-07-02,0.0,0.05132730005724953
2013-07-03,0.0,0.0944803015684088
2013-07-04,0.0,0.10214098034817523
2013-07-05,0.0,0.12550587786727163
2013-07-06,0.0,0.08027560469836346
2013-07-07,0.0,0.09550791214418969
2013-07-08,0.0,0.14248934230131655
2013-07-09,0.0,0.13985803378661685
2013-07-10,0.0,0.08433894498476846
2013-07-11,0.0,0.0917619297667179
2013-07-12,0.0,0.05124851186901528
2013-07-13,0.0,0.1415682315453295
2013-07-14,0.0,0.09990003175339839
2013-07-15,0.0,0.11402503756275385
2013-07-16,1.0,0.1437198087590904
2013-07-17,0.0,0.10665590452842266
2013-07-18,0.0,0.12136529788807633
2013-07-19,0.0,0.09600141618446109
2013-07-20,0.0,0.12240576361164596
2013-07-21,0.0,0.12298172029746905
2013-07-22,0.0,0.07600927678026694
2013-07-23,0.0,0.1363987176527069
2013-07-24,0.0,0.14794730192838856
2013-07-25,0.0,0.08677798965815639
2013-07-26,0.0,0.06829133079603321
2013-07-27,0.0,0.07125672079384081
2013-07-28,0.0,0.10970193996416905
2013-07-29,0.0,0.09374589691329138
2013-07-30,0.0,0.11035279353876115
2013-07-31,0.0,0.053572260821826014
2013-08-01,0.0,0.08360661180036524
2013-08-02,0.0,0.12464623264693604
2013-08-03,0.0,0.05062754175094874
2013-08-04,0.0,0.11737696145543146
2013-08-05,0.0,0.12752815382887162
2013-08-06,0.0,0.0861161137024906
2013-08-07,0.0,0.14937502889432197
2013-08-08,0.0,0.14706810565889966
2013-08-09,0.0,0.10210362221585725
2013-08-10,0.0,0.06350639037180703
2013-08-11,0.0,0.10875510011799361
2013-08-12,1.0,0.0675153387972593
2013-08-13,0.0,0.1140309298875027
2013-08-14,0.0,0.11264299745175042
2013-08-15,0.0,0.1395041112839304
2013-08-16,0.0,0.08938300899695097
2013-08-17,0.0,0.057078496815034165
2013-08-18,0.0,0.07398231283673784
2013-08-19,0.0,0.13360999908078747
2013-08-20,0.0,0.07484621861877469
2013-08-21,0.0,0.12568548543570635
2013-08-22,0.0,0.05177532242118556
2013-08-23,0.0,0.12474433179757623
2013-08-24,0.0,0.12412782235412458
2013-08-25,0.0,0.05129525473864678
2013-08-26,0.0,0.10061457963500298
2013-08-27,0.0,0.13204647720880963
2013-08-28,0.0,0.11655401039013057
2013-08-29,0.0,0.11504330408503356
2013-08-30,0.0,0.07236289623665529
2013-08-31,0.0,0.11349549653583027
2013-09-01,0.0,0.14670303438399424
2013-09-02,0.0,0.056215674164957666
2013-09-03,0.0,0.12216720080989396
2013-09-04,0.0,0.11879988491557393
2013-09-05,0.0,0.14360955831693178
2013-09-06,0.0,0.12884406426086192
2013-09-07,0.0,0.06741540851350739
2013-09-08,0.0,0.08854593400560562
2013-09-09,0.0,0.06889917949187616
2013-09-10,0.0,0.050717816769528135
2013-09-11,0.0,0.11343638653164839
2013-09-12,0.0,0.08679831378880257
2013-09-13,0.0,0.10140347919802561
2013-09-14,0.0,0.08749278379267138
2013-09-15,0.0,0.11866790546647075
2013-09-16,0.0,0.09538386601947585
2013-09-17,0.0,0.10643577628012421
2013-09-18,0.0,0.13145098268095867
2013-09-19,0.0,0.05988905792963394
2013-09-20,0.0,0.10285092514321885
2013-09-21,0.0,0.06954475434331368
2013-09-22,0.0,0.11552172927759001
2013-09-23,0.0,0.11271369516162433
2013-09-24,0.0,0.13995970841404545
2013-09-25,0.0,0.09146068026470633
2013-09-26,0.0,0.0707016918560062
2013-09-27,1.0,0.09338792278904162
2013-09-28,0.0,0.12482347793486961
2013-09-29,0.0,0.12383180603339503
2013-09-30,0.0,0.1158034298705052
2013-10-01,0.0,0.0823684068925379
2013-10-02,0.0,0.11962269050559805
2013-10-03,0.0,0.10218922966602753
2013-10-04,0.0,0.10180343696646804
2013-10-05,1.0,0.07037936810212872
2013-10-06,0.0,0.0519582318260735
2013-10-07,0.0,0.14351582060668452
2013-10-08,0.0,0.10957311045141688
2013-10-09,0.0,0.09740251277489254
2013-10-10,0.0,0.06358673888890617
2013-10-11,0.0,0.0888471359023795
2013-10-12,0.0,0.13900306720724587
2013-10-13,0.0,0.14011419716594609
2013-10-14,0.0,0.1384387381463334
2013-10-15,0.0,0.06083304419056862
2013-10-16,0.0,0.07136865760060515
2013-10-17,0.0,0.05862640107972037
2013-10-18,0.0,0.11842167972701603
2013-10-19,0.0,0.12831434274738376
2013-10-20,0.0,0.14757865878716792
2013-10-21,0.0,0.09810476852473016
2013-10-22,0.0,0.07568889490705889
2013-10-23,0.0,0.07509544269194715
2013-10-24,0.0,0.08198505613103871
2013-10-25,0.0,0.09114338734913037
2013-10-26,0.0,0.053779025662322594
2013-10-27,0.0,0.06580159088567487
2013-10-28,0.0,0.07908577164044128
2013-10-29,0.0,0.11181735002788534
2013-10-30,0.0,0.12721886433442922
2013-10-31,0.0,0.10303502214492646
2013-11-01,0.0,0.06647746167055438
2013-11-02,0.0,0.08190301383524752
2013-11-03,0.0,0.12530052332576808
2013-11-04,0.0,0.08786708590009824
2013-11-05,0.0,0.1374272582304561
2013-11-06,0.0,0.05735973469718075
2013-11-07,0.0,0.05270175235329479
2013-11-08,0.0,0.07379803996544113
2013-11-09,0.0,0.10818012376512834
2013-11-10,0.0,0.1307504465060214
2013-11-11,0.0,0.1310107150092648
2013-11-12,1.0,0.13410284116505622
2013-11-13,0.0,0.11307271293874073
2013-11-14,0.0,0.10478841644179282
2013-11-15,0.0,0.13769371673141356
2013-11-16,0.0,0.08823347812209183
2013-11-17,0.0,0.10895131014873277
2013-11-18,0.0,0.11023459154571863
2013-11-19,1.0,0.1409784728356277
2013-11-20,0.0,0.07272610765799309
2013-11-21,0.0,0.1418181161104437
2013-11-22,0.0,0.09632726588335783
2013-11-23,0.0,0.12127146751190188
2013-11-24,1.0,0.13692106461615333
2013-11-25,0.0,0.08723098784545652
2013-11-26,0.0,0.0739384239835107
2013-11-27,0.0,0.12748689207591718
2013-11-28,0.0,0.10285833474109299
2013-11-29,0.0,0.14511897449653932
2013-11-30,0.0,0.08174633146318208
2013-12-01,0.0,0.12578915582886063
2013-12-02,0.0,0.13791391441031803
2013-12-03,0.0,0.07665422598951185
2013-12-04,0.0,0.10170424571732853
2013-12-05,0.0,0.10359884764545699
2013-12-06,0.0,0.05007008839347912
2013-12-07,1.0,0.1473073693954672
2013-12-08,0.0,0.10553767101456754
2013-12-09,0.0,0.09911379149522892
2013-12-10,0.0,0.060443069841432495
2013-12-11,0.0,0.10621875526689925
2013-12-12,0.0,0.0501360280631935
2013-12-13,0.0,0.06819629884383394
2013-12-14,0.0,0.08267397254857732
2013-12-15,0.0,0.09739511164887404
2013-12-16,0.0,0.11673819833873726
2013-12-17,0.0,0.09639638187905823
2013-12-18,0.0,0.07131759561398353
2013-12-19,0.0,0.1360818213877452
2013-12-20,0.0,0.06091654768361811
2013-12-21,0.0,0.1263958937233554
2013-12-22,0.0,0.1014110205775679
2013-12-23,0.0,0.07206464961657129
2013-12-24,0.0,0.05227603720408252
2013-12-25,0.0,0.11837999385759419
2013-12-26,0.0,0.11272651354788855
2013-12-27,0.0,0.14461465277364985
2013-12-28,0.0,0.12780656428284864
2013-12-29,0.0,0.09254619299415666
2013-12-30,0.0,0.1171336479389083
2013-12-31,0.0,0.0924722184921892
2014-01-01,0.0,0.13769859252701144
2014-01-02,0.0,0.10678055854551433
2014-01-03,0.0,0.12829548653558426
2014-01-04,0.0,0.11268528144511432
2014-01-05,0.0,0.09027977932405495
2014-01-06,0.0,0.11746849972354241
2014-01-07,0.0,0.12658776716260312
2014-01-08,0.0,0.1263607147762057
2014-01-09,0.0,0.0951379509954246
2014-01-10,0.0,0.06629595889679005
2014-01-11,0.0,0.08110556206958743
2014-01-12,0.0,0.08325963890984743
2014-01-13,0.0,0.13798105273317457
2014-01-14,0.0,0.10833646580253074
2014-01-15,0.0,0.11301530731017624
2014-01-16,0.0,0.08653228668445999
2014-01-17,0.0,0.12082305868804458
2014-01-18,0.0,0.137090475653805
2014-01-19,0.0,0.14175821061611504
2014-01-20,0.0,0.1225558115765298
2014-01-21,0.0,0.06444108943250333
2014-01-22,0.0,0.07323064073103037
2014-01-23,0.0,0.11638675484224417
2014-01-24,0.0,0.05866496197983332
2014-01-25,0.0,0.05513046913597752
2014-01-26,0.0,0.11797279162573847
2014-01-27,1.0,0.09704488797575515
2014-01-28,0.0,0.13586816669405427
2014-01-29,0.0,0.11298566952419727
2014-01-30,1.0,0.0930856237904377
2014-01-31,0.0,0.06361882552610931
2014-02-01,0.0,0.1172006779936044
2014-02-02,0.0,0.0652099176400501
2014-02-03,0.0,0.10303051872668748
2014-02-04,0.0,0.07526442519540313
2014-02-05,0.0,0.08926133487383664
2014-02-06,1.0,0.09138018754395821
2014-02-07,0.0,0.13022568164504467
2014-02-08,0.0,0.10440156174084031
2014-02-09,0.0,0.12312957726821003
2014-02-10,0.0,0.054143740387879793
2014-02-11,0.0,0.09076681663191556
2014-02-12,0.0,0.13852234022066556
2014-02-13,0.0,0.11800529273944863
2014-02-14,1.0,0.050893578819173314
2014-02-15,0.0,0.07422665896944558
2014-02-16,0.0,0.11619443229180788
2014-02-17,0.0,0.05229675617618299
2014-02-18,0.0,0.06319748895658864
2014-02-19,0.0,0.08681894893863008
2014-02-20,0.0,0.06372843053788366
2014-02-21,0.0,0.07579850422972796
2014-02-22,0.0,0.14357758574186846
2014-02-23,0.0,0.08496150609775069
2014-02-24,0.0,0.07424170003761289
2014-02-25,0.0,0.0989545272931634
2014-02-26,0.0,0.08966392230176225
2014-02-27,0.0,0.10952206267709852
2014-02-28,0.0,0.10347088792467324
2014-03-01,0.0,0.10149694677526458
2014-03-02,0.0,0.09651531824506282
2014-03-03,0.0,0.05494054677396194
2014-03-04,0.0,0.13628628518821187
2014-03-05,0.0,0.08794032674561185
2014-03-06,1.0,0.10448855366723156
2014-03-07,0.0,0.06964220675517946
2014-03-08,0.0,0.08200266168309397
2014-03-09,1.0,0.12481526377555542
2014-03-10,1.0,0.06635486163347333
2014-03-11,0.0,0.08598647185604044
2014-03-12,0.0,0.14228559061579854
2014-03-13,1.0,0.0720314859455706
2014-03-14,0.0,0.09226573981820543
2014-03-15,0.0,0.10536895600373195
2014-03-16,0.0,0.057675675300497276
2014-03-17,1.0,0.12311559198376877
2014-03-18,0.0,0.13317045469918282
2014-03-19,0.0,0.12929944861661208
2014-03-20,0.0,0.1352268767906719
2014-03-21,0.0,0.07396789975762598
2014-03-22,0.0,0.0983855678074542
2014-03-23,0.0,0.12469293471497003
2014-03-24,0.0,0.07819509964073341
2014-03-25,0.0,0.0738477479210288
2014-03-26,1.0,0.14335717070332626
2014-03-27,0.0,0.10767652444223945
2014-03-28,0.0,0.09095654062224373
2014-03-29,0.0,0.08077806348996423
2014-03-30,0.0,0.13280390353350507
2014-03-31,0.0,0.11685164206630505
2014-04-01,0.0,0.06733439716697552
2014-04-02,0.0,0.08953837459514938
2014-04-03,0.0,0.09509192165146393
2014-04-04,0.0,0.14697291815112778
2014-04-05,0.0,0.13703922493179527
2014-04-06,0.0,0.06852104196277072
2014-04-07,0.0,0.07179479095566385
2014-04-08,0.0,0.09889273138688745
2014-04-09,0.0,0.1336349442305358
2014-04-10,0.0,0.05737436281818973
2014-04-11,0.0,0.1375256562481802
2014-04-12,0.0,0.13524248001048866
2014-04-13,0.0,0.09454141930155271
2014-04-14,0.0,0.06319606458550683
2014-04-15,0.0,0.11592644770600072
2014-04-16,0.0,0.05642012608559908
2014-04-17,0.0,0.05726035015001923
2014-04-18,0.0,0.08775945664215255
2014-04-19,0.0,0.09577595336191647
2014-04-20,0.0,0.1488713037893477
2014-04-21,0.0,0.10643487992600359
2014-04-22,0.0,0.10336182787151502
2014-04-23,0.0,0.11181913140522703
2014-04-24,0.0,0.06622962761386582
2014-04-25,0.0,0.0786308553369326
2014-04-26,0.0,0.0874652449814052
2014-04-27,0.0,0.13751778819382646
2014-04-28,0.0,0.13564785779556796
2014-04-29,0.0,0.14282866386821433
2014-04-30,1.0,0.06122958070867697
2014-05-01,0.0,0.05503037793617419
2014-05-02,0.0,0.054385791305203136
2014-05-03,0.0,0.12497398478614984
2014-05-04,0.0,0.10980868945407998
2014-05-05,0.0,0.1398481374553269
2014-05-06,1.0,0.092676241591365
2014-05-07,0.0,0.13686440588784177
2014-05-08,0.0,0.10193934880475118
2014-05-09,0.0,0.07603335251199732
2014-05-10,1.0,0.07621736906682905
2014-05-11,0.0,0.09187833446025642
2014-05-12,0.0,0.08510972699271654
2014-05-13,0.0,0.101324788551773
2014-05-14,0.0,0.07711526968780943
2014-05-15,0.0,0.14505457297787938
2014-05-16,0.0,0.05670466536031624
2014-05-17,0.0,0.07966744572855654
2014-05-18,0.0,0.13051439307277715
2014-05-19,0.0,0.11895249611847293
2014-05-20,0.0,0.1257012291232837
2014-05-21,0.0,0.11037888283962116
2014-05-22,0.0,0.0554001889746813
2014-05-23,0.0,0.06406478310016359
2014-05-24,0.0,0.12877342291427912
2014-05-25,0.0,0.1463236777696146
2014-05-26,0.0,0.08020370852143258
2014-05-27,0.0,0.14510594217602268
2014-05-28,0.0,0.0945276701096664
2014-05-29,0.0,0.1302616552597905
2014-05-30,0.0,0.11028242082294237
2014-05-31,0.0,0.10573225127794567
2014-06-01,0.0,0.14829487568981975
2014-06-02,0.0,0.06822911383769867
2014-06-03,0.0,0.10832973522495792
2014-06-04,0.0,0.08370660450808144
2014-06-05,0.0,0.06537142872879555
2014-06-06,0.0,0.12451112455525622
2014-06-07,1.0,0.10688299533691475
2014-06-08,0.0,0.12445771729336183
2014-06-09,0.0,0.12472380007573146
2014-06-10,0.0,0.08669982523994894
2014-06-11,0.0,0.10763328072908585
2014-06-12,0.0,0.12749439160474987
2014-06-13,0.0,0.1342199977737223
2014-06-14,0.0,0.13878707501315393
2014-06-15,0.0,0.1089215025769008
2014-06-16,1.0,0.13808023447569528
2014-06-17,1.0,0.052845495406805124
2014-06-18,0.0,0.08974148133835705
2014-06-19,0.0,0.10446963968071264
2014-06-20,0.0,0.14483431070468228
2014-06-21,0.0,0.09299411127438256
2014-06-22,0.0,0.05267463993972227
2014-06-23,0.0,0.07108329533557599
2014-06-24,0.0,0.12378291888917714
2014-06-25,0.0,0.08641527254089086
2014-06-26,0.0,0.12493885883864826
2014-06-27,0.0,0.08133547335362315
2014-06-28,0.0,0.08619922279880744
2014-06-29,0.0,0.11289116096163367
2014-06-30,0.0,0.11552346375746103
2014-07-01,0.0,0.0957369880956438
2014-07-02,0.0,0.09992245532182398
2014-07-03,0.0,0.06994435521686045
2014-07-04,0.0,0.10054883324498193
2014-07-05,0.0,0.08856856515663046
2014-07-06,0.0,0.058021202112594476
2014-07-07,0.0,0.11921711163833955
2014-07-08,0.0,0.06580869180750377
2014-07-09,0.0,0.08994494458302545
2014-07-10,0.0,0.14804539738370653
2014-07-11,0.0,0.12019527980556556
2014-07-12,0.0,0.10710190370516114
2014-07-13,0.0,0.11689227326830645
2014-07-14,0.0,0.10956935557171296
2014-07-15,0.0,0.09271119089277108
2014-07-16,0.0,0.11043274557551155
2014-07-17,0.0,0.10133149683604872
2014-07-18,0.0,0.061043624507142305
2014-07-19,0.0,0.06249335255735322
2014-07-20,0.0,0.13844240908167643
2014-07-21,0.0,0.08697197752572175
2014-07-22,0.0,0.0691699919602409
2014-07-23,0.0,0.06014290616674276
2014-07-24,0.0,0.12262146115332916
2014-07-25,0.0,0.057291580768518105
2014-07-26,0.0,0.07818839569935578
2014-07-27,0.0,0.06631948670614493
2014-07-28,0.0,0.13283528530382405
2014-07-29,0.0,0.09994001882574363
2014-07-30,0.0,0.13213102113179692
2014-07-31,0.0,0.1269728511843009
2014-08-01,0.0,0.1351885041254881
2014-08-02,0.0,0.09272586446145091
2014-08-03,0.0,0.10827693453522858
2014-08-04,0.0,0.059408861395003246
2014-08-05,0.0,0.06363443419988166
2014-08-06,0.0,0.10581947007292772
2014-08-07,0.0,0.05274698960950626
2014-08-08,0.0,0.06842353338828332
2014-08-09,1.0,0.06994790278814046
2014-08-10,0.0,0.11062363452061835
2014-08-11,0.0,0.05621277120083969
2014-08-12,0.0,0.0777340720660006
2014-08-13,1.0,0.09983132922422887
2014-08-14,0.0,0.08218025125086512
2014-08-15,0.0,0.10330734675584677
2014-08-16,0.0,0.11623216520726047
2014-08-17,0.0,0.14591255796342212
2014-08-18,0.0,0.050420007453289145
2014-08-19,0.0,0.08951070938414546
2014-08-20,0.0,0.12433788806223929
2014-08-21,0.0,0.11906396547461812
2014-08-22,0.0,0.1071886947382355
2014-08-23,0.0,0.090774364083112
2014-08-24,0.0,0.10781153952265976
2014-08-25,0.0,0.10898588658061281
2014-08-26,0.0,0.14498127749442546
2014-08-27,0.0,0.09681330826399409
2014-08-28,0.0,0.059841046274774504
2014-08-29,0.0,0.11804417467939439
2014-08-30,0.0,0.12086789286733417
2014-08-31,0.0,0.11800854711308832
2014-09-01,0.0,0.1484638654169148
2014-09-02,0.0,0.13186999374815292
2014-09-03,0.0,0.08295382267150848
2014-09-04,0.0,0.13415305761192967
2014-09-05,0.0,0.07970479029667227
2014-09-06,0.0,0.09128670233141238
2014-09-07,0.0,0.08537543318077648
2014-09-08,0.0,0.06451014901473659
2014-09-09,0.0,0.12804249768382547
2014-09-10,0.0,0.1141729715753429
2014-09-11,0.0,0.12294080435502232
2014-09-12,0.0,0.0785118294362538
2014-09-13,0.0,0.1236155981696825
2014-09-14,0.0,0.052956988811500544
2014-09-15,0.0,0.09387326026268117
2014-09-16,0.0,0.07137494905796285
2014-09-17,0.0,0.07178937341194067
2014-09-18,0.0,0.13201917490011505
2014-09-19,0.0,0.08786457693352803
2014-09-20,0.0,0.12817975383946506
2014-09-21,0.0,0.07708501769219592
2014-09-22,0.0,0.05918528138696505
2014-09-23,0.0,0.06715577983552047
2014-09-24,0.0,0.11260663945322956
2014-09-25,0.0,0.1382597706499512
2014-09-26,1.0,0.09009995095816539
2014-09-27,0.0,0.09738755569987395
2014-09-28,0.0,0.1083902652328144
2014-09-29,0.0,0.057766933851233174
2014-09-30,0.0,0.14173749474525027
2014-10-01,0.0,0.10916127755660512
2014-10-02,0.0,0.06592461336476442
2014-10-03,0.0,0.14965503481366482
2014-10-04,0.0,0.0675113511253629
2014-10-05,0.0,0.12371401556341988
2014-10-06,0.0,0.11052551731865873
2014-10-07,0.0,0.1465671500743933
2014-10-08,0.0,0.14485851843695077
2014-10-09,0.0,0.0898713075954243
2014-10-10,0.0,0.1214751147403124
2014-10-11,0.0,0.06760141678500307
2014-10-12,0.0,0.1413207351229997
2014-10-13,0.0,0.10318685155580315
2014-10-14,0.0,0.0890353255439803
2014-10-15,0.0,0.14451069930878696
2014-10-16,1.0,0.0866676703884421
2014-10-17,0.0,0.05205669100402266
2014-10-18,0.0,0.10028006269671422
2014-10-19,0.0,0.0783727551125201
2014-10-20,0.0,0.12111562861463586
2014-10-21,0.0,0.11546035261239676
2014-10-22,0.0,0.13875833100715337
2014-10-23,0.0,0.10661573582575079
2014-10-24,0.0,0.12262649991561805
2014-10-25,0.0,0.05314113161432569
2014-10-26,0.0,0.09372781546527208
2014-10-27,0.0,0.07128659625296895
2014-10-28,0.0,0.1438576866412321
2014-10-29,0.0,0.055538990305086994
2014-10-30,0.0,0.11347723325994834
2014-10-31,0.0,0.13419304492739592
2014-11-01,0.0,0.11837917829366398
2014-11-02,0.0,0.09215638933761355
2014-11-03,0.0,0.1381931246557439
2014-11-04,0.0,0.12968823607379676
2014-11-05,0.0,0.06871178859148844
2014-11-06,0.0,0.08337553858823213
2014-11-07,0.0,0.10716469413578043
2014-11-08,0.0,0.0957875323499091
2014-11-09,0.0,0.06103072867928943
2014-11-10,0.0,0.10268048937818663
2014-11-11,0.0,0.08251645373484542
2014-11-12,0.0,0.09693337165225457
2014-11-13,0.0,0.13776849559244148
2014-11-14,0.0,0.05180443194865684
2014-11-15,0.0,0.06296037185769011
2014-11-16,0.0,0.14151086274871671
2014-11-17,0.0,0.10112106799993933
2014-11-18,0.0,0.11898473505390857
2014-11-19,0.0,0.08146479197842793
2014-11-20,0.0,0.13149040292867767
2014-11-21,0.0,0.08548804799519524
2014-11-22,0.0,0.08134540834685183
2014-11-23,0.0,0.09388168852063597
2014-11-24,0.0,0.13034122358305744
2014-11-25,0.0,0.09587807319151093
2014-11-26,0.0,0.07401211694463616
2014-11-27,0.0,0.07531858476575769
2014-11-28,0.0,0.13831579590114546
2014-11-29,0.0,0.11859119851458151
2014-11-30,0.0,0.08864667745941728
2014-12-01,0.0,0.0655031466971545
2014-12-02,0.0,0.12365326699679947
2014-12-03,0.0,0.1255017260893862
2014-12-04,0.0,0.05914924196461078
2014-12-05,0.0,0.12650487142932848
2014-12-06,1.0,0.06115024756979795
2014-12-07,0.0,0.11441067924093956
2014-12-08,1.0,0.07891599138443184
2014-12-09,0.0,0.06874039913032308
2014-12-10,0.0,0.07459614136239731
2014-12-11,0.0,0.14352248940251372
2014-12-12,0.0,0.060386140000948454
2014-12-13,0.0,0.0817729014622002
2014-12-14,0.0,0.07941891181395784
2014-12-15,0.0,0.08650448914871925
2014-12-16,0.0,0.059206141084778056
2014-12-17,0.0,0.09018032799658265
2014-12-18,0.0,0.14647081373215803
2014-12-19,0.0,0.06736124048332863
2014-12-20,0.0,0.09894968905864926
2014-12-21,0.0,0.11447679018975247
2014-12-22,0.0,0.05913886979646275
2014-12-23,0.0,0.09401808714789414
2014-12-24,0.0,0.060328540763647055
2014-12-25,0.0,0.10199997772892846
2014-12-26,0.0,0.05028616899022136
2014-12-27,0.0,0.12721645151115052
2014-12-28,0.0,0.07061318034201314
2014-12-29,0.0,0.14739894727623695
2014-12-30,1.0,0.052231300486866875
2014-12-31,0.0,0.13391482856253048
2015-01-01,0.0,0.14429734388152943
2015-01-02,0.0,0.050731256086323465
2015-01-03,0.0,0.13032123532187428
2015-01-04,0.0,0.1439008026842553
2015-01-05,0.0,0.1328773188631696
2015-01-06,0.0,0.0741934363198217
2015-01-07,0.0,0.09945060421254852
2015-01-08,0.0,0.14645071758401915
2015-01-09,0.0,0.11282133091289119
2015-01-10,0.0,0.11033366784652651
2015-01-11,0.0,0.13604919540177934
2015-01-12,0.0,0.12210560143566403
2015-01-13,0.0,0.0557557609109305
2015-01-14,0.0,0.07003979931755624
2015-01-15,0.0,0.08971897628788601
2015-01-16,0.0,0.11487037600368745
2015-01-17,0.0,0.05486016881158939
2015-01-18,0.0,0.11560862936137342
2015-01-19,0.0,0.11842812922523367
2015-01-20,0.0,0.08714241039349727
2015-01-21,0.0,0.10649451444208118
2015-01-22,0.0,0.07827725748031168
2015-01-23,0.0,0.07144270326294255
2015-01-24,0.0,0.1397625371687727
2015-01-25,0.0,0.11748707791304348
2015-01-26,0.0,0.06225862311020319
2015-01-27,0.0,0.08740924982644711
2015-01-28,0.0,0.13514377481195766
2015-01-29,0.0,0.06700064385461726
2015-01-30,0.0,0.11659070068454881
2015-01-31,0.0,0.09017686140965878
2015-02-01,0.0,0.10152395233607825
2015-02-02,0.0,0.1024802563354579
2015-02-03,0.0,0.12091958319603618
2015-02-04,0.0,0.07916060302030234
2015-02-05,0.0,0.11211952016572763
2015-02-06,1.0,0.10582924578913776
2015-02-07,0.0,0.07481948520442713
2015-02-08,0.0,0.13981253594752965
2015-02-09,0.0,0.1366689053515177
2015-02-10,0.0,0.06524355628847783
2015-02-11,0.0,0.0534252802994022
2015-02-12,0.0,0.06132189115668201
2015-02-13,0.0,0.09791149835349822
2015-02-14,0.0,0.13140379829105514
2015-02-15,0.0,0.09442433432490241
2015-02-16,0.0,0.11355669867790455
2015-02-17,0.0,0.05745080478597946
2015-02-18,0.0,0.08394979672303635
2015-02-19,0.0,0.05363006534778143
2015-02-20,0.0,0.09168457633127533
2015-02-21,0.0,0.057462302333153
2015-02-22,0.0,0.1311133748474847
2015-02-23,0.0,0.06337303253344366
2015-02-24,0.0,0.06662971551448202
2015-02-25,0.0,0.05901369119112642
2015-02-26,0.0,0.12777601128315313
2015-02-27,0.0,0.11541702575323148
2015-02-28,1.0,0.1402567269102557
2015-03-01,0.0,0.0937005974979912
2015-03-02,0.0,0.08028930208136044
2015-03-03,1.0,0.10812492841657645
2015-03-04,0.0,0.08246638396476613
2015-03-05,0.0,0.1320432712132103
2015-03-06,0.0,0.11135246952668684
2015-03-07,0.0,0.08961562444827759
2015-03-08,0.0,0.14321857413936212
2015-03-09,0.0,0.07201381693460027
2015-03-10,0.0,0.10264895990538622
2015-03-11,0.0,0.05658595277217835
2015-03-12,0.0,0.06326902432629243
2015-03-13,0.0,0.09725453809798759
2015-03-14,0.0,0.14249845044718973
2015-03-15,0.0,0.07185811465851116
2015-03-16,0.0,0.05819672119479988
2015-03-17,0.0,0.13782098819452032
2015-03-18,0.0,0.1471133425313035
2015-03-19,0.0,0.12928210414646257
2015-03-20,0.0,0.07037936050247931
2015-03-21,0.0,0.13531726206397576
2015-03-22,0.0,0.0963201192583581
2015-03-23,0.0,0.1006059259405258
2015-03-24,1.0,0.10536188989968663
2015-03-25,0.0,0.13901825532267081
2015-03-26,0.0,0.13283604384618153
2015-03-27,0.0,0.14311965056341647
2015-03-28,0.0,0.10246927197053485
2015-03-29,0.0,0.12786409298713497
2015-03-30,0.0,0.11148081081911002
2015-03-31,0.0,0.07341702252423922
2015-04-01,0.0,0.13942765329175066
2015-04-02,0.0,0.06988026825727703
2015-04-03,1.0,0.14858681543285096
2015-04-04,0.0,0.0983158224059274
2015-04-05,0.0,0.1250890724401562
2015-04-06,0.0,0.1334029970721441
2015-04-07,1.0,0.052236080599497775
2015-04-08,0.0,0.08469521593287162
2015-04-09,1.0,0.07268397226430265
2015-04-10,0.0,0.13735793836826404
2015-04-11,0.0,0.12230188846938389
2015-04-12,0.0,0.14577035897197446
2015-04-13,0.0,0.0693791475425318
2015-04-14,0.0,0.1177109844429259
2015-04-15,0.0,0.12099775566204697
2015-04-16,0.0,0.08276710001395422
2015-04-17,0.0,0.12404868307680848
2015-04-18,0.0,0.1095938294392513
2015-04-19,0.0,0.07626830661847771
2015-04-20,0.0,0.11488546901398057
2015-04-21,0.0,0.051875900869543426
2015-04-22,1.0,0.12460865064175632
2015-04-23,0.0,0.1224194359003586
2015-04-24,0.0,0.1483844955776174
2015-04-25,0.0,0.1384629148806647
2015-04-26,0.0,0.07324177593271106
2015-04-27,0.0,0.06374812656465752
2015-04-28,0.0,0.08197035470453269
2015-04-29,0.0,0.06549243762444187
2015-04-30,0.0,0.12370869244491142
2015-05-01,1.0,0.12505675924032755
2015-05-02,1.0,0.08719869257174234
2015-05-03,0.0,0.1474457482045645
2015-05-04,0.0,0.08646968878198466
2015-05-05,0.0,0.13155318495852375
2015-05-06,0.0,0.08512102668108348
2015-05-07,0.0,0.06644245510316266
2015-05-08,0.0,0.1459977670163669
2015-05-09,0.0,0.06887588799874349
2015-05-10,0.0,0.08318172297829339
2015-05-11,0.0,0.13154589225098767
2015-05-12,0.0,0.12350641150341364
2015-05-13,0.0,0.1313119764204589
2015-05-14,0.0,0.07704049828863409
2015-05-15,0.0,0.11360919464874299
2015-05-16,0.0,0.13049494066024964
2015-05-17,0.0,0.11900388902296644
2015-05-18,0.0,0.09750852278115632
2015-05-19,0.0,0.060313329520286854
2015-05-20,1.0,0.1168026106607882
2015-05-21,0.0,0.05062263882818069
2015-05-22,0.0,0.14477181431076852
2015-05-23,0.0,0.11605561451438784
2015-05-24,0.0,0.10569791171916668
2015-05-25,0.0,0.08630396959419068
2015-05-26,0.0,0.0795085929191918
2015-05-27,0.0,0.07164372283632502
2015-05-28,0.0,0.06789425190519338
2015-05-29,0.0,0.060787345726237264
2015-05-30,0.0,0.11807026238054158
2015-05-31,0.0,0.08531088972146932
2015-06-01,0.0,0.05387411523385999
2015-06-02,0.0,0.11464340947625672
2015-06-03,0.0,0.13279471354262776
2015-06-04,0.0,0.10941802190210186
2015-06-05,0.0,0.10576479240757092
2015-06-06,0.0,0.05624122198359861
2015-06-07,0.0,0.10886676424460642
2015-06-08,0.0,0.05187933788507712
2015-06-09,0.0,0.061258153480097915
2015-06-10,0.0,0.11700158011374057
2015-06-11,0.0,0.12835164018122602
2015-06-12,0.0,0.08865939548857422
2015-06-13,0.0,0.06255435425588846
2015-06-14,0.0,0.12310664601219472
2015-06-15,0.0,0.09797249387986942
2015-06-16,0.0,0.1254707413127484
2015-06-17,0.0,0.10346192204287438
2015-06-18,0.0,0.09584987088573615
2015-06-19,0.0,0.12000935900487522
2015-06-20,0.0,0.11948768538414041
2015-06-21,0.0,0.13032348989696108
2015-06-22,0.0,0.1401966663862779
2015-06-23,0.0,0.06129184371304918
2015-06-24,0.0,0.11207240839663121
2015-06-25,0.0,0.10384243262708469
2015-06-26,0.0,0.05207347786267957
2015-06-27,0.0,0.13813512412165802
2015-06-28,0.0,0.145437607986439
2015-06-29,0.0,0.12366595344749273
2015-06-30,0.0,0.11352993017155173
2015-07-01,0.0,0.07928385959790568
2015-07-02,0.0,0.05197956467960322
2015-07-03,0.0,0.07453890232193823
2015-07-04,1.0,0.05525856366579873
2015-07-05,0.0,0.07150297200922597
2015-07-06,0.0,0.10810315162693805
2015-07-07,0.0,0.11779232598316682
2015-07-08,0.0,0.0977663521256111
2015-07-09,0.0,0.05363192546236334
2015-07-10,0.0,0.09749382363966111
2015-07-11,0.0,0.12914708244184242
2015-07-12,0.0,0.1252538447576447
2015-07-13,0.0,0.0941314585431946
2015-07-14,0.0,0.1427097838958925
2015-07-15,0.0,0.12036706310416259
2015-07-16,0.0,0.07238273485319874
2015-07-17,0.0,0.11291279253475484
2015-07-18,0.0,0.13408622678137214
2015-07-19,0.0,0.08734277511159984
2015-07-20,0.0,0.07215522403806238
2015-07-21,0.0,0.08110421676275789
2015-07-22,0.0,0.14807425929292362
2015-07-23,0.0,0.14229809803833116
2015-07-24,0.0,0.13725747901784519
2015-07-25,0.0,0.06864342701986424
2015-07-26,0.0,0.12906268647305502
2015-07-27,0.0,0.08355544450472044
2015-07-28,0.0,0.11922711681952244
2015-07-29,0.0,0.1401065871210757
2015-07-30,0.0,0.06804400433773403
2015-07-31,0.0,0.08356883800385619
2015-08-01,0.0,0.11338547491825009
2015-08-02,0.0,0.06026172839416351
2015-08-03,0.0,0.08883364201458305
2015-08-04,0.0,0.08440181659662258
2015-08-05,0.0,0.11564215438471499
2015-08-06,0.0,0.11763823118606916
2015-08-07,0.0,0.06748455194107146
2015-08-08,0.0,0.1108056134601553
2015-08-09,0.0,0.1347783840021456
2015-08-10,0.0,0.065317071329383
2015-08-11,1.0,0.059820383921411424
2015-08-12,0.0,0.10346157404908088
2015-08-13,0.0,0.13446290690153165
2015-08-14,0.0,0.13854864009646434
2015-08-15,0.0,0.06099643262407939
2015-08-16,0.0,0.11777342188527357
2015-08-17,0.0,0.11781507477284109
2015-08-18,0.0,0.1125591752907016
2015-08-19,1.0,0.05379729231260616
2015-08-20,0.0,0.07328704349836629
2015-08-21,0.0,0.0868203944170626
2015-08-22,0.0,0.07547098701670184
2015-08-23,0.0,0.14059483872809175
2015-08-24,0.0,0.13075762876222835
2015-08-25,1.0,0.0700898364079867
2015-08-26,0.0,0.10401395136671508
2015-08-27,0.0,0.08065002298728505
2015-08-28,0.0,0.1079993943948244
2015-08-29,0.0,0.11586408782815673
2015-08-30,0.0,0.12497201029644568
2015-08-31,0.0,0.14081438591472717
2015-09-01,0.0,0.1480626315580656
2015-09-02,0.0,0.11081721353601663
2015-09-03,0.0,0.11508711014955447
2015-09-04,0.0,0.11558156574355678
2015-09-05,0.0,0.14592175919460165
2015-09-06,0.0,0.09766041435754068
2015-09-07,0.0,0.11817173539527348
2015-09-08,0.0,0.12255436029677026
2015-09-09,0.0,0.08567902340302855
2015-09-10,0.0,0.1452700539505789
2015-09-11,0.0,0.13326011151385592
2015-09-12,0.0,0.1394676302079364
2015-09-13,0.0,0.09172490339655986
2015-09-14,0.0,0.14239517605256596
2015-09-15,1.0,0.10497284606798687
2015-09-16,0.0,0.1194784382155553
2015-09-17,0.0,0.14357112163797742
2015-09-18,0.0,0.08225037887960318
2015-09-19,0.0,0.07205999804584905
2015-09-20,0.0,0.11900956504903706
2015-09-21,0.0,0.13554237385205742
2015-09-22,0.0,0.05287745265132511
2015-09-23,0.0,0.11486495380465013
2015-09-24,0.0,0.14332799420642767
2015-09-25,0.0,0.11856162519396642
2015-09-26,0.0,0.14722276446176003
2015-09-27,0.0,0.07018611054122531
2015-09-28,0.0,0.05846672480604862
2015-09-29,0.0,0.12401670195487006
2015-09-30,1.0,0.09047902389100518
2015-10-01,0.0,0.12829276369290632
2015-10-02,0.0,0.08170742826264527
2015-10-03,0.0,0.0737261885188121
2015-10-04,0.0,0.05975542594059448
2015-10-05,0.0,0.1473332646465579
2015-10-06,0.0,0.0597938267214948
2015-10-07,1.0,0.1209094772022029
2015-10-08,0.0,0.12225918945611614
2015-10-09,0.0,0.14484509167378673
2015-10-10,0.0,0.11125034232982911
2015-10-11,0.0,0.1105891437014525
2015-10-12,0.0,0.1315065774404989
2015-10-13,1.0,0.12917686044639687
2015-10-14,0.0,0.0760682760537806
2015-10-15,0.0,0.1162516759515458
2015-10-16,0.0,0.12112940109925335
2015-10-17,0.0,0.09335185936194762
2015-10-18,0.0,0.06502858797991705
2015-10-19,0.0,0.10612479450515988
2015-10-20,0.0,0.14376306109124887
2015-10-21,0.0,0.11309691712261906
2015-10-22,0.0,0.10164971037255496
2015-10-23,0.0,0.08751391887539615
2015-10-24,0.0,0.09810198031845228
2015-10-25,0.0,0.10443957635612314
2015-10-26,0.0,0.06884857146868979
2015-10-27,0.0,0.11295812129371326
2015-10-28,0.0,0.10549407663257614
2015-10-29,0.0,0.051389614983697075
2015-10-30,0.0,0.13425365057119804
2015-10-31,0.0,0.06100433960271532
2015-11-01,0.0,0.12771841378380433
2015-11-02,0.0,0.12443953614353821
2015-11-03,0.0,0.08813496728888383
2015-11-04,0.0,0.12181406153110903
2015-11-05,0.0,0.11429870244141883
2015-11-06,0.0,0.09710024689582039
2015-11-07,0.0,0.05377879066979812
2015-11-08,0.0,0.1398539600329542
2015-11-09,0.0,0.13864012267640974
2015-11-10,0.0,0.07435534338483377
2015-11-11,0.0,0.14020617824043252
2015-11-12,1.0,0.1383770322300587
2015-11-13,0.0,0.06806142649638983
2015-11-14,1.0,0.05549811376857017
2015-11-15,0.0,0.05053172185752197
2015-11-16,0.0,0.10460159335322008
2015-11-17,0.0,0.11696783565092098
2015-11-18,0.0,0.14818685073487553
2015-11-19,0.0,0.05006163430908658
2015-11-20,0.0,0.09257449085221425
2015-11-21,0.0,0.14246961854343232
2015-11-22,0.0,0.09633692612441308
2015-11-23,0.0,0.1165923574521039
2015-11-24,0.0,0.12725194860063888
2015-11-25,0.0,0.10160004520895602
2015-11-26,1.0,0.12706298926626078
2015-11-27,0.0,0.08527362940559322
2015-11-28,0.0,0.10632047704618383
2015-11-29,0.0,0.0851020628100552
2015-11-30,0.0,0.1322046039846861
2015-12-01,0.0,0.1398720352693411
2015-12-02,0.0,0.1081884508734181
2015-12-03,0.0,0.13003779720403957
2015-12-04,0.0,0.1229093939529728
2015-12-05,0.0,0.09480071037390156
2015-12-06,0.0,0.05810907593199363
2015-12-07,0.0,0.14369041480952077
2015-12-08,0.0,0.07121025189178729
2015-12-09,0.0,0.06749935135517737
2015-12-10,0.0,0.07572686692460692
2015-12-11,0.0,0.07700579176092259
2015-12-12,0.0,0.05172079917934577
2015-12-13,0.0,0.09759730755964041
2015-12-14,0.0,0.0718508184057201
2015-12-15,0.0,0.08511977328681788
2015-12-16,0.0,0.14584230718805924
2015-12-17,0.0,0.13143523180956546
2015-12-18,0.0,0.12296595468225642
2015-12-19,0.0,0.11060257015931324
2015-12-20,0.0,0.058201274804945836
2015-12-21,0.0,0.09638202361733925
2015-12-22,1.0,0.12937577744886453
2015-12-23,0.0,0.12703091968296137
2015-12-24,0.0,0.14689988828720968
2015-12-25,0.0,0.11752526693061874
2015-12-26,0.0,0.11694317298634616
2015-12-27,0.0,0.07274422536716425
2015-12-28,0.0,0.05753987121712689
2015-12-29,0.0,0.0881610038174786
2015-12-30,0.0,0.08601893749757586
2015-12-31,0.0,0.14581304659689825
2016-01-01,0.0,0.10679360253790958
2016-01-02,0.0,0.05053719608701666
2016-01-03,0.0,0.1468440674628162
2016-01-04,0.0,0.08802949979738971
2016-01-05,0.0,0.06958084396196856
2016-01-06,1.0,0.13606506650438732
2016-01-07,0.0,0.06030420405345771
2016-01-08,1.0,0.13693360766593465
2016-01-09,0.0,0.11712196526703186
2016-01-10,0.0,0.06314665262845148
2016-01-11,0.0,0.05501990650395175
2016-01-12,0.0,0.08578713970469286
2016-01-13,0.0,0.13072303026456233
2016-01-14,0.0,0.05982031671776555
2016-01-15,0.0,0.09423489797728238
2016-01-16,0.0,0.10999327596304279
2016-01-17,0.0,0.1323423875113369
2016-01-18,0.0,0.1251005767495798
2016-01-19,0.0,0.10300692761019879
2016-01-20,0.0,0.13613963942785617
2016-01-21,0.0,0.09262522438456877
2016-01-22,0.0,0.10535093671243122
2016-01-23,0.0,0.06967161983766687
2016-01-24,0.0,0.1335441848184401
2016-01-25,0.0,0.08325023809884959
2016-01-26,0.0,0.1283607093304674
2016-01-27,0.0,0.12256880640314834
2016-01-28,0.0,0.10211419948095493
2016-01-29,0.0,0.066466589081326
2016-01-30,0.0,0.053788417130839206
2016-01-31,0.0,0.05781824717645578
2016-02-01,0.0,0.10675233640901671
2016-02-02,0.0,0.08955641626934012
2016-02-03,0.0,0.14055425501186292
2016-02-04,0.0,0.11423041090710577
2016-02-05,0.0,0.09330281170594085
2016-02-06,1.0,0.09041576014150612
2016-02-07,0.0,0.0891105611305659
2016-02-08,0.0,0.1361319053307935
2016-02-09,0.0,0.14938854781648483
2016-02-10,0.0,0.10767026912567151
2016-02-11,0.0,0.1375704343147729
2016-02-12,0.0,0.12919440899846651
2016-02-13,0.0,0.13195096692097102
2016-02-14,0.0,0.058113000074857604
2016-02-15,0.0,0.1293500134448031
2016-02-16,0.0,0.06076722686092021
2016-02-17,0.0,0.11266093662809364
2016-02-18,0.0,0.07356558561476888
2016-02-19,1.0,0.14019782327282582
2016-02-20,1.0,0.06948030414417518
2016-02-21,0.0,0.06337969724831202
2016-02-22,0.0,0.1473172575002336
2016-02-23,0.0,0.14587315081177485
2016-02-24,0.0,0.056307243016631904
2016-02-25,0.0,0.09152539511833808
2016-02-26,0.0,0.13562016546005265
2016-02-27,0.0,0.1344861036258771
2016-02-28,0.0,0.12136597442789014
2016-02-29,1.0,0.09006873919533273
2016-03-01,0.0,0.07549076111065788
2016-03-02,0.0,0.0681154145068458
2016-03-03,0.0,0.09473264881540294
2016-03-04,0.0,0.14847678374079257
2016-03-05,0.0,0.05277818959704135
2016-03-06,0.0,0.099328863695067
2016-03-07,0.0,0.07289114217328198
2016-03-08,1.0,0.11799240763809585
2016-03-09,0.0,0.07393488358779329
2016-03-10,1.0,0.05476013796899746
2016-03-11,0.0,0.07645506486110902
2016-03-12,0.0,0.11504933709610386
2016-03-13,0.0,0.10038897386829382
2016-03-14,0.0,0.08472736639967786
2016-03-15,0.0,0.06352225725312922
2016-03-16,0.0,0.14924599926243792
2016-03-17,0.0,0.05441123722128338
2016-03-18,0.0,0.1037481200571567
2016-03-19,1.0,0.05060209629742887
2016-03-20,0.0,0.11332947450804094
2016-03-21,0.0,0.13989641860490176
2016-03-22,0.0,0.09998542127812547
2016-03-23,0.0,0.05860734051140318
2016-03-24,0.0,0.05661223027699855
2016-03-25,0.0,0.10321432067492758
2016-03-26,0.0,0.14916314024936644
2016-03-27,0.0,0.1360854054340958
2016-03-28,0.0,0.12565610596792298
2016-03-29,0.0,0.06889780473798357
2016-03-30,0.0,0.10635631373035115
2016-03-31,0.0,0.09749690634706092
2016-04-01,0.0,0.08999342162950298
2016-04-02,0.0,0.057828094877881514
2016-04-03,0.0,0.07031030174722618
2016-04-04,1.0,0.06100229220399386
2016-04-05,0.0,0.09846953810546302
2016-04-06,0.0,0.09585572491242443
2016-04-07,0.0,0.0587763559791436
2016-04-08,1.0,0.08568180814301478
2016-04-09,0.0,0.1086394809272232
2016-04-10,0.0,0.12567100462341607
2016-04-11,0.0,0.13037926035472058
2016-04-12,0.0,0.11598892957963569
2016-04-13,0.0,0.0723652380653403
2016-04-14,0.0,0.11027904464136207
2016-04-15,0.0,0.12147769004955235
2016-04-16,0.0,0.11031430930753724
2016-04-17,0.0,0.1394835606408743
2016-04-18,0.0,0.05419375982695193
2016-04-19,0.0,0.10470435179443176
2016-04-20,0.0,0.11541442806602732
2016-04-21,0.0,0.058720993369229195
2016-04-22,0.0,0.06578908917282347
2016-04-23,0.0,0.10577526532210706
2016-04-24,0.0,0.07299020323527156
2016-04-25,0.0,0.12804484499884444
2016-04-26,0.0,0.10933715074640758
2016-04-27,0.0,0.13998898693334982
2016-04-28,0.0,0.1423941503057889
2016-04-29,0.0,0.05984968054932596
2016-04-30,0.0,0.09300116474324227
2016-05-01,1.0,0.12264556889915003
2016-05-02,0.0,0.1036013114777996
2016-05-03,1.0,0.13352918024540894
2016-05-04,0.0,0.1433685475689987
2016-05-05,0.0,0.08010003657404995
2016-05-06,0.0,0.11709282436651315
2016-05-07,0.0,0.1055702531657805
2016-05-08,0.0,0.1453875959738607
2016-05-09,0.0,0.12673517850230934
2016-05-10,0.0,0.0655359562684833
2016-05-11,0.0,0.05022370988960128
2016-05-12,0.0,0.06973512187199324
2016-05-13,0.0,0.08220545156569227
2016-05-14,0.0,0.10485471857444875
2016-05-15,0.0,0.09600955574726897
2016-05-16,0.0,0.054888248281179775
2016-05-17,0.0,0.13862361450123692
2016-05-18,0.0,0.13660477954556746
2016-05-19,0.0,0.11961882118143044
2016-05-20,0.0,0.10762793459912023
2016-05-21,0.0,0.08464151654442213
2016-05-22,0.0,0.054238609201340326
2016-05-23,0.0,0.1481013958406926
2016-05-24,0.0,0.10301496065019863
2016-05-25,0.0,0.14574043950951443
2016-05-26,0.0,0.13732284663739192
2016-05-27,0.0,0.06358760905106917
2016-05-28,0.0,0.10172287231867126
2016-05-29,0.0,0.06611174337687223
2016-05-30,0.0,0.05507166504951047
2016-05-31,0.0,0.1278158543857085
2016-06-01,0.0,0.09999670244399933
2016-06-02,0.0,0.087881247354271
2016-06-03,0.0,0.14888560020402097
2016-06-04,0.0,0.11513917480527038
2016-06-05,0.0,0.10510172329256709
2016-06-06,0.0,0.09852247758853694
2016-06-07,0.0,0.11451552340847862
2016-06-08,0.0,0.12079156388150605
2016-06-09,1.0,0.052521472885421444
2016-06-10,1.0,0.06952611447034587
2016-06-11,0.0,0.0743336031493797
2016-06-12,0.0,0.05040479145623668
2016-06-13,0.0,0.054690601995638494
2016-06-14,0.0,0.05704203118507936
2016-06-15,0.0,0.14327682246959494
2016-06-16,0.0,0.12467719778156754
2016-06-17,0.0,0.09160210689265641
2016-06-18,0.0,0.09881855846190227
2016-06-19,0.0,0.0808859213849499
2016-06-20,0.0,0.06200310793689076
2016-06-21,0.0,0.11078916200196859
2016-06-22,0.0,0.0872567675326277
2016-06-23,0.0,0.14558861123906258
2016-06-24,0.0,0.07734324056967798
2016-06-25,0.0,0.08527325990587017
2016-06-26,0.0,0.14049625513469738
2016-06-27,0.0,0.055651536464282
2016-06-28,0.0,0.131332913819251
2016-06-29,0.0,0.05762220226873038
2016-06-30,0.0,0.12389118713039633
2016-07-01,0.0,0.05486312936539979
2016-07-02,0.0,0.11864098935988869
2016-07-03,0.0,0.08641004255344457
2016-07-04,0.0,0.11816506058237121
2016-07-05,0.0,0.11371673234929953
2016-07-06,0.0,0.07804051166377357
2016-07-07,0.0,0.08859820653988622
2016-07-08,0.0,0.10597262216981007
2016-07-09,0.0,0.13037716283575185
2016-07-10,0.0,0.07203162400904593
2016-07-11,0.0,0.11294103261849171
2016-07-12,0.0,0.05120039488062355
2016-07-13,0.0,0.10122152981088066
2016-07-14,0.0,0.07042141600165208
2016-07-15,0.0,0.07503330350249046
2016-07-16,0.0,0.08248480822940389
2016-07-17,0.0,0.1448278718583601
2016-07-18,0.0,0.057864150674460116
2016-07-19,0.0,0.06469083883772352
2016-07-20,0.0,0.12700020834184872
2016-07-21,0.0,0.13156604525008736
2016-07-22,0.0,0.09354942381122644
2016-07-23,0.0,0.05870643090664525
2016-07-24,0.0,0.1123262622598813
2016-07-25,0.0,0.12382595816833435
2016-07-26,0.0,0.14640369857410987
2016-07-27,0.0,0.10882554601086794
2016-07-28,0.0,0.05604455213206986
2016-07-29,0.0,0.08807370450473608
2016-07-30,0.0,0.09380056298348663
2016-07-31,0.0,0.14401252553597677
2016-08-01,0.0,0.06303400855639607
2016-08-02,0.0,0.10419682034660308
2016-08-03,0.0,0.1271279521580876
2016-08-04,1.0,0.06774191625301822
2016-08-05,0.0,0.07918061572906251
2016-08-06,1.0,0.08338918144440172
2016-08-07,0.0,0.057463806481932916
2016-08-08,0.0,0.08007733568844828
2016-08-09,0.0,0.09225257782416117
2016-08-10,1.0,0.14531199753421972
2016-08-11,0.0,0.08315606728549693
2016-08-12,0.0,0.13577000749245172
2016-08-13,0.0,0.08133840199643208
2016-08-14,0.0,0.13324104504884982
2016-08-15,0.0,0.08392621351386324
2016-08-16,0.0,0.10524698462526694
2016-08-17,0.0,0.10095101653429636
2016-08-18,0.0,0.09578556466119369
2016-08-19,0.0,0.11575468134130659
2016-08-20,0.0,0.12091340761091904
2016-08-21,0.0,0.05773152006305035
2016-08-22,0.0,0.11173910675440073
2016-08-23,0.0,0.08643194121943111
2016-08-24,0.0,0.054024661524927624
2016-08-25,1.0,0.1341125542436727
2016-08-26,0.0,0.12744709936860932
2016-08-27,0.0,0.09957459138113789
2016-08-28,0.0,0.06253502798020955
2016-08-29,0.0,0.12528423044201317
2016-08-30,0.0,0.07844942470626001
2016-08-31,1.0,0.08884798639615808
2016-09-01,0.0,0.05543827229453642
2016-09-02,0.0,0.082922095858519
2016-09-03,0.0,0.14794864614572914
2016-09-04,0.0,0.14776348207607343
2016-09-05,0.0,0.147790605334281
2016-09-06,0.0,0.13375842724373538
2016-09-07,0.0,0.10282745058027296
2016-09-08,0.0,0.11327275897132448
2016-09-09,0.0,0.060919078433187536
2016-09-10,0.0,0.06652360006637184
2016-09-11,0.0,0.11360060345635582
2016-09-12,0.0,0.09875647124772724
2016-09-13,0.0,0.1440048159458348
2016-09-14,0.0,0.06145251680876297
2016-09-15,0.0,0.14785270828851807
2016-09-16,0.0,0.11406760510149536
2016-09-17,0.0,0.06360823897551844
2016-09-18,0.0,0.06059766564535666
2016-09-19,0.0,0.0866087271366935
2016-09-20,0.0,0.08088838607527382
2016-09-21,0.0,0.08234714323270549
2016-09-22,0.0,0.12326393564743934
2016-09-23,0.0,0.08838898875677802
2016-09-24,0.0,0.054394427171990424
2016-09-25,0.0,0.13695281414664268
2016-09-26,0.0,0.07309821750616478
2016-09-27,0.0,0.10080130644530458
2016-09-28,0.0,0.07762221919575545
2016-09-29,0.0,0.1326753542037124
2016-09-30,0.0,0.13901070845155064
2016-10-01,0.0,0.11751014031400243
2016-10-02,0.0,0.09045980485517378
2016-10-03,0.0,0.11287351796011987
2016-10-04,0.0,0.05912465472243942
2016-10-05,0.0,0.07332157726872489
2016-10-06,0.0,0.137013876786185
2016-10-07,0.0,0.11065192082569547
2016-10-08,0.0,0.10287792848246155
2016-10-09,0.0,0.10030128537249558
2016-10-10,0.0,0.05201544350391394
2016-10-11,0.0,0.07989353589981293
2016-10-12,0.0,0.0871810821319525
2016-10-13,0.0,0.09130485018713429
2016-10-14,0.0,0.11462694901159677
2016-10-15,0.0,0.09049690939486356
2016-10-16,0.0,0.12510563846283657
2016-10-17,0.0,0.05747500260643691
2016-10-18,0.0,0.12755199815709814
2016-10-19,0.0,0.13176294584954673
2016-10-20,0.0,0.13193656265022408
2016-10-21,0.0,0.05140761953471884
2016-10-22,0.0,0.08830237067302335
2016-10-23,0.0,0.1399463837309553
2016-10-24,0.0,0.08182237179906422
2016-10-25,0.0,0.09240649140434878
2016-10-26,0.0,0.06006799301168528
2016-10-27,0.0,0.07330247936046712
2016-10-28,0.0,0.10274850619745077
2016-10-29,0.0,0.13596974307820822
2016-10-30,0.0,0.13488804578505964
2016-10-31,0.0,0.12198213879281389
2016-11-01,0.0,0.14038822073255053
2016-11-02,0.0,0.11046619228278631
2016-11-03,1.0,0.10059529531844323
2016-11-04,0.0,0.1166191274461406
2016-11-05,0.0,0.07928988970793348
2016-11-06,0.0,0.10627228513617137
2016-11-07,0.0,0.13462220642087736
2016-11-08,0.0,0.07213361143135613
2016-11-09,0.0,0.14889449905597624
2016-11-10,0.0,0.13686355111767728
2016-11-11,0.0,0.1278104665267195
2016-11-12,0.0,0.10066156313175659
2016-11-13,0.0,0.05897086231004374
2016-11-14,0.0,0.12982313463148176
2016-11-15,0.0,0.08520472501165069
2016-11-16,0.0,0.14703435975873191
2016-11-17,0.0,0.08618323028904039
2016-11-18,0.0,0.05006997200729907
2016-11-19,0.0,0.08662692760314802
2016-11-20,0.0,0.11570758963905806
2016-11-21,0.0,0.1427905247488847
2016-11-22,0.0,0.09387592241133447
2016-11-23,0.0,0.11380379382760249
2016-11-24,0.0,0.1399531302180868
2016-11-25,0.0,0.05029427952915036
2016-11-26,0.0,0.08012603614547686
2016-11-27,0.0,0.12049070439574823
2016-11-28,0.0,0.10829375731227994
2016-11-29,0.0,0.08110188819952534
2016-11-30,0.0,0.0776925526514016
2016-12-01,0.0,0.06767527711134909
2016-12-02,0.0,0.09154402262478803
2016-12-03,0.0,0.1436154687539561
2016-12-04,0.0,0.11035098835132848
2016-12-05,0.0,0.08517922854821919
2016-12-06,0.0,0.11361749606910106
2016-12-07,1.0,0.08581323944410735
2016-12-08,0.0,0.12382467712112423
2016-12-09,0.0,0.052087596733998036
2016-12-10,0.0,0.1251837096630356
2016-12-11,0.0,0.08953602704796673
2016-12-12,0.0,0.11504471977290127
2016-12-13,0.0,0.13900203928561505
2016-12-14,0.0,0.08826933036855934
2016-12-15,0.0,0.07419075425302903
2016-12-16,0.0,0.12051675058265264
2016-12-17,0.0,0.1286415683220909
2016-12-18,0.0,0.06346072028273915
2016-12-19,0.0,0.07222737769631073
2016-12-20,0.0,0.07887140423473696
2016-12-21,0.0,0.1474628695284189
2016-12-22,0.0,0.10423529196181613
2016-12-23,0.0,0.14655367795256946
2016-12-24,0.0,0.1280370279610512
2016-12-25,0.0,0.0762624039021668
2016-12-26,0.0,0.10245402934061379
2016-12-27,0.0,0.10136732836737943
2016-12-28,0.0,0.10107301367717919
2016-12-29,0.0,0.06501466100176881
2016-12-30,0.0,0.12811722008743875
2016-12-31,0.0,0.06300081866402688
2017-01-01,0.0,0.07659883499730266
2017-01-02,0.0,0.09417757883560876
2017-01-03,0.0,0.103326210106293
2017-01-04,0.0,0.05348232428076576
2017-01-05,1.0,0.09721050288242548
2017-01-06,0.0,0.09944801558255068
2017-01-07,0.0,0.09580129043753197
2017-01-08,0.0,0.10822537314164447
2017-01-09,0.0,0.09003105121641007
2017-01-10,0.0,0.11314471219046841
2017-01-11,0.0,0.08133415718987572
2017-01-12,0.0,0.12408917494619526
2017-01-13,0.0,0.1257254693231347
2017-01-14,0.0,0.09517203196983934
2017-01-15,0.0,0.11984056885401499
2017-01-16,0.0,0.06061845331575932
2017-01-17,0.0,0.08670089364174101
2017-01-18,0.0,0.12292408224571306
2017-01-19,0.0,0.10775557454905457
2017-01-20,0.0,0.07737198676674333
2017-01-21,0.0,0.05650239418732868
2017-01-22,0.0,0.0610494534532233
2017-01-23,0.0,0.13242108519868445
2017-01-24,0.0,0.06804556235496663
2017-01-25,0.0,0.09700150064013727
2017-01-26,0.0,0.07412990054213855
2017-01-27,0.0,0.11316580207497794
2017-01-28,0.0,0.05258385295468074
2017-01-29,0.0,0.11455103253576578
2017-01-30,0.0,0.13030577452605685
2017-01-31,0.0,0.104928110022461
2017-02-01,0.0,0.10121326516676746
2017-02-02,0.0,0.10104281553742292
2017-02-03,0.0,0.07079279608532786
2017-02-04,0.0,0.11373897458179028
2017-02-05,0.0,0.10799318888735786
2017-02-06,1.0,0.07998757248988886
2017-02-07,0.0,0.1482517030031165
2017-02-08,0.0,0.13777574063107909
2017-02-09,0.0,0.11002144322430249
2017-02-10,0.0,0.07581039112839558
2017-02-11,0.0,0.10464031286662723
2017-02-12,0.0,0.11700326351123745
2017-02-13,0.0,0.13307590328139005
2017-02-14,0.0,0.12162395197589614
2017-02-15,0.0,0.06377211100705327
2017-02-16,0.0,0.11588930719729874
2017-02-17,0.0,0.05155803905566533
2017-02-18,0.0,0.05861761318563185
2017-02-19,0.0,0.11376980651805728
2017-02-20,0.0,0.06090732187862459
2017-02-21,0.0,0.10755339936450509
2017-02-22,1.0,0.09285300627611204
2017-02-23,0.0,0.06741540493893702
2017-02-24,1.0,0.1263301778514152
2017-02-25,0.0,0.14152593016357645
2017-02-26,0.0,0.06666907183924672
2017-02-27,0.0,0.06330049864825385
2017-02-28,0.0,0.07322467343811641
2017-03-01,0.0,0.14789545662944314
2017-03-02,0.0,0.13425398776368797
2017-03-03,1.0,0.06585314066900891
2017-03-04,0.0,0.11190078276573504
2017-03-05,0.0,0.08637056220302099
2017-03-06,1.0,0.07102819650290897
2017-03-07,0.0,0.13419482610466715
2017-03-08,0.0,0.11777695181269138
2017-03-09,0.0,0.09439186411931236
2017-03-10,0.0,0.08451869400751824
2017-03-11,0.0,0.09783146280591895
2017-03-12,0.0,0.06026302986592477
2017-03-13,0.0,0.1220167645195381
2017-03-14,0.0,0.1281374069541076
2017-03-15,0.0,0.07942538016031793
2017-03-16,0.0,0.08142382680759401
2017-03-17,0.0,0.10013627245069984
2017-03-18,1.0,0.11882900777483492
2017-03-19,0.0,0.12205031776777066
2017-03-20,0.0,0.14911754937969318
2017-03-21,0.0,0.11993083784273971
2017-03-22,1.0,0.11992307973248492
2017-03-23,0.0,0.08981353722473912
2017-03-24,0.0,0.14836492734660703
2017-03-25,0.0,0.11527117944606827
2017-03-26,0.0,0.1056038962352591
2017-03-27,0.0,0.1202393389089317
2017-03-28,0.0,0.1100856833316427
2017-03-29,0.0,0.06130681473618376
2017-03-30,0.0,0.11131628145220855
2017-03-31,0.0,0.07327191166986272
2017-04-01,0.0,0.056416817604887703
2017-04-02,0.0,0.059538490005909044
2017-04-03,0.0,0.1275273905605011
2017-04-04,0.0,0.10530523405683878
2017-04-05,0.0,0.05474748229557175
2017-04-06,0.0,0.05777612050339631
2017-04-07,0.0,0.13658095018442926
2017-04-08,0.0,0.13356309303272135
2017-04-09,0.0,0.10314731628877077
2017-04-10,0.0,0.10021567466218556
2017-04-11,0.0,0.07134334186229639
2017-04-12,0.0,0.14753497527849185
2017-04-13,0.0,0.10473519839371129
2017-04-14,0.0,0.06281463481442065
2017-04-15,0.0,0.09309298239445185
2017-04-16,0.0,0.13053534113324755
2017-04-17,0.0,0.13402006456856025
2017-04-18,0.0,0.12065730930499048
2017-04-19,0.0,0.06868891960889115
2017-04-20,0.0,0.09810935941468868
2017-04-21,0.0,0.08304161027910226
2017-04-22,0.0,0.0865328079056782
2017-04-23,0.0,0.1395491700308707
2017-04-24,0.0,0.11592110663527372
2017-04-25,0.0,0.09224944735785554
2017-04-26,1.0,0.09656034299939092
2017-04-27,0.0,0.08651301696101042
2017-04-28,0.0,0.07586216269152198
2017-04-29,0.0,0.09566720503115295
2017-04-30,0.0,0.11849207973087929
2017-05-01,0.0,0.054028303298239336
2017-05-02,0.0,0.10083251866775061
2017-05-03,1.0,0.14060717908396447
2017-05-04,0.0,0.08083260977382947
2017-05-05,0.0,0.10531627807304025
2017-05-06,0.0,0.1488620775358233
2017-05-07,0.0,0.051764507677548345
2017-05-08,0.0,0.05147034802462498
2017-05-09,0.0,0.11996463714808989
2017-05-10,0.0,0.06510260030142453
2017-05-11,0.0,0.10141257163330751
2017-05-12,0.0,0.06280799382022575
2017-05-13,0.0,0.11809980263679146
2017-05-14,0.0,0.12117526429173757
2017-05-15,0.0,0.11800049842928977
2017-05-16,0.0,0.1491839080078738
2017-05-17,0.0,0.055773539251467066
2017-05-18,0.0,0.09232082550564072
2017-05-19,0.0,0.13470721844176267
2017-05-20,0.0,0.09399278584491233
2017-05-21,0.0,0.14434935928409265
2017-05-22,0.0,0.13400207011284826
2017-05-23,0.0,0.12651787793726443
2017-05-24,0.0,0.09071876852074814
2017-05-25,0.0,0.09991050434339294
2017-05-26,0.0,0.07689416675124798
2017-05-27,0.0,0.060827801710098134
2017-05-28,0.0,0.10223046663635531
2017-05-29,0.0,0.06305707569110233
2017-05-30,0.0,0.09130640413161593
2017-05-31,0.0,0.14302847030491084
2017-06-01,0.0,0.14795685332176506
2017-06-02,1.0,0.08671746463812147
2017-06-03,0.0,0.06586892310653443
2017-06-04,0.0,0.09593366831840686
2017-06-05,0.0,0.14593444534977912
2017-06-06,0.0,0.06435960310016445
2017-06-07,0.0,0.07005976218861579
2017-06-08,0.0,0.1381891878633278
2017-06-09,0.0,0.05284261449834798
2017-06-10,1.0,0.07696384585064624
2017-06-11,0.0,0.0517815715860687
2017-06-12,0.0,0.050559792198325716
2017-06-13,0.0,0.10200004804837734
2017-06-14,0.0,0.08831259999023448
2017-06-15,0.0,0.1450127960611379
2017-06-16,0.0,0.062144088960400405
2017-06-17,0.0,0.08065261803252331
2017-06-18,0.0,0.09310165040655027
2017-06-19,0.0,0.0789957821095349
2017-06-20,0.0,0.10054826177436149
2017-06-21,0.0,0.07355946498705676
2017-06-22,0.0,0.07618381741111373
2017-06-23,0.0,0.11524189753914617
2017-06-24,0.0,0.05750479471756923
2017-06-25,0.0,0.1358346610088753
2017-06-26,0.0,0.12060247012551165
2017-06-27,0.0,0.08816173250901367
2017-06-28,0.0,0.12069715332062138
2017-06-29,0.0,0.05872496691952348
2017-06-30,0.0,0.11507630612841925
2017-07-01,0.0,0.06664586670954115
2017-07-02,0.0,0.11838439324507706
2017-07-03,0.0,0.06028086264674152
2017-07-04,0.0,0.1231751156105376
2017-07-05,0.0,0.14167081950953084
2017-07-06,0.0,0.1443208886003798
2017-07-07,0.0,0.08597762916176642
2017-07-08,0.0,0.12444722928958972
2017-07-09,0.0,0.14059770543168132
2017-07-10,0.0,0.14524887720321877
2017-07-11,0.0,0.0509535278339974
2017-07-12,0.0,0.13266288935326428
2017-07-13,0.0,0.11932845574143115
2017-07-14,0.0,0.06388999114801955
2017-07-15,0.0,0.11106081159823561
2017-07-16,1.0,0.11869415666260909
2017-07-17,0.0,0.1097347691611413
2017-07-18,0.0,0.1355420371517011
2017-07-19,0.0,0.13284584115461534
2017-07-20,0.0,0.1373390338318445
2017-07-21,0.0,0.06252332521355687
2017-07-22,0.0,0.08116915996876627
2017-07-23,0.0,0.05003234606236906
2017-07-24,0.0,0.050607130864104316
2017-07-25,0.0,0.07468326728883307
2017-07-26,0.0,0.052755246984202836
2017-07-27,0.0,0.1472322276284374
2017-07-28,0.0,0.07958815533859695
2017-07-29,0.0,0.06400242650263456
2017-07-30,0.0,0.06562530332279093
2017-07-31,0.0,0.102688517639316
2017-08-01,1.0,0.08973533573077425
2017-08-02,0.0,0.09145344303793532
2017-08-03,0.0,0.11661777008445026
2017-08-04,0.0,0.14228206330902987
2017-08-05,0.0,0.08228538391543942
2017-08-06,0.0,0.11124217233182626
2017-08-07,0.0,0.11773853067883697
2017-08-08,0.0,0.07898103678419663
2017-08-09,0.0,0.11646855199154134
2017-08-10,0.0,0.07923870239153463
2017-08-11,0.0,0.11737819324297336
2017-08-12,0.0,0.10952970499629952
2017-08-13,0.0,0.14707905332942398
2017-08-14,0.0,0.08836356587983071
2017-08-15,0.0,0.0739342404692299
2017-08-16,0.0,0.13062510880341346
2017-08-17,0.0,0.0768440696522775
2017-08-18,0.0,0.13650201374318177
2017-08-19,0.0,0.1389773366963688
2017-08-20,0.0,0.07338587860640318
2017-08-21,0.0,0.12626283834811847
2017-08-22,0.0,0.09171688517337677
2017-08-23,0.0,0.05803860004021308
2017-08-24,0.0,0.103178111794019
2017-08-25,0.0,0.0812639050550973
2017-08-26,0.0,0.07781005763010827
2017-08-27,0.0,0.12131242799034081
2017-08-28,0.0,0.08542650204806508
2017-08-29,0.0,0.1112214264365565
2017-08-30,0.0,0.06405885227657751
2017-08-31,0.0,0.07877493251679514
2017-09-01,0.0,0.11884626969630266
2017-09-02,0.0,0.14826003023565804
2017-09-03,0.0,0.06812930292688332
2017-09-04,0.0,0.13779806330240396
2017-09-05,0.0,0.07485091774902389
2017-09-06,0.0,0.07171235022153624
2017-09-07,0.0,0.08036050490564317
2017-09-08,0.0,0.05705775025987936
2017-09-09,0.0,0.13270631686754408
2017-09-10,0.0,0.11915023776147411
2017-09-11,0.0,0.060742526977256045
2017-09-12,0.0,0.10383979039770588
2017-09-13,0.0,0.09274912818941328
2017-09-14,0.0,0.13101912923708928
2017-09-15,0.0,0.1039850365294375
2017-09-16,0.0,0.11099574470132265
2017-09-17,0.0,0.06661817744383555
2017-09-18,0.0,0.14527388940889235
2017-09-19,0.0,0.13376924999732476
2017-09-20,0.0,0.10764778076282132
2017-09-21,0.0,0.10754498272009064
2017-09-22,0.0,0.09956849984432473
2017-09-23,0.0,0.10861466872103415
2017-09-24,0.0,0.06840776555760694
2017-09-25,0.0,0.10488521386768716
2017-09-26,0.0,0.08693426712401477
2017-09-27,0.0,0.10653291013083249
2017-09-28,0.0,0.0894619529816007
2017-09-29,0.0,0.06003593523720238
2017-09-30,0.0,0.09034155475337949
2017-10-01,0.0,0.09060843582881725
2017-10-02,0.0,0.14660797230310108
2017-10-03,0.0,0.11299686848492596
2017-10-04,0.0,0.13965143542349528
2017-10-05,0.0,0.08738876816114692
2017-10-06,0.0,0.10110252636533748
2017-10-07,0.0,0.09245581102215415
2017-10-08,0.0,0.08990117168881061
2017-10-09,1.0,0.05613936262045708
2017-10-10,0.0,0.12571507472208188
2017-10-11,0.0,0.13883665113312688
2017-10-12,0.0,0.10374269831444463
2017-10-13,0.0,0.09018438486138855
2017-10-14,1.0,0.1413946608204189
2017-10-15,0.0,0.12024537979770575
2017-10-16,0.0,0.07332395037787107
2017-10-17,0.0,0.08788008225685356
2017-10-18,0.0,0.052229174800631474
2017-10-19,0.0,0.14512099664975753
2017-10-20,0.0,0.12461785397113305
2017-10-21,0.0,0.10142658578528488
2017-10-22,0.0,0.053928950509171514
2017-10-23,0.0,0.12840705438083572
2017-10-24,0.0,0.07492070780274981
2017-10-25,0.0,0.09432347721227902
2017-10-26,0.0,0.06783458936471998
2017-10-27,0.0,0.11226959360408342
2017-10-28,1.0,0.11834679548358219
2017-10-29,0.0,0.11807780285499361
2017-10-30,0.0,0.08777138298398339
2017-10-31,0.0,0.07422739344802816
2017-11-01,0.0,0.08173532983448066
2017-11-02,0.0,0.10484823280270417
2017-11-03,0.0,0.058828566910843705
2017-11-04,0.0,0.06331447360462204
2017-11-05,0.0,0.10682247312814383
2017-11-06,0.0,0.058434153624792845
2017-11-07,0.0,0.0729804357136869
2017-11-08,0.0,0.06486412289745282
2017-11-09,0.0,0.07238839410826294
2017-11-10,0.0,0.1396599851001725
2017-11-11,0.0,0.05869319112090604
2017-11-12,0.0,0.05282832012915224
2017-11-13,0.0,0.06327804072348364
2017-11-14,0.0,0.13647126053034736
2017-11-15,0.0,0.05280570648015462
2017-11-16,0.0,0.05147144131778084
2017-11-17,0.0,0.12232647652605853
2017-11-18,0.0,0.1306294013146387
2017-11-19,0.0,0.05297426989546633
2017-11-20,0.0,0.12760524286949398
2017-11-21,0.0,0.06144622764388285
2017-11-22,0.0,0.12299123096848759
2017-11-23,0.0,0.12903547250868375
2017-11-24,0.0,0.13469625569024668
2017-11-25,0.0,0.05610362884053845
2017-11-26,0.0,0.09606376793623739
2017-11-27,0.0,0.09381306515642822
2017-11-28,0.0,0.1465671350512882
2017-11-29,0.0,0.06372794327221704
2017-11-30,0.0,0.12881331557044687
2017-12-01,0.0,0.13927146391288772
2017-12-02,0.0,0.06008547486244368
2017-12-03,0.0,0.13799815262134707
2017-12-04,0.0,0.1482771777433955
2017-12-05,0.0,0.05182181472332839
2017-12-06,0.0,0.14239774135197664
2017-12-07,0.0,0.12910668018273586
2017-12-08,0.0,0.14976172843204716
2017-12-09,0.0,0.06984399130848554
2017-12-10,0.0,0.0639276063490338
2017-12-11,0.0,0.07989842283688041
2017-12-12,0.0,0.1237948066087573
2017-12-13,0.0,0.08000667294124006
2017-12-14,0.0,0.111958278319609
2017-12-15,0.0,0.1347210143503984
2017-12-16,0.0,0.059016242572533045
2017-12-17,0.0,0.10462671953951999
2017-12-18,0.0,0.06323310387301127
2017-12-19,1.0,0.09323244239851392
2017-12-20,0.0,0.11050236986216405
2017-12-21,0.0,0.13961155011776066
2017-12-22,0.0,0.076264551614845
2017-12-23,0.0,0.0963108910122717
2017-12-24,0.0,0.14106449148386674
2017-12-25,0.0,0.12506169030028608
2017-12-26,0.0,0.06093924446006859
2017-12-27,0.0,0.05613419162777216
2017-12-28,0.0,0.05544991429025562
2017-12-29,0.0,0.08484668865464869
2017-12-30,0.0,0.05229159625546893
2017-12-31,0.0,0.14073203780842036
2018-01-01,0.0,0.12283505368924764
2018-01-02,0.0,0.11768101088506294
2018-01-03,0.0,0.0890424365401414
2018-01-04,0.0,0.13903480993242412
2018-01-05,0.0,0.09238596714347325
2018-01-06,0.0,0.09474085662286395
2018-01-07,0.0,0.09487370178200825
2018-01-08,0.0,0.06685868257001819
2018-01-09,0.0,0.06388021930376572
2018-01-10,0.0,0.05090064948306135
2018-01-11,0.0,0.13725646010514758
2018-01-12,0.0,0.1174154756008466
2018-01-13,0.0,0.05550694993679563
2018-01-14,1.0,0.12091187699930829
2018-01-15,0.0,0.12293338356793054
2018-01-16,0.0,0.09344509642117563
2018-01-17,0.0,0.11244540782956851
2018-01-18,0.0,0.14254355985174152
2018-01-19,0.0,0.056817250106287014
2018-01-20,1.0,0.0994661984609207
2018-01-21,0.0,0.11448359234130243
2018-01-22,0.0,0.06038968263496525
2018-01-23,0.0,0.05820232380475975
2018-01-24,0.0,0.06358397832521753
2018-01-25,0.0,0.13551536305668477
2018-01-26,0.0,0.10490586679954483
2018-01-27,0.0,0.09777521220680507
2018-01-28,0.0,0.11087287175925152
2018-01-29,0.0,0.14542099184968155
2018-01-30,0.0,0.11608434074207752
2018-01-31,0.0,0.09280821631692707
2018-02-01,0.0,0.1338303431579833
2018-02-02,0.0,0.14286693341632772
2018-02-03,0.0,0.05392621248768828
2018-02-04,1.0,0.09354317762309677
2018-02-05,0.0,0.09417912833250128
2018-02-06,0.0,0.1462292394441131
2018-02-07,0.0,0.13147474986275265
2018-02-08,0.0,0.14063147186425135
2018-02-09,0.0,0.08558657863268829
2018-02-10,0.0,0.0538592786574241
2018-02-11,0.0,0.07869073665240262
2018-02-12,0.0,0.08726791707289193
2018-02-13,0.0,0.051286100674251135
2018-02-14,0.0,0.13152177761702916
2018-02-15,0.0,0.07524155092977888
2018-02-16,0.0,0.11720187491097676
2018-02-17,0.0,0.09115482956413982
2018-02-18,0.0,0.0590256555853694
2018-02-19,0.0,0.07863599136486148
2018-02-20,0.0,0.11258792840053247
2018-02-21,0.0,0.05567248190959345
2018-02-22,0.0,0.07025745558255063
2018-02-23,0.0,0.05045905049686709
2018-02-24,0.0,0.11388122680571602
2018-02-25,1.0,0.0971828198154982
2018-02-26,0.0,0.11854977206091274
2018-02-27,0.0,0.08440931186655735
2018-02-28,0.0,0.05286052767696917
2018-03-01,0.0,0.08464726667139613
2018-03-02,0.0,0.0911818202967549
2018-03-03,0.0,0.062236917486889115
2018-03-04,0.0,0.1421169759613194
2018-03-05,0.0,0.1400043052916562
2018-03-06,0.0,0.09677491468236124
2018-03-07,0.0,0.08254564456363786
2018-03-08,0.0,0.11636913008649201
2018-03-09,0.0,0.11491150889055386
2018-03-10,0.0,0.12918915060050062
2018-03-11,0.0,0.1388868878815912
2018-03-12,0.0,0.10442274245671977
2018-03-13,0.0,0.07771481925848246
2018-03-14,0.0,0.06015683118634241
2018-03-15,0.0,0.06550607986856874
2018-03-16,0.0,0.06293740065055223
2018-03-17,0.0,0.08057493843429644
2018-03-18,0.0,0.055931243047179946
2018-03-19,0.0,0.06704207715596719
2018-03-20,0.0,0.10371620595613028
2018-03-21,0.0,0.12990232405200625
2018-03-22,0.0,0.14335165660986204
2018-03-23,0.0,0.13573107177985688
2018-03-24,0.0,0.12688445138231622
2018-03-25,0.0,0.07842953127891117
2018-03-26,0.0,0.1338157352287352
2018-03-27,0.0,0.05422316969402036
2018-03-28,0.0,0.13265961011346805
2018-03-29,0.0,0.07789531807637026
2018-03-30,0.0,0.09191693312272323
2018-03-31,0.0,0.10377795931151698
2018-04-01,0.0,0.13917118118116092
2018-04-02,0.0,0.07681157706938072
2018-04-03,0.0,0.1019882521890555
2018-04-04,0.0,0.06528563718546163
2018-04-05,0.0,0.10881463067937627
2018-04-06,0.0,0.13960991945887802
2018-04-07,0.0,0.10140482519939684
2018-04-08,0.0,0.12267189154578444
2018-04-09,0.0,0.10223445622875957
2018-04-10,0.0,0.13262134263633335
2018-04-11,0.0,0.06310137800711693
2018-04-12,0.0,0.10908275682386352
2018-04-13,0.0,0.05993135051402609
2018-04-14,0.0,0.05680738709001069
2018-04-15,0.0,0.11048716348513501
2018-04-16,0.0,0.06256270906433703
2018-04-17,0.0,0.05198560702712414
2018-04-18,1.0,0.12286793758800353
2018-04-19,0.0,0.08148023006318635
2018-04-20,0.0,0.08079016371777452
2018-04-21,1.0,0.13861523646067087
2018-04-22,0.0,0.11805565343636278
2018-04-23,0.0,0.05907152056779641
2018-04-24,0.0,0.1323841798281225
2018-04-25,0.0,0.1160345298375499
2018-04-26,0.0,0.10543383320507801
2018-04-27,0.0,0.08119825327974987
2018-04-28,0.0,0.07690879323858175
2018-04-29,0.0,0.1006206518722276
2018-04-30,0.0,0.06570270996739255
2018-05-01,0.0,0.09214356958803854
2018-05-02,0.0,0.0555201650903887
2018-05-03,0.0,0.1461230838081231
2018-05-04,0.0,0.14399631816952094
2018-05-05,0.0,0.08395440972126428
2018-05-06,1.0,0.07939474141324196
2018-05-07,0.0,0.0833743654510793
2018-05-08,0.0,0.0698242928057605
2018-05-09,0.0,0.14901145158607912
2018-05-10,0.0,0.09011749099026936
2018-05-11,0.0,0.08564877459778143
2018-05-12,0.0,0.05599444727565503
2018-05-13,0.0,0.14461636672452077
2018-05-14,0.0,0.09711597027848398
2018-05-15,0.0,0.0916897278346449
2018-05-16,0.0,0.08350022894251079
2018-05-17,0.0,0.12921311535647056
2018-05-18,1.0,0.142418447940333
2018-05-19,1.0,0.0963671514585073
2018-05-20,0.0,0.0911343575216353
2018-05-21,0.0,0.13296508923947742
2018-05-22,0.0,0.1023717189914262
2018-05-23,0.0,0.06136827720391126
2018-05-24,0.0,0.11754649284137343
2018-05-25,0.0,0.056434899630079395
2018-05-26,0.0,0.12370348874239477
2018-05-27,0.0,0.06032175468431962
2018-05-28,0.0,0.1325871711645014
2018-05-29,0.0,0.08963387820113791
2018-05-30,0.0,0.058251217091146106
2018-05-31,0.0,0.09671199598531013
2018-06-01,0.0,0.0985753450867373
2018-06-02,0.0,0.0987680992945547
2018-06-03,0.0,0.08389064616249013
2018-06-04,0.0,0.09342707284835608
2018-06-05,1.0,0.06052489253854415
2018-06-06,0.0,0.14543847421586098
2018-06-07,0.0,0.10745863686187884
2018-06-08,0.0,0.10566257526415734
2018-06-09,0.0,0.13910947378824945
2018-06-10,0.0,0.07452897615983266
2018-06-11,0.0,0.0937733403878248
2018-06-12,1.0,0.068150290578009
2018-06-13,0.0,0.0641365182865266
2018-06-14,0.0,0.10023523095455805
2018-06-15,0.0,0.1012863534419553
2018-06-16,0.0,0.05467280592075975
2018-06-17,0.0,0.11171449893642835
2018-06-18,0.0,0.11974205108294825
2018-06-19,0.0,0.10591050049853035
2018-06-20,0.0,0.05569996288741769
2018-06-21,0.0,0.1259133539774475
2018-06-22,0.0,0.07949106126874785
2018-06-23,0.0,0.08085457688447842
2018-06-24,0.0,0.13059971076655766
2018-06-25,0.0,0.09433748599303995
2018-06-26,0.0,0.05796273490579255
2018-06-27,0.0,0.08904036078861398
2018-06-28,0.0,0.12493697422279787
2018-06-29,0.0,0.05711911183135618
2018-06-30,1.0,0.10794722984132424
2018-07-01,0.0,0.10782376861291024
2018-07-02,0.0,0.10436222845301762
2018-07-03,0.0,0.12137569225988809
2018-07-04,1.0,0.13463266030771787
2018-07-05,0.0,0.07716828471752443
2018-07-06,0.0,0.0656366570627869
2018-07-07,0.0,0.09181717579034214
2018-07-08,0.0,0.107806247984357
2018-07-09,0.0,0.12627730353611005
2018-07-10,0.0,0.10371064228054115
2018-07-11,0.0,0.09745348618600135
2018-07-12,0.0,0.10242130002983962
2018-07-13,0.0,0.07743802845441591
2018-07-14,0.0,0.11747143444076784
2018-07-15,0.0,0.14907579395313975
2018-07-16,0.0,0.06951417045532896
2018-07-17,1.0,0.06887386505453832
2018-07-18,0.0,0.056052094589412196
2018-07-19,0.0,0.12826913339388152
2018-07-20,0.0,0.08162514980118615
2018-07-21,1.0,0.13039148102562523
2018-07-22,0.0,0.09287611688646552
2018-07-23,0.0,0.10131434781969864
2018-07-24,0.0,0.05785404077048614
2018-07-25,0.0,0.0664255125927751
2018-07-26,0.0,0.1370334479276512
2018-07-27,0.0,0.07189292474534907
2018-07-28,0.0,0.0929627996467508
2018-07-29,0.0,0.06825566960539024
2018-07-30,0.0,0.1279643888457061
2018-07-31,0.0,0.11627720013803253
2018-08-01,0.0,0.13900103244511736
2018-08-02,0.0,0.05186448140743469
2018-08-03,0.0,0.14361384214596457
2018-08-04,0.0,0.08830726924568233
2018-08-05,0.0,0.054898746669228726
2018-08-06,0.0,0.0834083099067393
2018-08-07,0.0,0.09308850669136724
2018-08-08,0.0,0.07588673529146908
2018-08-09,0.0,0.14602296769383566
2018-08-10,0.0,0.07172784672580793
2018-08-11,0.0,0.10700067327216051
2018-08-12,0.0,0.0965318359645356
2018-08-13,0.0,0.10733339709727284
2018-08-14,0.0,0.060603554942815864
2018-08-15,0.0,0.13992967967065315
2018-08-16,0.0,0.08850586062896562
2018-08-17,0.0,0.0834011519511715
2018-08-18,0.0,0.06683692930901075
2018-08-19,0.0,0.11876782996318186
2018-08-20,0.0,0.1029772693117744
2018-08-21,0.0,0.060418011895516814
2018-08-22,0.0,0.13568334740377397
2018-08-23,0.0,0.12749537490171975
2018-08-24,0.0,0.14300230608325581
2018-08-25,1.0,0.12129103665089554
2018-08-26,0.0,0.12215494232104683
2018-08-27,0.0,0.10513010860504121
2018-08-28,0.0,0.1270015174810713
2018-08-29,0.0,0.14069636394485224
2018-08-30,0.0,0.12218579102664696
2018-08-31,0.0,0.09433137174799885
2018-09-01,0.0,0.10603458292660434
2018-09-02,0.0,0.12819858788699853
2018-09-03,0.0,0.1008923032224868
2018-09-04,0.0,0.071674685440927
2018-09-05,0.0,0.1421838896653074
2018-09-06,0.0,0.0857316102062024
2018-09-07,0.0,0.13549695468464368
2018-09-08,0.0,0.05162769028150547
2018-09-09,0.0,0.07336182085928214
2018-09-10,0.0,0.05067821406104155
2018-09-11,0.0,0.07309714461444515
2018-09-12,0.0,0.07365886796871247
2018-09-13,0.0,0.11655473532100902
2018-09-14,0.0,0.06547778266306017
2018-09-15,0.0,0.12251195990989132
2018-09-16,0.0,0.13546472024268236
2018-09-17,0.0,0.11893857149296329
2018-09-18,0.0,0.07222847573702787
2018-09-19,0.0,0.062285944231207695
2018-09-20,0.0,0.06325040289069657
2018-09-21,0.0,0.07248684818920023
2018-09-22,0.0,0.13980109907096255
2018-09-23,0.0,0.11459519320986354
2018-09-24,0.0,0.11002240128425447
2018-09-25,0.0,0.10719941159780436
2018-09-26,0.0,0.08113145056405276
2018-09-27,0.0,0.10124216386658591
2018-09-28,0.0,0.07080440423736482
2018-09-29,0.0,0.12046417700853639
2018-09-30,0.0,0.08656377233733356
2018-10-01,0.0,0.09966582063614954
2018-10-02,0.0,0.10566268111308333
2018-10-03,0.0,0.11397265752433543
2018-10-04,0.0,0.1118853111556197
2018-10-05,0.0,0.11826383798337049
2018-10-06,0.0,0.07978950918898767
2018-10-07,0.0,0.11258091555521532
2018-10-08,0.0,0.13248887335973702
2018-10-09,0.0,0.06182986898533534
2018-10-10,0.0,0.14246540532347696
2018-10-11,0.0,0.08764400385200326
2018-10-12,0.0,0.06593920029798031
2018-10-13,0.0,0.05048137040181503
2018-10-14,0.0,0.10877315435927001
2018-10-15,1.0,0.10469290588675567
2018-10-16,0.0,0.146101471301383
2018-10-17,0.0,0.125645086886907
2018-10-18,0.0,0.07091413125673142
2018-10-19,0.0,0.1398470592974397
2018-10-20,0.0,0.09238038063738624
2018-10-21,0.0,0.0880768010220599
2018-10-22,0.0,0.05619274417033965
2018-10-23,0.0,0.10887335431832654
2018-10-24,0.0,0.13580976582179638
2018-10-25,0.0,0.08994623163611051
2018-10-26,0.0,0.13037312857291095
2018-10-27,0.0,0.08867020321249966
2018-10-28,0.0,0.11654457034177658
2018-10-29,0.0,0.14702794139178355
2018-10-30,0.0,0.13750755257625005
2018-10-31,0.0,0.10217019055487275
2018-11-01,1.0,0.06023173049039024
2018-11-02,0.0,0.11139892614762642
2018-11-03,0.0,0.10267179546563782
2018-11-04,0.0,0.08885241645580091
2018-11-05,0.0,0.1378997272381841
2018-11-06,0.0,0.06379547237942748
2018-11-07,1.0,0.08765576692057624
2018-11-08,0.0,0.14804481406305042
2018-11-09,0.0,0.1153768628107287
2018-11-10,0.0,0.11450326515013105
2018-11-11,0.0,0.10647966406602914
2018-11-12,0.0,0.05584650201444194
2018-11-13,0.0,0.10487034338332038
2018-11-14,0.0,0.11655350807601068
2018-11-15,0.0,0.10378782103925563
2018-11-16,0.0,0.1311893052523549
2018-11-17,0.0,0.11576336496409442
2018-11-18,0.0,0.11212833644761527
2018-11-19,0.0,0.114143780580533
2018-11-20,0.0,0.12123346509111384
2018-11-21,0.0,0.06624434952813434
2018-11-22,0.0,0.10685265197389776
2018-11-23,0.0,0.053513853481479745
2018-11-24,0.0,0.11713921359705283
2018-11-25,0.0,0.069733239974621
2018-11-26,0.0,0.12159316274116207
2018-11-27,0.0,0.08957485875905837
2018-11-28,0.0,0.08020885590753189
2018-11-29,0.0,0.10041275539636008
2018-11-30,0.0,0.06374566320335837
2018-12-01,0.0,0.1330803149656402
2018-12-02,0.0,0.07948723640630606
2018-12-03,0.0,0.11597589768324063
2018-12-04,0.0,0.12091388656871013
2018-12-05,0.0,0.08914745857712815
2018-12-06,0.0,0.0535047379334756
2018-12-07,0.0,0.050422638583138314
2018-12-08,0.0,0.11958910041961254
2018-12-09,0.0,0.09548539597246372
2018-12-10,0.0,0.06755311616168921
2018-12-11,0.0,0.11257316932816085
2018-12-12,0.0,0.12320940473807886
2018-12-13,0.0,0.13205429509608518
2018-12-14,0.0,0.05772198674974538
2018-12-15,0.0,0.13366786169280265
2018-12-16,0.0,0.1037692345893648
2018-12-17,0.0,0.11815893011756855
2018-12-18,0.0,0.07957977479577467
2018-12-19,0.0,0.06733423319360514
2018-12-20,0.0,0.14225200986394676
2018-12-21,0.0,0.1479485535058943
2018-12-22,0.0,0.09748564025523773
2018-12-23,0.0,0.11852018612151717
2018-12-24,0.0,0.056572511707218165
2018-12-25,0.0,0.12872560326540833
2018-12-26,0.0,0.12289607634064693
2018-12-27,0.0,0.13399512101894823
2018-12-28,0.0,0.11792254076547629
2018-12-29,0.0,0.05621253028568848
2018-12-30,0.0,0.07108474788984588
2018-12-31,0.0,0.07332150908708365
2019-01-01,0.0,0.10511919548312497
2019-01-02,0.0,0.10855761687003557
2019-01-03,0.0,0.12614998310584025
2019-01-04,0.0,0.14180540836182898
2019-01-05,0.0,0.05626418393691804
2019-01-06,0.0,0.13188779496660535
2019-01-07,0.0,0.0984671317324653
2019-01-08,1.0,0.053691156078436865
2019-01-09,0.0,0.07642303659459367
2019-01-10,0.0,0.06396620355974796
2019-01-11,0.0,0.09495651873661817
2019-01-12,0.0,0.1405970901086915
2019-01-13,0.0,0.12449023585253167
2019-01-14,1.0,0.0858797234831917
2019-01-15,0.0,0.06915143943521027
2019-01-16,0.0,0.11638097264422222
2019-01-17,0.0,0.10052297657933598
2019-01-18,0.0,0.0818878450059326
2019-01-19,0.0,0.12415330241376521
2019-01-20,0.0,0.06532802586190467
2019-01-21,0.0,0.11176360641258837
2019-01-22,0.0,0.09040522737956139
2019-01-23,0.0,0.14071369067044906
2019-01-24,0.0,0.10064563460693565
2019-01-25,0.0,0.1218794185525552
2019-01-26,0.0,0.13705216247308113
2019-01-27,0.0,0.09169312207938768
2019-01-28,1.0,0.11665490503907074
2019-01-29,0.0,0.0861077723310497
2019-01-30,0.0,0.09934611904240392
2019-01-31,0.0,0.0699077816890073
2019-02-01,0.0,0.08473793145148276
2019-02-02,0.0,0.14472039169281026
2019-02-03,0.0,0.08447001880292898
2019-02-04,0.0,0.12691707475181385
2019-02-05,0.0,0.13446706876039
2019-02-06,0.0,0.14555445966793376
2019-02-07,0.0,0.05076828594796784
2019-02-08,0.0,0.14409266633671133
2019-02-09,0.0,0.14723097832710008
2019-02-10,0.0,0.14280665888890376
2019-02-11,0.0,0.10590733939850047
2019-02-12,0.0,0.13523663619757992
2019-02-13,0.0,0.061377833389621245
2019-02-14,0.0,0.055453838703631214
2019-02-15,0.0,0.12089389380879365
2019-02-16,0.0,0.14294661872275616
2019-02-17,0.0,0.10377105706291154
2019-02-18,0.0,0.08228005618226641
2019-02-19,0.0,0.10960933321845912
2019-02-20,0.0,0.1499861055532928
2019-02-21,0.0,0.06084673699938542
2019-02-22,0.0,0.05554200100838026
2019-02-23,0.0,0.11906730273659051
2019-02-24,0.0,0.055143887887660725
2019-02-25,0.0,0.09021138483811217
2019-02-26,0.0,0.09542625791533531
2019-02-27,0.0,0.07357643271066903
2019-02-28,0.0,0.1422776987976334
2019-03-01,0.0,0.12349737208954002
2019-03-02,0.0,0.09066774037040573
2019-03-03,0.0,0.08422092651072267
2019-03-04,0.0,0.13295677255302785
2019-03-05,0.0,0.08359027202496147
2019-03-06,0.0,0.05827199508214194
2019-03-07,0.0,0.11607003347791846
2019-03-08,0.0,0.05457817963336258
2019-03-09,0.0,0.10253365781915891
2019-03-10,0.0,0.14884120081250218
2019-03-11,0.0,0.14816898583016314
2019-03-12,0.0,0.08042359934355317
2019-03-13,0.0,0.07010091486313048
2019-03-14,0.0,0.09470655817614412
2019-03-15,0.0,0.14343785589102187
2019-03-16,0.0,0.06496103456668025
2019-03-17,0.0,0.07693358319843052
2019-03-18,0.0,0.13367000965445575
2019-03-19,0.0,0.06276245587351816
2019-03-20,0.0,0.09789334808018522
2019-03-21,0.0,0.09511637215089622
2019-03-22,0.0,0.07375330364070301
2019-03-23,0.0,0.07006111851600018
2019-03-24,0.0,0.07507115260577406
2019-03-25,0.0,0.05187051543837465
2019-03-26,0.0,0.09653501264363733
2019-03-27,0.0,0.1273884395468466
2019-03-28,0.0,0.14719017592167327
2019-03-29,1.0,0.06349152637122543
2019-03-30,0.0,0.13087486717638025
2019-03-31,0.0,0.13907179597095742
2019-04-01,0.0,0.06881437972787723
2019-04-02,0.0,0.12287784199897563
2019-04-03,0.0,0.08680409161166418
2019-04-04,0.0,0.08073716835043186
2019-04-05,0.0,0.102498592118727
2019-04-06,0.0,0.09895152680765934
2019-04-07,0.0,0.08384281577633117
2019-04-08,0.0,0.07850528899206823
2019-04-09,0.0,0.09263825902068906
2019-04-10,0.0,0.09669224758231915
2019-04-11,0.0,0.061599263523769265
2019-04-12,0.0,0.09316853293038066
2019-04-13,1.0,0.1073790554954443
2019-04-14,0.0,0.11275775240964724
2019-04-15,0.0,0.06311323135210349
2019-04-16,0.0,0.1320192622014873
2019-04-17,0.0,0.07900420412261162
2019-04-18,0.0,0.14554514507220528
2019-04-19,0.0,0.1105856016880975
2019-04-20,0.0,0.050099425682236326
2019-04-21,0.0,0.11489425593595295
2019-04-22,0.0,0.10668077377537658
2019-04-23,0.0,0.1200311546901376
2019-04-24,0.0,0.14989684289789768
2019-04-25,0.0,0.05848885641526783
2019-04-26,0.0,0.13113820152837632
2019-04-27,0.0,0.05143445766446447
2019-04-28,0.0,0.0818024777573377
2019-04-29,0.0,0.13679709197015377
2019-04-30,0.0,0.09556951427063919
2019-05-01,0.0,0.1334436503202033
2019-05-02,0.0,0.06912897970710938
2019-05-03,0.0,0.1223700922948618
2019-05-04,0.0,0.08152346133840324
2019-05-05,0.0,0.11961433538759317
2019-05-06,0.0,0.08863008266571329
2019-05-07,0.0,0.12256000248248898
2019-05-08,0.0,0.0800894065693887
2019-05-09,0.0,0.06153803028906592
2019-05-10,0.0,0.09411126825005414
2019-05-11,0.0,0.06030262550868283
2019-05-12,0.0,0.09722059073449961
2019-05-13,1.0,0.0683995171956451
2019-05-14,0.0,0.052889746147587985
2019-05-15,0.0,0.09665733190812809
2019-05-16,0.0,0.07309992217275257
2019-05-17,0.0,0.09337635677633083
2019-05-18,0.0,0.06632961842848199
2019-05-19,0.0,0.08703858319405819
2019-05-20,0.0,0.09731003475286515
2019-05-21,0.0,0.07859584735176237
2019-05-22,0.0,0.1371078514138535
2019-05-23,0.0,0.06611103749215934
2019-05-24,0.0,0.055881588217815
2019-05-25,0.0,0.10913302505364914
2019-05-26,0.0,0.12278617050168833
2019-05-27,0.0,0.07684543075621444
2019-05-28,0.0,0.13773736230901412
2019-05-29,0.0,0.13151411681747727
2019-05-30,0.0,0.06054701560695089
2019-05-31,0.0,0.10830455538640535
2019-06-01,0.0,0.1421635162224736
2019-06-02,0.0,0.07946122272192366
2019-06-03,0.0,0.08821815723913903
2019-06-04,0.0,0.0694442666735684
2019-06-05,0.0,0.06971668667621711
2019-06-06,1.0,0.07593882360986122
2019-06-07,0.0,0.05904518637106476
2019-06-08,0.0,0.05454446700926269
2019-06-09,1.0,0.10823506972271926
2019-06-10,0.0,0.11981186267614186
2019-06-11,0.0,0.1249226980748492
2019-06-12,1.0,0.1491004606978737
2019-06-13,0.0,0.14164216958665443
2019-06-14,0.0,0.12376659655168083
2019-06-15,0.0,0.10827879528774435
2019-06-16,0.0,0.1198171463525531
2019-06-17,0.0,0.06751332772917025
2019-06-18,0.0,0.0750047912025941
2019-06-19,0.0,0.11096426053632423
2019-06-20,0.0,0.13888203671064603
2019-06-21,0.0,0.12048809817950124
2019-06-22,0.0,0.08566046584378118
2019-06-23,0.0,0.1178399163041048
2019-06-24,0.0,0.14393996348497726
2019-06-25,0.0,0.14029412815463113
2019-06-26,0.0,0.13190213042648868
2019-06-27,0.0,0.12612651620422483
2019-06-28,0.0,0.1475232370108216
2019-06-29,0.0,0.10743982217016106
2019-06-30,0.0,0.12237954470098558
2019-07-01,0.0,0.13043066368261058
2019-07-02,1.0,0.12339884000654801
2019-07-03,0.0,0.09919345758133882
2019-07-04,0.0,0.14376045241697794
2019-07-05,0.0,0.0985794640238997
2019-07-06,0.0,0.13335866995076767
2019-07-07,0.0,0.06402049609858822
2019-07-08,0.0,0.11854559844113985
2019-07-09,0.0,0.0923213193230091
2019-07-10,0.0,0.1413122586688053
2019-07-11,0.0,0.08740420943030798
2019-07-12,0.0,0.0821441811813947
2019-07-13,0.0,0.09224590711438484
2019-07-14,0.0,0.12513247264233068
2019-07-15,0.0,0.13286793728724702
2019-07-16,1.0,0.0911293521905879
2019-07-17,0.0,0.11869653454909447
2019-07-18,0.0,0.053147584929696484
2019-07-19,0.0,0.14236219832152602
2019-07-20,0.0,0.09596717932676407
2019-07-21,0.0,0.1425272686092613
2019-07-22,0.0,0.08604504628842569
2019-07-23,0.0,0.1390902422615833
2019-07-24,0.0,0.11445612573646986
2019-07-25,0.0,0.1234861837821826
2019-07-26,0.0,0.10306146506551066
2019-07-27,0.0,0.13772513139355547
2019-07-28,0.0,0.08035980272516141
2019-07-29,0.0,0.09501204697546427
2019-07-30,0.0,0.14402457030394486
2019-07-31,0.0,0.1455959635441017
2019-08-01,0.0,0.09492303157276497
2019-08-02,0.0,0.1351600629964348
2019-08-03,0.0,0.11405194144267028
2019-08-04,0.0,0.14942295556459
2019-08-05,0.0,0.055074888713479424
2019-08-06,0.0,0.1155416341701952
2019-08-07,0.0,0.0596182370004399
2019-08-08,0.0,0.1423021186799603
2019-08-09,0.0,0.11598234671049869
2019-08-10,0.0,0.10095163448536376
2019-08-11,0.0,0.13672866977530063
2019-08-12,0.0,0.1148619704373395
2019-08-13,0.0,0.05007083313847158
2019-08-14,0.0,0.07178378181132941
2019-08-15,0.0,0.09405665681891448
2019-08-16,0.0,0.08797297646585381
2019-08-17,0.0,0.11229282115550529
2019-08-18,0.0,0.09276091900724796
2019-08-19,0.0,0.11053618047204582
2019-08-20,0.0,0.09691953482328239
2019-08-21,0.0,0.09676467574695877
2019-08-22,0.0,0.0766714695113722
2019-08-23,0.0,0.09980959135826742
2019-08-24,0.0,0.09977174159590411
2019-08-25,0.0,0.06667266308288125
2019-08-26,0.0,0.09118559049920144
2019-08-27,0.0,0.060375254212326306
2019-08-28,0.0,0.13838987439434758
2019-08-29,0.0,0.060962012042952644
2019-08-30,0.0,0.10502063698595446
2019-08-31,0.0,0.14909294501185927
2019-09-01,0.0,0.09007115664763485
2019-09-02,0.0,0.1499140137246861
2019-09-03,0.0,0.11074316424441455
2019-09-04,0.0,0.05658537625942503
2019-09-05,0.0,0.11263675209436176
2019-09-06,0.0,0.11034695746787718
2019-09-07,0.0,0.1390095020373786
2019-09-08,0.0,0.07558282476173647
2019-09-09,0.0,0.14412861475167443
2019-09-10,0.0,0.08918402330818984
2019-09-11,0.0,0.1065142546615877
2019-09-12,0.0,0.08347926041993195
2019-09-13,0.0,0.05499161682592131
2019-09-14,0.0,0.11460682636090032
2019-09-15,0.0,0.08651965497066438
2019-09-16,0.0,0.1454112222478032
2019-09-17,0.0,0.05661320342656271
2019-09-18,0.0,0.0979589730689171
2019-09-19,0.0,0.11386018262714512
2019-09-20,0.0,0.14461825734785433
2019-09-21,0.0,0.14163713625624416
2019-09-22,0.0,0.11801448458750684
2019-09-23,0.0,0.08720871685837495
2019-09-24,0.0,0.1275137541084443
2019-09-25,0.0,0.06862821340805746
2019-09-26,0.0,0.07318206129002167
2019-09-27,0.0,0.058088835310637604
2019-09-28,0.0,0.05907023261218417
2019-09-29,0.0,0.06532535188187291
2019-09-30,0.0,0.05021137336925387
2019-10-01,0.0,0.0795022274040686
2019-10-02,0.0,0.08736879500467418
2019-10-03,0.0,0.057708048170272724
2019-10-04,0.0,0.056647963844834115
2019-10-05,0.0,0.05036863966768684
2019-10-06,0.0,0.10521896310089285
2019-10-07,0.0,0.09644451261990714
2019-10-08,0.0,0.11530218566046557
2019-10-09,0.0,0.13926565510117545
2019-10-10,0.0,0.13333985661294445
2019-10-11,0.0,0.056453783333273444
2019-10-12,0.0,0.1380807341204569
2019-10-13,0.0,0.10980512149335175
2019-10-14,1.0,0.12303082205362549
2019-10-15,0.0,0.1319186393989502
2019-10-16,0.0,0.0781728758530033
2019-10-17,0.0,0.05883398321136812
2019-10-18,0.0,0.08369285296210788
2019-10-19,0.0,0.14585730386893264
2019-10-20,0.0,0.11570345987998626
2019-10-21,0.0,0.09068837874048094
2019-10-22,0.0,0.11609765504064959
2019-10-23,0.0,0.13402369574051254
2019-10-24,0.0,0.06536863749204748
2019-10-25,0.0,0.0881185900275073
2019-10-26,0.0,0.14365574688889604
2019-10-27,0.0,0.13251150681133722
2019-10-28,0.0,0.13189181781540926
2019-10-29,0.0,0.13151398998711572
2019-10-30,0.0,0.11695114638568795
2019-10-31,0.0,0.09243547257935836
2019-11-01,0.0,0.11001426640310702
2019-11-02,0.0,0.08458432752502526
2019-11-03,0.0,0.1085335653790194
2019-11-04,0.0,0.13255989441464705
2019-11-05,0.0,0.05651702142225654
2019-11-06,0.0,0.09624953249957033
2019-11-07,0.0,0.10217940095812478
2019-11-08,0.0,0.06072707511683681
2019-11-09,0.0,0.07240294253258855
2019-11-10,0.0,0.10894012044307613
2019-11-11,1.0,0.12513291498593326
2019-11-12,0.0,0.05873533361563285
2019-11-13,0.0,0.14216536978399086
2019-11-14,0.0,0.07195313458536891
2019-11-15,0.0,0.0954096775651259
2019-11-16,0.0,0.09951021466400392
2019-11-17,0.0,0.13031422970862877
2019-11-18,0.0,0.0596390468524625
2019-11-19,0.0,0.06942309456432252
2019-11-20,0.0,0.12106516228475639
2019-11-21,1.0,0.09204761091610653
2019-11-22,0.0,0.06152342732119194
2019-11-23,0.0,0.08418488028825889
2019-11-24,0.0,0.0531178885359787
2019-11-25,0.0,0.14931871988429624
2019-11-26,0.0,0.05394719981674723
2019-11-27,0.0,0.10487511635578095
2019-11-28,0.0,0.05424450953001747
2019-11-29,0.0,0.10486654536501187
2019-11-30,0.0,0.1178881698588876
2019-12-01,0.0,0.1123594888952926
2019-12-02,0.0,0.13859995956491422
2019-12-03,0.0,0.10836038362887673
2019-12-04,1.0,0.13327199740675494
2019-12-05,0.0,0.09489337154475647
2019-12-06,0.0,0.1383341386569031
2019-12-07,0.0,0.10598757510046886
2019-12-08,0.0,0.13018075683343994
2019-12-09,0.0,0.0861314149372717
2019-12-10,0.0,0.05010014202840484
2019-12-11,0.0,0.07539518646801444
2019-12-12,0.0,0.05984411742822077
2019-12-13,0.0,0.07665573665189779
2019-12-14,0.0,0.09476962709082892
2019-12-15,0.0,0.05325977281252547
2019-12-16,0.0,0.06602746281670897
2019-12-17,0.0,0.1157285174663397
2019-12-18,0.0,0.0923736089237796
2019-12-19,0.0,0.07716892778372868
2019-12-20,0.0,0.11718269192047412
2019-12-21,0.0,0.06715411962735537
2019-12-22,0.0,0.11052733007261509
2019-12-23,0.0,0.14537688961362924
2019-12-24,0.0,0.1468417072649041
2019-12-25,0.0,0.09997896741418821
2019-12-26,0.0,0.07749344840376281
2019-12-27,0.0,0.13896599874153048
2019-12-28,0.0,0.060268518335907885
2019-12-29,0.0,0.06253688526822769
2019-12-30,0.0,0.1455242955171118
2019-12-31,0.0,0.13491324187928122
2020-01-01,0.0,0.09097086849072643
2020-01-02,0.0,0.10613877510826245
2020-01-03,0.0,0.14245695785039764
2020-01-04,0.0,0.07805766462102101
2020-01-05,0.0,0.07922347048825427
2020-01-06,0.0,0.1362548610232414
2020-01-07,0.0,0.12041766079186426
2020-01-08,0.0,0.09467053961966296
2020-01-09,0.0,0.09465820196456379
2020-01-10,0.0,0.11679807347004517
2020-01-11,1.0,0.13858554686275926
2020-01-12,0.0,0.11127975848032062
2020-01-13,0.0,0.10828629079675792
2020-01-14,0.0,0.14889735880532332
2020-01-15,0.0,0.1379794194441284
2020-01-16,0.0,0.07858998612025583
2020-01-17,1.0,0.057267651039184235
2020-01-18,0.0,0.14355962270376238
2020-01-19,0.0,0.1494563309794938
2020-01-20,0.0,0.12884480999921788
2020-01-21,0.0,0.12873787283145954
2020-01-22,0.0,0.07426695486472254
2020-01-23,0.0,0.11319501858813961
2020-01-24,0.0,0.11259026220755548
2020-01-25,0.0,0.09473183570782526
2020-01-26,0.0,0.07980204723775886
2020-01-27,0.0,0.0730493963507924
2020-01-28,0.0,0.0638359143812611
2020-01-29,0.0,0.13669378188885423
2020-01-30,0.0,0.14975079125748028
2020-01-31,0.0,0.13073091196432512
2020-02-01,0.0,0.08727749411711122
2020-02-02,0.0,0.07310282416745789
2020-02-03,0.0,0.126307395585581
2020-02-04,0.0,0.13944399224527312
2020-02-05,0.0,0.11153456344039844
2020-02-06,0.0,0.06097613331826062
2020-02-07,0.0,0.11003644466643359
2020-02-08,0.0,0.07403194704515696
2020-02-09,0.0,0.13110093129710076
2020-02-10,0.0,0.09097430399543133
2020-02-11,0.0,0.06317776690682182
2020-02-12,0.0,0.10887582250671671
2020-02-13,0.0,0.13971826371422147
2020-02-14,0.0,0.06999246664548592
2020-02-15,0.0,0.1324405544989477
2020-02-16,0.0,0.13451720164663478
2020-02-17,0.0,0.07360080801203886
2020-02-18,1.0,0.11731649149100469
2020-02-19,0.0,0.11006846774149867
2020-02-20,0.0,0.07788878303051061
2020-02-21,0.0,0.09909996913964644
2020-02-22,0.0,0.13723496183983502
2020-02-23,0.0,0.10039651708956585
2020-02-24,0.0,0.08226102776658692
2020-02-25,0.0,0.13170522407921403
2020-02-26,0.0,0.1442431572252824
2020-02-27,0.0,0.07869133757424958
2020-02-28,0.0,0.09111533898871686
2020-02-29,0.0,0.10330618196537576
2020-03-01,0.0,0.13260409790227937
2020-03-02,0.0,0.07945990793282673
2020-03-03,0.0,0.09576327699887652
2020-03-04,0.0,0.08520155747388324
2020-03-05,0.0,0.06684654644252803
2020-03-06,0.0,0.11211273373140922
2020-03-07,0.0,0.09144665125963493
2020-03-08,0.0,0.14590275504017625
2020-03-09,0.0,0.053559806158733105
2020-03-10,0.0,0.10754527625169669
2020-03-11,0.0,0.06258633249104129
2020-03-12,1.0,0.0815084676812257
2020-03-13,0.0,0.1219437300791608
2020-03-14,0.0,0.1426319952013732
2020-03-15,0.0,0.06914265805803388
2020-03-16,0.0,0.13796972119413156
2020-03-17,0.0,0.13351922754116993
2020-03-18,0.0,0.08280422477854203
2020-03-19,0.0,0.060738692705232404
2020-03-20,0.0,0.0754804051808955
2020-03-21,0.0,0.1468067496226671
2020-03-22,0.0,0.1256770134029479
2020-03-23,0.0,0.13561699148213274
2020-03-24,0.0,0.06030190507744361
2020-03-25,0.0,0.12830243502842226
2020-03-26,0.0,0.1481881616906356
2020-03-27,0.0,0.10393255019694779
2020-03-28,0.0,0.06429619367167569
2020-03-29,0.0,0.09475249789267262
2020-03-30,0.0,0.13080692305004893
2020-03-31,0.0,0.07885936481389497
2020-04-01,0.0,0.10598597322403414
2020-04-02,0.0,0.1105464332837574
2020-04-03,0.0,0.13569287936761165
2020-04-04,0.0,0.09466932567647518
2020-04-05,0.0,0.08915043012839649
2020-04-06,0.0,0.14412542540714574
2020-04-07,0.0,0.11006830356744585
2020-04-08,0.0,0.12326707192712628
2020-04-09,0.0,0.14688768938888547
2020-04-10,0.0,0.09172612880041958
2020-04-11,0.0,0.06802712393123933
2020-04-12,0.0,0.0968124841717252
2020-04-13,0.0,0.11032862400141462
2020-04-14,0.0,0.14639871409687805
2020-04-15,0.0,0.10899825529932747
2020-04-16,0.0,0.10119987892776364
2020-04-17,0.0,0.05623354758680298
2020-04-18,0.0,0.12983310757991373
2020-04-19,1.0,0.1177327434449481
2020-04-20,0.0,0.09390037555876823
2020-04-21,0.0,0.05404197261292362
2020-04-22,0.0,0.1370179287042408
2020-04-23,1.0,0.07564530794138392
2020-04-24,0.0,0.09201473809036129
2020-04-25,0.0,0.139905278396789
2020-04-26,0.0,0.06191046832424867
2020-04-27,0.0,0.11477574695016932
2020-04-28,0.0,0.07298439830270134
2020-04-29,0.0,0.132208085114482
2020-04-30,0.0,0.12797154849848325
2020-05-01,0.0,0.1392330992029889
2020-05-02,0.0,0.11108149267394266
2020-05-03,0.0,0.056318966200699885
2020-05-04,1.0,0.058531948505961155
2020-05-05,0.0,0.08780489843535136
2020-05-06,0.0,0.07687586831342312
2020-05-07,0.0,0.06041685142205477
2020-05-08,0.0,0.12915764164125132
2020-05-09,0.0,0.09995709071593938
2020-05-10,0.0,0.05815021377887828
2020-05-11,0.0,0.09068010861165036
2020-05-12,0.0,0.14530150403597808
2020-05-13,0.0,0.14798713444655115
2020-05-14,0.0,0.05302274669251698
2020-05-15,0.0,0.10049114565485621
2020-05-16,0.0,0.09194708094338647
2020-05-17,0.0,0.09775858178489946
2020-05-18,0.0,0.0889259240050808
2020-05-19,0.0,0.14724394444958266
2020-05-20,0.0,0.05828755176531494
2020-05-21,0.0,0.14290853471618586
2020-05-22,0.0,0.13355126259632383
2020-05-23,0.0,0.08146116092598824
2020-05-24,0.0,0.1268177651363861
2020-05-25,0.0,0.09076895816687411
2020-05-26,0.0,0.11925798435662706
2020-05-27,0.0,0.12503463693950168
2020-05-28,0.0,0.1284763229726013
2020-05-29,0.0,0.1461591349989258
2020-05-30,0.0,0.09126158591490582
2020-05-31,0.0,0.09032095534568337
2020-06-01,0.0,0.10465148115219995
2020-06-02,0.0,0.13894766436036188
2020-06-03,0.0,0.0640226852912683
2020-06-04,0.0,0.10212021040721825
2020-06-05,0.0,0.1309622473121902
2020-06-06,0.0,0.05097845781153546
2020-06-07,0.0,0.1271630487515087
2020-06-08,1.0,0.14171351567160068
2020-06-09,0.0,0.10271643586841438
2020-06-10,0.0,0.14007796346082846
2020-06-11,0.0,0.14567085192998908
2020-06-12,0.0,0.115456049763504
2020-06-13,1.0,0.12085381103811005
2020-06-14,0.0,0.055274990449200034
2020-06-15,0.0,0.14349034419314127
2020-06-16,0.0,0.09490073652494893
2020-06-17,0.0,0.14783300995595222
2020-06-18,0.0,0.08942873582176916
2020-06-19,0.0,0.10141115698293912
2020-06-20,0.0,0.1298661287206615
2020-06-21,0.0,0.07697394077393674
2020-06-22,0.0,0.07149680629989197
2020-06-23,0.0,0.10870776422958447
2020-06-24,0.0,0.059441836441211475
2020-06-25,0.0,0.09211956707976764
2020-06-26,0.0,0.11886229806990979
2020-06-27,0.0,0.060250592222752065
2020-06-28,0.0,0.09538195702679886
2020-06-29,1.0,0.12302163490120305
2020-06-30,0.0,0.06640639311627552
2020-07-01,0.0,0.1357361685321435
2020-07-02,0.0,0.08859221881087419
2020-07-03,0.0,0.13533204035861238
2020-07-04,0.0,0.09584262430112864
2020-07-05,0.0,0.07971286007056042
2020-07-06,1.0,0.06348592301625713
2020-07-07,0.0,0.1021973572118892
2020-07-08,0.0,0.07078403066341264
2020-07-09,0.0,0.13301971665859258
2020-07-10,0.0,0.13680222645227436
2020-07-11,1.0,0.12954421614129935
2020-07-12,0.0,0.11577821159675958
2020-07-13,0.0,0.09351532883469665
2020-07-14,0.0,0.11853728234992175
2020-07-15,0.0,0.09042028709494829
2020-07-16,0.0,0.11587198265846284
2020-07-17,0.0,0.12778940558237045
2020-07-18,1.0,0.12085930570026773
2020-07-19,0.0,0.12074461188856714
2020-07-20,0.0,0.08674037523131592
2020-07-21,0.0,0.1242898784809346
2020-07-22,0.0,0.08205476882921704
2020-07-23,0.0,0.062211156538864346
2020-07-24,0.0,0.12044153534973276
2020-07-25,0.0,0.14126458906578787
2020-07-26,0.0,0.09325757017403297
2020-07-27,0.0,0.13048331582999007
2020-07-28,0.0,0.07517399116147162
2020-07-29,0.0,0.07065388762773506
2020-07-30,0.0,0.06656382448330331
2020-07-31,0.0,0.14077343263251196
2020-08-01,0.0,0.10017655398124375
2020-08-02,0.0,0.144489458227609
2020-08-03,0.0,0.0653704619481848
2020-08-04,0.0,0.08776075349006474
2020-08-05,0.0,0.14604038358113347
2020-08-06,0.0,0.1415353125092254
2020-08-07,0.0,0.14475035688910648
2020-08-08,0.0,0.07177690234756154
2020-08-09,0.0,0.11612232075707629
2020-08-10,0.0,0.09061657419234144
2020-08-11,0.0,0.14634835815867558
2020-08-12,0.0,0.12001373377950549
2020-08-13,0.0,0.07831546411294704
2020-08-14,0.0,0.07220271223980705
2020-08-15,0.0,0.09171033819728194
2020-08-16,0.0,0.10065479540143785
2020-08-17,0.0,0.10944696036102453
2020-08-18,0.0,0.14484772076185104
2020-08-19,0.0,0.13371486933956217
2020-08-20,0.0,0.07428893836266437
2020-08-21,0.0,0.05796346812643138
2020-08-22,0.0,0.11299110792232948
2020-08-23,0.0,0.05069334249322152
2020-08-24,0.0,0.07376109237417516
2020-08-25,0.0,0.0526659218656019
2020-08-26,0.0,0.08974618423237465
2020-08-27,0.0,0.14292648217808385
2020-08-28,0.0,0.10281128310987292
2020-08-29,0.0,0.1154698508902887
2020-08-30,0.0,0.12138749813065909
2020-08-31,0.0,0.058758622371054725
2020-09-01,0.0,0.05416377453905983
2020-09-02,0.0,0.0669593941087763
2020-09-03,0.0,0.14442288395355357
2020-09-04,0.0,0.07600436666231847
2020-09-05,0.0,0.0716687952263405
2020-09-06,0.0,0.10141218036479026
2020-09-07,0.0,0.06307377495006541
2020-09-08,0.0,0.14625541413535892
2020-09-09,0.0,0.13843950232500407
2020-09-10,0.0,0.12468006137015426
2020-09-11,0.0,0.13552215723982425
2020-09-12,0.0,0.1350237483496461
2020-09-13,0.0,0.11197379658523235
2020-09-14,0.0,0.094994011770387
2020-09-15,0.0,0.06482858634794472
2020-09-16,0.0,0.09307653222692194
2020-09-17,0.0,0.0873056397532229
2020-09-18,0.0,0.13729040830506029
2020-09-19,0.0,0.12456988190381071
2020-09-20,0.0,0.09105070226144955
2020-09-21,0.0,0.07292444889936425
2020-09-22,0.0,0.1143996548217074
2020-09-23,0.0,0.054483061974043935
2020-09-24,0.0,0.051661749459209205
2020-09-25,0.0,0.06364636196335588
2020-09-26,0.0,0.0919416323647497
2020-09-27,0.0,0.14273903252938278
2020-09-28,0.0,0.13558953656988737
2020-09-29,0.0,0.11026031281346685
2020-09-30,0.0,0.07301002581373348
2020-10-01,0.0,0.09403786619577426
2020-10-02,0.0,0.13591885302302675
2020-10-03,0.0,0.1391242152877598
2020-10-04,0.0,0.09418371009716048
2020-10-05,0.0,0.0637927444523345
2020-10-06,0.0,0.14040966789140008
2020-10-07,0.0,0.1358067878934698
2020-10-08,1.0,0.11089006625770237
2020-10-09,0.0,0.10004218234076445
2020-10-10,0.0,0.07549196135712646
2020-10-11,0.0,0.11123819321035133
2020-10-12,1.0,0.13549232574389758
2020-10-13,0.0,0.11256638421646961
2020-10-14,0.0,0.09115077261534764
2020-10-15,0.0,0.126183349678281
2020-10-16,0.0,0.09290816417714973
2020-10-17,0.0,0.10939623744461344
2020-10-18,0.0,0.13874808801518296
2020-10-19,0.0,0.07272225182757032
2020-10-20,0.0,0.13266920204274774
2020-10-21,0.0,0.08767942410972415
2020-10-22,0.0,0.09566081489353989
2020-10-23,0.0,0.08750590389568617
2020-10-24,0.0,0.07995814660772316
2020-10-25,0.0,0.07446490438887615
2020-10-26,0.0,0.08121591591163259
2020-10-27,0.0,0.06723990797449216
2020-10-28,0.0,0.054133224165124186
2020-10-29,0.0,0.12812964894277823
2020-10-30,0.0,0.139697079220089
2020-10-31,0.0,0.08166363935068237
2020-11-01,0.0,0.128687001459138
2020-11-02,0.0,0.11015954256870922
2020-11-03,0.0,0.10012952599058386
2020-11-04,0.0,0.1003549076542356
2020-11-05,0.0,0.14693451601931024
2020-11-06,0.0,0.105161077458586
2020-11-07,0.0,0.1395819648705453
2020-11-08,0.0,0.13608284812985305
2020-11-09,1.0,0.05721765167638063
2020-11-10,0.0,0.08734976041993905
2020-11-11,0.0,0.12825908446290496
2020-11-12,0.0,0.09427501795313728
2020-11-13,0.0,0.051564591017095346
2020-11-14,0.0,0.1266489790774043
2020-11-15,0.0,0.12003774120287265
2020-11-16,0.0,0.1284555262905507
2020-11-17,0.0,0.11381597389750907
2020-11-18,0.0,0.14372462198906294
2020-11-19,0.0,0.09439205342070564
2020-11-20,0.0,0.13308412390182434
2020-11-21,0.0,0.10961047414140196
2020-11-22,0.0,0.1269670504421622
2020-11-23,0.0,0.08575079199230853
2020-11-24,0.0,0.12257100629232776
2020-11-25,0.0,0.09787982554466967
2020-11-26,0.0,0.09514754095032713
2020-11-27,0.0,0.07472416953998252
2020-11-28,0.0,0.09588219854944441
2020-11-29,0.0,0.10882188272516838
2020-11-30,0.0,0.08330121734619723
2020-12-01,0.0,0.138507330250113
2020-12-02,0.0,0.08400760599614983
2020-12-03,0.0,0.09806755792356237
2020-12-04,0.0,0.09519276193911683
2020-12-05,0.0,0.05034893662555141
2020-12-06,0.0,0.05583777870588067
2020-12-07,0.0,0.05361770532967924
2020-12-08,0.0,0.0754718483486502
2020-12-09,0.0,0.14679120121723033
2020-12-10,0.0,0.09405308387078964
2020-12-11,0.0,0.10779466179510816
2020-12-12,0.0,0.11986993940085096
2020-12-13,0.0,0.09658286323893284
2020-12-14,0.0,0.109737809623286
2020-12-15,1.0,0.1391865219892904
2020-12-16,0.0,0.056236304755275024
2020-12-17,0.0,0.13077119621918912
2020-12-18,0.0,0.14364724684488211
2020-12-19,0.0,0.1015874706973709
2020-12-20,0.0,0.10273170174188037
2020-12-21,0.0,0.12438096799508
2020-12-22,0.0,0.059904853338837306
2020-12-23,0.0,0.13145208740927222
2020-12-24,1.0,0.057065398865887455
2020-12-25,0.0,0.07899558695259307
2020-12-26,1.0,0.0748890376941839
2020-12-27,0.0,0.14090329399387724
2020-12-28,1.0,0.13556607467017456
2020-12-29,1.0,0.053719222541359996
2020-12-30,0.0,0.05828628759825532
2020-12-31,0.0,0.1338345882843674
2021-01-01,0.0,0.07441100275248
2021-01-02,0.0,0.12109326441431623
2021-01-03,0.0,0.09260024102443531
2021-01-04,0.0,0.05458271166571863
2021-01-05,0.0,0.1467715314028222
2021-01-06,0.0,0.13698170675303575
2021-01-07,0.0,0.14075698546041754
2021-01-08,0.0,0.07013266503164349
2021-01-09,0.0,0.06536904480297831
2021-01-10,0.0,0.1436140067081959
2021-01-11,0.0,0.08902967838099765
2021-01-12,0.0,0.09512289258291329
2021-01-13,0.0,0.1315806266872518
2021-01-14,0.0,0.113870525302658
2021-01-15,0.0,0.10713687665696746
2021-01-16,0.0,0.06672585584602778
2021-01-17,0.0,0.12814419071275845
2021-01-18,0.0,0.1086086670878996
2021-01-19,0.0,0.10068006282659442
2021-01-20,0.0,0.06914961916704712
2021-01-21,0.0,0.14869611850108205
2021-01-22,0.0,0.11432502773414036
2021-01-23,0.0,0.06813001237516239
2021-01-24,0.0,0.0772830712541119
2021-01-25,0.0,0.13733913462733272
2021-01-26,0.0,0.10298947674839057
2021-01-27,0.0,0.07028556556849698
2021-01-28,0.0,0.0872735909754977
2021-01-29,0.0,0.1251121850176416
2021-01-30,0.0,0.053282174076169746
2021-01-31,0.0,0.053929442556708056
2021-02-01,0.0,0.10355663260625596
2021-02-02,0.0,0.08455283900043684
2021-02-03,0.0,0.05619614474270171
2021-02-04,0.0,0.08406161579369957
2021-02-05,0.0,0.11890727052842394
2021-02-06,0.0,0.08989232827026591
2021-02-07,0.0,0.06744713266381842
2021-02-08,0.0,0.14837888027341753
2021-02-09,0.0,0.07837321650056155
2021-02-10,0.0,0.1373465634453438
2021-02-11,0.0,0.11778941154407054
2021-02-12,0.0,0.05146006167507408
2021-02-13,0.0,0.14506164502407703
2021-02-14,1.0,0.14100686214177846
2021-02-15,0.0,0.08531107149371273
2021-02-16,0.0,0.09009324968562324
2021-02-17,0.0,0.0848239401676873
2021-02-18,1.0,0.07883665032146096
2021-02-19,0.0,0.07174265068220567
2021-02-20,0.0,0.07265747138094594
2021-02-21,0.0,0.11150837808719696
2021-02-22,0.0,0.057019366399206454
2021-02-23,0.0,0.10483145305943078
2021-02-24,0.0,0.07958653150886039
2021-02-25,0.0,0.05914514061593042
2021-02-26,0.0,0.05612504731327137
2021-02-27,0.0,0.1334786189408586
2021-02-28,0.0,0.09178529288692724
2021-03-01,0.0,0.12537306010293905
2021-03-02,1.0,0.13627218392770818
2021-03-03,0.0,0.11720011522727365
2021-03-04,0.0,0.14936444791186648
2021-03-05,0.0,0.11634835029628096
2021-03-06,0.0,0.14339915458104538
2021-03-07,0.0,0.07085463956490301
2021-03-08,1.0,0.06824721278744492
2021-03-09,0.0,0.11290381321976213
2021-03-10,0.0,0.12715367194872507
2021-03-11,0.0,0.12059229002949352
2021-03-12,0.0,0.07667451619331302
2021-03-13,0.0,0.08501359885417452
2021-03-14,0.0,0.06711451886259777
2021-03-15,0.0,0.07127974538212403
2021-03-16,0.0,0.07880621623669909
2021-03-17,0.0,0.14205873736433483
2021-03-18,0.0,0.10355558916318083
2021-03-19,1.0,0.13447272626620793
2021-03-20,1.0,0.08212253225845068
2021-03-21,0.0,0.10193104056093585
2021-03-22,0.0,0.12315942201381012
2021-03-23,0.0,0.05743802671794906
2021-03-24,0.0,0.12779636445082732
2021-03-25,0.0,0.05041992409649946
2021-03-26,0.0,0.09580797523150722
2021-03-27,0.0,0.13384652339501202
2021-03-28,0.0,0.09106400586044722
2021-03-29,0.0,0.06859982546739007
2021-03-30,0.0,0.14619807797924866
2021-03-31,0.0,0.05183247563299022
2021-04-01,0.0,0.1142568200831436
2021-04-02,0.0,0.14342485028009022
2021-04-03,0.0,0.07772485637723882
2021-04-04,0.0,0.12603758853552932
2021-04-05,0.0,0.10458267826001202
2021-04-06,0.0,0.10809140129910985
2021-04-07,0.0,0.07188417081098485
2021-04-08,0.0,0.12030155953082597
2021-04-09,0.0,0.12846806879679168
2021-04-10,0.0,0.13220684857240356
2021-04-11,0.0,0.12104183452779328
2021-04-12,0.0,0.06859488766537597
2021-04-13,0.0,0.058943719887455906
2021-04-14,0.0,0.11582218058016466
2021-04-15,0.0,0.14676094757935287
2021-04-16,0.0,0.12852424309181468
2021-04-17,0.0,0.08996058043786179
2021-04-18,0.0,0.10734114648200896
2021-04-19,0.0,0.10391264745399717
2021-04-20,0.0,0.05308274981991127
2021-04-21,0.0,0.10499755575128189
2021-04-22,0.0,0.07555366341003743
2021-04-23,0.0,0.07010237531987232
2021-04-24,0.0,0.1436391198734137
2021-04-25,0.0,0.0632625729166106
2021-04-26,0.0,0.07844439376276444
2021-04-27,0.0,0.08808368403464703
2021-04-28,1.0,0.13273527196029644
2021-04-29,0.0,0.05257321467941384
2021-04-30,0.0,0.06853474114168115
2021-05-01,0.0,0.1293103043113389
2021-05-02,0.0,0.10331160589043067
2021-05-03,0.0,0.06519765228210775
2021-05-04,0.0,0.10064284788838777
2021-05-05,0.0,0.07374887462808782
2021-05-06,0.0,0.1199088728429121
2021-05-07,0.0,0.08519226991676275
2021-05-08,1.0,0.09612094797883852
2021-05-09,0.0,0.11827447821007121
2021-05-10,0.0,0.11212306130219155
2021-05-11,0.0,0.05324843838078372
2021-05-12,0.0,0.0816446296350527
2021-05-13,0.0,0.0817563873023473
2021-05-14,0.0,0.12399398968451271
2021-05-15,0.0,0.05021457961411949
2021-05-16,0.0,0.09353865113959518
2021-05-17,0.0,0.11792373378063485
2021-05-18,0.0,0.12869195551065016
2021-05-19,0.0,0.05750283396246314
2021-05-20,0.0,0.06201288256871662
2021-05-21,0.0,0.12374891446449046
2021-05-22,0.0,0.13189055169138836
2021-05-23,0.0,0.06759475404655974
2021-05-24,0.0,0.11594808786283635
2021-05-25,0.0,0.06861736208666956
2021-05-26,0.0,0.12428327474088227
2021-05-27,0.0,0.13922264639519394
2021-05-28,0.0,0.13074771976437238
2021-05-29,0.0,0.12276849547970514
2021-05-30,0.0,0.1331595491237299
2021-05-31,0.0,0.06685208279014794
2021-06-01,0.0,0.06675650953775882
2021-06-02,0.0,0.09954508403809734
2021-06-03,0.0,0.14014235737380737
2021-06-04,0.0,0.09146366640499828
2021-06-05,0.0,0.12502210268249753
2021-06-06,0.0,0.12348862539653141
2021-06-07,0.0,0.146015053844734
2021-06-08,0.0,0.09217537430525216
2021-06-09,0.0,0.11543388133655696
2021-06-10,0.0,0.12148997753924556
2021-06-11,0.0,0.07660910005035121
2021-06-12,0.0,0.05250012142975607
2021-06-13,0.0,0.11242848811355313
2021-06-14,0.0,0.13241554872432942
2021-06-15,0.0,0.08050180504531076
2021-06-16,0.0,0.07651775087646784
2021-06-17,0.0,0.14072275051700783
2021-06-18,0.0,0.1273243091778753
2021-06-19,0.0,0.08810212883771966
2021-06-20,1.0,0.13417642519202538
2021-06-21,0.0,0.13753237793358972
2021-06-22,0.0,0.10085099512978782
2021-06-23,0.0,0.10131457139880037
2021-06-24,0.0,0.05597392022662154
2021-06-25,0.0,0.1171284634166692
2021-06-26,0.0,0.09834290946401852
2021-06-27,0.0,0.089151604046319
2021-06-28,0.0,0.06852006756586897
2021-06-29,0.0,0.1195604875798866
2021-06-30,0.0,0.06515472053509803
2021-07-01,0.0,0.05302836510466577
2021-07-02,0.0,0.12301645468583058
2021-07-03,0.0,0.14009753396529384
2021-07-04,0.0,0.10488387596699093
2021-07-05,0.0,0.14536740361650186
2021-07-06,0.0,0.08589295593225688
2021-07-07,1.0,0.14255654786158234
2021-07-08,0.0,0.12002283977229637
2021-07-09,0.0,0.1052992138075499
2021-07-10,1.0,0.13221797963049586
2021-07-11,0.0,0.09937488573377494
2021-07-12,0.0,0.12427545908770563
2021-07-13,0.0,0.05566562690749123
2021-07-14,0.0,0.05275367234800038
2021-07-15,0.0,0.10343750353380102
2021-07-16,0.0,0.08062130838697454
2021-07-17,0.0,0.06480966988154442
2021-07-18,0.0,0.09079395387630723
2021-07-19,0.0,0.08894175366791537
2021-07-20,0.0,0.11722331796186751
2021-07-21,0.0,0.0894017109606797
2021-07-22,0.0,0.1364450425860636
2021-07-23,0.0,0.10867022327284395
2021-07-24,0.0,0.08492788181941666
2021-07-25,0.0,0.09433907878490903
2021-07-26,0.0,0.059832610530464306
2021-07-27,0.0,0.09111930934594537
2021-07-28,0.0,0.07103047246758334
2021-07-29,0.0,0.14691058912602478
2021-07-30,0.0,0.059519359362222225
2021-07-31,1.0,0.08644958890961098
2021-08-01,0.0,0.07016479208934383
2021-08-02,0.0,0.08918005471478138
2021-08-03,0.0,0.09237202651256696
2021-08-04,0.0,0.08755461503352577
2021-08-05,0.0,0.10462078236181793
2021-08-06,0.0,0.11829257207795553
2021-08-07,0.0,0.10984291792590133
2021-08-08,0.0,0.12258038490112355
2021-08-09,0.0,0.10573619556843913
2021-08-10,0.0,0.1138333659948609
2021-08-11,0.0,0.13371475280485307
2021-08-12,0.0,0.05338176113774965
2021-08-13,0.0,0.072372434371247
2021-08-14,0.0,0.13952592082738038
2021-08-15,0.0,0.0712224075359097
2021-08-16,0.0,0.06613236517694399
2021-08-17,0.0,0.05822877435472254
2021-08-18,0.0,0.11478926302795413
2021-08-19,0.0,0.051601919994591364
2021-08-20,0.0,0.12362066503981119
2021-08-21,0.0,0.09432026894270054
2021-08-22,0.0,0.1317420547123293
2021-08-23,0.0,0.08829369937695358
2021-08-24,0.0,0.11907631802402806
2021-08-25,0.0,0.10189108843972716
2021-08-26,0.0,0.06697031329664607
2021-08-27,0.0,0.07386273993522209
2021-08-28,0.0,0.07629319619674733
2021-08-29,0.0,0.14778399012173116
2021-08-30,1.0,0.09471916732177903
2021-08-31,0.0,0.06995751032938827
2021-09-01,0.0,0.09783603210749559
2021-09-02,0.0,0.06319332840158058
2021-09-03,0.0,0.12735984949219142
2021-09-04,0.0,0.09122259551174586
2021-09-05,0.0,0.13816564711147156
2021-09-06,0.0,0.06056054585929846
2021-09-07,0.0,0.06775931201231618
2021-09-08,0.0,0.11586009462125278
2021-09-09,0.0,0.09410852527373514
2021-09-10,1.0,0.14897591043744007
2021-09-11,0.0,0.11004004390166791
2021-09-12,1.0,0.10670378414545462
2021-09-13,0.0,0.13512725175855778
2021-09-14,0.0,0.08478808849420494
2021-09-15,0.0,0.13227676005993302
2021-09-16,0.0,0.12794621076090817
2021-09-17,0.0,0.08019963555015004
2021-09-18,0.0,0.06284798148048407
2021-09-19,0.0,0.0659717470739123
2021-09-20,0.0,0.08784614783146882
2021-09-21,0.0,0.14123736037994483
2021-09-22,0.0,0.13799452311736563
2021-09-23,0.0,0.10597243038169206
2021-09-24,0.0,0.0935310435726828
2021-09-25,0.0,0.06423658047484236
2021-09-26,0.0,0.055297153484910835
2021-09-27,0.0,0.0841163071828531
2021-09-28,0.0,0.07500107597184566
2021-09-29,0.0,0.09898438615915472
2021-09-30,0.0,0.14742772306171847
2021-10-01,0.0,0.12928127722452068
2021-10-02,0.0,0.14101075888807607
2021-10-03,0.0,0.086043199123749
2021-10-04,0.0,0.13320363018293307
2021-10-05,0.0,0.06547459099207796
2021-10-06,1.0,0.09249913193582232
2021-10-07,0.0,0.11625569304843222
2021-10-08,0.0,0.10480614263877278
2021-10-09,0.0,0.13895552990692134
2021-10-10,0.0,0.09963850415019482
2021-10-11,0.0,0.14522822861902673
2021-10-12,0.0,0.11097893620588839
2021-10-13,0.0,0.05398942560176612
2021-10-14,0.0,0.1369607014766286
2021-10-15,0.0,0.09740078825725434
2021-10-16,0.0,0.1446676158053521
2021-10-17,0.0,0.1354588057642907
2021-10-18,0.0,0.11549290074101393
2021-10-19,0.0,0.0628245610407327
2021-10-20,0.0,0.05029645389010548
2021-10-21,0.0,0.11514975879637512
2021-10-22,0.0,0.056854815006160936
2021-10-23,1.0,0.12778135938187646
2021-10-24,0.0,0.08270902067071259
2021-10-25,0.0,0.0739297707426857
2021-10-26,0.0,0.12751269182083463
2021-10-27,0.0,0.09130635190330008
2021-10-28,0.0,0.05486084946897814
2021-10-29,0.0,0.13459399734724006
2021-10-30,1.0,0.12910206326973922
2021-10-31,0.0,0.07284442413092443
2021-11-01,0.0,0.08461646213886509
2021-11-02,0.0,0.13838814495671445
2021-11-03,0.0,0.06589236154455277
2021-11-04,0.0,0.10567149379212068
2021-11-05,0.0,0.07853013861649741
2021-11-06,0.0,0.0995571681388003
2021-11-07,0.0,0.10944047544127916
2021-11-08,0.0,0.1433992871257464
2021-11-09,0.0,0.12450783172200425
2021-11-10,0.0,0.07236744586057306
2021-11-11,0.0,0.07957321013437174
2021-11-12,1.0,0.06852754596042383
2021-11-13,0.0,0.1281371805553446
2021-11-14,0.0,0.105588698556811
2021-11-15,0.0,0.06613571146840327
2021-11-16,0.0,0.05359650798955981
2021-11-17,0.0,0.06235309965654573
2021-11-18,0.0,0.08023875000293221
2021-11-19,0.0,0.12152721859773415
2021-11-20,0.0,0.1158201592812995
2021-11-21,0.0,0.11275252414652377
2021-11-22,0.0,0.13633875463445758
2021-11-23,0.0,0.09397622921449698
2021-11-24,0.0,0.058508500305301414
2021-11-25,0.0,0.0967877059559854
2021-11-26,0.0,0.09152808379034277
2021-11-27,0.0,0.13675977957933516
2021-11-28,0.0,0.144252934892191
2021-11-29,0.0,0.06377370999745177
2021-11-30,0.0,0.12091592764860802
2021-12-01,0.0,0.07622910741450713
2021-12-02,0.0,0.11007050879869477
2021-12-03,0.0,0.13041203836803117
2021-12-04,0.0,0.097109645309212
2021-12-05,0.0,0.12021997681932917
2021-12-06,0.0,0.11410868579880815
2021-12-07,0.0,0.13661733778975826
2021-12-08,0.0,0.1170557668962013
2021-12-09,0.0,0.07369446292540553
2021-12-10,0.0,0.12974274014067605
2021-12-11,0.0,0.1427478645423677
2021-12-12,0.0,0.12725512253271687
2021-12-13,0.0,0.07086830984358629
2021-12-14,0.0,0.1400689903880832
2021-12-15,0.0,0.10605036611485721
2021-12-16,0.0,0.10015286330583612
2021-12-17,0.0,0.08305757009129969
2021-12-18,0.0,0.13213838298043995
2021-12-19,1.0,0.05870010411936846
2021-12-20,0.0,0.1119372494741423
2021-12-21,0.0,0.09748237857760045
2021-12-22,0.0,0.09684401729496248
2021-12-23,0.0,0.0553169618310025
2021-12-24,0.0,0.05312046949708943
2021-12-25,0.0,0.08811392233602444
2021-12-26,0.0,0.058928363345147394
2021-12-27,1.0,0.13334291019578287
2021-12-28,0.0,0.1449046363230802
2021-12-29,0.0,0.06247699759570327
2021-12-30,0.0,0.12213851903795682
2021-12-31,0.0,0.11814545936230172
2022-01-01,0.0,0.07848564881174798
2022-01-02,0.0,0.07714964314030406
2022-01-03,1.0,0.11924049228487077
2022-01-04,1.0,0.12715556204938205
2022-01-05,0.0,0.10262684071843273
2022-01-06,0.0,0.11863568133204273
2022-01-07,0.0,0.1452827819310551
2022-01-08,0.0,0.14487855123228685
2022-01-09,0.0,0.11983227008578438
2022-01-10,0.0,0.07295290188505987
2022-01-11,0.0,0.05966631595063224
2022-01-12,0.0,0.05705216352222128
2022-01-13,0.0,0.07528020753349793
2022-01-14,0.0,0.13495945073176085
2022-01-15,0.0,0.05054369051569794
2022-01-16,0.0,0.11801637105562833
2022-01-17,0.0,0.05615298533657333
2022-01-18,1.0,0.13741917057821335
2022-01-19,0.0,0.06026562148687037
2022-01-20,0.0,0.13616677580326836
2022-01-21,0.0,0.05260031787514369
2022-01-22,0.0,0.13615436476947868
2022-01-23,0.0,0.05578897593250942
2022-01-24,0.0,0.1362216509086216
2022-01-25,0.0,0.07030351224282497
2022-01-26,0.0,0.14670792000234537
2022-01-27,0.0,0.06208306322655432
2022-01-28,0.0,0.07506073934622147
2022-01-29,0.0,0.09722668578931629
2022-01-30,0.0,0.05349979500115304
2022-01-31,0.0,0.09999881839159888
2022-02-01,0.0,0.06115262518511895
2022-02-02,0.0,0.11262252875532226
2022-02-03,0.0,0.12622876281100143
2022-02-04,0.0,0.13840167518244023
2022-02-05,0.0,0.054658095686698265
2022-02-06,0.0,0.12669668328095704
2022-02-07,0.0,0.07442431886051294
2022-02-08,1.0,0.09075694879891641
2022-02-09,0.0,0.14466495740635338
2022-02-10,0.0,0.09982002824579467
2022-02-11,0.0,0.1144242910036482
2022-02-12,0.0,0.10082609309678864
2022-02-13,0.0,0.09652447813929982
2022-02-14,0.0,0.06130014167915576
2022-02-15,0.0,0.1320727351737538
2022-02-16,0.0,0.10030636950873617
2022-02-17,0.0,0.11353388905710192
2022-02-18,0.0,0.12999913929888618
2022-02-19,0.0,0.09080646268858573
2022-02-20,0.0,0.11509302999603312
2022-02-21,0.0,0.14210112797432833
2022-02-22,1.0,0.12960918066626254
2022-02-23,0.0,0.13375534052176669
2022-02-24,0.0,0.13292140837234498
2022-02-25,0.0,0.12342818732984275
2022-02-26,0.0,0.09575127219467904
2022-02-27,0.0,0.10141386801356195
2022-02-28,0.0,0.064063005689492
2022-03-01,0.0,0.08217564937779834
2022-03-02,0.0,0.05438926271699014
2022-03-03,0.0,0.07090696781859183
2022-03-04,0.0,0.10840456924638339
2022-03-05,0.0,0.08570979613330147
2022-03-06,0.0,0.09519095413013653
2022-03-07,0.0,0.11189587834701503
2022-03-08,0.0,0.08502146354446263
2022-03-09,0.0,0.06771011096812705
2022-03-10,0.0,0.08656534267148794
2022-03-11,0.0,0.05098997418342897
2022-03-12,0.0,0.13187262125868499
2022-03-13,0.0,0.14525472581535215
2022-03-14,0.0,0.07970821933111019
2022-03-15,1.0,0.14999036591852788
2022-03-16,0.0,0.12368212915098253
2022-03-17,0.0,0.13561443095023568
2022-03-18,0.0,0.07944250289985089
2022-03-19,0.0,0.10978644654771795
2022-03-20,0.0,0.11780264287990995
2022-03-21,0.0,0.07668841984220909
2022-03-22,0.0,0.08036234255603264
2022-03-23,0.0,0.11451695991115603
2022-03-24,0.0,0.06198023460382688
2022-03-25,0.0,0.09572380875066985
2022-03-26,0.0,0.054048525329034536
2022-03-27,0.0,0.08514876340551224
2022-03-28,1.0,0.14827517924294523
2022-03-29,0.0,0.14446070748602205
2022-03-30,0.0,0.07563957480009342
2022-03-31,0.0,0.08327473864182844
2022-04-01,0.0,0.07911317967447337
2022-04-02,0.0,0.08466096004864501
2022-04-03,0.0,0.13917882850843427
2022-04-04,0.0,0.13233355684587494
2022-04-05,0.0,0.11166097807345925
2022-04-06,0.0,0.11920150931161973
2022-04-07,0.0,0.05060199181041038
2022-04-08,0.0,0.14974784485207537
2022-04-09,0.0,0.14940917838737822
2022-04-10,0.0,0.12241830156395454
2022-04-11,0.0,0.060778160101148594
2022-04-12,0.0,0.10669733719770277
2022-04-13,0.0,0.09741308421046
2022-04-14,0.0,0.14363877903425423
2022-04-15,0.0,0.14664021005511285
2022-04-16,0.0,0.07017009082517855
2022-04-17,0.0,0.06128466278442443
2022-04-18,0.0,0.13737577548859792
2022-04-19,0.0,0.13760602750115733
2022-04-20,0.0,0.08780636667115171
2022-04-21,0.0,0.09730688538900109
2022-04-22,0.0,0.07777214770935316
2022-04-23,1.0,0.09917224440662603
2022-04-24,0.0,0.11715303744854132
2022-04-25,0.0,0.07624195891535297
2022-04-26,0.0,0.10939782970349637
2022-04-27,0.0,0.09864663236808058
2022-04-28,0.0,0.07232394146400127
2022-04-29,0.0,0.0706685203568703
2022-04-30,0.0,0.051601437477376035
2022-05-01,0.0,0.10734178689623139
2022-05-02,0.0,0.0764934229468581
2022-05-03,0.0,0.13803434746451307
2022-05-04,0.0,0.09490648616972394
2022-05-05,0.0,0.12432184383351137
2022-05-06,0.0,0.08576898232008134
2022-05-07,0.0,0.1332282975464325
2022-05-08,1.0,0.0693709702850122
2022-05-09,0.0,0.053147573235776006
2022-05-10,0.0,0.14122946033121864
2022-05-11,0.0,0.11604993774205846
2022-05-12,0.0,0.06983360850981021
2022-05-13,0.0,0.11829622183903334
2022-05-14,0.0,0.11175550623112245
2022-05-15,0.0,0.10380181348476139
2022-05-16,0.0,0.08222980768340696
2022-05-17,0.0,0.14241630911245817
2022-05-18,0.0,0.13596774367893916
2022-05-19,0.0,0.07552006421212104
2022-05-20,0.0,0.13808416194455234
2022-05-21,0.0,0.11886668204986492
2022-05-22,0.0,0.08708556060662935
2022-05-23,0.0,0.1356362636852088
2022-05-24,0.0,0.12993060327121675
2022-05-25,0.0,0.13028234054691223
2022-05-26,0.0,0.14366385313945565
2022-05-27,0.0,0.08723594568135498
2022-05-28,0.0,0.08327184577552202
2022-05-29,1.0,0.0822481422802156
2022-05-30,0.0,0.12496781289152854
2022-05-31,0.0,0.05349675667810903
2022-06-01,0.0,0.0661988899332843
2022-06-02,0.0,0.12933083856608385
2022-06-03,0.0,0.0791168489575362
2022-06-04,0.0,0.09166643972131776
2022-06-05,0.0,0.149095410295503
2022-06-06,0.0,0.1047071249990236
2022-06-07,0.0,0.12473552319987476
2022-06-08,0.0,0.08717793000338818
2022-06-09,0.0,0.08163837030586099
2022-06-10,0.0,0.052572753129680794
2022-06-11,0.0,0.0853106284194604
2022-06-12,0.0,0.08249897503298836
2022-06-13,1.0,0.07341043457336036
2022-06-14,0.0,0.08967357843889003
2022-06-15,0.0,0.08240156253476817
2022-06-16,0.0,0.09938316961536653
2022-06-17,1.0,0.14208403759783145
2022-06-18,0.0,0.05059270545765352
2022-06-19,0.0,0.13136711376964766
2022-06-20,0.0,0.10734474691122589
2022-06-21,0.0,0.11872219975902364
2022-06-22,0.0,0.14273244860093298
2022-06-23,0.0,0.10650310367739715
2022-06-24,1.0,0.10094647973860521
2022-06-25,0.0,0.0805903833019265
2022-06-26,0.0,0.10090054076935287
2022-06-27,0.0,0.13202797132464061
2022-06-28,0.0,0.13569147279476643
2022-06-29,0.0,0.12051147176350849
2022-06-30,0.0,0.12956111008347126
2022-07-01,0.0,0.1285762672773429
2022-07-02,0.0,0.05966121709865623
2022-07-03,0.0,0.13154644928570414
2022-07-04,0.0,0.1376477184632636
2022-07-05,0.0,0.09634297420553371
2022-07-06,0.0,0.0905078354258648
2022-07-07,0.0,0.05461975624199858
2022-07-08,0.0,0.11843540586037322
2022-07-09,0.0,0.09610923757060624
2022-07-10,0.0,0.08279777964705547
2022-07-11,0.0,0.09534598780157172
2022-07-12,0.0,0.1195562587804583
2022-07-13,0.0,0.10217194656266998
2022-07-14,0.0,0.05915100528253832
2022-07-15,0.0,0.10769889131896149
2022-07-16,0.0,0.07367832167246509
2022-07-17,0.0,0.07442231295409087
2022-07-18,0.0,0.0884455130956316
2022-07-19,0.0,0.0816488946696155
2022-07-20,0.0,0.050982466770432756
2022-07-21,0.0,0.14562536571395085
2022-07-22,0.0,0.051040207849990304
2022-07-23,0.0,0.11859236909113317
2022-07-24,0.0,0.07690414514408182
2022-07-25,0.0,0.08550379849933165
2022-07-26,0.0,0.10257805183436619
2022-07-27,0.0,0.09300372747767904
2022-07-28,0.0,0.06606984213099354
2022-07-29,0.0,0.12576722295715054
2022-07-30,0.0,0.10413681117920462
2022-07-31,0.0,0.10469210806115953
2022-08-01,0.0,0.06398564854482267
2022-08-02,0.0,0.0875248927653238
2022-08-03,0.0,0.12123687707196028
2022-08-04,0.0,0.10801245902925849
2022-08-05,0.0,0.12344954509818157
2022-08-06,0.0,0.08605986397983889
2022-08-07,0.0,0.14094387973218392
2022-08-08,0.0,0.1228211065640467
2022-08-09,0.0,0.08022281912379073
2022-08-10,0.0,0.11279538253407978
2022-08-11,0.0,0.12191990754942679
2022-08-12,0.0,0.14877242109075295
2022-08-13,0.0,0.13948784346466714
2022-08-14,0.0,0.07742003570102915
2022-08-15,0.0,0.14674653121563563
2022-08-16,0.0,0.08258873460064864
2022-08-17,0.0,0.07094897291445355
2022-08-18,0.0,0.06592482950833096
2022-08-19,0.0,0.07212623146409253
2022-08-20,0.0,0.13235340791462624
2022-08-21,0.0,0.09473125935396154
2022-08-22,0.0,0.07144598968054693
2022-08-23,0.0,0.056887312283127156
2022-08-24,0.0,0.09007780150220698
2022-08-25,0.0,0.14827416510259495
2022-08-26,0.0,0.1351899689223983
2022-08-27,0.0,0.05441371913260151
2022-08-28,0.0,0.1393657051608913
2022-08-29,0.0,0.06495973857400168
2022-08-30,0.0,0.14072819733241648
2022-08-31,0.0,0.1192003637927717
2022-09-01,0.0,0.08653105095005355
2022-09-02,0.0,0.05889826156573438
2022-09-03,0.0,0.10125251724260323
2022-09-04,0.0,0.14049269161696615
2022-09-05,0.0,0.08944038960686393
2022-09-06,0.0,0.0740473888725682
2022-09-07,0.0,0.09895229085470494
2022-09-08,0.0,0.11540511236641021
2022-09-09,0.0,0.13812296186409528
2022-09-10,0.0,0.05394963006572001
2022-09-11,0.0,0.1168933458535615
2022-09-12,0.0,0.08715421141597149
2022-09-13,0.0,0.1409729569695211
2022-09-14,0.0,0.09330765582211462
2022-09-15,0.0,0.08428614903497932
2022-09-16,0.0,0.10995364668085839
2022-09-17,0.0,0.13685860837258984
2022-09-18,0.0,0.0717181865105672
2022-09-19,0.0,0.06801083379131506
2022-09-20,0.0,0.10656285100236118
2022-09-21,0.0,0.08377966069344076
2022-09-22,0.0,0.06280462633355013
2022-09-23,0.0,0.11946353186257674
2022-09-24,0.0,0.14562750909053998
2022-09-25,0.0,0.14015164500254337
2022-09-26,0.0,0.11356291665499568
2022-09-27,0.0,0.1346485719740491
2022-09-28,0.0,0.13148844607700452
2022-09-29,0.0,0.07038213508159612
2022-09-30,0.0,0.14699158995012537
2022-10-01,0.0,0.09536005812298984
2022-10-02,0.0,0.09058956659004244
2022-10-03,0.0,0.09274361748566248
2022-10-04,1.0,0.06989632770448849
2022-10-05,0.0,0.1323627056372901
2022-10-06,0.0,0.07750022307160817
2022-10-07,0.0,0.057828568227386724
2022-10-08,0.0,0.09077297460940095
2022-10-09,0.0,0.0658115153574036
2022-10-10,0.0,0.14724398163906943
2022-10-11,0.0,0.1289626403690965
2022-10-12,0.0,0.13069469036601192
2022-10-13,0.0,0.11298905978404207
2022-10-14,0.0,0.05096208182408099
2022-10-15,0.0,0.13159824044367163
2022-10-16,0.0,0.05650804418944192
2022-10-17,0.0,0.12585216445143999
2022-10-18,0.0,0.11967279161324744
2022-10-19,0.0,0.10446323246039438
2022-10-20,0.0,0.1286512558614423
2022-10-21,0.0,0.06426983653919785
2022-10-22,0.0,0.1498636429950968
2022-10-23,0.0,0.06404857733153373
2022-10-24,0.0,0.12892348270414572
2022-10-25,0.0,0.13826163706784989
2022-10-26,0.0,0.14244075918564403
2022-10-27,0.0,0.0748979504107177
2022-10-28,0.0,0.1327736293085094
2022-10-29,0.0,0.10458024903465271
2022-10-30,0.0,0.08455113369899367
2022-10-31,0.0,0.1039994206312006
2022-11-01,0.0,0.12119730396258818
2022-11-02,0.0,0.11170456292567646
2022-11-03,0.0,0.07345394931402346
2022-11-04,0.0,0.06535914694310553
2022-11-05,0.0,0.06036654168054548
2022-11-06,0.0,0.10740736371286516
2022-11-07,0.0,0.1058889736969626
2022-11-08,0.0,0.1491013618948225
2022-11-09,0.0,0.07483169695812626
2022-11-10,0.0,0.1215026884887687
2022-11-11,1.0,0.14811340826198285
2022-11-12,0.0,0.11349741028845099
2022-11-13,0.0,0.14436738092211543
2022-11-14,0.0,0.10548464189382212
2022-11-15,0.0,0.09251670462768663
2022-11-16,0.0,0.08801848635967137
2022-11-17,0.0,0.062161093644585545
2022-11-18,0.0,0.06734240767892768
2022-11-19,0.0,0.1047908520183676
2022-11-20,1.0,0.1465728651795592
2022-11-21,0.0,0.060214636749906604
2022-11-22,0.0,0.06918842780269732
2022-11-23,0.0,0.09097131310967574
2022-11-24,0.0,0.12412450987368631
2022-11-25,0.0,0.1051577118948288
2022-11-26,0.0,0.1498747256313253
2022-11-27,0.0,0.11833195142390349
2022-11-28,0.0,0.06932129882195077
2022-11-29,0.0,0.07588037139321256
2022-11-30,0.0,0.08738198011429175
2022-12-01,0.0,0.13437280713019473
2022-12-02,0.0,0.11495396730926451
2022-12-03,0.0,0.13607800574213483
2022-12-04,0.0,0.13198870899725149
2022-12-05,0.0,0.09734261445778294
2022-12-06,0.0,0.11011390786392561
2022-12-07,0.0,0.13279844916364322
2022-12-08,0.0,0.05298561179529002
2022-12-09,0.0,0.07705222601769733
2022-12-10,0.0,0.10426675805911761
2022-12-11,0.0,0.08862879391208775
2022-12-12,0.0,0.05722229207620995
2022-12-13,0.0,0.13646418700792987
2022-12-14,0.0,0.13951338311129724
2022-12-15,0.0,0.06595443473550311
2022-12-16,0.0,0.08690478024860077
2022-12-17,0.0,0.060549219816175164
2022-12-18,1.0,0.11143529661293843
2022-12-19,1.0,0.11086690613192639
2022-12-20,0.0,0.06258801689900668
2022-12-21,0.0,0.0923766098755075
2022-12-22,0.0,0.1473554503979819
2022-12-23,0.0,0.11522037077501938
2022-12-24,0.0,0.10928174810864075
2022-12-25,0.0,0.11434205308855334
2022-12-26,0.0,0.11950952523705993
2022-12-27,0.0,0.08306081300589754
2022-12-28,0.0,0.1111034469749407
2022-12-29,0.0,0.05852269862745786
2022-12-30,0.0,0.11761751879021741
2022-12-31,0.0,0.057113770360249706
2023-01-01,0.0,0.08086670360151132
2023-01-02,0.0,0.11311582744152193
2023-01-03,0.0,0.11994271385805891
2023-01-04,0.0,0.0904050953316635
2023-01-05,0.0,0.08991595649052406
2023-01-06,0.0,0.10602728962098448
2023-01-07,0.0,0.08232801279216885
2023-01-08,0.0,0.08966805324288694
2023-01-09,0.0,0.06344145948599288
2023-01-10,0.0,0.06696038519821335
2023-01-11,0.0,0.059902458911841
2023-01-12,0.0,0.09068767937860417
2023-01-13,1.0,0.13477167141543706
2023-01-14,0.0,0.0800070410327472
2023-01-15,0.0,0.14095515029320815
2023-01-16,0.0,0.08679424812449357
2023-01-17,0.0,0.08876499430352561
2023-01-18,0.0,0.14863190504529689
2023-01-19,0.0,0.10007023005518934
2023-01-20,0.0,0.06530333526952288
2023-01-21,0.0,0.10975564745004626
2023-01-22,0.0,0.05491868174926639
2023-01-23,0.0,0.14250185461103698
2023-01-24,0.0,0.11236418614281762
2023-01-25,0.0,0.10657083090214729
2023-01-26,0.0,0.10553645509405088
2023-01-27,0.0,0.06570587800824326
2023-01-28,0.0,0.14626604185941383
2023-01-29,0.0,0.0814606033257668
2023-01-30,0.0,0.07926445624055146
2023-01-31,0.0,0.06533906978543097
2023-02-01,0.0,0.07120268082266853
2023-02-02,0.0,0.09363469629858406
2023-02-03,0.0,0.14804540090470308
2023-02-04,0.0,0.11662561855058629
2023-02-05,0.0,0.11375909776024846
2023-02-06,0.0,0.13435270003318878
2023-02-07,0.0,0.11111964467550947
2023-02-08,0.0,0.07441719388522498
2023-02-09,0.0,0.07549103202190685
2023-02-10,0.0,0.10954970656218888
2023-02-11,0.0,0.11720714528300001
2023-02-12,0.0,0.08905612519012424
2023-02-13,0.0,0.1044311481406063
2023-02-14,0.0,0.09538939940356073
2023-02-15,0.0,0.09933706964726656
2023-02-16,0.0,0.07861713534259235
2023-02-17,0.0,0.08875418113626328
2023-02-18,0.0,0.14131628419453868
2023-02-19,0.0,0.08193114601601276
2023-02-20,0.0,0.1285839581267031
2023-02-21,0.0,0.11342062667913683
2023-02-22,0.0,0.09960315378200789
2023-02-23,0.0,0.07178506038263315
2023-02-24,0.0,0.10228853225832313
2023-02-25,0.0,0.1351419621391749
2023-02-26,1.0,0.09489127499490141
2023-02-27,0.0,0.12883223537624877
2023-02-28,0.0,0.1260811602796293
2023-03-01,0.0,0.10804959047645335
2023-03-02,0.0,0.05926051317587272
2023-03-03,0.0,0.11697241707425517
2023-03-04,0.0,0.06178051079636318
2023-03-05,0.0,0.1317981038050916
2023-03-06,0.0,0.12417947051637408
2023-03-07,0.0,0.05994217732451401
2023-03-08,0.0,0.06745186391606227
2023-03-09,0.0,0.14351482774021024
2023-03-10,0.0,0.10594341914163538
2023-03-11,1.0,0.05195265761813687
2023-03-12,0.0,0.10777470261932784
2023-03-13,0.0,0.09734228986604519
2023-03-14,0.0,0.1027768005701708
2023-03-15,0.0,0.08100323792712594
2023-03-16,0.0,0.14015408391364986
2023-03-17,0.0,0.06048980191618093
2023-03-18,0.0,0.12341550545107613
2023-03-19,0.0,0.0735237803525785
2023-03-20,0.0,0.09576363024880422
2023-03-21,0.0,0.13849974398905163
2023-03-22,0.0,0.11691784099132459
2023-03-23,0.0,0.12404916350953374
2023-03-24,0.0,0.11939053269147056
2023-03-25,0.0,0.06973288241125306
2023-03-26,1.0,0.11492367014889833
2023-03-27,1.0,0.10450117561755833
2023-03-28,0.0,0.1318170296883414
2023-03-29,0.0,0.053142610645830535
2023-03-30,0.0,0.1049677466705764
2023-03-31,0.0,0.14395833342966968
2023-04-01,0.0,0.14829908918931134
2023-04-02,0.0,0.10870685947721856
2023-04-03,0.0,0.0806405088762706
2023-04-04,0.0,0.099891084225848
2023-04-05,0.0,0.0853742458755492
2023-04-06,0.0,0.1308545725591529
2023-04-07,0.0,0.0828252825685816
2023-04-08,0.0,0.12394718288470453
2023-04-09,0.0,0.07202347666312056
2023-04-10,0.0,0.06571787370123941
2023-04-11,0.0,0.08479269692825384
2023-04-12,0.0,0.11804126692926598
2023-04-13,0.0,0.10517691264248913
2023-04-14,0.0,0.09824931942069717
2023-04-15,0.0,0.066845277581291
2023-04-16,0.0,0.14901442108218782
2023-04-17,0.0,0.11789311700945615
2023-04-18,0.0,0.08434035247817807
2023-04-19,0.0,0.13506949561771397
2023-04-20,0.0,0.11342255828692861
2023-04-21,0.0,0.12096184727394449
2023-04-22,0.0,0.05556329113082107
2023-04-23,0.0,0.0964184067928017
2023-04-24,0.0,0.09112423817286157
2023-04-25,0.0,0.1311122423775813
2023-04-26,0.0,0.07416580571595163
2023-04-27,0.0,0.0849512804107734
2023-04-28,0.0,0.06362538058214907
2023-04-29,0.0,0.11555263018479442
2023-04-30,0.0,0.10962596741761857
2023-05-01,0.0,0.13015100090603876
2023-05-02,0.0,0.070269281044538
2023-05-03,0.0,0.13867989544094544
2023-05-04,0.0,0.08356055379173505
2023-05-05,0.0,0.11486867030702116
2023-05-06,0.0,0.08553453215107591
2023-05-07,0.0,0.10713739797936864
2023-05-08,0.0,0.1162480704404898
2023-05-09,0.0,0.11384941860030445
2023-05-10,0.0,0.10666395109290752
2023-05-11,0.0,0.0749870442885287
2023-05-12,0.0,0.07680452466294088
2023-05-13,1.0,0.09298592862631555
2023-05-14,0.0,0.06995706437471019
2023-05-15,0.0,0.11977794857501327
2023-05-16,0.0,0.09798606047396205
2023-05-17,0.0,0.07087429453131573
2023-05-18,0.0,0.07174671095184484
2023-05-19,0.0,0.08785999468352657
2023-05-20,0.0,0.10645655511244714
2023-05-21,0.0,0.10310772498811077
2023-05-22,0.0,0.14076733906004318
2023-05-23,0.0,0.13238672780355387
2023-05-24,0.0,0.10834254907812602
2023-05-25,0.0,0.12683179737310374
2023-05-26,0.0,0.13621112482209516
2023-05-27,0.0,0.08248259233397368
2023-05-28,0.0,0.09808412498227773
2023-05-29,0.0,0.0582991510812979
2023-05-30,0.0,0.14974901452020453
2023-05-31,0.0,0.09581247772537371
2023-06-01,1.0,0.08336172539587691
2023-06-02,0.0,0.08266298720003692
2023-06-03,0.0,0.14730886408920363
2023-06-04,0.0,0.10514938081960372
2023-06-05,0.0,0.13377209373890553
2023-06-06,1.0,0.1025131066279863
2023-06-07,0.0,0.09053418038455238
2023-06-08,0.0,0.11307108409863191
2023-06-09,0.0,0.1429044374417633
2023-06-10,0.0,0.12216566516136185
2023-06-11,0.0,0.11476607359504194
2023-06-12,0.0,0.07764386207196818
2023-06-13,0.0,0.09856097805919459
2023-06-14,0.0,0.07480685296866793
2023-06-15,0.0,0.12285818690713597
2023-06-16,0.0,0.08243868094558009
2023-06-17,0.0,0.13078168599372614
2023-06-18,0.0,0.06390464447944125
2023-06-19,0.0,0.09608897555664256
2023-06-20,0.0,0.07474110822588789
2023-06-21,0.0,0.11815941865345209
2023-06-22,0.0,0.10033368345457289
2023-06-23,0.0,0.0994137321955064
2023-06-24,0.0,0.11556309802294663
2023-06-25,0.0,0.06405509386388555
2023-06-26,0.0,0.13714173992387008
2023-06-27,0.0,0.09420208947048578
2023-06-28,0.0,0.13982605092611733
2023-06-29,0.0,0.1203439364328388
2023-06-30,0.0,0.11071728862529481
2023-07-01,0.0,0.11251629572541862
2023-07-02,0.0,0.07639956486262911
2023-07-03,0.0,0.09877526665465791
2023-07-04,0.0,0.07932929166798719
2023-07-05,0.0,0.09758240454859074
2023-07-06,0.0,0.0875120328301099
2023-07-07,1.0,0.08181345942472004
2023-07-08,0.0,0.11221346044824458
2023-07-09,0.0,0.1344435047688622
2023-07-10,0.0,0.06046057904499128
2023-07-11,0.0,0.11735043170361094
2023-07-12,0.0,0.07056972217578986
2023-07-13,0.0,0.09253884371681276
2023-07-14,0.0,0.14079849454991128
2023-07-15,0.0,0.05694148862788134
2023-07-16,0.0,0.13591440228853685
2023-07-17,0.0,0.09386411491103801
2023-07-18,0.0,0.14742786754011852
2023-07-19,0.0,0.12838492652519362
2023-07-20,0.0,0.08107927855958583
2023-07-21,0.0,0.06583689565552243
2023-07-22,0.0,0.06679496951168025
2023-07-23,0.0,0.06555147616527959
2023-07-24,0.0,0.07684168135996598
2023-07-25,0.0,0.07977631038772938
2023-07-26,0.0,0.12582405585516132
2023-07-27,0.0,0.055828377945322166
2023-07-28,0.0,0.09918114100694228
2023-07-29,0.0,0.1369386430126619
2023-07-30,0.0,0.08174644610963346
2023-07-31,0.0,0.08604014186083053
2023-08-01,1.0,0.14751280263129823
2023-08-02,0.0,0.05198583522496816
2023-08-03,0.0,0.08320403759500708
2023-08-04,0.0,0.056738863331637295
2023-08-05,0.0,0.08603792365677895
2023-08-06,0.0,0.11991394797618347
2023-08-07,0.0,0.10190001266370351
2023-08-08,0.0,0.11821392391547383
2023-08-09,0.0,0.10144572478609484
2023-08-10,0.0,0.08872387515488282
2023-08-11,0.0,0.07518236705353207
2023-08-12,0.0,0.07262666932922986
2023-08-13,0.0,0.08119371659378781
2023-08-14,0.0,0.05178383521732122
2023-08-15,0.0,0.061900488532040124
2023-08-16,0.0,0.07806960920436758
2023-08-17,0.0,0.1018336533982324
2023-08-18,0.0,0.0809008916239121
2023-08-19,0.0,0.13276349219705788
2023-08-20,0.0,0.06928184513003419
2023-08-21,0.0,0.06510805417026674
2023-08-22,0.0,0.09419531399639347
2023-08-23,0.0,0.10427224611785435
2023-08-24,0.0,0.10966916804600328
2023-08-25,0.0,0.0669168941878788
2023-08-26,0.0,0.08903990377748504
2023-08-27,0.0,0.146774759838265
2023-08-28,0.0,0.12619012383623307
2023-08-29,0.0,0.08673938303859313
2023-08-30,0.0,0.1305969457151155
2023-08-31,0.0,0.07830987080641685
2023-09-01,0.0,0.13716136049126146
2023-09-02,0.0,0.06876500679377037
2023-09-03,0.0,0.05580005025284767
2023-09-04,0.0,0.12971352969642064
2023-09-05,0.0,0.14038081161981486
2023-09-06,0.0,0.059427190885577054
2023-09-07,0.0,0.08658651784167895
2023-09-08,0.0,0.11081071960004656
2023-09-09,0.0,0.11882146087232968
2023-09-10,0.0,0.10173733546924729
2023-09-11,0.0,0.1038537003283117
2023-09-12,0.0,0.14177909789658666
2023-09-13,0.0,0.08011737417448721
2023-09-14,0.0,0.08170950150174804
2023-09-15,0.0,0.088565332305929
2023-09-16,0.0,0.12047625232338828
2023-09-17,0.0,0.13078828077658045
2023-09-18,0.0,0.14637798004633495
2023-09-19,0.0,0.07461257529675477
2023-09-20,0.0,0.05587613588863088
2023-09-21,0.0,0.12429379771821154
2023-09-22,0.0,0.05179914475502328
2023-09-23,0.0,0.08409560332434543
2023-09-24,0.0,0.06700721908992861
2023-09-25,0.0,0.061785170844808425
2023-09-26,0.0,0.12462491722856119
2023-09-27,0.0,0.1467544778487727
2023-09-28,0.0,0.09508129238312099
2023-09-29,0.0,0.10204132896345455
2023-09-30,0.0,0.07886027088824141
2023-10-01,0.0,0.13031384870057894
2023-10-02,0.0,0.14917997625895424
2023-10-03,1.0,0.1329423734178796
2023-10-04,0.0,0.12030938927217869
2023-10-05,0.0,0.1383164552062146
2023-10-06,0.0,0.07775978204743675
2023-10-07,1.0,0.058076710264738686
2023-10-08,0.0,0.07047260869127249
2023-10-09,0.0,0.1110035734033061
2023-10-10,0.0,0.06369757931583439
2023-10-11,0.0,0.12639654602915373
2023-10-12,0.0,0.08856756700698924
2023-10-13,1.0,0.13469305171799678
2023-10-14,0.0,0.06489455780897198
2023-10-15,0.0,0.07272162736735802
2023-10-16,1.0,0.09580022364381052
2023-10-17,0.0,0.06740313273191635
2023-10-18,0.0,0.13706997217464423
2023-10-19,0.0,0.13589064398575412
2023-10-20,0.0,0.09125979893490156
2023-10-21,0.0,0.06099423961714047
2023-10-22,0.0,0.09313376398047415
2023-10-23,0.0,0.1193297687811248
2023-10-24,0.0,0.06267085393792486
2023-10-25,0.0,0.14863398954824653
2023-10-26,0.0,0.1285665049804889
2023-10-27,0.0,0.09871393751557425
2023-10-28,0.0,0.05549678735008465
2023-10-29,0.0,0.12428276740361431
2023-10-30,0.0,0.14168816039902857
2023-10-31,0.0,0.11276250478638629
2023-11-01,1.0,0.11668410466711862
2023-11-02,0.0,0.08378686453698897
2023-11-03,0.0,0.11342799861464865
2023-11-04,0.0,0.10645047863836263
2023-11-05,0.0,0.0639517847204095
2023-11-06,0.0,0.11690306003326709
2023-11-07,1.0,0.12500137520930954
2023-11-08,0.0,0.0947229536294246
2023-11-09,0.0,0.09923837673543005
2023-11-10,0.0,0.10186842907895471
2023-11-11,0.0,0.08180606688003532
2023-11-12,0.0,0.11320649108244975
2023-11-13,0.0,0.08753796252011457
2023-11-14,0.0,0.061589620346184794
2023-11-15,0.0,0.11674277846069794
2023-11-16,0.0,0.11099598548838294
2023-11-17,0.0,0.1172709887211318
2023-11-18,0.0,0.05038146246665146
2023-11-19,0.0,0.10830018730183522
2023-11-20,0.0,0.06896852912248483
2023-11-21,0.0,0.14914119716033492
2023-11-22,0.0,0.08085800165224585
2023-11-23,0.0,0.1312717072255103
2023-11-24,0.0,0.06713046123627328
2023-11-25,0.0,0.08909947534208153
2023-11-26,0.0,0.08233232423880124
2023-11-27,0.0,0.08232275612316994
2023-11-28,0.0,0.11245981608481737
2023-11-29,0.0,0.054660318018913905
2023-11-30,0.0,0.14520605581634127
2023-12-01,0.0,0.06524362303964826
2023-12-02,0.0,0.12576645833056949
2023-12-03,0.0,0.08273680678997192
2023-12-04,0.0,0.07154660784390476
2023-12-05,0.0,0.10960476215203135
2023-12-06,0.0,0.12239496735855225
2023-12-07,0.0,0.05072129119923231
2023-12-08,0.0,0.06789882044871193
2023-12-09,0.0,0.07302979183058947
2023-12-10,0.0,0.12870954544049665
2023-12-11,0.0,0.07595585701259465
2023-12-12,0.0,0.09710975644126799
2023-12-13,0.0,0.06685952783292223
2023-12-14,0.0,0.09442792849027759
2023-12-15,0.0,0.06344187866271842
2023-12-16,0.0,0.1382966784196765
2023-12-17,0.0,0.0889640684997011
2023-12-18,0.0,0.11797640722056309
2023-12-19,0.0,0.12779059255793085
2023-12-20,0.0,0.08855418711363314
2023-12-21,0.0,0.09755035264580153
2023-12-22,0.0,0.06948246974360668
2023-12-23,0.0,0.11440220581420606
2023-12-24,0.0,0.12040965359902554
2023-12-25,0.0,0.05287041210224195
2023-12-26,0.0,0.12214108264648067
2023-12-27,0.0,0.05530047344675835
2023-12-28,0.0,0.08904652846718479
2023-12-29,0.0,0.0994220347051542
2023-12-30,0.0,0.10368944791428827
2023-12-31,0.0,0.12864752406053154
2024-01-01,0.0,0.126421622079135
2024-01-02,0.0,0.0646421520802051
2024-01-03,0.0,0.1457715244514635
2024-01-04,1.0,0.14152069413874996
2024-01-05,0.0,0.052562670665560064
2024-01-06,0.0,0.06901223660071752
2024-01-07,0.0,0.06266595045014635
2024-01-08,0.0,0.058554110493042794
2024-01-09,0.0,0.06291043749634272
2024-01-10,0.0,0.08406210309339505
2024-01-11,0.0,0.059655648992475885
2024-01-12,0.0,0.07285956129161587
2024-01-13,0.0,0.08794175142446564
2024-01-14,0.0,0.06266917488840817
2024-01-15,0.0,0.10509266262150774
2024-01-16,0.0,0.12413911899140477
2024-01-17,0.0,0.08370077044882583
2024-01-18,0.0,0.14716381713129756
2024-01-19,0.0,0.1419831909785475
2024-01-20,0.0,0.10463412452061518
2024-01-21,0.0,0.09507264466285087
2024-01-22,1.0,0.08351294913335093
2024-01-23,0.0,0.1194594754981605
2024-01-24,0.0,0.07446387281935801
2024-01-25,1.0,0.07074993882655314
2024-01-26,0.0,0.12141593181333088
2024-01-27,0.0,0.1420044467388392
2024-01-28,0.0,0.06477593106992821
2024-01-29,0.0,0.11087935843013046
2024-01-30,0.0,0.07521258623921395
2024-01-31,0.0,0.05313631753646697
2024-02-01,0.0,0.13693179360679203
2024-02-02,0.0,0.12610668248970397
2024-02-03,0.0,0.1341075803809566
2024-02-04,0.0,0.06526002657170203
2024-02-05,0.0,0.10172240611404496
2024-02-06,0.0,0.09602787952894547
2024-02-07,0.0,0.09021621912102204
2024-02-08,0.0,0.05141354308871963
2024-02-09,0.0,0.13075872976643732
2024-02-10,0.0,0.07092909649526113
2024-02-11,1.0,0.07364147786519112
2024-02-12,0.0,0.07351940696349196
2024-02-13,0.0,0.10860650572563421
2024-02-14,0.0,0.1164470989623248
2024-02-15,0.0,0.11305949338569432
2024-02-16,0.0,0.10903755006728227
2024-02-17,0.0,0.0900621439307259
2024-02-18,0.0,0.13058289489780228
2024-02-19,0.0,0.11046147810199473
2024-02-20,0.0,0.11591310445538552
2024-02-21,0.0,0.1006814578748064
2024-02-22,0.0,0.14864947835737138
2024-02-23,0.0,0.14052629944706957
2024-02-24,0.0,0.051536626712503544
2024-02-25,0.0,0.11992155445358033
2024-02-26,0.0,0.1365347038395729
2024-02-27,0.0,0.05906099160420846
2024-02-28,0.0,0.09526836535653785
2024-02-29,0.0,0.0754648673261508
2024-03-01,0.0,0.07667792225476491
2024-03-02,0.0,0.09087970003137083
2024-03-03,0.0,0.0862299666349816
2024-03-04,0.0,0.08605551236420894
2024-03-05,0.0,0.1285835486879954
2024-03-06,1.0,0.131345619942149
2024-03-07,0.0,0.1390604878407195
2024-03-08,0.0,0.06074092026395692
2024-03-09,1.0,0.05937815500712421
2024-03-10,0.0,0.07989030484136163
2024-03-11,1.0,0.08693110808522929
2024-03-12,0.0,0.11698833655879512
2024-03-13,0.0,0.10053465465703108
2024-03-14,0.0,0.13840440098456674
2024-03-15,0.0,0.0733115670808705
2024-03-16,0.0,0.08111656577919377
2024-03-17,0.0,0.1380526616438536
2024-03-18,0.0,0.05233626621902843
2024-03-19,0.0,0.13785848077049007
2024-03-20,0.0,0.05466727454159531
2024-03-21,0.0,0.1483147050390891
2024-03-22,0.0,0.14109124566956205
2024-03-23,0.0,0.14029877381584666
2024-03-24,0.0,0.05035136112673943
2024-03-25,0.0,0.08572955861840015
2024-03-26,0.0,0.1264662819992312
2024-03-27,0.0,0.09391187392774059
2024-03-28,0.0,0.14111692296098982
2024-03-29,0.0,0.11747324590449428
2024-03-30,0.0,0.08113610769908584
2024-03-31,0.0,0.13647255954070148
2024-04-01,0.0,0.11894446794487118
2024-04-02,0.0,0.10327552776161117
2024-04-03,0.0,0.09161069248734016
2024-04-04,0.0,0.08269119021201948
2024-04-05,0.0,0.1481881012252106
2024-04-06,0.0,0.10308098111051106
2024-04-07,0.0,0.07287144416620228
2024-04-08,1.0,0.06847385813871387
2024-04-09,0.0,0.14272839107734267
2024-04-10,1.0,0.11137046423664534
2024-04-11,0.0,0.05252295852848972
2024-04-12,0.0,0.14526080944879194
2024-04-13,0.0,0.10685742632709413
2024-04-14,0.0,0.08080808542495446
2024-04-15,0.0,0.14631144113430944
2024-04-16,0.0,0.10411667954527419
2024-04-17,0.0,0.0801405887165319
2024-04-18,0.0,0.066637673070915
2024-04-19,0.0,0.11257179383018692
2024-04-20,0.0,0.06317054615931697
2024-04-21,0.0,0.06519384295554888
2024-04-22,0.0,0.14577023594782396
2024-04-23,0.0,0.05575350489843825
2024-04-24,0.0,0.0676743733302529
2024-04-25,1.0,0.09836186562998886
2024-04-26,0.0,0.14791387780386467
2024-04-27,0.0,0.11061583234921334
2024-04-28,0.0,0.0653375577233347
2024-04-29,0.0,0.07941949181683397
2024-04-30,0.0,0.1122411671437563
2024-05-01,0.0,0.11159312770208785
2024-05-02,0.0,0.12898637615288316
2024-05-03,0.0,0.1423286721283163
2024-05-04,0.0,0.1156170314456122
2024-05-05,0.0,0.13717837059896987
2024-05-06,0.0,0.14005058310351787
2024-05-07,0.0,0.09008904443847346
2024-05-08,0.0,0.1202876076544648
2024-05-09,0.0,0.09690090414379221
2024-05-10,0.0,0.14495153231744337
2024-05-11,1.0,0.054647185219143114
2024-05-12,0.0,0.11130322050114216
2024-05-13,0.0,0.06259802073610278
2024-05-14,0.0,0.1195850779337577
2024-05-15,0.0,0.09530145326990701
2024-05-16,0.0,0.1187792441487924
2024-05-17,0.0,0.12020600971247593
2024-05-18,0.0,0.08121449919362952
2024-05-19,0.0,0.1451256932421971
2024-05-20,0.0,0.09541629455902878
2024-05-21,0.0,0.1445216930808727
2024-05-22,0.0,0.08275099591860346
2024-05-23,0.0,0.1010306357364158
2024-05-24,0.0,0.09300768122631084
2024-05-25,0.0,0.14486227609240077
2024-05-26,0.0,0.12870805488502468
2024-05-27,0.0,0.06943487031569123
2024-05-28,1.0,0.06685002964313017
2024-05-29,0.0,0.14557111901158737
2024-05-30,0.0,0.07717324282929364
2024-05-31,0.0,0.09122102405580469
2024-06-01,0.0,0.07944860441755827
2024-06-02,0.0,0.10472876683714796
2024-06-03,0.0,0.05903880305473445
2024-06-04,0.0,0.09858802822457899
2024-06-05,0.0,0.09574819910952159
2024-06-06,0.0,0.0589358848955051
2024-06-07,0.0,0.0708494126438157
2024-06-08,0.0,0.08098748970089334
2024-06-09,0.0,0.12273972034877607
2024-06-10,0.0,0.0651234798570414
2024-06-11,0.0,0.14477881331556042
2024-06-12,0.0,0.07055022711371647
2024-06-13,0.0,0.0561200266072182
2024-06-14,0.0,0.0995752976941674
2024-06-15,0.0,0.06750478606788758
2024-06-16,1.0,0.0710143330050393
2024-06-17,0.0,0.14205580318657848
2024-06-18,0.0,0.1082506855834397
2024-06-19,0.0,0.0805881464693433
2024-06-20,0.0,0.1403574018480807
2024-06-21,0.0,0.12196123582329724
2024-06-22,0.0,0.05408831173732535
2024-06-23,0.0,0.14959932319974323
2024-06-24,0.0,0.06523113835815966
2024-06-25,0.0,0.10360754900620836
2024-06-26,0.0,0.05797193902345991
2024-06-27,0.0,0.06485527949833302
2024-06-28,0.0,0.12389604723580559
2024-06-29,0.0,0.07159068080644079
2024-06-30,0.0,0.1380764922079384
2024-07-01,0.0,0.12279351790001727
2024-07-02,0.0,0.06638846599809678
2024-07-03,0.0,0.06989845855880598
2024-07-04,0.0,0.10472214567098664
2024-07-05,0.0,0.1192026084622682
2024-07-06,0.0,0.0638567467957454
2024-07-07,0.0,0.08745786066890389
2024-07-08,0.0,0.1118974858450428
2024-07-09,0.0,0.10758821891576445
2024-07-10,0.0,0.05009451574304369
2024-07-11,1.0,0.07711910444894272
2024-07-12,0.0,0.07243482324991327
2024-07-13,0.0,0.05963988913245756
2024-07-14,0.0,0.0940392312947595
2024-07-15,0.0,0.14983894136636938
2024-07-16,0.0,0.14043491312916767
2024-07-17,0.0,0.14508806965070348
2024-07-18,0.0,0.11222819877665038
2024-07-19,0.0,0.1151247751450205
2024-07-20,0.0,0.1024500180383143
2024-07-21,0.0,0.1390556491286737
2024-07-22,0.0,0.08430048389829169
2024-07-23,0.0,0.13566002186810133
2024-07-24,0.0,0.0586361056695438
2024-07-25,0.0,0.1032642399850967
2024-07-26,0.0,0.09820548580460037
2024-07-27,1.0,0.12124911983576725
2024-07-28,0.0,0.1254951533198895
2024-07-29,0.0,0.07617661033522197
2024-07-30,0.0,0.08216530891558524
2024-07-31,1.0,0.11554521058587856
2024-08-01,0.0,0.05872615059683255
2024-08-02,0.0,0.1081468687676376
2024-08-03,0.0,0.054268912436528
2024-08-04,0.0,0.12892778312452113
2024-08-05,1.0,0.09706385562140912
2024-08-06,0.0,0.10724026776262063
2024-08-07,0.0,0.11421585162293238
2024-08-08,0.0,0.06920344876292826
2024-08-09,0.0,0.057755835279351166
2024-08-10,0.0,0.05586449477854068
2024-08-11,0.0,0.10259203127211802
2024-08-12,0.0,0.11008660431913758
2024-08-13,0.0,0.07085058703519681
2024-08-14,0.0,0.12784930466156164
2024-08-15,0.0,0.060772308491603866
2024-08-16,0.0,0.0928641673695978
2024-08-17,0.0,0.11810241914857024
2024-08-18,0.0,0.058091168889587534
2024-08-19,0.0,0.0535662598547941
2024-08-20,0.0,0.12090865819038311
2024-08-21,0.0,0.11058017978635763
2024-08-22,1.0,0.0757487913878328
2024-08-23,0.0,0.0773511372178625
2024-08-24,0.0,0.08148757725068219
2024-08-25,0.0,0.08731883335744497
2024-08-26,0.0,0.12663625707140758
2024-08-27,0.0,0.08833091122157957
2024-08-28,0.0,0.12045770164139007
2024-08-29,0.0,0.13306718914295673
2024-08-30,0.0,0.06246496099536371
2024-08-31,0.0,0.052354060026116506
2024-09-01,0.0,0.12603123765935437
2024-09-02,0.0,0.11940001705549291
2024-09-03,0.0,0.14888143632566397
2024-09-04,0.0,0.09128377420839529
2024-09-05,0.0,0.07758122283926641
2024-09-06,0.0,0.06682155340872392
2024-09-07,0.0,0.06157765765250263
2024-09-08,0.0,0.12894987417696419
2024-09-09,0.0,0.06407987190919573
2024-09-10,0.0,0.14563818684247998
2024-09-11,0.0,0.07310090699107122
2024-09-12,0.0,0.09655653431939658
2024-09-13,0.0,0.07403704069640846
2024-09-14,0.0,0.1180318808621048
2024-09-15,0.0,0.11154208578632413
2024-09-16,0.0,0.12511582718738654
2024-09-17,0.0,0.11141066964275773
2024-09-18,0.0,0.07563614498983517
2024-09-19,0.0,0.05004140661049701
2024-09-20,0.0,0.057565721132127726
2024-09-21,0.0,0.12079348877806456
2024-09-22,0.0,0.14749332199549087
2024-09-23,0.0,0.07423106908742813
2024-09-24,0.0,0.12726430651170484
2024-09-25,0.0,0.14466433795680417
2024-09-26,0.0,0.09791259393320392
2024-09-27,0.0,0.14163398534792743
2024-09-28,0.0,0.07155721353306764
2024-09-29,0.0,0.1106093484046198
2024-09-30,0.0,0.06028476755165099
2024-10-01,0.0,0.07403056485124664
2024-10-02,0.0,0.11774914726801135
2024-10-03,0.0,0.133619424044075
2024-10-04,0.0,0.11293375296391694
2024-10-05,0.0,0.14898235644307306
2024-10-06,0.0,0.13324055634463297
2024-10-07,0.0,0.05718450085639875
2024-10-08,0.0,0.11101280881494574
2024-10-09,0.0,0.14254091832476576
2024-10-10,0.0,0.07837651233037422
2024-10-11,0.0,0.14349758054484685
2024-10-12,0.0,0.11855525867547508
2024-10-13,0.0,0.11646432332938646
2024-10-14,0.0,0.0634472909606355
2024-10-15,0.0,0.05374159594251722
2024-10-16,0.0,0.13615238279045794
2024-10-17,0.0,0.09730088512051986
2024-10-18,0.0,0.14276126643477233
2024-10-19,0.0,0.06916121963320995
2024-10-20,0.0,0.10109515759581869
2024-10-21,1.0,0.12670985201024454
2024-10-22,0.0,0.10517717793989007
2024-10-23,0.0,0.08523701550720428
2024-10-24,0.0,0.05823570027325107
2024-10-25,0.0,0.06664975507875143
2024-10-26,0.0,0.06998280539893967
2024-10-27,0.0,0.07405692413679928
2024-10-28,0.0,0.06268243816158883
2024-10-29,0.0,0.06005518912996506
2024-10-30,0.0,0.11758428672384393
2024-10-31,0.0,0.14062122014852813
2024-11-01,0.0,0.11877797424082905
2024-11-02,0.0,0.12979484602004923
2024-11-03,0.0,0.120157657240016
2024-11-04,0.0,0.05695230385675949
2024-11-05,0.0,0.10843381222072965
2024-11-06,0.0,0.10387765751367409
2024-11-07,0.0,0.1247636438421733
2024-11-08,0.0,0.0863551154741119
2024-11-09,0.0,0.07440671183112783
2024-11-10,0.0,0.1457527560586438
2024-11-11,0.0,0.05941499831240313
2024-11-12,0.0,0.1320847489925785
2024-11-13,0.0,0.11689185709666262
2024-11-14,0.0,0.10410323342905646
2024-11-15,0.0,0.14368128995640084
2024-11-16,0.0,0.07114012902683227
2024-11-17,0.0,0.06099263913741353
2024-11-18,0.0,0.11210937947849442
2024-11-19,0.0,0.10476192251743793
2024-11-20,0.0,0.12652778297962983
2024-11-21,0.0,0.1258308772744448
2024-11-22,0.0,0.12078572952318967
2024-11-23,0.0,0.10060007047728764
2024-11-24,0.0,0.11464544663102429
2024-11-25,0.0,0.09395848126411893
2024-11-26,0.0,0.07376485940955205
2024-11-27,0.0,0.13175983274952213
2024-11-28,0.0,0.05009011443593241
2024-11-29,0.0,0.07600348844411282
2024-11-30,0.0,0.06491482960984661
2024-12-01,0.0,0.10527567169966051
2024-12-02,0.0,0.09067961211807093
2024-12-03,0.0,0.06919735324800694
2024-12-04,0.0,0.11252644890295989
2024-12-05,0.0,0.09501905592079628
2024-12-06,0.0,0.12330828657802866
2024-12-07,0.0,0.11138981090143671
2024-12-08,0.0,0.12973142255908496
2024-12-09,0.0,0.05917521976912085
2024-12-10,0.0,0.10470393188084917
2024-12-11,0.0,0.12230836952943239
2024-12-12,0.0,0.1277356625045578
2024-12-13,0.0,0.14560165202740993
2024-12-14,0.0,0.09464503055026904
2024-12-15,0.0,0.10889295728016798
2024-12-16,0.0,0.06357474376213729
2024-12-17,0.0,0.06707119532662195
2024-12-18,0.0,0.06133182726017238
2024-12-19,0.0,0.1399981348179961
2024-12-20,0.0,0.13069298785864836
2024-12-21,0.0,0.1048346680199853
2024-12-22,0.0,0.13545700098999186
2024-12-23,0.0,0.08209257200574874
2024-12-24,0.0,0.11753311861858891
2024-12-25,0.0,0.1269047231837921
2024-12-26,0.0,0.057087790244388086
2024-12-27,0.0,0.08043259657531214
2024-12-28,0.0,0.11648523538204798
2024-12-29,0.0,0.14768736692668938
2024-12-30,0.0,0.14736130926033325
2024-12-31,0.0,0.14199962463628096
2025-01-01,0.0,0.14110880069397885
2025-01-02,0.0,0.09219076422587695
2025-01-03,1.0,0.059036466254676824
2025-01-04,0.0,0.07891552138710146
2025-01-05,0.0,0.1449551122647284
2025-01-06,0.0,0.07194573426881333
2025-01-07,0.0,0.09002514715905442
2025-01-08,0.0,0.14869385166669818
2025-01-09,0.0,0.13527920706194935
2025-01-10,0.0,0.06289998157380806
2025-01-11,0.0,0.13156979236366392
2025-01-12,0.0,0.12640414126901028
2025-01-13,0.0,0.0912840842197731
2025-01-14,0.0,0.12130047668047675
2025-01-15,0.0,0.08560208247998279
2025-01-16,0.0,0.053090897127679185
2025-01-17,0.0,0.07775644525485025
2025-01-18,0.0,0.11679734539209205
2025-01-19,0.0,0.13288445895378273
2025-01-20,0.0,0.09444781058182175
2025-01-21,0.0,0.05779256882112314
2025-01-22,0.0,0.10428410952080044
2025-01-23,1.0,0.1256408984933059
2025-01-24,0.0,0.08723356219427522
2025-01-25,0.0,0.07135853659348132
2025-01-26,1.0,0.05801400403110121
2025-01-27,0.0,0.09340675456229573
2025-01-28,0.0,0.13140377966937167
2025-01-29,0.0,0.09288633165161546
2025-01-30,0.0,0.13010801833541025
2025-01-31,0.0,0.1045818613020767
2025-02-01,0.0,0.07707627583957993
2025-02-02,0.0,0.09225712210279269
2025-02-03,0.0,0.11230508069419512
2025-02-04,0.0,0.06830359038667705
2025-02-05,0.0,0.09304750944461315
2025-02-06,0.0,0.11537074685596344
2025-02-07,0.0,0.05438923880380601
2025-02-08,0.0,0.055989237630362065
2025-02-09,0.0,0.141907846994818
2025-02-10,0.0,0.05312576648164599
2025-02-11,0.0,0.11631000100690622
2025-02-12,0.0,0.058204296203088195
2025-02-13,0.0,0.07041469235408024
2025-02-14,0.0,0.1271231828190002
2025-02-15,0.0,0.1332138658643257
2025-02-16,0.0,0.08491120391695307
2025-02-17,0.0,0.053893388981379735
2025-02-18,0.0,0.1036330899528923
2025-02-19,0.0,0.05590737603843004
2025-02-20,0.0,0.10958271383252491
2025-02-21,0.0,0.12009720959237648
2025-02-22,0.0,0.12297596868673703
2025-02-23,0.0,0.0503875936847441
2025-02-24,0.0,0.086006673028198
2025-02-25,0.0,0.06998045204884332
2025-02-26,0.0,0.07190480420219536
2025-02-27,0.0,0.12398208278042018
2025-02-28,0.0,0.08471499610542108
2025-03-01,0.0,0.10089180313514995
2025-03-02,0.0,0.05293782875619582
2025-03-03,0.0,0.059187680583545954
2025-03-04,0.0,0.1431818630048946
2025-03-05,0.0,0.12794532333235575
2025-03-06,0.0,0.09367758192323214
2025-03-07,0.0,0.058267486413023685
2025-03-08,0.0,0.12067066035802594
2025-03-09,0.0,0.12203265758257399
2025-03-10,0.0,0.08329081475908243
2025-03-11,1.0,0.09407154682674554
2025-03-12,0.0,0.13522420071721292
2025-03-13,0.0,0.13004697127481063
2025-03-14,0.0,0.11587490987681193
2025-03-15,0.0,0.06331243152301766
2025-03-16,0.0,0.13595846027050845
2025-03-17,0.0,0.08645517591695653
2025-03-18,0.0,0.05038248005990521
2025-03-19,0.0,0.11910169110312288
2025-03-20,0.0,0.10150806716544905
2025-03-21,0.0,0.08781553603153744
2025-03-22,0.0,0.13696227597703495
2025-03-23,0.0,0.1276947014482856
2025-03-24,0.0,0.13502265982394712
2025-03-25,0.0,0.06126081949024095
2025-03-26,0.0,0.08241142202822895
2025-03-27,0.0,0.14062975060836153
2025-03-28,0.0,0.1198134477958518
2025-03-29,0.0,0.1297692697708847
2025-03-30,0.0,0.051485592960550886
2025-03-31,0.0,0.09709019551193909
2025-04-01,1.0,0.12340975170346442
2025-04-02,0.0,0.14671554868091397
2025-04-03,0.0,0.0906828655454385
2025-04-04,0.0,0.13944514810855474
2025-04-05,0.0,0.05930383196740803
2025-04-06,0.0,0.10803790287968212
2025-04-07,0.0,0.12002224648363748
2025-04-08,0.0,0.1323544270785034
2025-04-09,0.0,0.11118236711458354
2025-04-10,0.0,0.07917383214780015
2025-04-11,0.0,0.12936094632160436
2025-04-12,0.0,0.05652585487030901
2025-04-13,0.0,0.14385973847560157
2025-04-14,0.0,0.10702435986580254
2025-04-15,0.0,0.09958378095839976
2025-04-16,0.0,0.0715465468511856
2025-04-17,0.0,0.13054785350829637
2025-04-18,0.0,0.07983798270815977
2025-04-19,0.0,0.08259320046271727
2025-04-20,0.0,0.1289008689947878
2025-04-21,1.0,0.05400379687227951
2025-04-22,0.0,0.14994823151600462
2025-04-23,0.0,0.11829727734239603
2025-04-24,1.0,0.12068536494879241
2025-04-25,0.0,0.05203170320044878
2025-04-26,0.0,0.1411960212751855
2025-04-27,1.0,0.05351373225535257
2025-04-28,0.0,0.13895228701539977
2025-04-29,0.0,0.07862881194401979
2025-04-30,0.0,0.09082203834414684
2025-05-01,0.0,0.1328153572725947
2025-05-02,0.0,0.11471369776647573
2025-05-03,0.0,0.06654326313920611
2025-05-04,0.0,0.09931109306519315
2025-05-05,0.0,0.13804875177659742
2025-05-06,0.0,0.13027088935518963
2025-05-07,0.0,0.08843366869585853
2025-05-08,0.0,0.10219462448068747
2025-05-09,0.0,0.10111093384208908
2025-05-10,0.0,0.14318943693997788
2025-05-11,0.0,0.084053018780951
2025-05-12,0.0,0.08786411875515986
2025-05-13,1.0,0.07041221322587289
2025-05-14,1.0,0.07580654568788145
2025-05-15,0.0,0.13596388791655278
2025-05-16,0.0,0.08289330978447226
2025-05-17,0.0,0.057558827019226544
2025-05-18,0.0,0.13711671070656564
2025-05-19,0.0,0.058441897613914856
2025-05-20,0.0,0.07473537734108912
2025-05-21,0.0,0.11769181028276884
2025-05-22,0.0,0.129143569174695
2025-05-23,0.0,0.10822204069919084
2025-05-24,0.0,0.07500005722593452
2025-05-25,0.0,0.13178335795872242
2025-05-26,0.0,0.08813943095913312
2025-05-27,0.0,0.1179661462967171
2025-05-28,0.0,0.10930549071065662
2025-05-29,0.0,0.11877359063856337
2025-05-30,0.0,0.09996929011516159
2025-05-31,0.0,0.1277986523677554
2025-06-01,0.0,0.05369540701683037
2025-06-02,0.0,0.11385813638453669
2025-06-03,0.0,0.09534019920693287
2025-06-04,0.0,0.14518936908204255
2025-06-05,0.0,0.12208302719945367
2025-06-06,0.0,0.10576472107786038
2025-06-07,0.0,0.14841457901037947
2025-06-08,0.0,0.14154973591480863
2025-06-09,0.0,0.06102253767604812
2025-06-10,0.0,0.12228101579355234
2025-06-11,0.0,0.08008265468184614
2025-06-12,0.0,0.13586674805323418
2025-06-13,0.0,0.11208628954635877
2025-06-14,0.0,0.06665473516014948
2025-06-15,0.0,0.1314446839373294
2025-06-16,1.0,0.13814606631652765
2025-06-17,0.0,0.1092126700457197
2025-06-18,0.0,0.09904976908612442
2025-06-19,0.0,0.07777484517043855
2025-06-20,0.0,0.09022902778155875
2025-06-21,0.0,0.0760626610811477
2025-06-22,0.0,0.08616384488227395
2025-06-23,0.0,0.075166284303034
2025-06-24,0.0,0.12151902983488401
2025-06-25,0.0,0.14034195156514942
2025-06-26,0.0,0.05406574001833442
2025-06-27,0.0,0.060440378962167356
2025-06-28,0.0,0.13550521401724985
2025-06-29,0.0,0.14419465590615108
2025-06-30,0.0,0.07064877389919909
2025-07-01,0.0,0.12878888000774974
2025-07-02,0.0,0.07452229828684412
2025-07-03,0.0,0.09579618929749226
2025-07-04,0.0,0.13569883245393777
2025-07-05,0.0,0.12289352034986419
2025-07-06,0.0,0.06061927717173672
2025-07-07,0.0,0.14659327075661283
2025-07-08,0.0,0.10282542571988817
2025-07-09,0.0,0.06480232611026569
2025-07-10,0.0,0.07347548170696125
2025-07-11,0.0,0.06793785599478892
2025-07-12,0.0,0.1317994254920946
2025-07-13,0.0,0.05955682409793758
2025-07-14,0.0,0.06018765099232731
2025-07-15,0.0,0.11627836389128532
2025-07-16,0.0,0.11387327519913028
2025-07-17,0.0,0.14413736188390686
2025-07-18,0.0,0.09762267159306592
2025-07-19,0.0,0.13643775978072398
2025-07-20,1.0,0.09143485507327467
2025-07-21,0.0,0.1424208186027217
2025-07-22,0.0,0.11931888904878868
2025-07-23,0.0,0.1439269849785827
2025-07-24,0.0,0.06581300348020273
2025-07-25,0.0,0.1398347004631359
2025-07-26,0.0,0.12129675131095509
2025-07-27,0.0,0.10622216127216277
2025-07-28,0.0,0.10698255957706898
2025-07-29,0.0,0.05762373308663348
2025-07-30,0.0,0.11288246975927696
2025-07-31,1.0,0.07918286691417628
2025-08-01,0.0,0.06996915652949487
2025-08-02,0.0,0.11292062996362014
2025-08-03,0.0,0.0979864757071198
2025-08-04,0.0,0.09031307260520517
2025-08-05,0.0,0.07977262620013181
2025-08-06,0.0,0.11962868453594969
2025-08-07,0.0,0.08571917286327513
2025-08-08,0.0,0.10016245224453979
2025-08-09,0.0,0.09795300585607172
2025-08-10,0.0,0.1441451353847364
2025-08-11,0.0,0.07087519018482721
2025-08-12,0.0,0.13884009125809565
2025-08-13,0.0,0.10593488251281047
2025-08-14,0.0,0.12198092779818621
2025-08-15,1.0,0.10985344101797506
2025-08-16,0.0,0.12406930720929343
2025-08-17,0.0,0.0729551777154904
2025-08-18,0.0,0.10071240572240472
2025-08-19,0.0,0.05508686087169108
2025-08-20,0.0,0.12612745993017843
2025-08-21,0.0,0.07458066570870943
2025-08-22,0.0,0.14994095706477492
2025-08-23,0.0,0.06619801046348757
2025-08-24,0.0,0.13858038826071828
2025-08-25,0.0,0.05924593321551366
2025-08-26,0.0,0.14435914795596264
2025-08-27,0.0,0.14159691029632826
2025-08-28,0.0,0.07342671246089436
2025-08-29,0.0,0.05587466834710251
2025-08-30,0.0,0.05689488455755492
2025-08-31,0.0,0.08842573168184316
2025-09-01,0.0,0.10110220948190027
2025-09-02,0.0,0.11846955665223087
2025-09-03,0.0,0.11754314331749582
2025-09-04,0.0,0.13845230641168535
2025-09-05,0.0,0.14015816724369518
2025-09-06,0.0,0.13211761050000576
2025-09-07,0.0,0.1158873716573902
2025-09-08,0.0,0.09902134572480091
2025-09-09,0.0,0.1351187582419739
2025-09-10,0.0,0.06117040982464548
2025-09-11,0.0,0.0808241793549092
2025-09-12,0.0,0.0753894569088328
2025-09-13,0.0,0.09742933713446332
2025-09-14,0.0,0.09054484368534768
2025-09-15,0.0,0.14808257831159405
2025-09-16,0.0,0.09256983061072908
2025-09-17,0.0,0.14625728025778914
2025-09-18,0.0,0.13219763226135955
2025-09-19,0.0,0.10826923955039217
2025-09-20,0.0,0.1343857386240353
2025-09-21,0.0,0.09173586727226538
2025-09-22,0.0,0.06275109260275161
2025-09-23,0.0,0.06884573702442223
2025-09-24,0.0,0.12752664885673115
2025-09-25,0.0,0.11557559432234334
2025-09-26,0.0,0.060095597981565996
2025-09-27,0.0,0.06444237608545869
2025-09-28,0.0,0.0549968928154342
2025-09-29,0.0,0.09683636163459403
2025-09-30,0.0,0.08649674417434405
2025-10-01,0.0,0.1178990994780922
2025-10-02,0.0,0.1440390209389743
2025-10-03,0.0,0.09000514853579497
2025-10-04,0.0,0.05678967250345629
2025-10-05,0.0,0.13985919857519002
2025-10-06,0.0,0.05741008913380735
2025-10-07,0.0,0.14694805620872722
2025-10-08,0.0,0.09812273640174293
2025-10-09,0.0,0.12817124600539664
2025-10-10,1.0,0.05469698046741013
2025-10-11,0.0,0.1452570790263663
2025-10-12,0.0,0.09639806031687578
2025-10-13,0.0,0.14649089274111848
2025-10-14,0.0,0.06504790199755965
2025-10-15,0.0,0.1338465556927238
2025-10-16,0.0,0.13061282991994183
2025-10-17,0.0,0.08962411233941624
2025-10-18,0.0,0.09590899846055459
2025-10-19,1.0,0.09356868631040585
2025-10-20,0.0,0.1253427562849899
2025-10-21,0.0,0.07723752924206731
2025-10-22,0.0,0.13937160873766108
2025-10-23,0.0,0.10046548787449791
2025-10-24,0.0,0.1368657160453099
2025-10-25,0.0,0.1463914092423497
2025-10-26,0.0,0.11926144473061456
2025-10-27,0.0,0.07760064268912215
2025-10-28,0.0,0.06188162005147201
2025-10-29,0.0,0.10128153661301306
2025-10-30,0.0,0.06357371662917108
2025-10-31,0.0,0.12616110688555127
2025-11-01,0.0,0.06438801052572571
2025-11-02,0.0,0.11902600026712928
2025-11-03,0.0,0.0743466364993803
2025-11-04,0.0,0.14160869509399912
2025-11-05,0.0,0.13829052595583385
2025-11-06,0.0,0.1466920363109698
2025-11-07,0.0,0.07227398458490154
2025-11-08,0.0,0.09500307553212742
2025-11-09,0.0,0.05134241995173209
2025-11-10,0.0,0.08730742184965837
2025-11-11,0.0,0.0800555577166919
2025-11-12,0.0,0.11321372370699524
2025-11-13,0.0,0.08605489571846833
2025-11-14,0.0,0.08049063890888883
2025-11-15,0.0,0.1068107467990958
2025-11-16,0.0,0.07954119818988674
2025-11-17,0.0,0.11201406167273548
2025-11-18,0.0,0.1199551708463888
2025-11-19,0.0,0.14471758933153678
2025-11-20,0.0,0.11569199504079082
2025-11-21,0.0,0.11506783559348668
2025-11-22,0.0,0.06699268815632431
2025-11-23,0.0,0.12592482004980488
2025-11-24,0.0,0.10883241082931411
2025-11-25,0.0,0.1353830471049896
2025-11-26,0.0,0.08795481878065434
2025-11-27,0.0,0.09164678202376789
2025-11-28,0.0,0.1181596629169171
2025-11-29,0.0,0.06997770383980341
2025-11-30,0.0,0.10439533183585298
2025-12-01,0.0,0.11502872596473053
2025-12-02,0.0,0.1211915061797273
2025-12-03,0.0,0.11043479679157736
2025-12-04,0.0,0.13625440550529838
2025-12-05,0.0,0.07767727180687828
2025-12-06,0.0,0.11655701362387975
2025-12-07,0.0,0.07665201171757692
2025-12-08,0.0,0.05691805974675225
2025-12-09,0.0,0.11613999512784913
2025-12-10,0.0,0.09947786459391422
2025-12-11,0.0,0.07190742125521753
2025-12-12,0.0,0.13576677035916784
2025-12-13,0.0,0.058178987873946035
2025-12-14,0.0,0.10743964230128836
2025-12-15,0.0,0.072528420756275
2025-12-16,0.0,0.11909307078503646
2025-12-17,1.0,0.08117050487196108
2025-12-18,0.0,0.053836894396881364
2025-12-19,0.0,0.07612159948825323
2025-12-20,0.0,0.08189565580826168
2025-12-21,0.0,0.07909083011292094
2025-12-22,0.0,0.10708598330256396
2025-12-23,0.0,0.10921117461346624
2025-12-24,0.0,0.06513790955196608
2025-12-25,0.0,0.14252024591369444
2025-12-26,0.0,0.10151175318428893
2025-12-27,0.0,0.06390078581676625
2025-12-28,0.0,0.08464386590525803
2025-12-29,0.0,0.12638163613982803
2025-12-30,0.0,0.08609272861064238
2025-12-31,0.0,0.10798908816956358
2026-01-01,0.0,0.0805660846297194
2026-01-02,0.0,0.06347621911116091
2026-01-03,0.0,0.09797845755480399
2026-01-04,0.0,0.07306615315176383
2026-01-05,0.0,0.10281070959649291
2026-01-06,0.0,0.13975466816616466
2026-01-07,0.0,0.14310273527054418
2026-01-08,0.0,0.059975205784853707
2026-01-09,0.0,0.13222230178041294
2026-01-10,0.0,0.14633593866629235
2026-01-11,0.0,0.09088423434648063
2026-01-12,0.0,0.14618942903207993
2026-01-13,0.0,0.1278550813910661
2026-01-14,0.0,0.06412271481515523
2026-01-15,0.0,0.11331887218579464
2026-01-16,0.0,0.09272284166924183
2026-01-17,0.0,0.13623580517551293
2026-01-18,0.0,0.06686392898319615
2026-01-19,0.0,0.13480607605335249
2026-01-20,0.0,0.08886672052347128
2026-01-21,0.0,0.07679718826982657
2026-01-22,0.0,0.09480946093713133
2026-01-23,0.0,0.10340881973025517
2026-01-24,0.0,0.13082528950245065
2026-01-25,0.0,0.06549026857257112
2026-01-26,0.0,0.11908881857466776
2026-01-27,0.0,0.1116618680622758
2026-01-28,0.0,0.07779177476661477
2026-01-29,0.0,0.10621283195130196
2026-01-30,0.0,0.14039656086197205
2026-01-31,0.0,0.13662007425167233
2026-02-01,0.0,0.0991549317312612
2026-02-02,0.0,0.060589595728321566
2026-02-03,0.0,0.11377827008491377
2026-02-04,0.0,0.14993294016205055
2026-02-05,0.0,0.13718988510610586
2026-02-06,0.0,0.050301649174302854
2026-02-07,0.0,0.08106053453392925
2026-02-08,0.0,0.06779332804484112
2026-02-09,0.0,0.0853089012165755
2026-02-10,0.0,0.07036728842970266
2026-02-11,0.0,0.14864866314535272
2026-02-12,0.0,0.14977954972891694
2026-02-13,1.0,0.12167884338788511
2026-02-14,0.0,0.05793949991007803
2026-02-15,1.0,0.09204176965025354
2026-02-16,0.0,0.11695782705674561
2026-02-17,0.0,0.07841905578451216
2026-02-18,0.0,0.07529464346557709
2026-02-19,0.0,0.12521712368741905
2026-02-20,0.0,0.1447873536154619
2026-02-21,0.0,0.08346555454861572
2026-02-22,0.0,0.14506820665366987
2026-02-23,0.0,0.051389114373900195
2026-02-24,0.0,0.1416077280567658
2026-02-25,0.0,0.060567865033715584
2026-02-26,0.0,0.07525699764720858
2026-02-27,0.0,0.10791057386203122
2026-02-28,0.0,0.14687289587640012
2026-03-01,1.0,0.07470301170546262
2026-03-02,0.0,0.10956870843715796
2026-03-03,0.0,0.08521382704755738
2026-03-04,1.0,0.1115040851935905
2026-03-05,0.0,0.13437005151650844
2026-03-06,0.0,0.0709537575975602
2026-03-07,0.0,0.06517987491299967
2026-03-08,0.0,0.10517626763552654
2026-03-09,0.0,0.092651404961205
2026-03-10,0.0,0.11605242733937075
2026-03-11,0.0,0.12762153881765326
2026-03-12,1.0,0.06671574448527867
2026-03-13,0.0,0.06637299255997113
2026-03-14,0.0,0.05284988732767881
2026-03-15,0.0,0.12389304398091219
2026-03-16,0.0,0.08414962009189111
2026-03-17,0.0,0.05636069051775842
2026-03-18,0.0,0.1255144869921156
2026-03-19,0.0,0.09317277601474253
2026-03-20,0.0,0.13978965565688617
2026-03-21,0.0,0.07380662269606374
2026-03-22,0.0,0.13267061600106644
2026-03-23,0.0,0.08655639389041016
2026-03-24,0.0,0.07261074159098263
2026-03-25,0.0,0.10929918463633435
2026-03-26,0.0,0.08816066815770122
2026-03-27,0.0,0.148551709092976
2026-03-28,0.0,0.11111720166261571
2026-03-29,0.0,0.05796914837485796
2026-03-30,0.0,0.06246210056131607
2026-03-31,0.0,0.07680318597419131
2026-04-01,0.0,0.12430865112898405
2026-04-02,0.0,0.09238457686692905
2026-04-03,0.0,0.0808581457033343
2026-04-04,0.0,0.09551223581100508
2026-04-05,0.0,0.05541052808652243
2026-04-06,0.0,0.12962125659647114
2026-04-07,0.0,0.09232881577603663
2026-04-08,0.0,0.09517375245485696
2026-04-09,0.0,0.10334741513456107
2026-04-10,0.0,0.06482990534730461
2026-04-11,0.0,0.0708788761752284
2026-04-12,0.0,0.07278190065600784
2026-04-13,0.0,0.10731145158564259
2026-04-14,0.0,0.05975308100714273
2026-04-15,0.0,0.07372598197657235
2026-04-16,0.0,0.11937392902329402
2026-04-17,0.0,0.07753679487738135
2026-04-18,0.0,0.12238723306583334
2026-04-19,1.0,0.13102691883265719
2026-04-20,0.0,0.09408541281872074
2026-04-21,0.0,0.1439406561036452
2026-04-22,0.0,0.14665300585912236
2026-04-23,0.0,0.12049293834654326
2026-04-24,0.0,0.09356602952987281
2026-04-25,0.0,0.10394183441409785
2026-04-26,0.0,0.051603077824809475
2026-04-27,0.0,0.09662647382853244
2026-04-28,0.0,0.060091752708616955
2026-04-29,0.0,0.1250026957768435
2026-04-30,0.0,0.11372966749687631
2026-05-01,0.0,0.05381667184361057
2026-05-02,0.0,0.09703356321805151
2026-05-03,0.0,0.07997364797297081
2026-05-04,0.0,0.11101386166248847
2026-05-05,0.0,0.06727223726810586
2026-05-06,0.0,0.13084530850953124
2026-05-07,0.0,0.13985366912122957
2026-05-08,0.0,0.12629508855073857
2026-05-09,0.0,0.07772866333568826
2026-05-10,0.0,0.05725471683707463
2026-05-11,0.0,0.1371855450692442
2026-05-12,0.0,0.05098503020310882
2026-05-13,0.0,0.1447437251251964
2026-05-14,1.0,0.1296309927265878
2026-05-15,0.0,0.11889489756087673
2026-05-16,0.0,0.06333506687923302
2026-05-17,0.0,0.14814623509015915
2026-05-18,1.0,0.13608670516337196
2026-05-19,0.0,0.1460322596008366
2026-05-20,0.0,0.12556646069114552
2026-05-21,0.0,0.0712748876943921
2026-05-22,0.0,0.07744757134620953
2026-05-23,0.0,0.12279386887307875
2026-05-24,0.0,0.05507783388396044
2026-05-25,0.0,0.1362274321211196
2026-05-26,0.0,0.08125929262797556
2026-05-27,0.0,0.08762809442051307
2026-05-28,0.0,0.08009057880527802
2026-05-29,0.0,0.11498721387422313
2026-05-30,0.0,0.14873386219942525
2026-05-31,0.0,0.08775841012347992
2026-06-01,0.0,0.14996730602102606
2026-06-02,0.0,0.08388729951075737
2026-06-03,0.0,0.054306849778652355
2026-06-04,0.0,0.06699147430892992
2026-06-05,0.0,0.1297536760628233
2026-06-06,0.0,0.12113266732856728
2026-06-07,0.0,0.1386254809012315
2026-06-08,0.0,0.0858820113246331
2026-06-09,0.0,0.06107983928857263
2026-06-10,0.0,0.05563204194665518
2026-06-11,0.0,0.1353073688922911
2026-06-12,0.0,0.14905978969428973
2026-06-13,1.0,0.07188268862900977
2026-06-14,0.0,0.1050333819851935
2026-06-15,0.0,0.06420032581312268
2026-06-16,0.0,0.14053165666639184
2026-06-17,0.0,0.09465070414967958
2026-06-18,0.0,0.1430062598706338
2026-06-19,0.0,0.0867047878051913
2026-06-20,0.0,0.10997596399606323
2026-06-21,0.0,0.1025881446060753
2026-06-22,0.0,0.12123764199967395
2026-06-23,0.0,0.09565299258864829
2026-06-24,0.0,0.059590453962141826
2026-06-25,0.0,0.12512973616561868
2026-06-26,0.0,0.07422302363237204
2026-06-27,0.0,0.07707494083391563
2026-06-28,0.0,0.09425680135997277
2026-06-29,0.0,0.052889629061363796
2026-06-30,0.0,0.07613122054659305
2026-07-01,0.0,0.14899073127615298
2026-07-02,0.0,0.07312924848604604
2026-07-03,0.0,0.13424534432654556
2026-07-04,0.0,0.13130473245048713
2026-07-05,0.0,0.12552491125021842
2026-07-06,0.0,0.1488913124482269
2026-07-07,0.0,0.061777458277338215
2026-07-08,0.0,0.14151479085893676
2026-07-09,0.0,0.11908939975847878
2026-07-10,0.0,0.08116680588723765
2026-07-11,0.0,0.05691821904878489
2026-07-12,0.0,0.053522548326336176
2026-07-13,0.0,0.1262999938923292
2026-07-14,0.0,0.07531159201097107
2026-07-15,0.0,0.09511742436509182
2026-07-16,0.0,0.05684072338942693
2026-07-17,0.0,0.14282319137564453
2026-07-18,0.0,0.0588567952444499
2026-07-19,0.0,0.06145155251976241
2026-07-20,1.0,0.10809552283932308
2026-07-21,0.0,0.13918513366175306
2026-07-22,0.0,0.11787150653427027
2026-07-23,0.0,0.13292255573431144
2026-07-24,0.0,0.09892544027122488
2026-07-25,0.0,0.06849263874933384
2026-07-26,0.0,0.14623554654993387
2026-07-27,0.0,0.13005997002786612
2026-07-28,0.0,0.1296516422914629
2026-07-29,0.0,0.10129965136438446
2026-07-30,0.0,0.08609194972558991
2026-07-31,0.0,0.060015571755906695
2026-08-01,0.0,0.11579874133046637
2026-08-02,0.0,0.0967800202707525
2026-08-03,0.0,0.12039410623676379
2026-08-04,0.0,0.1334615737377055
2026-08-05,0.0,0.060281573010710576
2026-08-06,0.0,0.05035936688275772
2026-08-07,0.0,0.12666614906757284
2026-08-08,0.0,0.14740242015609747
2026-08-09,1.0,0.0746253331152575
2026-08-10,0.0,0.06858135738741016
2026-08-11,0.0,0.10803149485737094
2026-08-12,0.0,0.07234456762223576
2026-08-13,0.0,0.14518263285454358
2026-08-14,1.0,0.05314458609762727
2026-08-15,0.0,0.05024906726617731
2026-08-16,0.0,0.08703963881983254
2026-08-17,0.0,0.07004261279423754
2026-08-18,0.0,0.08496207968494668
2026-08-19,0.0,0.06304532529894145
2026-08-20,0.0,0.0645706439658059
2026-08-21,0.0,0.056027578029738484
2026-08-22,0.0,0.1088608556053064
2026-08-23,0.0,0.12689748797890266
2026-08-24,0.0,0.08973100867497193
2026-08-25,0.0,0.07237726716452406
2026-08-26,1.0,0.09444872978123511
2026-08-27,0.0,0.09559918054180183
2026-08-28,0.0,0.10234261607478867
2026-08-29,0.0,0.1110534316255328
2026-08-30,0.0,0.07961283623611258
2026-08-31,1.0,0.08191840881600908
2026-09-01,0.0,0.13418236034727846
2026-09-02,0.0,0.10528464356596122
2026-09-03,0.0,0.12728478508056684
2026-09-04,0.0,0.07213060170872367
2026-09-05,0.0,0.1284205841792967
2026-09-06,0.0,0.0534233111338172
2026-09-07,0.0,0.10630196471682848
2026-09-08,0.0,0.10874802629103503
2026-09-09,0.0,0.06368549028535926
2026-09-10,0.0,0.11462717423910464
2026-09-11,0.0,0.07219478207578103
2026-09-12,0.0,0.14549808459978783
2026-09-13,0.0,0.09511769578979117
2026-09-14,0.0,0.0771241049538109
2026-09-15,0.0,0.14240598368073626
2026-09-16,0.0,0.12712674468819168
2026-09-17,0.0,0.10475891489106068
2026-09-18,0.0,0.10579143023791626
2026-09-19,0.0,0.06825932509855334
2026-09-20,0.0,0.11013177742190239
2026-09-21,0.0,0.060797320807037536
2026-09-22,0.0,0.0515681749498801
2026-09-23,0.0,0.11092977951356497
2026-09-24,0.0,0.0554208848178261
2026-09-25,0.0,0.09956695826171275
2026-09-26,0.0,0.07797570028644418
2026-09-27,0.0,0.06602579358303949
2026-09-28,0.0,0.09338482316376229
2026-09-29,0.0,0.08869514186183207
2026-09-30,0.0,0.13198093765614616
2026-10-01,0.0,0.08924587943295627
2026-10-02,0.0,0.11568845351766541
2026-10-03,0.0,0.06865974160819582
2026-10-04,0.0,0.07850793562813708
2026-10-05,0.0,0.05301229213233857
2026-10-06,0.0,0.09109156053657565
2026-10-07,0.0,0.1093635960816145
2026-10-08,0.0,0.09179580190724167
2026-10-09,0.0,0.1355031505321208
2026-10-10,0.0,0.11580583732928294
2026-10-11,0.0,0.05870278349510452
2026-10-12,0.0,0.10987969379052326
2026-10-13,0.0,0.1262179266850843
2026-10-14,0.0,0.07620151680053355
2026-10-15,0.0,0.14053622108771924
2026-10-16,0.0,0.052230609938073935
2026-10-17,0.0,0.058715457364081805
2026-10-18,0.0,0.05020486823429006
2026-10-19,0.0,0.051391352544149164
2026-10-20,0.0,0.08632335327734113
2026-10-21,0.0,0.13549294754272678
2026-10-22,0.0,0.12782237352682674
2026-10-23,0.0,0.05635577150992266
2026-10-24,0.0,0.13625122859489527
2026-10-25,0.0,0.13950593803582895
2026-10-26,0.0,0.12818524816646146
2026-10-27,0.0,0.1106684267273371
2026-10-28,0.0,0.13444249187326096
2026-10-29,0.0,0.09728156719424029
2026-10-30,0.0,0.12067628999573723
2026-10-31,0.0,0.1381170768889912
2026-11-01,0.0,0.1429399310937107
2026-11-02,0.0,0.08279385750918457
2026-11-03,0.0,0.14474170957986326
2026-11-04,0.0,0.06298935832625273
2026-11-05,0.0,0.09015396619399045
2026-11-06,0.0,0.0735146218033036
2026-11-07,0.0,0.13637884185689209
2026-11-08,0.0,0.128974632410086
2026-11-09,0.0,0.1319798373892681
2026-11-10,0.0,0.06474558503807978
2026-11-11,0.0,0.05722086813335751
2026-11-12,0.0,0.06210526896778615
2026-11-13,0.0,0.11218141281564858
2026-11-14,0.0,0.07409678375102477
2026-11-15,0.0,0.08889987226786687
2026-11-16,0.0,0.09115788657396548
2026-11-17,0.0,0.10712429252851062
2026-11-18,0.0,0.11073136138614262
2026-11-19,0.0,0.1260527180276918
2026-11-20,1.0,0.08986069707941166
2026-11-21,0.0,0.05893506089982068
2026-11-22,0.0,0.12801178593887327
2026-11-23,0.0,0.14786187430973602
2026-11-24,0.0,0.1294881927367782
2026-11-25,1.0,0.11926130523594519
2026-11-26,0.0,0.10327767142109243
2026-11-27,0.0,0.11641703637211484
2026-11-28,0.0,0.06647040000210098
2026-11-29,0.0,0.14418792986731083
2026-11-30,0.0,0.117451683368903
2026-12-01,0.0,0.1434178616870616
2026-12-02,0.0,0.10118151955007915
2026-12-03,0.0,0.13717801679887892
2026-12-04,0.0,0.07511889012473599
2026-12-05,0.0,0.05732546473960229
2026-12-06,0.0,0.13237136149483264
2026-12-07,0.0,0.09757610677854854
2026-12-08,0.0,0.1412035372389942
2026-12-09,0.0,0.13851415381648738
2026-12-10,0.0,0.14871035684826533
2026-12-11,0.0,0.12014349867008735
2026-12-12,0.0,0.12215257862103765
2026-12-13,0.0,0.057723364262013105
2026-12-14,0.0,0.11228357299639213
2026-12-15,0.0,0.14809370024678836
2026-12-16,0.0,0.12369209687330691
2026-12-17,0.0,0.14284460651832737
2026-12-18,0.0,0.05731450864309215
2026-12-19,0.0,0.07096080994947775
2026-12-20,0.0,0.0954792133993192
2026-12-21,0.0,0.08611591038367153
2026-12-22,0.0,0.14564826433508615
2026-12-23,0.0,0.06740026738206138
2026-12-24,0.0,0.06132093941590255
2026-12-25,1.0,0.13848811447404358
2026-12-26,0.0,0.07230589644218485
2026-12-27,0.0,0.14953544762471255
2026-12-28,0.0,0.06931388386094682
2026-12-29,0.0,0.09903313163687964
2026-12-30,0.0,0.1300680680029125
2026-12-31,0.0,0.0940915601183969
