DATETIME,day_ahead_price,imbalance_volatility,negative_price_duration
2001-01-01,68.57529635488837,80.72095698772193,2
2001-01-02,41.145606169204896,22.56481176599619,1
2001-01-03,36.5490474114129,34.0601142931816,0
2001-01-04,50.08451692248614,68.58537321213569,4
2001-01-05,42.01301369660114,63.42485075260672,0
2001-01-06,98.47328017682894,18.72286981541761,3
2001-01-07,39.20390447029105,18.090365342474726,0
2001-01-08,42.757093711394035,62.27652709795565,0
2001-01-09,49.873594747345805,98.08158807833112,0
2001-01-10,18.175158762117043,75.6694011888047,1
2001-01-11,12.603678221118606,41.68720048227267,0
2001-01-12,68.80379420512911,41.60028744990906,2
2001-01-13,74.62574444558292,68.07643026699014,0
2001-01-14,40.251488315107345,85.10930901215356,3
2001-01-15,47.089212165394095,84.76431513302907,1
2001-01-16,44.01084384721511,49.473747074526145,2
2001-01-17,77.55599932423003,17.27374932200449,2
2001-01-18,26.204539011090407,22.571761503755564,2
2001-01-19,48.31520983339326,19.78780447757749,2
2001-01-20,70.77477550136922,21.455182551816797,2
2001-01-21,20.558580703620084,59.27947493973124,0
2001-01-22,47.78243337060537,98.37418707326607,1
2001-01-23,26.83735450994025,30.02118499145497,2
2001-01-24,56.20658516731,16.70931592684687,2
2001-01-25,28.979550634110566,77.59481485697003,3
2001-01-26,12.816126364811097,47.42068777735101,0
2001-01-27,47.33935956173958,29.475877735582582,0
2001-01-28,32.83395065372354,55.543209682935284,3
2001-01-29,4.344776839145297,16.723798301907557,1
2001-01-30,64.90632856066948,74.51409726984042,2
2001-01-31,69.34771815546208,78.00271758678066,1
2001-02-01,-1.5987226646521506,17.772909408820745,1
2001-02-02,87.91648854817288,59.39085647547468,0
2001-02-03,49.71394621165562,24.082905801285506,4
2001-02-04,54.36201860204503,98.55839258865605,2
2001-02-05,22.113125354025406,31.286212422167978,0
2001-02-06,72.36352637779609,39.39183661140156,1
2001-02-07,24.173001202982988,35.68836518801092,1
2001-02-08,29.79671220054871,45.39259341062885,0
2001-02-09,31.726626673230363,44.694464093490716,0
2001-02-10,36.618182887006924,22.555426677146542,0
2001-02-11,52.27768018245721,25.68234161235751,0
2001-02-12,96.26335708473177,27.08515181833356,0
2001-02-13,67.26611731444797,97.10676563753093,4
2001-02-14,35.71805348525908,55.67774615021858,0
2001-02-15,69.42987606223383,17.97588881716891,1
2001-02-16,60.0279073877363,47.10259002336358,0
2001-02-17,50.21193262176235,74.09880219912236,1
2001-02-18,46.16380141202548,26.98066270788114,1
2001-02-19,91.6363624281268,54.64066151234742,1
2001-02-20,97.42734386707377,65.97890145338022,1
2001-02-21,24.186266705469343,90.56199851483412,0
2001-02-22,50.59849273579846,34.24475642939689,1
2001-02-23,79.16820328731848,17.9856819860553,0
2001-02-24,61.29507472824089,47.69943366015374,1
2001-02-25,33.396891500712584,47.016709997285815,0
2001-02-26,74.02120499343408,17.123639297253316,1
2001-02-27,59.212718960878604,16.496239782246917,0
2001-02-28,60.46735070100429,47.358243656168895,0
2001-03-01,31.2812721802049,68.88321395012959,1
2001-03-02,49.17494117779085,68.81599901147689,0
2001-03-03,16.70373031271175,59.92249554941975,1
2001-03-04,59.990439054876774,74.11993169319025,2
2001-03-05,49.253540262873805,41.41882707435819,2
2001-03-06,40.99012151172379,78.74935168851837,2
2001-03-07,36.023674531748455,86.91291310635032,0
2001-03-08,35.83026647803153,75.50460305349944,1
2001-03-09,51.96057360288858,78.98560968777728,3
2001-03-10,43.82286824261755,36.23411759221881,1
2001-03-11,89.10662854831932,69.37223062107729,2
2001-03-12,61.94475955313122,15.279576047045026,1
2001-03-13,35.43812321198622,67.82007097844205,0
2001-03-14,48.51239359468618,72.40232772592933,4
2001-03-15,61.69961314467834,67.92059376449001,0
2001-03-16,35.913720506063015,84.1622563305365,1
2001-03-17,72.8190922340635,98.653497973405,1
2001-03-18,35.90001109646775,35.959555881433275,0
2001-03-19,30.636494165935623,58.869949866738104,1
2001-03-20,37.397012740476995,85.9074383881988,2
2001-03-21,54.491347803260325,14.836466872341845,0
2001-03-22,56.16291789187896,33.38474731551453,2
2001-03-23,72.54562887111396,20.518951189783788,1
2001-03-24,38.28930614855585,69.30657086179676,1
2001-03-25,60.23250890665142,57.742538485594146,2
2001-03-26,29.09078641633147,36.137873924591986,0
2001-03-27,58.906210593747296,59.4823299869056,0
2001-03-28,63.27623089850178,31.15753648684936,1
2001-03-29,102.16378012501872,11.481507680751738,1
2001-03-30,25.45843666963382,16.129097059869807,2
2001-03-31,36.83712195040189,51.87887303384656,2
2001-04-01,52.60978976987006,41.139152748156945,1
2001-04-02,78.14587387317584,96.32693636769251,0
2001-04-03,29.514266233894688,74.52449651772125,1
2001-04-04,100.40987539428289,78.6547340434763,0
2001-04-05,70.78311397050793,16.28802126698612,1
2001-04-06,42.24323019086864,31.202442480578107,2
2001-04-07,54.42194683310516,89.86317659076568,2
2001-04-08,26.452144341678228,88.80457966278517,0
2001-04-09,59.33073126969413,63.98502632890144,0
2001-04-10,21.75688936947551,69.33491230124018,2
2001-04-11,90.99488630075098,52.10686875384001,0
2001-04-12,32.29892279340043,79.49891530487338,1
2001-04-13,56.82455784969353,40.40838297391829,1
2001-04-14,65.39602508666134,32.47300038833254,0
2001-04-15,39.96687329675466,25.108235284793615,1
2001-04-16,48.55929759207269,91.04230128222297,3
2001-04-17,60.192812399334244,31.649109598899756,1
2001-04-18,70.10762526097608,69.39766955028645,0
2001-04-19,17.65861339690848,42.76645445334892,0
2001-04-20,88.15788018593747,85.25536837422408,1
2001-04-21,61.236737623109704,57.50934656800908,1
2001-04-22,41.53665390189939,53.848446511429636,0
2001-04-23,63.09588225487695,39.45689553561036,2
2001-04-24,69.44921053289893,47.98659760976727,1
2001-04-25,31.999654558146048,25.702128453790333,1
2001-04-26,53.637351826634074,10.84131819079091,0
2001-04-27,32.797169440756306,71.38774687216701,1
2001-04-28,52.759388886181725,95.87344522518679,0
2001-04-29,33.283647163161355,40.31514591093212,0
2001-04-30,86.62095940098253,99.11139705308368,0
2001-05-01,40.20963429903014,71.15254046707145,0
2001-05-02,45.98971117841476,49.3173578860637,1
2001-05-03,16.99990176453236,70.77735624748064,0
2001-05-04,18.78900077443955,62.918465099591856,1
2001-05-05,74.93459235731781,38.054628645690926,1
2001-05-06,62.506892433513414,56.10253296336309,0
2001-05-07,50.21078499068327,68.91226497470986,1
2001-05-08,86.14636229867263,41.67002996688174,2
2001-05-09,78.30333658475976,41.26525140921251,1
2001-05-10,65.81371379440718,13.013440665696628,1
2001-05-11,14.573819419783597,85.5561822134405,1
2001-05-12,53.04404123000804,59.715120866022836,1
2001-05-13,49.68275062862347,39.48038183073304,1
2001-05-14,26.998682135950883,44.04880547884134,1
2001-05-15,36.22864557734161,91.10351438365316,1
2001-05-16,42.08615701889703,73.59363836149339,2
2001-05-17,90.16827343811666,38.34850954581124,1
2001-05-18,59.884369082831206,58.57017324786394,0
2001-05-19,59.131756697119584,82.51809748630959,1
2001-05-20,20.234174520995474,38.202637592109525,1
2001-05-21,80.16405536955571,82.71967736618468,1
2001-05-22,51.36379988972369,98.4731871791814,1
2001-05-23,54.502730322937765,15.255655992258049,1
2001-05-24,63.02798595414236,98.17472411613018,2
2001-05-25,73.55353682928948,67.81457246758568,2
2001-05-26,49.93619799430112,72.79712142592285,0
2001-05-27,65.39734574122932,61.088501738073525,0
2001-05-28,25.70092059650129,99.10235881076224,1
2001-05-29,60.28085077273964,26.609716009061916,0
2001-05-30,56.43261056522378,50.94301318246183,1
2001-05-31,68.59463385363395,38.50403869050939,3
2001-06-01,8.079298511160175,76.52358092382799,1
2001-06-02,73.14021533596616,35.62114780047906,1
2001-06-03,41.20802239961035,89.26381634693968,1
2001-06-04,53.23531798533321,40.13038747411546,0
2001-06-05,36.013690792860196,64.66943334917863,0
2001-06-06,86.04416034437088,53.44716511806223,3
2001-06-07,32.64575987165706,41.802312192243235,3
2001-06-08,75.68585059645568,13.58579233416883,1
2001-06-09,62.12549387790844,82.79475402686909,1
2001-06-10,9.08406365597535,94.21154686789812,1
2001-06-11,67.02297566169095,80.65977660285887,0
2001-06-12,46.892522506323026,60.708363027740916,0
2001-06-13,23.424735546734755,89.82526486912982,2
2001-06-14,36.44112433236465,70.73516728374014,3
2001-06-15,52.43866257871551,93.42669492326662,3
2001-06-16,60.96259135830505,15.559989218080837,0
2001-06-17,78.4367623287574,55.25284355971419,2
2001-06-18,60.32438708150215,46.31324784099481,1
2001-06-19,82.53806267334434,87.33766127271375,0
2001-06-20,97.43221066259616,30.825852988802747,1
2001-06-21,44.92504790775793,23.49983669702451,1
2001-06-22,34.70412152158771,51.406191849861386,0
2001-06-23,75.72045730121256,61.73260763600969,0
2001-06-24,58.20864752881229,29.705720241771267,1
2001-06-25,68.16510070779391,47.166776187168395,0
2001-06-26,50.6762926473998,97.29430503523456,1
2001-06-27,54.17364173436253,91.55024869150232,0
2001-06-28,45.090416003723355,69.57786033906194,1
2001-06-29,66.07403286488805,54.445044273732805,0
2001-06-30,40.57321548606657,28.640856228782926,1
2001-07-01,44.67878671026112,45.40524746864688,2
2001-07-02,60.32751788114676,62.16201841725127,1
2001-07-03,31.76386929992052,15.583616724625893,0
2001-07-04,27.110061481074375,98.38955165006392,3
2001-07-05,42.750520770505645,54.08507842309441,0
2001-07-06,45.04816176467432,83.37555853473172,1
2001-07-07,77.68054250353268,73.76899751721028,2
2001-07-08,55.464739922590994,20.435720362953482,1
2001-07-09,68.00103287535163,54.19171629637311,0
2001-07-10,52.5349740933063,14.559641555288765,1
2001-07-11,21.63629284604284,71.42456196393346,2
2001-07-12,57.45092894566611,72.82425931306854,0
2001-07-13,44.06096080568597,74.05205130628427,0
2001-07-14,60.55938732899416,49.15440739012878,3
2001-07-15,38.209992403667215,85.23032859074058,2
2001-07-16,32.485460414158226,88.04643525606376,1
2001-07-17,66.9765663169984,18.76423086377206,0
2001-07-18,18.194177241836016,64.13898731660575,3
2001-07-19,71.92674099860832,23.00259444040001,0
2001-07-20,46.91112838485414,87.72689320085328,1
2001-07-21,42.308614049857276,29.568080830919794,3
2001-07-22,50.444228167348975,18.921826781362224,0
2001-07-23,97.45197397851997,29.57106574893854,2
2001-07-24,62.88623421962149,52.164829675157286,1
2001-07-25,10.806928402322377,19.894947823694658,0
2001-07-26,72.97440092602469,23.93245563945962,3
2001-07-27,23.031256186597066,59.93095707150836,2
2001-07-28,25.5188944952773,31.326211545369635,1
2001-07-29,68.64340421693848,83.14859088745297,0
2001-07-30,53.68386893113837,62.87613904677131,0
2001-07-31,51.79159989227796,29.987188234431034,1
2001-08-01,71.09625502132063,48.89217858368326,1
2001-08-02,67.66907470091546,17.306551663712444,0
2001-08-03,66.28190574359104,17.32566957621576,2
2001-08-04,17.949070449611256,29.0727578045691,0
2001-08-05,30.699147105865173,74.40948685174894,0
2001-08-06,48.47737297796206,44.82488066982078,1
2001-08-07,28.315133743696247,11.412731213769941,0
2001-08-08,39.419742349687944,54.2762091428773,1
2001-08-09,11.413352761402862,86.15446942844527,2
2001-08-10,33.162324502731806,55.66529921680407,1
2001-08-11,99.36989763970081,55.06518402978811,1
2001-08-12,53.95859893968744,72.73150316671567,2
2001-08-13,16.496505953468187,50.51453548189809,1
2001-08-14,53.637112723499115,86.28572523883817,0
2001-08-15,22.526276922938933,67.80368269067665,0
2001-08-16,29.803565893671976,22.631614748657846,3
2001-08-17,62.806333461169714,15.542921946485162,0
2001-08-18,53.28025478159111,73.81110646104068,1
2001-08-19,77.01245090837318,79.24604096819958,0
2001-08-20,41.900617897955634,35.95107126220586,1
2001-08-21,67.03072259805293,89.75090175553945,0
2001-08-22,100.69818581959336,19.294898779521613,3
2001-08-23,40.935080384195516,92.77343915159369,0
2001-08-24,19.627702685255617,26.316351845557914,0
2001-08-25,53.040235394187505,65.66490838023724,2
2001-08-26,105.18091918845332,55.84317021121172,0
2001-08-27,39.55312765094627,17.9444810820408,0
2001-08-28,46.97285319017024,59.41462609494872,1
2001-08-29,32.08818124699761,38.69613735864465,2
2001-08-30,56.65095069564061,78.84581731847152,1
2001-08-31,14.141450571316952,44.83922752920815,1
2001-09-01,23.44315205156395,87.87217057889754,3
2001-09-02,39.21723585889028,76.94001636006578,1
2001-09-03,75.29700888023082,40.386649673254865,1
2001-09-04,59.887975004802996,90.1251261698603,0
2001-09-05,99.14367400309521,73.87256536485262,3
2001-09-06,83.40246075505033,95.99341375944728,1
2001-09-07,6.405760331771155,42.63207038137123,2
2001-09-08,84.49795680894712,34.2927575028306,0
2001-09-09,20.09169216148539,68.6452778644335,0
2001-09-10,64.2446372974003,68.56011235385704,2
2001-09-11,62.25130209607382,26.933827820832555,0
2001-09-12,50.11144040530987,82.82994180227053,0
2001-09-13,80.07808220870157,70.10933968024133,2
2001-09-14,32.06862710873813,68.08552628591116,1
2001-09-15,57.36562407357858,80.0588988841238,0
2001-09-16,48.79720223801698,34.154264509068014,2
2001-09-17,69.71106660229623,45.64361389763464,0
2001-09-18,34.43968841771826,46.34615359735028,0
2001-09-19,44.17091930210604,86.06139273451721,1
2001-09-20,45.17596010363924,79.93197226331726,1
2001-09-21,97.67839079632112,14.830678930580024,1
2001-09-22,58.52570281629452,27.25605889249319,2
2001-09-23,24.077728981472404,83.33199218174833,0
2001-09-24,52.54326124961,46.59454254358752,0
2001-09-25,59.629455009703904,99.27889031189493,1
2001-09-26,84.81668464751938,73.70278653054254,1
2001-09-27,24.734178517726505,91.65222605617656,3
2001-09-28,42.09921176877548,35.48293256237103,0
2001-09-29,80.65194913847805,24.364594704548484,1
2001-09-30,69.96404829509373,52.31588205987956,0
2001-10-01,69.03436809178443,65.04131911525512,0
2001-10-02,83.19454612458622,74.07395223320115,0
2001-10-03,22.967782234101865,28.10261311524279,0
2001-10-04,71.56781640630723,77.27392953579478,0
2001-10-05,53.94176558745021,31.333432987184324,1
2001-10-06,44.93372766075062,88.77973518586167,0
2001-10-07,79.36446214335746,71.87354218480792,2
2001-10-08,34.24176458341702,20.2905469580348,0
2001-10-09,80.26214057607915,25.744291436531793,2
2001-10-10,67.36307953200631,53.96129688236668,1
2001-10-11,67.04893628796458,73.38412873828592,1
2001-10-12,56.27852954350531,70.71212220155627,1
2001-10-13,42.243850860727015,12.015426406605787,1
2001-10-14,32.01863911320177,17.63397725341001,0
2001-10-15,28.905265746066856,41.49279250112815,1
2001-10-16,56.817362549952364,37.99847206858137,0
2001-10-17,68.78057178264307,90.59771137437434,1
2001-10-18,38.915302577407424,75.81992464576922,1
2001-10-19,51.69545292852909,30.339750170180437,2
2001-10-20,55.152512424518804,10.648221564675644,3
2001-10-21,26.728518718591626,78.00764972518355,0
2001-10-22,32.63386253118276,61.322046335739806,1
2001-10-23,52.53466736111786,72.18831808494153,1
2001-10-24,77.68840492009059,74.76456173378577,0
2001-10-25,56.86958979083072,28.760273292920424,1
2001-10-26,24.897695973458852,49.725966214278614,1
2001-10-27,41.25770795537264,79.19961035815221,2
2001-10-28,39.37486829110225,98.99373122734403,1
2001-10-29,42.97217707676175,97.18882287941234,1
2001-10-30,56.89128627439425,73.31568647701184,2
2001-10-31,36.532266731426475,57.3562570915593,1
2001-11-01,39.7969702074698,38.39385797711901,1
2001-11-02,57.62415769076058,66.46473784516525,3
2001-11-03,35.188282908726066,74.23166535572703,1
2001-11-04,38.91907612476986,71.41485560291382,2
2001-11-05,48.98737852210905,11.414804773908145,1
2001-11-06,38.15808768307232,75.70842106755711,3
2001-11-07,52.39426441190918,59.22675557999588,1
2001-11-08,77.9385191165203,30.698691223855917,1
2001-11-09,48.3668376320799,47.76820766961301,0
2001-11-10,80.09596191137594,92.9607593644852,0
2001-11-11,93.19178221307769,65.67084886065047,1
2001-11-12,59.98717004350614,15.196401542474359,0
2001-11-13,41.91430865870318,62.008437724784955,0
2001-11-14,43.58800171983754,44.07364749568484,1
2001-11-15,72.14914883869125,63.607274849909615,1
2001-11-16,36.741197991327844,70.85960199408802,2
2001-11-17,74.08953437480987,22.467629036525878,1
2001-11-18,10.914723892440293,49.014801735762454,3
2001-11-19,29.499616487440726,70.96415499378574,0
2001-11-20,51.56392280976876,23.021101229174526,1
2001-11-21,43.73206713707155,12.492842835057795,0
2001-11-22,55.649205138922994,67.45057809776445,1
2001-11-23,62.509280721444725,90.17163271541799,0
2001-11-24,78.67089685311304,18.556203079105977,1
2001-11-25,35.07986924316881,55.597927781599225,0
2001-11-26,34.5203264732047,33.860217591873386,0
2001-11-27,26.739773986974193,33.792313240069554,0
2001-11-28,56.46482153797349,34.18972975803644,1
2001-11-29,71.5901615014586,31.189920884080756,0
2001-11-30,17.696494665288014,29.858720063878142,3
2001-12-01,37.81527409004711,29.112589642769258,0
2001-12-02,28.085276912536816,97.30828230633469,0
2001-12-03,31.387224113964614,25.5407016815994,3
2001-12-04,46.92301810500747,82.69451703516097,0
2001-12-05,92.03794785888549,68.26218754552403,1
2001-12-06,64.61089939253554,93.79612408048155,4
2001-12-07,40.362114889097256,16.225670095655985,3
2001-12-08,65.86317465035673,49.89177227469348,2
2001-12-09,40.968740132546074,35.47495093769213,1
2001-12-10,67.6834977454522,41.44639689264053,1
2001-12-11,61.19113025743622,74.1888763023562,1
2001-12-12,16.936489935835638,20.327707958914672,1
2001-12-13,80.98510560285597,50.450055120166596,1
2001-12-14,68.02794129561133,92.9702311931581,0
2001-12-15,26.459279522965367,27.84785782404896,3
2001-12-16,28.882764150516177,16.36369862848527,0
2001-12-17,46.955434159441936,38.724167911110044,0
2001-12-18,63.93869582903591,38.59206564727062,1
2001-12-19,10.076306554343539,98.3691108325452,0
2001-12-20,9.236558921237787,83.66522651188673,3
2001-12-21,19.25436125621455,91.43842867740403,1
2001-12-22,33.37734061818172,48.31107334254893,0
2001-12-23,31.978899793585246,75.55768514588846,1
2001-12-24,54.46379072840163,89.36773766757848,1
2001-12-25,26.710718417745905,15.109068594564306,2
2001-12-26,39.83679198532136,95.12869424527159,1
2001-12-27,67.30110534768758,81.6253028717346,1
2001-12-28,63.242417085642906,86.20137572850219,2
2001-12-29,39.63857486271118,93.94864021652246,1
2001-12-30,10.014910679327137,89.33978125129987,2
2001-12-31,80.94157607409353,64.14631269705379,1
2002-01-01,54.11631632444892,16.191812332988466,0
2002-01-02,22.923234994348412,78.84141142024905,1
2002-01-03,31.278680911831344,44.67146942107746,0
2002-01-04,85.20577668453251,12.387444064288282,1
2002-01-05,63.02332136876225,54.52722636389167,0
2002-01-06,67.96343684408532,28.93791477836204,0
2002-01-07,70.06546487851116,35.59242031791427,1
2002-01-08,68.6966033456988,49.13664938557876,2
2002-01-09,44.35288735592773,52.87185578718211,0
2002-01-10,42.948201261556385,35.55083676138687,0
2002-01-11,70.96823395366043,70.30831175430386,1
2002-01-12,48.068798053361824,33.72176080570572,0
2002-01-13,32.01430782264204,80.17785669317597,0
2002-01-14,79.7032350134097,24.89844532473981,0
2002-01-15,61.3902509562896,45.79730121635434,1
2002-01-16,68.67779155321239,11.866106990421557,0
2002-01-17,56.970271277400094,19.792744020682363,0
2002-01-18,46.38695689038385,98.64658995565296,2
2002-01-19,71.22090789446693,57.39407490550089,0
2002-01-20,65.59883288890923,86.52225158614225,0
2002-01-21,40.925166554078416,33.921047339706774,0
2002-01-22,34.691508337249374,45.796784847258785,1
2002-01-23,29.52442326192859,93.50923723234409,1
2002-01-24,67.784807739644,55.781916229543576,1
2002-01-25,32.964450604162124,37.832454337639,2
2002-01-26,50.61832645221151,71.17331218556394,0
2002-01-27,45.908556970532466,23.669694614677496,0
2002-01-28,21.545469510769067,85.67628419957194,0
2002-01-29,47.7975597817579,98.9350474817733,0
2002-01-30,64.62708659973423,10.1765273671542,0
2002-01-31,51.048559851500464,45.07114551945873,0
2002-02-01,58.04562921490823,31.056726060717402,1
2002-02-02,37.6755043208345,21.343310467081363,2
2002-02-03,51.4430568054889,28.70275489423592,0
2002-02-04,71.77805925905716,90.29366086504889,1
2002-02-05,53.82934302808428,28.76634071192872,1
2002-02-06,49.82700725536514,90.22686027465117,0
2002-02-07,42.02292163736348,39.85560050162968,1
2002-02-08,14.470413454143689,46.894199901242374,1
2002-02-09,42.1421684137544,44.69046577553229,1
2002-02-10,48.3535093279876,87.19320651272677,0
2002-02-11,20.319503350191187,74.65133985928787,1
2002-02-12,49.831163216257174,31.27516181759563,1
2002-02-13,11.132716185025032,53.47829762790967,0
2002-02-14,43.655232944458355,75.26206742808058,1
2002-02-15,38.95565778214912,59.78839369353019,1
2002-02-16,9.97381256543705,85.41896959321987,1
2002-02-17,25.263586828495917,78.09942889007202,3
2002-02-18,33.5181174984299,98.55617472246789,0
2002-02-19,44.12282095818813,88.42652325550453,0
2002-02-20,42.3408601427513,28.704446497201243,1
2002-02-21,13.367418254110952,31.348053936286075,0
2002-02-22,35.55769944499848,61.08475281596942,0
2002-02-23,47.88973945068736,93.0643572797669,0
2002-02-24,45.94691182837639,50.55259980378136,0
2002-02-25,48.26468883076622,43.10475604788843,1
2002-02-26,5.717472049195209,46.21537981667745,0
2002-02-27,73.36147640413994,67.73709756798638,1
2002-02-28,70.27349725506474,88.25696046820413,0
2002-03-01,45.77407934512564,41.74288780162112,2
2002-03-02,44.7481269627598,24.99000425539241,1
2002-03-03,90.89767385193336,15.821326127829476,0
2002-03-04,48.82022660395982,96.00951130935944,1
2002-03-05,64.3266668057316,84.14126548892449,1
2002-03-06,-10.684406837381253,73.1231010722525,2
2002-03-07,43.462902078935684,98.89771755201592,0
2002-03-08,74.75186489005745,70.31097047317932,1
2002-03-09,98.82500932266905,44.909547040328256,2
2002-03-10,36.251783553328295,38.692784386362504,1
2002-03-11,54.62552107718396,59.480686485593544,0
2002-03-12,28.042157873160917,91.68905067851207,0
2002-03-13,44.37825335013485,57.434753269525345,3
2002-03-14,60.88745785398286,47.91011381845182,3
2002-03-15,18.387775694516343,44.763222771851915,2
2002-03-16,33.49308352115499,88.22171026471449,1
2002-03-17,9.521654103758372,62.32322105240143,1
2002-03-18,45.44270209027644,70.20654777232085,2
2002-03-19,96.28401640391918,58.383556150852485,0
2002-03-20,64.15513148548955,47.078101255152504,2
2002-03-21,54.136692322017154,50.10110351743305,1
2002-03-22,70.68075516993376,14.971855963019676,1
2002-03-23,52.2354529827455,60.197323168847774,0
2002-03-24,67.82698939235532,59.39806527318479,0
2002-03-25,78.64619918466761,98.67304346078419,1
2002-03-26,88.364689856143,69.1393333817349,1
2002-03-27,62.21245394491808,79.36155921132017,1
2002-03-28,49.32294178581625,15.513808379023356,2
2002-03-29,50.08780981787704,71.41160489318015,0
2002-03-30,47.86109927683188,60.538187028841705,0
2002-03-31,25.196602637079867,36.58619544581981,1
2002-04-01,11.983017145535939,57.57549575055837,3
2002-04-02,48.96246327172205,78.88002771351401,3
2002-04-03,53.69820074149656,76.54457615260712,0
2002-04-04,37.89237659534331,71.50941722011466,1
2002-04-05,79.91196918298633,44.90322942470446,0
2002-04-06,32.9317759818969,53.156267512131436,1
2002-04-07,29.550605279743642,98.2926829945289,0
2002-04-08,11.548816162891875,91.8180317222267,0
2002-04-09,81.97164275673366,44.149711464358774,0
2002-04-10,49.68657620241914,68.10655379570727,0
2002-04-11,65.15271301261431,62.51484104137239,0
2002-04-12,38.917475974822025,15.693828712762627,1
2002-04-13,57.684606535255014,61.11328895889172,0
2002-04-14,24.27007327018312,51.13061668411444,1
2002-04-15,109.72121623461334,87.56309362704843,0
2002-04-16,38.49054296836699,73.58500280769411,1
2002-04-17,32.52325544508017,72.68907821641747,1
2002-04-18,28.79212310389853,32.04144750174872,0
2002-04-19,8.070796953352549,23.53698016636404,0
2002-04-20,54.14718722110455,81.13836180662857,1
2002-04-21,29.43513084229826,38.72523536378559,2
2002-04-22,81.35886565164756,31.503019985629255,0
2002-04-23,30.61433816343896,64.82816528232647,0
2002-04-24,26.333038790421426,99.92432865643303,2
2002-04-25,61.57049346401626,58.74649169981743,1
2002-04-26,50.00437562617869,94.87720965881427,2
2002-04-27,37.76589359245267,47.84258381047701,0
2002-04-28,33.298157616338095,58.88479879668832,3
2002-04-29,80.52790810606363,48.83715943512654,2
2002-04-30,39.51141966584043,32.10403801541496,0
2002-05-01,41.19842803143273,42.779176685576985,1
2002-05-02,42.58382315634241,91.83975969560036,2
2002-05-03,50.67854360442625,49.86880657755368,0
2002-05-04,52.140601805713764,39.84030233326524,0
2002-05-05,74.13661638482293,99.54641124540869,3
2002-05-06,36.6676884739114,26.934508728997237,0
2002-05-07,58.236050136703994,92.46133783125295,1
2002-05-08,42.573391236044856,20.021879808990743,0
2002-05-09,64.94162710104456,86.42296096984323,0
2002-05-10,46.390019779577145,82.45496352634916,0
2002-05-11,27.73447533375287,15.831148063645625,1
2002-05-12,48.220476999591554,47.96742237213128,0
2002-05-13,38.50360445385628,42.069968078836546,0
2002-05-14,58.13592986406343,35.45491033709601,0
2002-05-15,66.62774237747244,69.07865941579024,0
2002-05-16,51.1641454036242,53.150734747332606,0
2002-05-17,57.080703402606076,43.73427915757402,0
2002-05-18,55.82091064277637,13.65697485411808,2
2002-05-19,40.338914757078484,26.36641661152463,2
2002-05-20,52.49497175234188,28.040796104121384,1
2002-05-21,10.63792455735993,36.81043608074961,2
2002-05-22,48.75657642017733,50.75713482235644,2
2002-05-23,67.57507317761446,67.81768808850583,1
2002-05-24,24.197751297927773,55.48347456292788,3
2002-05-25,47.50346078933816,69.68579314082058,0
2002-05-26,37.62217401601251,52.02410845227636,0
2002-05-27,47.34093370497554,32.4648786707711,2
2002-05-28,71.27450994031895,67.79830956479026,1
2002-05-29,59.78082854819839,26.966855574906777,1
2002-05-30,74.82184099960595,44.89158794424799,1
2002-05-31,35.206545617442856,49.406858514734964,2
2002-06-01,78.36026391423559,35.56756739392863,3
2002-06-02,41.813456896089995,21.680079385820548,1
2002-06-03,97.25287997006095,33.12581451944558,1
2002-06-04,38.72193734258502,97.13619497471245,1
2002-06-05,36.671837016641156,48.22442946173269,0
2002-06-06,35.42418787000422,74.14470087805083,0
2002-06-07,59.60481960821281,91.11590230048434,2
2002-06-08,64.00814978594248,41.333086508341424,1
2002-06-09,51.28204203146218,35.338748904194965,0
2002-06-10,30.28835244209286,26.122184314483558,1
2002-06-11,73.11725799806085,98.19229663386437,4
2002-06-12,19.203127252571683,65.4110412983959,0
2002-06-13,54.196506845190235,68.6854646268408,0
2002-06-14,31.803601431324495,36.64226502560395,1
2002-06-15,70.9083412240849,96.46689756209682,3
2002-06-16,53.69810736649121,40.57928652053338,1
2002-06-17,32.340682061446785,60.79968666385118,1
2002-06-18,55.90495107611823,88.30687767440865,1
2002-06-19,47.34772221468912,48.01474418043479,2
2002-06-20,26.74837268646913,61.97652703229672,3
2002-06-21,35.39169230371499,34.76372837350546,1
2002-06-22,60.26731501586162,55.10402783353357,0
2002-06-23,29.37494691101248,60.22663765573509,2
2002-06-24,76.3749901939841,43.10414938553639,1
2002-06-25,60.00102810083774,74.33489248627019,2
2002-06-26,79.49191607538143,30.025966885305884,1
2002-06-27,64.4847302384958,13.625990755703185,0
2002-06-28,58.324314696692475,70.81784512847737,1
2002-06-29,75.12408702979361,54.20389076630562,1
2002-06-30,47.546469602702324,38.165839272303735,1
2002-07-01,55.25225100599151,88.50772115439685,1
2002-07-02,19.843141349728924,54.19142703186947,1
2002-07-03,43.602444030947844,74.14454447520576,1
2002-07-04,53.01921532647684,98.80274099607401,1
2002-07-05,30.753456760648067,21.533469394257068,0
2002-07-06,46.67403009805523,56.90596007678998,0
2002-07-07,71.7722039691344,40.81353470272232,2
2002-07-08,20.298181702100855,82.432133013517,0
2002-07-09,30.846763897292437,82.83715699978143,2
2002-07-10,42.87465021009527,59.00129185058782,1
2002-07-11,108.45960713542215,58.083757181202124,1
2002-07-12,37.75687343326929,18.979478660586068,3
2002-07-13,48.390976850590064,62.3925315964955,2
2002-07-14,42.59062933594868,60.91558617738956,0
2002-07-15,69.77996771924674,41.425085423093364,0
2002-07-16,29.365859852202867,38.514137624192244,0
2002-07-17,36.47659646520716,76.11630594295289,1
2002-07-18,41.10055025427941,49.347984351776326,1
2002-07-19,54.966421124228,25.384046650894014,0
2002-07-20,37.42029925693025,15.303498245865395,1
2002-07-21,13.873787513513108,76.93323691929712,0
2002-07-22,66.79073446029163,54.246045364835126,0
2002-07-23,72.55873185145674,68.89355351720667,2
2002-07-24,71.9324600393814,56.756382168870324,0
2002-07-25,47.85609519144374,12.50303122783385,2
2002-07-26,60.81900850493785,96.7967285088883,0
2002-07-27,38.2912539676889,40.9518989145689,3
2002-07-28,25.276048910112955,12.548130010521994,1
2002-07-29,45.44761083492342,42.64265381921595,0
2002-07-30,70.95946805712893,40.439635090508695,1
2002-07-31,70.78588724016717,13.68222318124122,1
2002-08-01,48.940561115451175,76.05338969307128,1
2002-08-02,51.79103468000852,85.09205458359128,2
2002-08-03,8.44396446905045,64.61495122836634,0
2002-08-04,31.120537940329978,94.22461261058636,1
2002-08-05,25.900315950939156,48.81881605725643,0
2002-08-06,75.66154713944843,58.66339130888851,3
2002-08-07,66.59075049697194,79.47653960228307,1
2002-08-08,37.42705493498217,90.11752910107484,0
2002-08-09,77.28708396404977,14.650199388140955,0
2002-08-10,64.49756682947823,27.65334276193006,2
2002-08-11,73.09741479288043,16.767731530321356,1
2002-08-12,12.563205728115314,55.76684433872102,0
2002-08-13,15.422590039910851,95.7576781312764,2
2002-08-14,46.433472522975,20.089132695423295,2
2002-08-15,64.70361249986014,24.206450624004773,3
2002-08-16,40.74166379946147,19.19752301356293,2
2002-08-17,23.11563763282196,88.77459441920244,1
2002-08-18,31.865088226331135,85.56900576949856,0
2002-08-19,63.39142482447781,15.286942596272763,2
2002-08-20,37.5685183445947,35.59139262835333,2
2002-08-21,40.52731611684666,18.129956189139264,0
2002-08-22,65.02758258713021,27.075339670296522,1
2002-08-23,46.26067416541252,72.08195419570143,1
2002-08-24,53.44341585972645,11.643537724543595,1
2002-08-25,23.01265702791783,76.47919194622484,3
2002-08-26,47.603831748456955,19.539104964468187,1
2002-08-27,42.511125604830085,35.039328583751754,3
2002-08-28,54.03971987648833,23.61021516532746,1
2002-08-29,29.25483548412801,57.325421312185085,2
2002-08-30,42.09298544001757,69.83369074877177,3
2002-08-31,13.438576107035502,99.48544387469121,2
2002-09-01,38.7192105661788,75.81750085737458,1
2002-09-02,61.53479816569744,30.270420896183147,1
2002-09-03,61.81268684169646,48.816348200606534,0
2002-09-04,46.03751188999096,26.58529545520813,3
2002-09-05,50.09936810734379,31.09156740750919,1
2002-09-06,12.406274322958481,29.7286025969557,2
2002-09-07,65.40148965265512,90.926990097839,0
2002-09-08,29.21167156178335,46.705622178683186,0
2002-09-09,42.52448095131345,60.059695550468234,1
2002-09-10,51.280280756910265,47.168826992562174,0
2002-09-11,61.978887379584684,80.57735581261467,0
2002-09-12,76.04658953672173,84.19335465565892,1
2002-09-13,66.8689747342622,15.876920596511887,0
2002-09-14,50.02464724531826,76.71135005813727,3
2002-09-15,41.336800169633,78.04553672488382,0
2002-09-16,74.3595718348719,49.8523456477349,3
2002-09-17,42.684408694546114,42.21560413948808,1
2002-09-18,69.39823101216834,11.964425809901165,0
2002-09-19,62.37981759547213,79.46231173859945,0
2002-09-20,33.49953000380086,35.1104502744131,3
2002-09-21,58.023903897700336,45.98521027629647,1
2002-09-22,100.8422735993757,18.992578893912153,0
2002-09-23,35.320571890905114,74.07473237017422,0
2002-09-24,60.2981435080246,31.990874468712537,1
2002-09-25,72.98408011154513,16.574845873039134,2
2002-09-26,25.104341488421124,65.54622171169258,2
2002-09-27,63.34709659637145,38.46967130544273,0
2002-09-28,39.89670728005542,43.248430863239236,0
2002-09-29,33.379973347284086,29.742370965536697,1
2002-09-30,48.22420427198805,35.778423617603636,0
2002-10-01,30.89218121413191,15.657877402997167,0
2002-10-02,50.3666054104516,78.4923389836804,2
2002-10-03,6.286295416851189,42.7778600210568,1
2002-10-04,35.1720719377485,63.82531727524229,2
2002-10-05,61.519379757000124,99.1878214452624,1
2002-10-06,35.79507843916407,50.091009096988756,2
2002-10-07,68.68349894046435,86.2596970683031,2
2002-10-08,38.76054088053512,52.606855397221736,3
2002-10-09,63.353363226067096,46.286708757825316,0
2002-10-10,-3.240890311440687,71.70894001797146,2
2002-10-11,44.2036812918052,91.74092348976792,2
2002-10-12,39.53588641424585,88.65790056540087,2
2002-10-13,70.6293531322306,91.03690742119652,0
2002-10-14,42.68148457062519,66.17276811496137,3
2002-10-15,54.79415196823274,36.190531672668534,2
2002-10-16,41.519279367867554,87.37133538767634,2
2002-10-17,25.56721042753844,98.48589609533624,2
2002-10-18,-3.5187679175386037,57.4813026425474,2
2002-10-19,47.363674802809236,49.0842097884605,3
2002-10-20,38.06032185224868,68.13837076001832,0
2002-10-21,65.73782204620562,10.707199810529657,0
2002-10-22,83.05340209570963,57.30120651116568,1
2002-10-23,23.329444105158057,94.75494206339157,1
2002-10-24,39.73426297648632,16.7903166293328,0
2002-10-25,111.8402744876498,37.70744550058174,1
2002-10-26,62.86904676010221,82.87620078750929,0
2002-10-27,46.1360631952232,17.861287070633004,3
2002-10-28,57.16600137132888,69.34676115874984,2
2002-10-29,65.62937690804713,20.431433180468844,1
2002-10-30,60.26636454962009,40.84560075034656,1
2002-10-31,43.20167622606529,90.14448142964096,1
2002-11-01,39.55538688185949,57.18401130417625,0
2002-11-02,58.287369784456345,32.800295738477935,0
2002-11-03,69.48325922474045,71.77874725967936,0
2002-11-04,12.2348449926018,39.110655939522786,1
2002-11-05,81.20137592161453,42.0534061402848,2
2002-11-06,88.00513907246247,96.01246671256692,1
2002-11-07,31.791936842269173,33.42633949175435,0
2002-11-08,39.00231595746313,63.683746941710766,0
2002-11-09,9.118583686360758,34.76848347630988,1
2002-11-10,35.98331766930916,21.526296353918266,2
2002-11-11,64.26881609589898,75.75813993505156,2
2002-11-12,50.55679997497595,53.342749261855886,0
2002-11-13,71.57509694170366,11.577444119810647,2
2002-11-14,51.303280469005536,59.94751104579601,3
2002-11-15,30.68946368679687,68.48033694534506,2
2002-11-16,49.2563651741299,12.094256465028764,0
2002-11-17,58.41220513669886,33.05186541945479,1
2002-11-18,56.599446979317484,76.69556122282442,0
2002-11-19,70.24698111109987,79.81707113478211,3
2002-11-20,44.00455811383727,52.23266408095072,2
2002-11-21,62.09607275975465,77.4195143834746,0
2002-11-22,59.59369329734806,26.69231979746317,0
2002-11-23,63.14452232232684,81.30290111171614,2
2002-11-24,80.68207621899526,94.44691452191539,0
2002-11-25,70.55616281982263,49.49249778939474,1
2002-11-26,18.686616741709873,90.09523087077334,1
2002-11-27,49.36941984767465,17.74820801095472,0
2002-11-28,47.73903298710042,40.610677272372314,1
2002-11-29,14.63785427702937,90.23611832198115,0
2002-11-30,60.421195315057645,28.291028076174168,0
2002-12-01,62.38870032848262,70.23151227888624,1
2002-12-02,54.91522151270126,88.51373082946506,2
2002-12-03,66.75661040531818,87.06536390455244,2
2002-12-04,45.85143199132608,98.59563031996129,0
2002-12-05,96.12200604897717,40.981890209230556,1
2002-12-06,56.86288726864328,39.45113702992241,0
2002-12-07,47.754312900740075,71.08240105138128,1
2002-12-08,52.901475832491364,37.83763780816899,0
2002-12-09,60.437299367646254,40.29591728383514,1
2002-12-10,47.87020914996848,48.29610750483028,1
2002-12-11,67.23129636817536,41.39911242832575,0
2002-12-12,56.570923047333686,67.21897399446883,0
2002-12-13,76.5885777200017,88.60793666585373,0
2002-12-14,7.742346792798934,79.63221191545512,3
2002-12-15,32.47607307588105,83.19415708801884,3
2002-12-16,56.67199268932511,91.19684547073395,4
2002-12-17,9.740708354607655,84.51532361996514,1
2002-12-18,57.88141985275631,10.017489379609067,0
2002-12-19,59.09789993572417,52.49127661210889,0
2002-12-20,29.457157644083733,88.74562265771942,1
2002-12-21,31.568537323190657,69.36176953870054,1
2002-12-22,45.88356636672333,69.83524785464934,0
2002-12-23,66.74336975089412,63.190162707461,3
2002-12-24,19.533095502072317,73.25062023036455,1
2002-12-25,79.86100892885085,22.152376498542427,1
2002-12-26,18.780592936149013,74.20432012742133,0
2002-12-27,19.50771268277274,16.180501447034455,1
2002-12-28,37.38824418142964,70.33564250593179,0
2002-12-29,33.7088732846796,61.53686833509864,2
2002-12-30,24.01937753293263,17.756371220420544,2
2002-12-31,34.168262629129316,39.71449195766317,0
2003-01-01,30.862919781544257,30.98646635806452,2
2003-01-02,73.81774279862668,64.80044647372179,2
2003-01-03,78.18547164668325,81.19236418207753,0
2003-01-04,40.88022542700764,40.07498614989609,3
2003-01-05,47.85132575988143,49.81566039841159,1
2003-01-06,58.41128387646435,34.39044342439069,0
2003-01-07,63.58000940380441,46.038013288321636,2
2003-01-08,51.71808545843102,99.61280415479828,1
2003-01-09,32.00169884589937,33.09888112080306,0
2003-01-10,42.61054458984038,39.554347616250496,2
2003-01-11,37.05227801634561,92.7560588790472,1
2003-01-12,79.74150525430332,81.49946699608898,0
2003-01-13,46.84595609937176,41.85351319816352,0
2003-01-14,47.98593753328864,66.67601674762565,0
2003-01-15,63.392006000880045,58.847389997961976,2
2003-01-16,60.467796280192566,25.96625150777009,1
2003-01-17,31.081063651858162,40.92872777188246,2
2003-01-18,65.47021639546581,40.86654736630639,0
2003-01-19,42.870823413138005,75.45633367741443,0
2003-01-20,30.999620433347232,82.85445542234451,1
2003-01-21,38.59219274678056,26.989765641627255,2
2003-01-22,86.11506893117351,65.0618592149662,1
2003-01-23,57.24803660679128,42.59829509951962,0
2003-01-24,31.481728275744306,10.231884273750019,1
2003-01-25,39.38276471285889,11.066564859083087,1
2003-01-26,33.40577282750033,88.73078963879694,4
2003-01-27,42.68539894699195,36.79144625578979,2
2003-01-28,42.16836081372014,87.15995689430626,1
2003-01-29,52.007496926975286,98.97601545241216,1
2003-01-30,55.172788316142274,50.81132549970031,0
2003-01-31,78.70750169943543,46.86306965020172,1
2003-02-01,27.884854718653898,66.54943107287625,2
2003-02-02,49.10954388546487,23.710439159389992,1
2003-02-03,30.250906857947307,52.816283447431836,1
2003-02-04,-4.202170216985564,91.57252924080798,2
2003-02-05,35.17055534643095,44.37248130855294,3
2003-02-06,40.58021353919889,68.44965949735018,3
2003-02-07,37.872097948272696,83.70404116433959,2
2003-02-08,70.28830641030387,16.54774292500855,0
2003-02-09,65.74646070715701,44.77376377224386,2
2003-02-10,83.31891982523558,15.971756801336657,2
2003-02-11,29.27048888657975,62.76773711922955,1
2003-02-12,15.521920544917982,94.51635517353641,0
2003-02-13,57.147720053880434,39.99566885658051,1
2003-02-14,23.924656516557206,94.26432324498322,1
2003-02-15,64.62217796208903,24.239932570661793,1
2003-02-16,66.30212332140383,27.34164552509561,0
2003-02-17,58.521722095617065,98.7177305572944,1
2003-02-18,50.15889276586404,62.604452993445626,0
2003-02-19,60.37520555743134,75.79312356117083,3
2003-02-20,63.29218838889152,33.71220237199967,2
2003-02-21,38.3631116413415,78.50234101153862,0
2003-02-22,70.97821228686172,57.9210469147997,0
2003-02-23,47.172167147306524,94.52318657909251,2
2003-02-24,39.36700731079567,58.53235872076397,0
2003-02-25,43.17329955679006,21.788114103293,1
2003-02-26,57.688151184019546,51.490028415743105,0
2003-02-27,65.6729446766925,58.2011527998016,0
2003-02-28,56.76863061099805,35.14024307090823,1
2003-03-01,65.61282602926347,56.3369220134674,1
2003-03-02,28.725909170580927,46.87474806186135,1
2003-03-03,48.13662247386127,48.16741161912562,0
2003-03-04,23.896741397680827,63.01134256941444,0
2003-03-05,37.487579472687074,51.08898445285698,0
2003-03-06,57.14076832515473,85.99843722294203,0
2003-03-07,59.039890977075224,83.52044299584692,3
2003-03-08,52.043547158047126,69.34172948361109,0
2003-03-09,39.99479968720944,40.77431887678313,0
2003-03-10,62.05161378430335,69.98828078764446,0
2003-03-11,21.14864983995139,18.59971686292346,3
2003-03-12,39.514251591151776,89.82438995765283,4
2003-03-13,43.82491778980166,87.79422175612012,1
2003-03-14,56.46057549401125,42.298600463251624,1
2003-03-15,56.606650558021755,61.96740675651969,1
2003-03-16,28.68174779971207,88.69782264512335,1
2003-03-17,38.73803900731328,31.685548795772903,2
2003-03-18,51.303983830205034,14.121208196008862,2
2003-03-19,59.444996782611284,46.37379867547573,0
2003-03-20,40.957079661360616,90.99772233349083,1
2003-03-21,46.7435941979994,53.989900057020456,2
2003-03-22,59.63704738573543,76.39189387432417,0
2003-03-23,59.98600001332191,71.50940852026085,1
2003-03-24,23.805779101372266,23.533699790661096,2
2003-03-25,49.45174309325836,27.73610614015319,0
2003-03-26,82.1601550315137,58.35275367501704,0
2003-03-27,61.97772583124993,18.590987932051586,0
2003-03-28,79.32087615418394,29.691951011384464,0
2003-03-29,10.713035387585897,55.73312255094207,0
2003-03-30,57.4660793423312,70.33930507162971,1
2003-03-31,56.76423313295856,37.30661319451239,2
2003-04-01,62.05902455900659,65.77285298923371,0
2003-04-02,69.34976923881563,37.12040418010854,0
2003-04-03,17.379718411968028,78.31010111016158,2
2003-04-04,47.01813430326237,13.344602873628343,0
2003-04-05,60.75646570702369,90.63402463434004,1
2003-04-06,55.71082257283876,23.21759388104374,0
2003-04-07,54.694966263804645,66.75210970320859,1
2003-04-08,82.46739011157804,87.08203046373596,0
2003-04-09,46.014618161055495,85.42488531801794,2
2003-04-10,45.88236903049733,44.469591744025806,0
2003-04-11,20.187746259118903,30.18311920770318,1
2003-04-12,54.30418352181037,71.69717203772383,1
2003-04-13,29.35609997639353,74.33365288676899,2
2003-04-14,40.898754493399515,50.13152624588088,1
2003-04-15,82.04591408502648,72.80476604823507,1
2003-04-16,43.66907863805163,47.856745437026426,0
2003-04-17,49.35532966286096,35.457555546808265,0
2003-04-18,80.52580112202574,68.77731495025122,0
2003-04-19,48.53314818450173,92.564949543582,1
2003-04-20,45.35105878588713,51.1726892477129,1
2003-04-21,54.57263817926069,86.38346781586186,2
2003-04-22,57.90694351978549,57.50081879923439,0
2003-04-23,41.28501448558271,51.28054048294401,0
2003-04-24,56.72156682949859,77.39000186954,1
2003-04-25,28.98379298282514,23.808872075888985,2
2003-04-26,90.0800037544686,67.55168744527259,1
2003-04-27,31.084886701438684,14.366948054159433,1
2003-04-28,5.754216717420164,54.90321205604758,1
2003-04-29,38.270889473457885,41.02806565934631,1
2003-04-30,41.832973365614976,32.29440962618709,0
2003-05-01,41.75414644965696,15.125636550532846,0
2003-05-02,34.04229376267037,21.723427414435655,1
2003-05-03,46.54791117204757,97.3580646038278,3
2003-05-04,23.783109115099194,18.624425468590452,1
2003-05-05,55.89132907190243,11.95025491688058,1
2003-05-06,62.96293284998278,30.943519515931666,0
2003-05-07,58.153799383328284,24.930963838398142,0
2003-05-08,66.26356633378475,49.49525014385305,2
2003-05-09,34.962193872841745,57.08189723193641,1
2003-05-10,3.8804275121853493,97.19326015427234,3
2003-05-11,35.729293738252025,29.30858426276447,1
2003-05-12,50.38403704908339,22.383445060295816,0
2003-05-13,70.17659447198261,51.183537400358475,0
2003-05-14,29.883079050224644,61.790418008553,1
2003-05-15,46.81393122530325,59.820988325747734,0
2003-05-16,50.80870383822816,28.384906095166052,0
2003-05-17,55.997932744104915,14.587931473617543,0
2003-05-18,30.413718400990405,80.6856345892773,2
2003-05-19,31.881169190447764,61.51740788184143,0
2003-05-20,72.21283140915347,94.50111669343734,0
2003-05-21,33.228969936757835,22.768290777100482,0
2003-05-22,63.83773928492294,53.74955038747857,1
2003-05-23,26.828080156992087,12.112032689180609,1
2003-05-24,45.30335000230924,99.30425571476968,0
2003-05-25,37.33829116277714,90.25066648526949,2
2003-05-26,27.86826937093698,94.02098349454509,1
2003-05-27,44.38532460844303,52.20465888000395,1
2003-05-28,39.454717112832526,34.920750634070174,1
2003-05-29,72.80020694388128,14.780317448759229,2
2003-05-30,53.25100642284861,59.88013003155605,0
2003-05-31,12.095940692735056,46.719234452164436,2
2003-06-01,39.313578297886835,46.775963431459296,0
2003-06-02,74.96558030885942,10.867331205209313,0
2003-06-03,40.82207390119843,45.91534525926908,3
2003-06-04,51.12389713019325,48.10523133166888,0
2003-06-05,63.390742231298304,46.220000798385115,1
2003-06-06,90.63650875011155,96.1489661062005,3
2003-06-07,23.919732979006003,74.08598662421673,1
2003-06-08,44.30930629080051,75.39170139005175,1
2003-06-09,75.4424485012882,91.36312327009004,2
2003-06-10,4.79463720618385,55.14783244085095,0
2003-06-11,45.750771302357435,68.6264734238506,0
2003-06-12,56.88307229581595,53.53303581140059,2
2003-06-13,25.69552994425144,29.026208919970518,0
2003-06-14,47.778732147469796,79.58341262890576,3
2003-06-15,50.160043717994654,48.21333985782029,1
2003-06-16,52.19244278918252,93.28185069091978,2
2003-06-17,79.57065677263392,33.439163680442036,0
2003-06-18,16.621526011920295,27.999573433971477,0
2003-06-19,40.193814880363874,21.509744149613947,0
2003-06-20,45.80260183866163,56.891406561548806,0
2003-06-21,34.6018204366262,71.79942124495378,0
2003-06-22,46.58906382584981,41.784438596057356,0
2003-06-23,30.97495122842234,69.98234397388796,0
2003-06-24,63.306115277327805,20.366496378424678,1
2003-06-25,67.451429045248,20.170631591555093,1
2003-06-26,36.77245981278456,86.5451524894323,2
2003-06-27,67.92028869294023,28.90434761862628,0
2003-06-28,55.360085248727984,68.04927481736037,2
2003-06-29,75.57847960043581,26.32768540487778,0
2003-06-30,68.29945281409992,41.24673292702742,2
2003-07-01,45.03162251768548,10.30592124097985,2
2003-07-02,76.98386636347273,21.30119959295174,1
2003-07-03,63.072649072861225,35.16040365722817,0
2003-07-04,23.467701557022018,23.757590404259027,0
2003-07-05,50.66464286582418,36.7667885016023,0
2003-07-06,40.57773557009257,76.1065835293351,3
2003-07-07,44.65287267365325,39.055213650216984,3
2003-07-08,82.96261946981969,95.14505963452346,2
2003-07-09,61.50906817349059,93.4776269221486,2
2003-07-10,92.32120927899689,29.2925652626664,0
2003-07-11,22.874287530022794,74.84816481989677,0
2003-07-12,49.32148902268464,33.512432513773504,1
2003-07-13,43.99029854748771,42.209262915131895,1
2003-07-14,41.02127133228993,79.7464580594396,2
2003-07-15,56.58295658160527,98.47995766891675,3
2003-07-16,46.70632619011328,84.59524055581882,1
2003-07-17,76.49617884878288,17.690765814600923,1
2003-07-18,17.591351908760146,75.39454391926552,1
2003-07-19,43.00222136588063,30.76434085365693,1
2003-07-20,16.91945895802577,79.35649738358828,0
2003-07-21,47.97483611326931,83.12883702217918,1
2003-07-22,80.30437976052943,76.75946200415245,1
2003-07-23,36.234491184713235,69.5616570152466,1
2003-07-24,38.49565247801246,70.44118837649934,3
2003-07-25,69.21596161828593,19.13816105550851,1
2003-07-26,12.82282088497135,28.880674725782573,2
2003-07-27,40.83547285002711,69.40870031298188,0
2003-07-28,48.62319549549847,68.42413284982669,0
2003-07-29,91.18723975642638,74.90994677890876,2
2003-07-30,53.42057426850557,89.01625773873705,1
2003-07-31,54.53250078166909,66.03658235864907,3
2003-08-01,46.61342389855032,75.99939565771294,3
2003-08-02,45.22000575396443,51.90606531545069,3
2003-08-03,53.60507005389638,72.1787956544095,0
2003-08-04,30.080275761543483,56.29972272851779,1
2003-08-05,74.6613796813732,81.0267228496047,0
2003-08-06,53.4600515402238,96.85240684745729,2
2003-08-07,62.981638633952095,65.20963585698303,2
2003-08-08,54.07054509456728,86.12013714184044,1
2003-08-09,23.037571712354577,82.2922755908321,0
2003-08-10,56.89589222280238,52.874585267522384,1
2003-08-11,50.438183371783104,66.4532080703872,2
2003-08-12,63.42508448536765,70.40603901168603,2
2003-08-13,33.76668030974466,28.665275137166844,0
2003-08-14,22.154012957500125,97.47828798612103,1
2003-08-15,48.250145791893765,87.88551191756494,1
2003-08-16,25.372787385804276,83.85560942110477,1
2003-08-17,92.7265490806559,92.61218081636864,1
2003-08-18,26.14954365866928,23.10616439355369,2
2003-08-19,54.957513306670805,50.663931910200475,0
2003-08-20,74.80617681010584,70.8372927647986,0
2003-08-21,53.391529393611435,60.46154424207488,3
2003-08-22,34.15183484901707,87.07521250869847,1
2003-08-23,39.31894997205032,30.21167970231816,2
2003-08-24,69.11547364263335,85.40901171008922,1
2003-08-25,73.49310295522025,35.4178062423575,0
2003-08-26,65.12430490548361,97.95846478286047,0
2003-08-27,59.174231336672165,81.5876423584234,0
2003-08-28,59.90522258929022,93.24143313997534,1
2003-08-29,42.291995146008176,60.51541601786994,3
2003-08-30,84.16973449286209,38.09443522901856,1
2003-08-31,34.656376248168925,20.460338826413988,1
2003-09-01,65.85994546867131,99.05295026167695,1
2003-09-02,32.36408085738681,80.24451790867133,0
2003-09-03,51.87182630879815,76.73646160567459,0
2003-09-04,50.39739653209301,61.91746249925419,0
2003-09-05,4.287813543346957,66.2054204887841,2
2003-09-06,89.51411555424639,95.89675752742129,1
2003-09-07,72.82824426804825,21.93903360912922,3
2003-09-08,70.64172125743269,10.966732517654608,2
2003-09-09,31.14687660037616,66.95871435364558,2
2003-09-10,43.15154466561164,40.39964814308368,0
2003-09-11,101.17295706764587,93.95783690902479,2
2003-09-12,41.424944600239876,61.06752606116135,1
2003-09-13,52.861005143109196,23.07591309571833,0
2003-09-14,36.299079155057115,38.88567612953132,2
2003-09-15,50.6578696421105,20.44086048819299,1
2003-09-16,50.03023309020784,85.26078488182979,0
2003-09-17,58.645431050852224,99.3163102208073,1
2003-09-18,61.61562181014384,47.51163687897692,3
2003-09-19,50.18908533073369,73.96311309845831,3
2003-09-20,29.698242102670804,15.195745428939896,3
2003-09-21,72.57329152414299,60.1627723849785,0
2003-09-22,28.249389037412193,97.62152330053799,2
2003-09-23,67.54017982428472,21.064531160648325,0
2003-09-24,55.48584174587048,85.25787281824823,0
2003-09-25,103.81405243832808,38.8575991709959,0
2003-09-26,29.946457580510145,10.22894690794537,1
2003-09-27,35.15917775588276,10.540275545917554,0
2003-09-28,75.48685139034743,91.8747925098822,0
2003-09-29,42.806358412006844,62.91778489017199,2
2003-09-30,48.04849309822839,23.767057535925627,0
2003-10-01,79.05878202413703,66.2151456224709,2
2003-10-02,93.59627718473871,97.91656855695216,1
2003-10-03,64.69258046063979,30.762943716728067,2
2003-10-04,53.28938581168129,22.647541454941354,0
2003-10-05,58.15070644774183,16.614537541901043,1
2003-10-06,54.57305321116663,85.47755072254309,0
2003-10-07,32.53039104699565,31.88082650316464,0
2003-10-08,80.7147406666516,10.390559365588516,0
2003-10-09,10.232517230464012,41.527155052829386,0
2003-10-10,29.06548821757394,31.250862967271047,0
2003-10-11,21.84106269872599,63.57713222221895,0
2003-10-12,45.66823585544029,69.52112894885877,1
2003-10-13,30.8122059970622,25.28742632307298,1
2003-10-14,56.006352949394945,97.557795004143,0
2003-10-15,30.13823751884663,63.968417770899315,1
2003-10-16,43.53244444998635,17.0552008604612,1
2003-10-17,56.64042295331818,93.5125014620063,0
2003-10-18,57.2730754236272,66.49688973745221,1
2003-10-19,65.04853421520083,84.31459339224436,2
2003-10-20,51.28894676440346,54.55656184751907,0
2003-10-21,47.544421717493115,93.00730099968838,0
2003-10-22,60.81472318582238,96.34062248958487,1
2003-10-23,81.66230300581954,68.5186203142342,0
2003-10-24,38.46234173783943,52.20245360805764,0
2003-10-25,61.031471031951,83.16886828363425,1
2003-10-26,69.00290816384461,31.629947598252315,0
2003-10-27,18.747514374480115,92.05189075427548,0
2003-10-28,95.49774151386225,22.790723705412244,4
2003-10-29,49.25591279391179,61.882908690725905,1
2003-10-30,37.679579707297236,57.94175982431505,3
2003-10-31,13.820203252226491,71.89693451757057,3
2003-11-01,29.8722982782626,48.32827556341772,1
2003-11-02,65.22403648114201,68.62846494887022,2
2003-11-03,31.607792474385587,27.809530235994576,0
2003-11-04,49.44444484228117,18.364997787591406,2
2003-11-05,24.865462817312252,71.0520612403773,1
2003-11-06,40.599198807831826,29.430208999536678,2
2003-11-07,81.47217746692381,81.15233594211783,0
2003-11-08,56.20485878356493,20.80842223402065,0
2003-11-09,45.5685696475572,32.009276865873005,1
2003-11-10,32.76628891149158,13.576604919475827,1
2003-11-11,51.247477112140345,12.378526766977298,4
2003-11-12,37.56799258185862,39.85740603065231,0
2003-11-13,39.05146627144764,72.74159705295297,1
2003-11-14,49.329504998940834,99.0415278844179,0
2003-11-15,38.039428702574924,73.52270405975682,0
2003-11-16,42.3809777524335,34.09532104039987,0
2003-11-17,45.22012032392379,97.21810264647992,2
2003-11-18,55.79971180976869,33.79715878572441,0
2003-11-19,46.34076001004282,28.170938528779732,4
2003-11-20,40.684063809164755,48.061536167007915,2
2003-11-21,61.32982244816,50.832144625136536,1
2003-11-22,88.5813782504894,30.882006960120233,1
2003-11-23,47.32050787713372,47.04437934487403,2
2003-11-24,99.45865024396564,35.31286720794841,2
2003-11-25,24.835795619316883,27.6500519700584,2
2003-11-26,32.17538688386301,69.95749968985629,0
2003-11-27,93.20764878303817,48.91002104280207,2
2003-11-28,54.21492510569141,83.41120952701115,0
2003-11-29,90.74135915506633,17.95058584483486,0
2003-11-30,74.68282117761103,29.695426074544045,2
2003-12-01,22.749269454113588,37.93645216855587,1
2003-12-02,20.0587703364708,64.05012187812319,1
2003-12-03,64.56754389600648,36.66764403144602,0
2003-12-04,23.225473889392305,79.84842593622324,0
2003-12-05,42.103602352316486,46.87416116382274,2
2003-12-06,68.01688817756221,61.69378954025413,0
2003-12-07,20.268312441211783,76.9460468237885,1
2003-12-08,29.45852025732105,71.39788690533481,0
2003-12-09,45.011848367266346,72.77577335601723,2
2003-12-10,41.10420370885006,13.40008203328258,1
2003-12-11,23.01039623936436,17.2595893587723,1
2003-12-12,51.053646836170984,85.97721323390712,0
2003-12-13,77.52088640718993,43.92427452729281,2
2003-12-14,60.9355811347365,57.475559073334125,3
2003-12-15,50.555535709627534,10.961170493034832,1
2003-12-16,20.80915121506276,17.050678242123798,1
2003-12-17,42.091638416284866,71.24007921836045,1
2003-12-18,67.36028462872426,23.47900565314103,1
2003-12-19,43.601521690494614,26.996503690960743,0
2003-12-20,59.961575274591056,92.31406360205898,0
2003-12-21,70.17090215189467,12.33727213280897,1
2003-12-22,36.805081050266324,55.64642815330446,0
2003-12-23,31.954550407712365,23.464559401376285,1
2003-12-24,38.60429543778168,43.83740652307845,1
2003-12-25,31.219878371238078,41.02751252095639,0
2003-12-26,22.462526304585985,56.77064889888111,0
2003-12-27,50.82893443235312,25.921853929100394,0
2003-12-28,43.261262226279946,29.42070701287797,1
2003-12-29,60.166814656686256,97.39718962500224,1
2003-12-30,25.067261253797923,18.050633969515395,0
2003-12-31,26.824591045459762,31.70232051555063,1
2004-01-01,67.69570707292613,83.37402176469615,1
2004-01-02,56.43085843429695,39.70729052603636,1
2004-01-03,40.73739339183101,74.58676570164717,1
2004-01-04,39.61821444007337,12.690570377162068,1
2004-01-05,78.65066341225007,50.32221905042965,2
2004-01-06,11.22071105075792,59.538335430044285,2
2004-01-07,37.31019994363132,28.042442842098474,4
2004-01-08,31.934198891716502,57.19962244833551,0
2004-01-09,47.145541021708205,84.62489098413477,1
2004-01-10,87.75685235646293,69.74272495206188,1
2004-01-11,28.59367865848637,88.6880425033683,1
2004-01-12,74.08351850905426,27.09801127238146,1
2004-01-13,38.501702444659074,75.4485369815485,2
2004-01-14,30.771932931331037,67.40055794870534,0
2004-01-15,30.909167918379126,11.200877562525196,1
2004-01-16,51.416353039719766,52.646447848834526,1
2004-01-17,59.508577550516094,83.98553651933871,1
2004-01-18,50.58996145141275,81.38063435082064,0
2004-01-19,17.004163712368303,62.9833016071058,0
2004-01-20,23.491607798677094,67.24050140030201,0
2004-01-21,61.55318242880877,49.07062827217978,2
2004-01-22,36.37667629465221,72.58670715733716,0
2004-01-23,68.59231864918881,70.64143490654422,2
2004-01-24,34.08080892869147,11.332941153442622,3
2004-01-25,52.68084673070688,20.948983022850562,1
2004-01-26,57.140680169495575,81.12444210416848,0
2004-01-27,56.7856490981558,45.55869548692586,0
2004-01-28,99.04952651367441,59.44373903274111,1
2004-01-29,50.04806369694165,73.47140444639848,0
2004-01-30,49.178325303008265,50.317166156280294,3
2004-01-31,62.82564734561685,86.16371367884639,0
2004-02-01,64.38432328973323,79.71465264999772,2
2004-02-02,77.44182713206064,44.307267286124656,0
2004-02-03,52.37539672234089,61.581851166810445,4
2004-02-04,57.15153431693824,10.147938902798861,1
2004-02-05,80.42872807120125,61.48694436605012,1
2004-02-06,34.933303157018564,94.46468219673362,3
2004-02-07,18.554302742627378,64.75222144498416,1
2004-02-08,36.10555682265576,38.323473124574775,0
2004-02-09,97.54195870892534,69.38631230070186,4
2004-02-10,52.21335185482387,13.288473520565885,1
2004-02-11,95.40382348855768,60.547267405970636,0
2004-02-12,68.75394711586665,98.45646849986623,0
2004-02-13,80.21721525448777,48.45093368367689,1
2004-02-14,61.26469313815113,70.45960026341372,1
2004-02-15,63.194986485302564,99.90290629393414,1
2004-02-16,67.4241254312197,79.2238137413144,1
2004-02-17,46.927700206743395,86.1083836460087,2
2004-02-18,58.203099395572494,32.12987242040724,1
2004-02-19,42.77597283000661,15.054227117825343,1
2004-02-20,44.45711248736344,40.12026941699086,0
2004-02-21,15.560806929592736,74.0305489671873,1
2004-02-22,52.21141321773652,61.56398882553972,1
2004-02-23,13.766246556589728,56.71149049969431,0
2004-02-24,66.43534756088826,52.191644133669364,0
2004-02-25,30.77302430123178,70.77626958589266,1
2004-02-26,23.93744141468734,46.75699525126135,0
2004-02-27,74.11434029896756,29.879456839757538,1
2004-02-28,67.48120100339679,90.28399371949297,2
2004-02-29,65.34054402322573,29.943566431421623,1
2004-03-01,93.65423373233631,29.229082391622796,0
2004-03-02,60.75207225106031,23.625320648763434,2
2004-03-03,47.96353828520763,39.48556020133755,0
2004-03-04,60.84127941994475,70.24327244852421,1
2004-03-05,83.4540355123651,22.653460826943213,0
2004-03-06,36.89978627764727,92.71815339322104,2
2004-03-07,70.96311906460332,12.537096536664995,2
2004-03-08,59.51395215040174,51.44566658755293,0
2004-03-09,79.03367944816011,28.733359195160606,3
2004-03-10,62.596756334103375,61.090948587155715,0
2004-03-11,48.027852038512385,10.144310512535958,1
2004-03-12,77.14341633740128,45.11487053152561,2
2004-03-13,44.56258055308108,78.86082332594533,1
2004-03-14,69.14971189319647,72.48663663018114,2
2004-03-15,51.69869602566975,36.61309613138337,0
2004-03-16,56.3527261363327,21.706624087404116,3
2004-03-17,105.04815382374888,12.420274079789031,3
2004-03-18,44.4174764022615,37.015509536452726,1
2004-03-19,39.80096903510038,37.10002157599433,0
2004-03-20,25.513735312967178,14.259803633245085,0
2004-03-21,57.153786357189944,32.25792770334178,0
2004-03-22,78.90684734710496,40.39928027095196,1
2004-03-23,65.45500879888982,53.731531544997296,2
2004-03-24,21.552156556988066,76.66480628024378,0
2004-03-25,78.34653936663254,71.39818794388744,0
2004-03-26,60.65590144795123,81.79894037053353,0
2004-03-27,35.401200618106856,31.409508221735194,1
2004-03-28,5.285895828406325,33.4735284257512,0
2004-03-29,28.437893123651584,15.835488859589725,0
2004-03-30,55.97424495551351,24.17162364690789,1
2004-03-31,36.66627827651692,11.482464147883494,0
2004-04-01,47.19283330941146,68.61436125127078,1
2004-04-02,46.39196672263109,36.947152596694664,1
2004-04-03,36.394868383439565,52.42894305731174,1
2004-04-04,49.42030099913309,40.511234567869096,2
2004-04-05,75.57882596240685,35.58426395584916,0
2004-04-06,87.8058468072506,40.451787469712215,2
2004-04-07,50.745357504394214,98.86200412803534,0
2004-04-08,81.9750680851472,47.397873250748056,4
2004-04-09,34.59247699462999,82.48694722071787,0
2004-04-10,62.10514506864366,67.29585437764564,1
2004-04-11,67.29207957900864,28.49981998436121,2
2004-04-12,38.88043770215463,90.26481667483394,0
2004-04-13,37.58939406085532,88.7748313262298,0
2004-04-14,61.31925420754129,65.34195902843769,2
2004-04-15,58.61966766918245,38.978700384888526,2
2004-04-16,33.155412229693866,14.564260574381425,1
2004-04-17,60.62653718780882,83.79486895480747,2
2004-04-18,44.6638881551723,53.47919372887103,2
2004-04-19,32.00388077815637,52.761984275021454,0
2004-04-20,50.046635107534065,88.44360029290364,0
2004-04-21,48.220509403636,38.68008690738506,0
2004-04-22,58.48981705772018,57.55969700147581,0
2004-04-23,75.76542041156762,71.86401627567477,3
2004-04-24,56.26129502398778,90.08595716424568,1
2004-04-25,39.59567838996384,22.400540535174812,1
2004-04-26,66.06223389690385,41.19776519246943,0
2004-04-27,64.46371666695865,10.537624144538842,2
2004-04-28,43.81641913347239,37.72828934694495,1
2004-04-29,83.4302237888432,72.00494012921561,1
2004-04-30,51.95708902346927,60.65405513035295,1
2004-05-01,62.10186536005091,45.08378237656461,2
2004-05-02,86.58292601336117,47.43635316427272,0
2004-05-03,27.37168251736728,86.16155160079805,0
2004-05-04,18.01535651923701,93.72681563989816,1
2004-05-05,63.566575623663454,48.9950474606003,0
2004-05-06,66.6141556178535,35.32290533636268,0
2004-05-07,13.173389166383615,66.3799577365028,1
2004-05-08,58.18453527541377,34.2818836850458,1
2004-05-09,81.19559350541685,57.640340004060775,2
2004-05-10,27.276770565794934,49.427128952676945,0
2004-05-11,74.51835535113811,43.349539047939565,2
2004-05-12,65.95872283713612,35.28262676560452,0
2004-05-13,86.48494559049203,65.70154036271147,1
2004-05-14,58.81298785056895,27.824875364968204,1
2004-05-15,40.04641689478519,95.78709477272393,1
2004-05-16,58.178123928331544,43.57993151131864,1
2004-05-17,59.239447365627846,19.841849669222142,0
2004-05-18,27.129719874175198,37.49974692294988,3
2004-05-19,34.134482074478946,15.640901536120456,1
2004-05-20,27.115294841850755,86.71037304566349,1
2004-05-21,53.57126932533173,54.085425155723016,1
2004-05-22,31.238179072329835,65.53080548281362,1
2004-05-23,61.32401587547325,48.53255941018298,0
2004-05-24,69.23716842804838,62.004224404944345,3
2004-05-25,64.24137749503889,34.974899158977934,2
2004-05-26,68.7528029812288,90.53916043394997,1
2004-05-27,32.249532863317654,86.70787477468905,1
2004-05-28,58.5044184014489,67.68117552571994,2
2004-05-29,39.32333699894319,97.87475493861461,1
2004-05-30,67.05297748481905,43.05947160515686,1
2004-05-31,68.08329941249447,18.22870721978306,0
2004-06-01,49.268947187529484,99.22709591229506,0
2004-06-02,29.578719447522502,29.657756676313596,2
2004-06-03,45.306865123502966,59.43548111996134,0
2004-06-04,68.55904954365386,80.91804276206723,0
2004-06-05,23.288696041189908,34.52301867977539,1
2004-06-06,32.60771880016563,59.23269044033462,2
2004-06-07,71.21002186972893,91.81653752717182,1
2004-06-08,31.810498930673077,85.46766810533461,1
2004-06-09,62.05855291076344,62.772063805183095,0
2004-06-10,52.437226009689184,14.984709410993926,1
2004-06-11,69.58307444422766,38.40138431570707,0
2004-06-12,41.49400383179721,13.472580397521217,1
2004-06-13,51.55815689917698,99.58133953517822,1
2004-06-14,72.0448490975071,16.990150130218836,1
2004-06-15,71.74747676612999,25.920116874816973,1
2004-06-16,56.539561746927596,19.488388619213318,2
2004-06-17,39.40260681080203,82.84139577339737,3
2004-06-18,26.465823915048865,70.63631777651926,1
2004-06-19,72.41538520162862,36.015369977312574,1
2004-06-20,43.603327835531715,42.274920212786405,1
2004-06-21,43.961177468165445,50.584000757184825,1
2004-06-22,40.12118486466507,21.591567979092915,1
2004-06-23,44.33954868379626,94.40155630844455,2
2004-06-24,53.13693895566375,97.05614939383564,3
2004-06-25,0.7579413164196893,62.14513509476498,1
2004-06-26,45.79051999744366,71.03518170613475,1
2004-06-27,29.967432540449572,67.14925211945891,1
2004-06-28,44.93982276383471,56.3089773325036,1
2004-06-29,-5.406106075260126,40.73969595488751,1
2004-06-30,42.39967742850053,45.73945550282513,1
2004-07-01,60.18834497395548,39.87375972162674,0
2004-07-02,12.76066736988674,61.306542074319786,0
2004-07-03,56.58015392434728,57.66796569547593,0
2004-07-04,15.728558383243993,57.65180697301998,1
2004-07-05,47.50959878255256,70.42353362311425,1
2004-07-06,40.59448637753168,77.53537180955614,3
2004-07-07,42.069839034257285,20.337887154028934,0
2004-07-08,49.19075670780747,63.11178408026776,1
2004-07-09,49.97374021358859,82.74481803190046,0
2004-07-10,73.90789795800788,53.966157380888205,1
2004-07-11,34.4319869752601,11.264782198580784,0
2004-07-12,25.948530113915133,82.32169661041372,0
2004-07-13,66.65879097160058,77.67060956205249,0
2004-07-14,50.71957878204573,69.94721447914979,0
2004-07-15,58.4280685629095,88.0964127459934,1
2004-07-16,69.3968443793797,70.90630234437106,1
2004-07-17,12.341991494515987,11.998726543883905,2
2004-07-18,56.65088559925938,35.291919712662626,0
2004-07-19,47.96193389941347,42.3208775007184,1
2004-07-20,65.35196825078322,55.41009923270443,1
2004-07-21,47.41042854055323,99.32480032698409,0
2004-07-22,60.66780194995911,29.415291573803426,0
2004-07-23,44.049743125598624,34.09064725524738,1
2004-07-24,17.73740058763684,56.26281746037529,1
2004-07-25,36.586546815074975,15.06230450829375,0
2004-07-26,21.93892388196522,95.25367889634677,1
2004-07-27,42.120652537536806,10.44169069724268,1
2004-07-28,43.58506559846519,41.98899992976853,0
2004-07-29,44.60986224996137,90.15233264351312,1
2004-07-30,6.490070689686846,75.04256652279469,2
2004-07-31,35.71838779795963,51.59349509933892,3
2004-08-01,35.78096495972108,32.21297249612678,1
2004-08-02,20.435756750963137,45.77552839707574,1
2004-08-03,66.17979270138827,56.44749104436917,0
2004-08-04,52.87932309923177,65.26080305482994,2
2004-08-05,40.902468179808146,15.17391088703005,2
2004-08-06,60.61649076098944,18.391360738210977,1
2004-08-07,46.37363796529377,77.58040420673596,1
2004-08-08,40.03953955584125,21.77976389133994,0
2004-08-09,54.47969779309857,69.64475249377043,1
2004-08-10,50.79175740812448,74.7605038500582,2
2004-08-11,35.70648122440923,86.42473353473383,0
2004-08-12,32.14073622717635,49.616495266535814,0
2004-08-13,79.83397799112498,60.82402600156694,0
2004-08-14,54.49048647725582,13.223710597733547,0
2004-08-15,15.111200562043734,65.66196496818773,0
2004-08-16,82.466074715469,99.5428911195648,3
2004-08-17,59.85508939134256,64.49240615868308,3
2004-08-18,59.25465119523163,77.34043802794,2
2004-08-19,67.81085281515368,69.64149063040172,1
2004-08-20,47.75089649625853,55.64694947130708,1
2004-08-21,27.8225819682866,97.26934251319321,1
2004-08-22,120.56727745104487,67.74426872666169,1
2004-08-23,62.93243065295204,14.909734509194292,0
2004-08-24,42.87107004365522,20.221707356013987,1
2004-08-25,56.127323420628926,51.0123608521819,0
2004-08-26,62.75362477701455,79.58832789148421,0
2004-08-27,68.98685537473108,23.91368207681546,1
2004-08-28,53.27823219442091,95.62732323894764,1
2004-08-29,62.19935915048773,82.05933174309281,1
2004-08-30,63.44864256992599,46.22548391198689,1
2004-08-31,46.81215803472495,53.17307737110941,0
2004-09-01,67.06147483452074,98.15727364070676,4
2004-09-02,68.6074620966466,48.27530966535477,2
2004-09-03,79.70495016232903,76.55264657552448,0
2004-09-04,63.900223531164414,59.699403648358015,0
2004-09-05,43.665281862743775,95.99769416542574,1
2004-09-06,56.66434934066873,66.27038206856923,0
2004-09-07,52.12932698136905,83.71827052895463,0
2004-09-08,29.7966047729691,75.03560524405592,0
2004-09-09,60.53904713274936,46.528592179689255,0
2004-09-10,62.28600141307591,60.04558176785434,3
2004-09-11,72.2439231438956,17.444946542695618,2
2004-09-12,52.608909488922244,20.40385176539663,0
2004-09-13,48.501105487592426,29.47642212630939,0
2004-09-14,93.15935894418938,89.34455049104722,1
2004-09-15,14.259283461737994,94.2538241373042,0
2004-09-16,59.297610506778184,15.924491762578889,1
2004-09-17,36.37523202845993,68.34490705368174,3
2004-09-18,25.782935466755383,41.45394987257464,0
2004-09-19,39.96286954003121,34.9756043250262,1
2004-09-20,69.20981887415098,70.89101446702884,1
2004-09-21,80.48451570411163,74.68835731965417,1
2004-09-22,59.62947065438589,90.65297138343895,0
2004-09-23,77.38242063302245,95.7680314088392,3
2004-09-24,44.35934584375545,10.747402262702296,0
2004-09-25,69.35233165798229,59.8613508118391,4
2004-09-26,53.45672702533902,56.58450009806592,0
2004-09-27,52.79442271625132,69.7960419027392,0
2004-09-28,42.36790689261359,26.655595518921395,1
2004-09-29,52.0576940232162,92.86745002560829,0
2004-09-30,70.48329351506612,63.6307329290615,1
2004-10-01,43.75978045543605,29.117133713325902,1
2004-10-02,47.13715735513792,66.31284510941717,0
2004-10-03,40.217995123919884,82.79847183479356,0
2004-10-04,70.41552631706432,43.80913146050788,3
2004-10-05,83.65871208240529,57.75754045808397,2
2004-10-06,44.646393413870115,36.36483509007324,0
2004-10-07,59.013372602876686,30.13296235979365,2
2004-10-08,55.69839722970669,52.7356606351127,2
2004-10-09,19.181035157799215,13.542370105684663,0
2004-10-10,27.340154308217848,93.89505029460105,1
2004-10-11,30.572264195252682,28.656126519184635,3
2004-10-12,38.514736127900505,71.52828551204793,1
2004-10-13,79.8300198519814,54.795270070131664,2
2004-10-14,58.31805030177979,13.464256398905238,0
2004-10-15,64.71112750413525,46.65078684599041,3
2004-10-16,91.86461526105447,86.49239645900678,1
2004-10-17,48.236094628458886,87.30971149641593,0
2004-10-18,39.91200842003716,36.88943405262123,3
2004-10-19,73.99139003067937,74.03724896063807,1
2004-10-20,72.44841895611319,60.210406662885674,0
2004-10-21,65.39975299241323,75.01266707790447,1
2004-10-22,44.81276434735149,71.33171069379739,0
2004-10-23,41.92365349968394,35.13124943097043,4
2004-10-24,93.01878774501292,74.92333293863467,0
2004-10-25,68.36836484515436,96.97510587281685,1
2004-10-26,46.7217287100167,51.51944377429345,2
2004-10-27,20.449398368228685,68.94785252318303,3
2004-10-28,38.08813580468467,67.49443343241913,0
2004-10-29,46.357618777353046,51.570553973837605,1
2004-10-30,24.649170945788043,67.69850052616579,0
2004-10-31,38.76730255650331,84.70607188525874,0
2004-11-01,31.531868153222543,73.96974493992703,1
2004-11-02,50.96227009007219,87.20203174108137,1
2004-11-03,31.308957365884307,58.15480480559961,1
2004-11-04,32.8595281888899,41.296471909449494,0
2004-11-05,55.63073740909808,93.12191836447737,1
2004-11-06,53.15913714667543,53.05840511461759,0
2004-11-07,27.876944934243575,18.052050530625486,1
2004-11-08,64.97942144909041,13.376240124693643,2
2004-11-09,46.078013869348446,48.30807978956701,0
2004-11-10,58.561450763798476,88.31983194719237,3
2004-11-11,69.99904789636676,47.55109212514102,1
2004-11-12,60.703676104830755,70.78415992066363,0
2004-11-13,70.03952346879571,21.756895565099327,5
2004-11-14,84.28548321400575,37.77040186846368,1
2004-11-15,80.00727304725064,92.69903047676718,1
2004-11-16,57.64816436534152,85.79337099261086,1
2004-11-17,72.78098555537387,77.97954215809413,1
2004-11-18,30.180032441986626,44.79913308686245,0
2004-11-19,33.80844823191178,69.26007578667699,0
2004-11-20,56.866241874252765,39.93146421715065,3
2004-11-21,65.79563836921803,79.06336146823809,0
2004-11-22,55.56801310082231,74.77181345677205,1
2004-11-23,48.43970739502577,45.37590628828384,1
2004-11-24,24.711761772059813,91.82325164926007,1
2004-11-25,17.885597841590446,50.78628037366056,1
2004-11-26,27.191077025921796,22.59398929801778,1
2004-11-27,53.583712753027264,26.042920988358144,1
2004-11-28,32.27494614121882,69.40012454738303,1
2004-11-29,76.1038116103051,20.42657265339675,0
2004-11-30,58.72229286950165,27.058406670850825,1
2004-12-01,27.580546634639905,34.61892539977879,2
2004-12-02,79.35381821242166,80.23844747542817,1
2004-12-03,58.858181263469575,35.518868644804044,1
2004-12-04,54.29216263197643,94.77234198138224,3
2004-12-05,35.52393852748884,85.35195468394612,5
2004-12-06,56.684608280138775,21.40657687525307,0
2004-12-07,36.64720022106401,27.22621447190148,1
2004-12-08,60.412781563813596,33.35390067327482,1
2004-12-09,40.439238620947215,76.43776381944801,1
2004-12-10,19.912284080126476,59.353832875301244,2
2004-12-11,25.799739044913427,16.55536986744717,4
2004-12-12,25.165766891334087,26.474027162715238,0
2004-12-13,49.40072245426687,75.67245402680656,4
2004-12-14,44.245027116235086,18.045563215861726,1
2004-12-15,66.51427765487531,13.538451736150204,0
2004-12-16,72.35650075671289,32.879279970854824,1
2004-12-17,37.89414941469369,85.79882887852627,2
2004-12-18,49.27118348363777,88.89229308856385,1
2004-12-19,64.05675624165177,59.3313923839009,2
2004-12-20,33.66316595087809,72.2798078396988,0
2004-12-21,61.92073240871931,58.52541350841623,2
2004-12-22,41.339226653949645,18.00970230859531,1
2004-12-23,15.171832313704535,25.608969225569766,0
2004-12-24,39.862345426065275,40.627884657716656,0
2004-12-25,53.705322944452426,73.88536626730355,3
2004-12-26,55.28754263159228,26.438480180319733,0
2004-12-27,46.252170577752295,66.6114832836585,1
2004-12-28,59.71535557041775,84.34491062607022,1
2004-12-29,39.35452395559343,51.35525233033215,0
2004-12-30,79.50810493954118,72.29112390672057,1
2004-12-31,47.49244279341147,57.1060796085291,1
2005-01-01,44.60489368099188,97.0945515517847,1
2005-01-02,84.22115345562531,80.32525877571587,0
2005-01-03,37.70091275338269,52.00196825217198,0
2005-01-04,45.235669666192436,74.77347948493964,3
2005-01-05,18.80796950743182,68.6962667306475,1
2005-01-06,31.029594353182503,95.1037686474178,0
2005-01-07,67.83839882207758,89.31581254402478,0
2005-01-08,42.44781197211427,56.11708630310057,0
2005-01-09,23.576737484267902,61.02574811338701,2
2005-01-10,54.77123032169346,72.01833205556896,2
2005-01-11,36.228896866432876,41.97087854472903,2
2005-01-12,21.566770029319873,39.59565169720885,0
2005-01-13,45.593069284516396,31.616143036947122,1
2005-01-14,20.428929106613527,32.17103909522717,2
2005-01-15,37.92197635820334,43.37383455567055,1
2005-01-16,69.39650748997184,15.3935389675244,0
2005-01-17,73.14218901739358,27.318253720835507,3
2005-01-18,47.747089370998374,28.368094351470994,0
2005-01-19,39.57893923767367,71.50336132062789,2
2005-01-20,57.951177784456746,51.026326473344625,2
2005-01-21,59.94254831899177,24.18252770980421,1
2005-01-22,42.02365146742491,60.22464758262545,0
2005-01-23,63.051629105629786,60.443930578415106,0
2005-01-24,12.275885091114027,11.041780011451474,0
2005-01-25,22.702493573991088,93.17712495951362,2
2005-01-26,29.554054188105276,83.68850258072584,1
2005-01-27,53.58408032338196,51.989376740784564,0
2005-01-28,65.18077437757059,81.3137886872825,3
2005-01-29,61.32828711762155,18.832063514640552,0
2005-01-30,84.40717371234413,89.49981959830976,1
2005-01-31,39.45525580620584,27.6348279582331,1
2005-02-01,33.00649307002326,18.247967541582526,1
2005-02-02,32.44150664042747,31.921950900537944,1
2005-02-03,31.92526201011036,22.184576269756647,1
2005-02-04,27.636485569452987,86.20768616488775,1
2005-02-05,38.117963116959075,60.90837956709086,1
2005-02-06,49.28199078224605,81.06946004651189,0
2005-02-07,53.470279455350486,23.117009155230257,0
2005-02-08,47.21351403690444,19.409110524809794,0
2005-02-09,44.79584259287654,81.26965799029067,1
2005-02-10,61.68765675621324,49.21969048665776,1
2005-02-11,46.16476001751397,63.30724297591153,1
2005-02-12,29.791752661039705,90.32392611144489,1
2005-02-13,14.182843734080677,80.15642511192526,0
2005-02-14,70.02856496515152,78.23880310916188,3
2005-02-15,62.413516579927524,28.68133784107375,0
2005-02-16,55.468805602920874,18.667558233389627,0
2005-02-17,19.573601092593265,19.01403070160466,0
2005-02-18,46.96384842922763,73.11635867759087,0
2005-02-19,65.42967092244676,37.23636873620887,0
2005-02-20,57.850932411983266,83.83557997331634,3
2005-02-21,63.033274585535665,99.10089329091805,4
2005-02-22,22.061172353668482,29.700030635151606,2
2005-02-23,74.11266464967727,63.81666487161473,1
2005-02-24,31.634168371298934,62.20314833673096,0
2005-02-25,84.99883216321211,96.8413119643487,0
2005-02-26,26.100018883140695,71.13705660638416,1
2005-02-27,58.80446213206022,60.08738206416135,1
2005-02-28,45.80075917577432,38.19107951214295,0
2005-03-01,16.13343454195381,38.78489708129301,0
2005-03-02,31.61813993888545,35.606345155106354,2
2005-03-03,85.65273186966054,12.16711380052635,1
2005-03-04,62.6362221133255,86.75389572467088,0
2005-03-05,65.154551768929,48.81822665928518,1
2005-03-06,83.01571815220682,79.95343331701065,0
2005-03-07,21.86786421888199,70.2642305951482,2
2005-03-08,64.18791396149409,86.51792250721073,0
2005-03-09,39.267403887140276,26.408464307641314,2
2005-03-10,91.01751093958306,30.408074057762924,1
2005-03-11,82.18530651942262,18.245958827673896,1
2005-03-12,28.16677510991135,17.09851635806856,1
2005-03-13,45.63626883302121,72.1441425556622,0
2005-03-14,68.65369812948727,98.78616129455786,0
2005-03-15,71.99651005939089,21.561785278287374,1
2005-03-16,86.74541141324752,96.9774181741685,1
2005-03-17,45.1633259689284,25.408555521298595,1
2005-03-18,80.47944695042145,58.322163499454305,0
2005-03-19,30.89515789155444,77.42494172377388,2
2005-03-20,34.4035647756995,27.39456451142216,0
2005-03-21,42.985519524824795,54.61748337850536,1
2005-03-22,25.82150926589613,87.3330271537705,0
2005-03-23,68.87605518474783,29.631523776130916,1
2005-03-24,55.53346189483467,40.81705052785442,2
2005-03-25,65.74962141641757,25.70938147520871,0
2005-03-26,56.24732964129784,81.82143801578563,2
2005-03-27,48.23024463605714,55.440480969808725,2
2005-03-28,-1.7920135964330157,79.02745881983807,0
2005-03-29,34.54276335749961,58.194430630538356,2
2005-03-30,36.54262584737269,79.66628703407441,3
2005-03-31,63.305589066246526,10.461217147033507,1
2005-04-01,81.33999496386197,30.603033994520402,0
2005-04-02,37.831318343871835,86.5954004491102,0
2005-04-03,36.72542594788554,28.921011369643672,0
2005-04-04,57.546780508897676,28.8478351915989,1
2005-04-05,56.16245902836344,36.941913808853926,1
2005-04-06,13.836957908017041,31.991049000168207,2
2005-04-07,10.250241205934088,67.0735121265509,1
2005-04-08,60.99432633884977,96.49296729410666,1
2005-04-09,26.406423358253463,85.35267157100041,0
2005-04-10,37.4341114845335,69.78886690680638,2
2005-04-11,45.37940730406439,28.686644843405297,2
2005-04-12,82.44807675785674,50.24109388244093,0
2005-04-13,52.24619591787695,91.54865478315219,0
2005-04-14,53.05508516782518,32.18912629679026,1
2005-04-15,74.32864075718226,21.70857658458327,1
2005-04-16,26.09417262232936,70.02751066852255,1
2005-04-17,63.27923403884391,20.128952597984757,0
2005-04-18,46.94389519139032,32.918556034020156,0
2005-04-19,52.75012409608278,75.51597581756702,1
2005-04-20,54.2240008785594,88.4831295500216,0
2005-04-21,55.04436675497273,48.5656335232078,0
2005-04-22,59.88252958167139,31.20241010972574,2
2005-04-23,68.3490947238755,95.34943496686977,0
2005-04-24,37.33574110203036,77.02368564522685,0
2005-04-25,35.129813517841434,92.18216772041208,1
2005-04-26,51.18711595721102,95.89559755394414,1
2005-04-27,54.10883320567973,52.67707430528182,1
2005-04-28,38.596755798625935,39.86309140936913,1
2005-04-29,27.84755980645393,38.50210509908351,0
2005-04-30,77.25605752830154,10.432482537384981,0
2005-05-01,73.30909687683689,17.480787167552805,3
2005-05-02,45.21639327872414,86.66465973570823,1
2005-05-03,81.72622085750709,61.71104450696384,1
2005-05-04,40.9804656899837,27.957114489398496,1
2005-05-05,73.34805599945133,24.978380551201425,0
2005-05-06,55.37006717648772,12.99533767539875,1
2005-05-07,17.765261252387404,81.46299248073188,3
2005-05-08,41.83464034298534,29.78150108091901,0
2005-05-09,67.12732274586182,43.35351211532802,1
2005-05-10,53.402751656269245,33.269895535863725,2
2005-05-11,38.593577677036066,86.00854554591577,1
2005-05-12,37.945426724636455,94.81358365702197,3
2005-05-13,56.178441461983056,55.99535420873181,0
2005-05-14,58.48862400843153,93.26859820492355,2
2005-05-15,47.400546555293374,33.64037745382109,0
2005-05-16,80.85428831703719,56.931315331395574,0
2005-05-17,11.132642725043695,86.71547281424458,0
2005-05-18,44.864735528284555,28.49699774532402,1
2005-05-19,34.4345152087789,87.81510749732375,1
2005-05-20,40.879345239490405,49.57340768551693,0
2005-05-21,16.231677573477754,14.707685267667651,0
2005-05-22,30.203728066120348,26.604509017199693,1
2005-05-23,81.71022406832418,59.89357259560578,0
2005-05-24,42.8716031173472,14.63434953650664,1
2005-05-25,39.22254745877707,80.26421599072432,0
2005-05-26,88.3350135695624,55.975864579763396,1
2005-05-27,21.686751582192212,70.03996055775539,4
2005-05-28,31.576924818461325,23.46318536530977,4
2005-05-29,47.76854088669458,21.73879048998304,0
2005-05-30,60.986066560071826,52.08678748792701,2
2005-05-31,47.315489372742235,68.49608387631022,2
2005-06-01,11.178769374627308,50.91996634965104,3
2005-06-02,19.858244898594172,92.90244620231552,0
2005-06-03,41.84289107808989,55.24223877984001,2
2005-06-04,49.55984621134029,33.438280500888865,0
2005-06-05,64.58837898171774,53.463962866276006,0
2005-06-06,56.09301659807029,81.58990422629533,1
2005-06-07,47.85390632990093,57.75041837538617,1
2005-06-08,25.366235236956637,80.58116382844257,1
2005-06-09,72.80694751038749,84.01258283434458,0
2005-06-10,48.66672468398812,42.216960608752416,0
2005-06-11,38.266451343142506,89.1081051457192,2
2005-06-12,28.934934365193282,65.47500326340173,3
2005-06-13,46.990492436689294,51.159245816009985,2
2005-06-14,31.6813737242136,65.35963293115606,2
2005-06-15,20.514664713064267,83.63890828381913,0
2005-06-16,47.97319704153098,25.468217340721836,1
2005-06-17,36.65508876221757,96.59880965156358,0
2005-06-18,58.17316019344638,14.189620053429346,0
2005-06-19,42.1003059149736,40.138981058664484,2
2005-06-20,31.74967042779141,20.041432012648727,0
2005-06-21,35.29013218057975,27.782701845184086,1
2005-06-22,41.65834031084334,70.64176398856159,0
2005-06-23,55.2117644977136,14.875688414590904,2
2005-06-24,38.104807914709426,77.52744573767527,2
2005-06-25,57.6683025961217,47.933402651949905,2
2005-06-26,37.408911032464665,92.6391983443297,2
2005-06-27,41.39547901179721,46.44877394247079,3
2005-06-28,81.64993751628654,58.49401783332193,2
2005-06-29,53.938473973029126,51.529905526560086,0
2005-06-30,43.221823938706336,72.37359850419392,1
2005-07-01,110.81526773664457,83.14649650084104,1
2005-07-02,46.98614921335528,59.431734744898336,1
2005-07-03,33.903589242142026,69.24519356797322,1
2005-07-04,32.07181103730045,14.599098721719393,0
2005-07-05,24.133335698046675,46.37455321828412,0
2005-07-06,51.54621254523931,63.047067847769775,1
2005-07-07,44.106769326205665,30.234960689859257,0
2005-07-08,69.19495042817638,48.17200831727732,1
2005-07-09,49.425603905466694,72.58585272650998,0
2005-07-10,93.81621524200283,56.839561157374334,0
2005-07-11,46.28825010657372,98.10937508756192,0
2005-07-12,35.309540314654804,73.76961285561902,0
2005-07-13,7.36001658679794,85.5463342166649,3
2005-07-14,52.41737035244259,80.6345787037478,1
2005-07-15,45.77303005964536,97.89203212726053,0
2005-07-16,38.32140485405093,68.61578983037401,0
2005-07-17,62.534229109578455,89.35765722647021,0
2005-07-18,54.72022641176045,90.11004677030897,0
2005-07-19,33.72585857221331,98.80744125102161,2
2005-07-20,78.17677121971838,23.370829923183827,0
2005-07-21,6.862135580909737,42.42504279928567,0
2005-07-22,19.410596240433616,90.54207860611183,2
2005-07-23,8.358431030561285,18.405716521345724,2
2005-07-24,26.565488408201347,11.931919829375358,0
2005-07-25,32.39969113447988,50.34163817172799,1
2005-07-26,70.85064981805056,53.50224282400625,0
2005-07-27,15.141485901144364,62.31538921466674,1
2005-07-28,37.771628142557496,31.044004471151492,0
2005-07-29,92.36406010155815,25.870922966020714,2
2005-07-30,46.91877991060934,93.33724531622352,1
2005-07-31,48.92347632034426,92.7126156318043,2
2005-08-01,48.291778721847905,65.31221218102428,2
2005-08-02,42.98599682703907,22.27727536248436,2
2005-08-03,45.48765172830445,28.05065828188945,1
2005-08-04,50.3070459147626,36.506382848725586,1
2005-08-05,30.731551008516703,83.87232861679992,2
2005-08-06,47.64064475155321,29.62852293133811,0
2005-08-07,59.47593719994091,41.93925344192179,1
2005-08-08,97.95604816065898,41.78698119042008,0
2005-08-09,32.62293128986458,95.43202727629229,0
2005-08-10,36.969013929227536,36.962884796168815,1
2005-08-11,40.41435931421579,17.0612793017174,4
2005-08-12,66.16966821773728,69.19882247074328,0
2005-08-13,64.90145582932168,48.184998176304035,4
2005-08-14,66.23547255840066,40.755927812162824,0
2005-08-15,72.27704146216419,49.493516812553366,2
2005-08-16,64.43726096467887,94.15664901662828,1
2005-08-17,52.23630101446627,14.313918725783736,1
2005-08-18,47.83869882463958,24.987035202816873,1
2005-08-19,6.756989350571949,74.53777006078144,2
2005-08-20,6.389486092676542,31.156899139447354,0
2005-08-21,51.572116771101975,87.06088802223654,0
2005-08-22,10.763876658005557,62.66226993676988,1
2005-08-23,30.34031438658699,75.19186372415716,0
2005-08-24,34.362323439191556,86.00751072830003,0
2005-08-25,53.28330643579678,69.31597927279279,0
2005-08-26,16.795054803826346,83.34766543418907,0
2005-08-27,16.65002035502407,23.393396566868674,2
2005-08-28,85.39453006257676,28.07946630498401,1
2005-08-29,48.513249900658,88.65232747505168,0
2005-08-30,28.836799142383327,58.30789924200697,1
2005-08-31,73.60222596665983,84.94931440398366,3
2005-09-01,61.48235090595614,99.2549770258912,5
2005-09-02,18.999292594460666,16.2570553005779,3
2005-09-03,73.46958490005844,86.8183801053282,0
2005-09-04,33.81421473997724,68.96452744687973,2
2005-09-05,45.25771193428902,94.24200717652599,2
2005-09-06,52.909752050073685,30.615376220335616,0
2005-09-07,34.56088955434835,12.17562205631451,0
2005-09-08,51.02255594055086,58.70179768633944,4
2005-09-09,44.97345059686013,49.86609181308144,1
2005-09-10,13.234852270629183,44.11298787257316,0
2005-09-11,25.350148123533774,24.819639039508438,0
2005-09-12,72.2515354413391,42.169007062447044,0
2005-09-13,68.9694405895582,48.97583110090515,0
2005-09-14,52.26558518510838,18.200170986999453,2
2005-09-15,27.98850661032738,21.252869512727095,2
2005-09-16,57.73596816760938,80.16467369649853,2
2005-09-17,24.505470901922315,73.98104410178006,1
2005-09-18,64.11483043236638,57.199922603190686,1
2005-09-19,47.00182332169894,92.43146961256112,1
2005-09-20,35.01907674051432,67.832366020829,2
2005-09-21,40.62234876985506,25.410858909753607,1
2005-09-22,58.685000245110444,94.81828264068538,1
2005-09-23,49.440402498639145,83.28221985468086,1
2005-09-24,12.58153238689652,46.970835726071,0
2005-09-25,50.43723334144847,94.83975559679342,1
2005-09-26,22.659076729258313,85.04366059506552,1
2005-09-27,69.27060032106101,55.36987847034707,0
2005-09-28,39.79574908006884,89.79947280502569,1
2005-09-29,75.06566756571085,30.53461142382523,0
2005-09-30,-6.794332966240368,10.785270482071967,1
2005-10-01,42.21643949773394,52.46165612559992,3
2005-10-02,72.802385934794,44.441095969711355,0
2005-10-03,63.31593714999957,69.63371448472579,2
2005-10-04,45.34325256391241,45.59149200984185,1
2005-10-05,41.6854238188283,87.92018671474425,2
2005-10-06,42.00012134206612,77.41285195398983,0
2005-10-07,56.514107948063696,92.96189956576326,0
2005-10-08,68.77471361464926,74.9778507675807,0
2005-10-09,56.428554816283935,78.15248154907043,0
2005-10-10,25.775865782843855,85.24834670543997,2
2005-10-11,33.712480780210726,27.538796642042122,0
2005-10-12,115.1929386974244,13.866279073136148,1
2005-10-13,42.14401223577179,25.935453926016102,2
2005-10-14,40.53922422365031,97.24032413833702,1
2005-10-15,52.53623953561847,81.39530080625794,0
2005-10-16,7.631487322830175,35.10648550964963,4
2005-10-17,57.285944403480755,44.308083491248965,3
2005-10-18,83.55874542953164,44.485950833822464,1
2005-10-19,39.57230615485398,53.95462070615392,2
2005-10-20,67.20668235106972,67.1610404619519,0
2005-10-21,65.84134504156805,36.44552453909013,0
2005-10-22,68.74575574350882,70.35049167523306,2
2005-10-23,6.859110715728491,93.64873746000603,0
2005-10-24,53.239417614625985,98.71030324881366,1
2005-10-25,61.373251712031646,50.988998358858936,3
2005-10-26,59.986215710790624,17.169677874152086,0
2005-10-27,86.9721364492413,81.40986676191537,1
2005-10-28,53.08849298656593,67.52268604414567,1
2005-10-29,45.8311402595006,69.91333271327065,2
2005-10-30,55.15610128391988,43.57895003000296,2
2005-10-31,12.159414017133578,58.67208755914708,1
2005-11-01,34.78396642512997,93.10134715557606,0
2005-11-02,38.92426909551569,29.168553467301543,1
2005-11-03,57.10168734880943,46.65199416212993,2
2005-11-04,72.9419412185257,40.016552949414006,3
2005-11-05,58.500390746165806,63.83226704741939,0
2005-11-06,67.8565871815347,67.80229737887433,2
2005-11-07,96.47003351205552,49.49203121967814,1
2005-11-08,77.11685043596408,90.73937271955685,0
2005-11-09,48.99149354095957,28.276336402184164,0
2005-11-10,60.824688246368396,39.150940853857094,1
2005-11-11,50.89757118309835,50.641566087653494,2
2005-11-12,19.659653504334923,81.58786802803237,1
2005-11-13,70.63102494726117,44.844267052879374,0
2005-11-14,55.64376250559042,82.78037742491006,0
2005-11-15,66.71170833839756,12.66570169382343,0
2005-11-16,44.76758550809227,28.539603738727852,3
2005-11-17,17.216928694905846,14.955793946558895,0
2005-11-18,64.17858757464741,42.42604502554443,1
2005-11-19,80.39400321797785,43.7443225389671,0
2005-11-20,68.58008473404355,26.013683041321052,2
2005-11-21,85.60398616515525,28.016911458303962,1
2005-11-22,62.75941727813046,97.05860369214308,1
2005-11-23,39.491385450515395,59.94887999584065,0
2005-11-24,50.74294690741745,50.620463928427945,1
2005-11-25,20.77402711407622,62.22101101730858,1
2005-11-26,33.21237002973755,50.411747885636714,2
2005-11-27,92.75672480422054,17.592077779768122,2
2005-11-28,49.497886765789644,66.01734810608326,2
2005-11-29,41.3738113313229,95.51382550797541,0
2005-11-30,25.58229915002719,44.17491695757077,2
2005-12-01,61.450044083421815,90.50159460299606,0
2005-12-02,63.97663168137606,92.68640342904878,1
2005-12-03,42.565031239110844,61.471297063291914,2
2005-12-04,53.7312090231741,63.92830765798504,0
2005-12-05,49.52124956291276,50.629619328075094,2
2005-12-06,52.25586494072557,83.71975225224676,0
2005-12-07,2.5063529291090774,82.44458420913514,1
2005-12-08,65.42622635551726,97.79870675041245,1
2005-12-09,69.00897753172077,12.484494995803692,3
2005-12-10,33.27291192943898,37.32624657065048,0
2005-12-11,57.00089884032368,46.877722793146816,2
2005-12-12,43.71941185837503,10.205069909556018,3
2005-12-13,62.70905372310796,33.73580176825819,4
2005-12-14,69.00954392119985,39.059999305989464,2
2005-12-15,76.03659969462298,43.833495499074736,1
2005-12-16,49.01426569187827,84.73525330931567,2
2005-12-17,25.348276774112342,74.52064006059445,1
2005-12-18,3.6987832029348056,59.02532605528113,0
2005-12-19,35.815587348751606,85.69843032922111,0
2005-12-20,47.709942028159304,30.148483761158,2
2005-12-21,59.39010889880361,51.444117558928674,1
2005-12-22,76.70184676413064,69.20734219063824,1
2005-12-23,45.846142097620685,83.85027038714941,1
2005-12-24,44.53526473825804,63.67409304666932,2
2005-12-25,-5.8375912439893725,56.996459812479266,0
2005-12-26,60.766919581440916,79.789734802731,1
2005-12-27,71.03160854880754,65.67918621843484,0
2005-12-28,54.49971877676832,34.467393543743825,0
2005-12-29,67.34551950841922,14.088355860626528,3
2005-12-30,65.27248234593252,66.69901658950167,1
2005-12-31,91.61716202623683,31.899800137253433,1
2006-01-01,28.5934361876405,34.071309356478615,1
2006-01-02,39.62186462482645,91.00266865813465,1
2006-01-03,62.35008624527773,11.575785655856079,1
2006-01-04,24.648467945293344,73.74026356740187,1
2006-01-05,83.890954159331,37.39564167523439,0
2006-01-06,14.693208631510572,55.492730263467145,0
2006-01-07,77.18038346965255,53.46137174990204,5
2006-01-08,78.16321602611015,89.0973065619954,1
2006-01-09,39.80345949929256,36.94475972118553,2
2006-01-10,45.849895215779036,96.71082001382298,2
2006-01-11,53.09921698926196,80.68645858106966,2
2006-01-12,32.51232035295712,25.62848403330303,0
2006-01-13,34.30806129570413,75.68741245260817,0
2006-01-14,41.77759729188519,96.64662932713641,0
2006-01-15,62.00236041373009,28.149440206435777,1
2006-01-16,81.65019175285269,64.89002827955932,1
2006-01-17,58.129919479000606,12.280295780908993,1
2006-01-18,26.52367439251194,87.67818499541109,2
2006-01-19,12.433850473957435,28.323006661883767,2
2006-01-20,62.43084130127994,14.859831213440614,0
2006-01-21,70.34691905652348,69.85354453876698,1
2006-01-22,66.3369808987553,75.41663188972271,3
2006-01-23,71.40378405122902,40.0321590630943,4
2006-01-24,41.20883627169078,56.37573936910021,3
2006-01-25,42.70057626151927,23.99899413589492,2
2006-01-26,40.03790052292613,27.65715808745958,1
2006-01-27,59.13440063098151,91.24432729653556,1
2006-01-28,25.453952501537344,89.41351096560385,1
2006-01-29,40.49700320560727,90.92420069883023,2
2006-01-30,51.77041994578435,36.386921453100726,0
2006-01-31,-6.748185253642291,92.04876963624044,1
2006-02-01,32.73845265715748,86.69418459446806,0
2006-02-02,51.83839788021801,29.023225536970653,2
2006-02-03,49.18545359955134,57.55852863455785,1
2006-02-04,72.96411637585888,32.01117719372387,1
2006-02-05,35.74935212271467,18.8795510867928,0
2006-02-06,20.579557551909247,24.819946116040434,0
2006-02-07,86.92387347750966,58.74657739771286,0
2006-02-08,53.57027532283975,92.14704868617729,0
2006-02-09,70.25309953640762,38.4914781444189,0
2006-02-10,38.670127035282476,29.375309344348018,0
2006-02-11,64.58860754809058,37.82523653780056,1
2006-02-12,33.71665490942087,68.23859497738854,0
2006-02-13,45.93833611709368,84.76780554248823,1
2006-02-14,15.625079313292531,54.963136759233976,0
2006-02-15,77.75138587183633,26.884119308081814,1
2006-02-16,36.762827984239095,64.57922354323532,0
2006-02-17,44.603421237769886,79.86274482018709,0
2006-02-18,46.26844343149856,61.28828719234259,1
2006-02-19,40.68720899940206,86.20745101880867,0
2006-02-20,45.026601356306514,49.20057523238862,0
2006-02-21,13.90009017284924,96.6299855416275,0
2006-02-22,51.65444494842167,55.95826850607941,1
2006-02-23,37.9953429644319,34.23252447740694,1
2006-02-24,61.710922758700164,30.518671115890065,1
2006-02-25,72.73629944053867,66.53498087392387,2
2006-02-26,57.92858574483799,74.21957393753618,0
2006-02-27,44.54515179000162,82.92182667980373,1
2006-02-28,30.911415162318434,70.89621329781427,3
2006-03-01,68.74873982996382,26.01398281893886,0
2006-03-02,52.66398373365992,62.27960991981969,0
2006-03-03,42.13470944088478,87.04890852952664,0
2006-03-04,77.25356881709871,98.58865524383923,5
2006-03-05,65.2087229320804,44.16652682827304,0
2006-03-06,54.03627875471571,45.51273848993702,0
2006-03-07,119.86178539547649,19.054046280623655,1
2006-03-08,54.834942764875954,77.64438639913844,1
2006-03-09,29.77260671934262,10.884728787435495,2
2006-03-10,63.42610832706313,92.03157364593687,1
2006-03-11,41.60299513021565,16.312034834140118,1
2006-03-12,46.0984906103976,48.54652005883025,2
2006-03-13,59.514924248337756,98.6440590565312,1
2006-03-14,50.15212996425448,60.506185405063654,2
2006-03-15,3.387018848440384,27.939632132722004,1
2006-03-16,54.03342034478442,41.460250117442165,0
2006-03-17,79.72611912203618,28.961796239497122,1
2006-03-18,63.74719794411268,79.2575280090733,0
2006-03-19,56.139584738865885,76.05917490309703,1
2006-03-20,43.769009222332485,66.89675980674514,1
2006-03-21,71.94842594863425,59.63180918185648,0
2006-03-22,84.40770138385547,84.44394990687722,2
2006-03-23,59.31773475488594,82.74428547062249,1
2006-03-24,61.825595690293454,91.59775982534963,0
2006-03-25,20.796874033524155,88.14530747126149,2
2006-03-26,27.769534114155086,53.426738523212975,1
2006-03-27,70.01037423655015,95.33738747750998,1
2006-03-28,77.26308197565598,47.786057902726455,1
2006-03-29,59.038146311776245,24.35201523039028,1
2006-03-30,34.81934806553372,48.20953215779837,0
2006-03-31,32.162956618242,32.214505028797234,1
2006-04-01,76.13212008506139,70.1249662124785,1
2006-04-02,84.5487260900226,54.62234048408391,0
2006-04-03,59.4380962924443,62.27463288231943,1
2006-04-04,56.19863800620759,96.87425334183288,1
2006-04-05,62.19791101517879,31.322669639036988,0
2006-04-06,52.16871598644334,11.523322284670137,0
2006-04-07,46.12186639146057,25.86798562428133,0
2006-04-08,41.10317811632514,40.50754823907438,2
2006-04-09,38.910912551541,74.94336149108508,0
2006-04-10,49.816008795671706,63.572253879950125,3
2006-04-11,45.008493855618504,62.294655386690074,1
2006-04-12,41.6307668338209,54.949430315666305,0
2006-04-13,32.04598879420859,39.030791450663315,1
2006-04-14,67.44314916409928,90.12753797887866,2
2006-04-15,49.374097076968916,58.38157878125908,1
2006-04-16,41.06621813578431,88.61410006890753,0
2006-04-17,84.40893949350576,14.459434784583891,1
2006-04-18,78.5123568862761,26.956056640757485,1
2006-04-19,13.939712838739482,45.32789382964712,3
2006-04-20,59.94410343998787,79.27229720846768,0
2006-04-21,76.74250753355,72.92846740730712,0
2006-04-22,79.05839575692042,43.24021315904492,0
2006-04-23,68.57907469489462,70.71696248808402,1
2006-04-24,46.34099670924431,12.13779432564558,0
2006-04-25,37.09271693954902,19.53833539769507,0
2006-04-26,73.65675388660766,72.91024958519976,0
2006-04-27,52.98069804222917,55.41209046125239,0
2006-04-28,31.161698495883186,41.63265323588297,0
2006-04-29,64.68304332835933,65.87007668546775,0
2006-04-30,43.7623539011538,77.7716894381344,1
2006-05-01,60.94046094994692,98.32604887298255,0
2006-05-02,79.39166985033368,48.20659621118193,0
2006-05-03,48.71857501346109,53.29216514200572,2
2006-05-04,25.605237680561785,20.502976761216875,0
2006-05-05,27.44548311443676,53.48747244598524,0
2006-05-06,55.183963430495275,60.959102693471806,0
2006-05-07,65.51458256220677,79.90651486158535,0
2006-05-08,58.422791800610746,38.63659768090168,0
2006-05-09,47.38769893040931,65.11770557486625,3
2006-05-10,43.057360690448434,24.523997839055504,1
2006-05-11,50.27592964401784,25.908839251336136,1
2006-05-12,66.56169150986378,17.859696773922106,1
2006-05-13,54.101790380409355,71.46964672146791,3
2006-05-14,76.7371427440102,14.32628749947421,1
2006-05-15,22.92683525225787,24.933143432190015,3
2006-05-16,59.06919450848153,17.656455965901934,0
2006-05-17,43.33147525972204,97.57105050722423,1
2006-05-18,45.57775551049034,70.44530072484469,0
2006-05-19,59.84037668900786,23.285434242806957,4
2006-05-20,34.46293645141986,98.03783536358372,2
2006-05-21,56.70815467477151,70.01274839330142,1
2006-05-22,43.420352679939654,18.543021659979104,0
2006-05-23,78.19717255679822,57.248031165196736,1
2006-05-24,67.44041444739668,97.15808031622387,2
2006-05-25,10.768488851643184,89.30120779496488,0
2006-05-26,73.95464540121655,25.757608334622585,0
2006-05-27,57.74528088796111,18.22960809579577,0
2006-05-28,40.960723383174695,26.63836211366324,0
2006-05-29,54.26438365284493,33.07893292613713,1
2006-05-30,46.31964741107217,49.68020687901234,0
2006-05-31,64.23335377306545,93.98771073814952,0
2006-06-01,46.53909289365558,70.30406627771366,2
2006-06-02,75.89050079778649,27.799158217538608,0
2006-06-03,90.05454136999208,47.35632940008938,1
2006-06-04,65.64455083589377,23.17361598274644,0
2006-06-05,68.22946430511618,26.324823101071857,0
2006-06-06,58.30086982936483,96.8469945604075,1
2006-06-07,41.875649753455676,56.67111280888285,3
2006-06-08,56.09214652042003,17.371398691684426,3
2006-06-09,50.197330376389615,66.90630405882825,1
2006-06-10,32.463817421562254,80.07048982592605,1
2006-06-11,30.512623912786076,79.09014179693618,1
2006-06-12,39.92511529146631,12.557195515602842,1
2006-06-13,34.86610035914972,71.78067029476395,0
2006-06-14,2.7713494550626905,43.220521735979425,3
2006-06-15,80.93567975410453,45.91793938622437,0
2006-06-16,67.09401705605282,11.945094984322699,0
2006-06-17,8.944423398036541,19.554618818922485,4
2006-06-18,69.53491360328091,35.887055575360264,0
2006-06-19,21.53584358119497,87.0046397352746,1
2006-06-20,18.469888736279433,75.37945256555608,0
2006-06-21,45.17326834842338,60.44863114733863,1
2006-06-22,50.488643093641116,12.940784563439681,0
2006-06-23,9.865430983934765,64.11467851070474,1
2006-06-24,61.238170186146434,20.288292678767913,2
2006-06-25,39.91267901252601,65.0738613774586,1
2006-06-26,32.0595811005156,89.94446102308137,0
2006-06-27,52.02000276354833,60.31685457199245,1
2006-06-28,64.6814746351305,45.212845251552686,1
2006-06-29,81.97854815052057,65.20965800086644,1
2006-06-30,42.78930613504037,39.18633728328389,2
2006-07-01,78.46959932053718,84.74214257039989,2
2006-07-02,28.80489982527546,32.72415055245721,2
2006-07-03,9.351960325993787,35.79473402181209,2
2006-07-04,53.85990405444934,11.618709644017068,0
2006-07-05,63.68526337244857,27.961709068990263,3
2006-07-06,74.48059382356583,74.42634646040838,2
2006-07-07,59.199834048585856,18.434468672739655,0
2006-07-08,55.0557194950853,85.24257164765011,1
2006-07-09,44.780591725794224,87.70615338541279,0
2006-07-10,62.56875279230873,47.9269054128537,0
2006-07-11,71.93438986385539,49.96698919935863,1
2006-07-12,-6.986071820713988,75.86676743169227,0
2006-07-13,50.84596377615582,21.586403368855173,1
2006-07-14,41.76678903140294,80.48642019792877,1
2006-07-15,33.702196673212995,39.76273940315256,0
2006-07-16,18.86153189614356,43.358717771490504,1
2006-07-17,74.47347005214516,56.86923271453265,0
2006-07-18,69.62156144704574,85.59205469376982,1
2006-07-19,44.304507731076455,43.051355861691015,1
2006-07-20,42.52687879020041,13.52867127938326,1
2006-07-21,36.43841870999388,16.210877362493672,1
2006-07-22,43.560761622248705,48.504994829152345,0
2006-07-23,69.37731100564888,36.96238501532202,1
2006-07-24,27.987524248665387,61.22130394820878,0
2006-07-25,29.670861595634456,75.44241435138095,0
2006-07-26,42.08813156450102,57.41093034643407,1
2006-07-27,49.413706630455636,24.456285061997438,0
2006-07-28,42.7841944653601,80.09232549641222,0
2006-07-29,47.72666313547171,39.745978151432304,4
2006-07-30,36.30120252913875,30.544277417078604,1
2006-07-31,70.84995957506224,64.9600481252741,3
2006-08-01,59.34665397369075,18.235020466363878,1
2006-08-02,64.28994511496379,32.63264878499132,0
2006-08-03,80.98411758695403,54.735939943247466,2
2006-08-04,22.085515507094414,45.561081806962925,1
2006-08-05,42.44426427159877,10.576737174127107,0
2006-08-06,66.27789815299943,43.50423042798518,1
2006-08-07,50.01197453429372,38.62537965495725,1
2006-08-08,17.99514021544268,21.577290419649753,1
2006-08-09,45.39236322757938,53.04417167815317,1
2006-08-10,58.48639775197266,80.03574938268562,1
2006-08-11,37.322062984227536,92.02628588501516,2
2006-08-12,42.80961679461649,33.07480541874074,0
2006-08-13,62.87954487885859,14.597632413529825,0
2006-08-14,55.392863117955265,33.659165065992845,0
2006-08-15,33.98929676821626,23.88679565843566,0
2006-08-16,3.431499427702569,90.89846953821582,2
2006-08-17,40.77870748552524,72.01372586433618,1
2006-08-18,60.34605120632082,18.482311320169003,0
2006-08-19,80.35682970327524,17.057763034406598,0
2006-08-20,15.354455786618068,32.336971740597164,2
2006-08-21,24.125448595153006,34.901733805925325,2
2006-08-22,28.062146455061622,17.932659303167956,0
2006-08-23,51.31501517711254,51.55952027526238,1
2006-08-24,41.631691216312056,39.89503343509467,1
2006-08-25,30.331470540036708,33.255318604607695,1
2006-08-26,47.92395627324745,29.531823180438977,2
2006-08-27,68.01138611333936,84.77942404206154,2
2006-08-28,59.595503565185936,91.87606556019635,0
2006-08-29,63.5589683303888,89.39210378468428,0
2006-08-30,11.87119606512104,65.85283990565905,0
2006-08-31,38.51652041645193,40.953302306057665,0
2006-09-01,68.85445530042986,45.85199909690841,0
2006-09-02,64.09588783327018,14.88423833800795,2
2006-09-03,71.80203851188236,40.492460089849445,1
2006-09-04,59.534750942672886,29.580997868916484,0
2006-09-05,90.9453870304713,72.92638040238187,0
2006-09-06,43.407519224764954,93.04353709709768,2
2006-09-07,108.0444208625301,27.16652642990904,0
2006-09-08,18.44987376754936,44.325174655618426,2
2006-09-09,43.48669488456676,39.102407788540305,0
2006-09-10,30.05028026460793,49.01077732799017,3
2006-09-11,69.47555782637923,97.96448517303061,3
2006-09-12,30.5012164809883,83.17852803329252,3
2006-09-13,84.15411468572147,37.39811507005457,4
2006-09-14,55.00894915778845,27.62559395676168,0
2006-09-15,51.31391461168883,50.98150806215356,1
2006-09-16,74.03061021738887,33.51856695409438,0
2006-09-17,31.397253749679876,53.19833901782573,2
2006-09-18,31.437017400844148,65.43483494537287,0
2006-09-19,51.67195741789543,79.38699824693919,0
2006-09-20,39.66728352984094,29.721356664888205,2
2006-09-21,59.681604036761634,73.19543962777973,1
2006-09-22,70.90534552606626,94.26846967214706,1
2006-09-23,35.511167149646646,44.93529554509049,1
2006-09-24,55.52808966584868,48.53655517402993,0
2006-09-25,48.856936852157965,97.74681949173568,1
2006-09-26,53.80764117068977,61.40446639025155,1
2006-09-27,71.8507434198774,11.76606297978057,2
2006-09-28,49.48053613500288,73.66522987771161,1
2006-09-29,21.780051755769026,77.93957460948862,1
2006-09-30,55.059777272283675,79.57578564813706,1
2006-10-01,38.891243470115164,35.20096557700922,3
2006-10-02,72.69612375265297,70.98888469662441,2
2006-10-03,32.57699607021394,53.922132246784415,1
2006-10-04,43.74356960553784,16.856367669257402,2
2006-10-05,24.306510616367262,58.23631190612734,2
2006-10-06,37.99803403114995,99.83227421563305,0
2006-10-07,58.33755868597379,51.39436219771858,1
2006-10-08,71.30519621303256,62.65387581026731,2
2006-10-09,64.25463433460737,53.27564414404156,1
2006-10-10,16.890396041859468,72.57122557682307,0
2006-10-11,55.89241259787193,92.43938881376494,2
2006-10-12,66.42825046093824,10.76363307709399,0
2006-10-13,40.461922993437945,94.5120001312559,0
2006-10-14,45.904178046552445,15.287220156049385,0
2006-10-15,63.18826092490177,69.28051177782648,2
2006-10-16,30.759048773827264,20.66591310919609,0
2006-10-17,20.649890411319603,96.06096748472444,1
2006-10-18,51.20754860512938,55.244663615598235,0
2006-10-19,39.831637787463706,33.33037204747924,0
2006-10-20,67.79775032417257,18.661005801717142,1
2006-10-21,74.90210770027873,87.15104055351229,1
2006-10-22,49.52203952938419,64.56577045231376,1
2006-10-23,20.85353782511108,38.3733744720393,0
2006-10-24,57.57174844181918,89.57410127208514,0
2006-10-25,68.07644239235245,45.37161457187153,0
2006-10-26,60.05385175224769,79.09009523446863,3
2006-10-27,37.08419069559585,20.0690758715209,2
2006-10-28,22.544676923052343,77.741794970109,0
2006-10-29,19.821388600430435,12.769443559819518,2
2006-10-30,36.02266930601276,39.32112481571177,1
2006-10-31,21.211424242841638,11.820578364314144,0
2006-11-01,39.95775025888126,22.999306811844818,2
2006-11-02,24.668992894243434,97.1797142053496,0
2006-11-03,45.233541666802125,51.93484294652506,1
2006-11-04,40.52451851861808,45.16264796407805,0
2006-11-05,45.58553864266804,26.312872967777036,2
2006-11-06,66.0252196687172,13.392464603033314,0
2006-11-07,11.183799728864294,40.63196759679025,1
2006-11-08,53.48695690052733,72.13048418359759,1
2006-11-09,36.161388672776866,61.92999320294638,1
2006-11-10,47.729011024074374,31.759241374189838,1
2006-11-11,53.540688823990656,16.17492677599884,3
2006-11-12,57.96720363929702,55.338672762030264,0
2006-11-13,67.42396363455964,97.03218918208671,1
2006-11-14,67.78800809029782,37.440356641689874,2
2006-11-15,82.16807844780499,13.572066787307463,2
2006-11-16,77.94757905723588,68.73390831894667,0
2006-11-17,65.56665678054813,73.05223278357482,1
2006-11-18,30.85773359091962,77.55970760183826,1
2006-11-19,45.67040715746316,85.70025204020745,1
2006-11-20,28.897091883823926,96.23218161737455,1
2006-11-21,87.04311390657348,35.747210107291544,0
2006-11-22,68.70630903826853,62.722042180444,0
2006-11-23,66.27836714652918,22.44663282858017,3
2006-11-24,22.57799860159126,40.75180328601286,2
2006-11-25,84.93983998573731,59.6028274606169,3
2006-11-26,73.28855533346356,92.38965461100798,2
2006-11-27,53.737711027960835,87.52335863001554,2
2006-11-28,63.70002277127229,47.41817673300905,0
2006-11-29,52.78611821898969,28.84764888240292,1
2006-11-30,51.59032433438186,78.24735411245362,2
2006-12-01,53.21526663467609,57.48495477048925,0
2006-12-02,87.5922326102355,62.167998945604474,0
2006-12-03,57.04348688385717,42.2649846962227,2
2006-12-04,-9.75751940915628,92.34256377582511,0
2006-12-05,46.96711550296993,70.29772934156699,0
2006-12-06,84.33692059406431,18.378126846245138,3
2006-12-07,50.035736385000156,83.91091715522637,0
2006-12-08,17.836270426538732,98.89749746410199,2
2006-12-09,51.077676493740775,61.88530558245875,0
2006-12-10,83.12975807878351,79.53026516937234,0
2006-12-11,36.59300580499227,30.68239440168859,2
2006-12-12,50.89584807929477,28.44905416818002,0
2006-12-13,25.867946396619196,63.69887334201916,1
2006-12-14,52.12350072965883,58.01088039885916,4
2006-12-15,94.19500702969582,47.56237349292189,1
2006-12-16,43.45273450887811,61.01366099118735,2
2006-12-17,79.59355654085013,84.57761112215533,1
2006-12-18,19.87246579204959,39.869990748463984,1
2006-12-19,26.36335658283794,43.143032177856156,1
2006-12-20,56.997619182539495,29.336226987117236,0
2006-12-21,41.86532707506275,51.896878742194986,0
2006-12-22,57.46353453306917,90.2024691501042,0
2006-12-23,54.3768978632419,58.729816635280535,2
2006-12-24,43.97492500617766,84.54220605806726,0
2006-12-25,42.14567338946427,86.72748055067264,0
2006-12-26,71.63725504866773,87.69736373657739,1
2006-12-27,29.40803379296205,61.433344098670375,0
2006-12-28,67.33845417632813,41.20874367981821,3
2006-12-29,76.80133986506863,57.82249015638471,2
2006-12-30,61.721140266051435,80.85237893910019,0
2006-12-31,51.88368102065837,51.60692967547281,1
2007-01-01,34.48356527828737,18.72730383795985,0
2007-01-02,27.859250762410852,35.14580022371162,0
2007-01-03,18.425871486533445,17.52455329015935,2
2007-01-04,8.87192226060749,99.5973664083732,0
2007-01-05,48.717804677308436,12.908388001471348,2
2007-01-06,61.084657877563174,14.572489391972683,1
2007-01-07,81.00585860243365,28.413431924733345,0
2007-01-08,63.143841443940104,94.80337434437268,1
2007-01-09,85.24198696421274,47.22513904877766,1
2007-01-10,49.676299278478396,50.68437727539623,0
2007-01-11,99.513001665507,16.961480828098647,2
2007-01-12,59.741100691547985,33.71202660279205,2
2007-01-13,55.97854561862206,47.44713355916859,1
2007-01-14,66.58055956937143,13.745867376168555,0
2007-01-15,61.50463196437457,43.48443282990921,1
2007-01-16,65.03817860052314,31.02394394490317,0
2007-01-17,85.63830085808736,45.59778602272278,0
2007-01-18,56.812420960591645,75.20221216148971,1
2007-01-19,44.62283912692907,26.610851886574086,0
2007-01-20,66.35036556310791,27.801752642374645,1
2007-01-21,44.66038787351908,54.16179361394995,2
2007-01-22,46.55581076183262,66.45110766924189,2
2007-01-23,52.611790755761675,31.031001390863672,2
2007-01-24,56.54735021475512,63.778474576618564,0
2007-01-25,41.05609767770618,34.20955648273835,0
2007-01-26,67.20567356537373,33.68803670422244,2
2007-01-27,73.59262136928943,70.57829021602927,2
2007-01-28,41.47584833301573,22.75912873475339,1
2007-01-29,70.27221655094529,83.18849159377865,0
2007-01-30,34.95646529731487,53.0327649170236,1
2007-01-31,37.51857146928718,29.762976466478214,1
2007-02-01,70.381870874522,56.040982318778326,0
2007-02-02,69.21024785948958,85.001364586926,0
2007-02-03,56.183744002947996,61.2595677914485,0
2007-02-04,24.972020007632096,24.9633350428701,1
2007-02-05,46.52338040699626,85.27330036002333,2
2007-02-06,9.412425723658927,15.590679577335136,0
2007-02-07,66.17891810951878,26.995909005481714,2
2007-02-08,45.40346200771982,57.112397299684346,2
2007-02-09,50.20122789492833,53.64125730308857,1
2007-02-10,66.2946781983876,71.65690314834134,1
2007-02-11,58.70559181189548,42.816823875577526,4
2007-02-12,57.25565337065701,81.71877953230825,2
2007-02-13,25.134726174820265,78.56761515169673,2
2007-02-14,56.85716211547302,61.538948738516055,0
2007-02-15,75.15372934162367,35.67171765226708,1
2007-02-16,57.8177819878623,99.60497915565577,3
2007-02-17,55.26419265241454,78.1082572073871,2
2007-02-18,29.189445352113882,69.67955709473394,1
2007-02-19,57.8694480246307,70.82955239470432,1
2007-02-20,21.812880280999693,58.90507500498572,1
2007-02-21,62.6526249164436,84.96151560720111,0
2007-02-22,57.56849047766748,40.84008648941185,1
2007-02-23,17.97726048059257,86.46279492201629,2
2007-02-24,46.38324057520238,93.94828300713453,1
2007-02-25,68.3925282572605,19.466439371852182,2
2007-02-26,62.213678825128454,31.798001634535844,4
2007-02-27,73.46873998349452,11.730342421345021,0
2007-02-28,58.4019035147042,94.45379348580931,2
2007-03-01,44.26082386735971,42.254474010373585,2
2007-03-02,49.99780642432856,55.94752245969287,0
2007-03-03,52.59197085145645,32.75122614804813,2
2007-03-04,23.082699393546193,42.69863378068165,4
2007-03-05,50.764545914221245,92.91844601334299,0
2007-03-06,65.87893292763185,27.59743848387616,3
2007-03-07,55.47402830662363,27.965126227539546,0
2007-03-08,66.98817602914083,45.97173375302869,0
2007-03-09,63.11383991804753,34.860980309388395,2
2007-03-10,23.664265281661315,68.2286130548946,1
2007-03-11,-2.8284788658409994,93.16527557751824,0
2007-03-12,54.5327530144216,39.62678188760724,2
2007-03-13,28.88576695164193,61.41482147203981,0
2007-03-14,18.035839208120777,34.89356842086515,2
2007-03-15,39.97491028778002,29.01371850290535,2
2007-03-16,26.25748321331971,57.285614695194695,1
2007-03-17,59.77435482431254,51.40446231053133,2
2007-03-18,46.51601793526796,70.99860072363217,1
2007-03-19,22.1966981034469,45.52595154536191,1
2007-03-20,23.692827385199386,28.790932153007088,0
2007-03-21,85.66308757050464,26.495202566386663,2
2007-03-22,51.91800058899352,53.474819655925344,0
2007-03-23,53.66331671964214,55.81841203569354,4
2007-03-24,75.01677201043444,86.55245254180139,1
2007-03-25,102.7962212580154,70.16699565050718,2
2007-03-26,42.82857922130934,37.648240387240726,0
2007-03-27,50.872368042596875,15.711774601199476,0
2007-03-28,39.633175706152244,84.26999804348287,1
2007-03-29,79.76469057531051,99.4655840701583,1
2007-03-30,22.695669402580315,36.24434464726146,1
2007-03-31,45.640568866356915,99.3744725648794,0
2007-04-01,30.381861520939786,86.07909335478347,1
2007-04-02,36.94967776166847,99.16203167870209,4
2007-04-03,35.05358005494241,92.47002065540273,0
2007-04-04,31.344127936832674,99.77330374848128,0
2007-04-05,42.201684862420244,12.362581627973501,0
2007-04-06,44.93973201876603,47.77994127589199,1
2007-04-07,65.33137235743207,74.6270750699653,0
2007-04-08,28.28760808175047,45.998777791704185,1
2007-04-09,51.92412403652819,71.40886087834903,0
2007-04-10,4.240911807734236,40.174161457297906,0
2007-04-11,53.29280600954721,41.12104556093767,0
2007-04-12,25.796445922708976,50.39443831309245,1
2007-04-13,32.86228481043663,71.72246203277177,1
2007-04-14,54.67913082442664,55.72660854068074,0
2007-04-15,65.52662262590975,47.077586026892305,0
2007-04-16,78.90692817340879,75.40855102003496,1
2007-04-17,54.610867076977584,24.980921705303174,0
2007-04-18,51.15139056464041,36.52439263099476,0
2007-04-19,51.228893430844266,44.97343968725584,0
2007-04-20,14.824282143403416,82.60049578410498,1
2007-04-21,48.95660152374856,64.67303971715106,1
2007-04-22,57.454069366653016,81.02726671513464,0
2007-04-23,36.67360021352478,58.54148336832761,2
2007-04-24,77.86339394864123,61.40627429491703,0
2007-04-25,23.912483645541283,83.7083963259426,0
2007-04-26,59.443937114778734,44.20503406145334,1
2007-04-27,52.012791261353144,24.298810454716282,2
2007-04-28,57.791278154124186,74.1340762015709,1
2007-04-29,67.47721692545586,32.48275203753839,4
2007-04-30,-0.4952926179869621,40.689044335556105,0
2007-05-01,71.21382851239066,92.04636274455939,1
2007-05-02,53.42799500579225,63.37256407763408,1
2007-05-03,64.29261221227955,62.88406279797851,3
2007-05-04,76.08797936168418,74.03810864466428,2
2007-05-05,69.878509666614,17.54179953567025,0
2007-05-06,62.799751426634245,67.31814089025823,0
2007-05-07,27.635306192171335,81.17274971125076,0
2007-05-08,29.6477489500343,45.43208101102571,0
2007-05-09,74.84712042703279,64.78905690934857,0
2007-05-10,42.499410760514614,35.80663887813914,0
2007-05-11,95.03890088506002,94.17355320358247,2
2007-05-12,66.00958827407074,41.162305945692836,0
2007-05-13,64.50873083723499,17.612431854357013,0
2007-05-14,32.49606606827122,57.07766865730033,2
2007-05-15,21.842646916663053,49.52270528116719,2
2007-05-16,80.84964411882555,61.69202803986622,1
2007-05-17,79.10485326357245,33.67064882580506,1
2007-05-18,72.34377527299648,56.31248925447347,1
2007-05-19,62.03842662447743,67.65835201109014,0
2007-05-20,25.11037791428089,40.526640203547544,2
2007-05-21,21.703878013699477,59.215356861675794,4
2007-05-22,55.33707291623538,66.48071240663984,1
2007-05-23,58.589434464565414,67.71143411801748,2
2007-05-24,65.37523489013908,86.98814340920106,0
2007-05-25,74.29310738654299,26.20505323076938,1
2007-05-26,32.59903316719153,73.88556758702913,4
2007-05-27,28.252464428351153,97.07889649797664,0
2007-05-28,58.36629621383972,93.17919494169998,1
2007-05-29,79.49458130012098,84.66497755311336,1
2007-05-30,67.11926432731624,80.34205220197737,2
2007-05-31,54.06159213758686,64.37966359263092,1
2007-06-01,66.00898725067036,43.9290328955173,0
2007-06-02,46.31439063549781,68.71311666960435,1
2007-06-03,45.423095843881235,14.71638352166052,2
2007-06-04,53.192582196381174,70.90756148892997,0
2007-06-05,46.29073851007901,18.43592140814337,0
2007-06-06,32.20048991050675,40.88365475689983,1
2007-06-07,54.20055263327067,61.875422966605164,0
2007-06-08,37.05200049185768,54.75236033385958,2
2007-06-09,62.136655239344435,28.337345900876876,1
2007-06-10,36.926381509709366,64.31827590121898,1
2007-06-11,32.811063627333816,25.488083461892273,3
2007-06-12,78.93089907822926,64.28150765595532,1
2007-06-13,17.545797638502656,49.029878872965504,1
2007-06-14,73.58598850650185,19.1059673442158,1
2007-06-15,49.00008131720298,15.522703285054897,1
2007-06-16,42.25477988115547,50.69567355632575,1
2007-06-17,46.47399879641512,72.68024099115834,0
2007-06-18,37.480158516087364,22.818857042231823,1
2007-06-19,60.04208858192155,69.4218501220503,0
2007-06-20,59.82125215024933,50.813890422199464,1
2007-06-21,76.24185316909313,16.640546616202826,1
2007-06-22,39.98346534214498,80.76174686901207,0
2007-06-23,58.44060445865644,60.72053195619851,0
2007-06-24,70.15608468811709,48.50424785795163,0
2007-06-25,16.590221939607495,91.02334165613934,1
2007-06-26,40.20073248369623,85.80580311320561,5
2007-06-27,59.079306894614746,46.380408795621335,1
2007-06-28,78.59820969523584,38.69040369701848,2
2007-06-29,64.95016586363784,90.83301801130862,0
2007-06-30,56.945714206856415,86.6556021038999,0
2007-07-01,24.409295540481054,25.524620918884022,2
2007-07-02,53.537331473918016,65.05585661782769,1
2007-07-03,29.393718314696848,35.94340011203204,2
2007-07-04,50.1316829544532,87.86810393397906,1
2007-07-05,59.29124657748266,79.95595503559895,0
2007-07-06,32.65671747727035,43.65093173251687,0
2007-07-07,42.10386738055484,65.26256752066921,2
2007-07-08,53.851149887086606,20.15246629286205,1
2007-07-09,47.31526967300774,85.559666743491,1
2007-07-10,57.24424480828996,18.978630206971154,1
2007-07-11,53.79984537810951,94.18052786685445,0
2007-07-12,41.82032026384426,65.47109990390089,2
2007-07-13,42.819582742990434,13.809709697766497,1
2007-07-14,9.664166571692263,53.62227082231828,2
2007-07-15,17.25030445018723,43.60447192924725,2
2007-07-16,43.42855407375669,77.58759394511259,0
2007-07-17,51.911064786678224,20.95214961700421,0
2007-07-18,-7.081907665514734,28.693135333498827,2
2007-07-19,4.405433904664065,96.16894483405599,2
2007-07-20,51.88346278374889,36.87053315735653,1
2007-07-21,51.75909099850766,81.14779068825798,3
2007-07-22,25.56973558854187,28.16476071710504,0
2007-07-23,55.89702063246009,49.80803590308194,0
2007-07-24,66.81755574760865,33.64394102927153,0
2007-07-25,18.071037109183518,32.674814429608276,1
2007-07-26,57.596496306645406,71.64434123172225,0
2007-07-27,69.16330278810628,76.74198773085331,1
2007-07-28,59.46444533812797,19.250886197761403,2
2007-07-29,16.881268133127648,59.184913490816236,1
2007-07-30,64.5858651381652,12.601128134922295,0
2007-07-31,61.19607415282619,48.06860626062289,1
2007-08-01,56.330387535198184,36.76712345870695,1
2007-08-02,35.47140933954918,51.215318186880545,0
2007-08-03,116.65209983700798,44.480199710172215,2
2007-08-04,83.18414233313766,25.42104072019783,0
2007-08-05,63.390953210546186,10.687073054152112,0
2007-08-06,68.75694282753834,48.849712366640986,0
2007-08-07,48.206655831415475,12.449777093094939,1
2007-08-08,73.94153680951239,12.431600109504009,1
2007-08-09,38.84854271096093,41.966282570051334,0
2007-08-10,56.039938734680824,67.64688207130672,4
2007-08-11,43.02898272443434,81.56032021990534,1
2007-08-12,58.804008752528816,22.245803502375757,0
2007-08-13,78.9023624781257,23.222864544405553,1
2007-08-14,62.2472783207717,64.17076058888568,1
2007-08-15,28.251287740042656,74.21202047802417,0
2007-08-16,22.73485200338395,44.66677097430187,4
2007-08-17,40.70057841368438,88.15665107263827,0
2007-08-18,40.09832676618905,98.06448752234955,3
2007-08-19,70.54307772468856,55.663789116491316,1
2007-08-20,52.380564425560685,57.11733572190188,1
2007-08-21,68.69608601975978,35.944558041721564,0
2007-08-22,22.998582362465076,18.7686776499742,1
2007-08-23,109.15253293312482,80.83119042562603,0
2007-08-24,26.767456693798067,76.7666134809212,1
2007-08-25,58.25191501271509,66.85440455211162,1
2007-08-26,0.07922553651815889,22.125890168094664,2
2007-08-27,28.12520260470523,16.889154889456897,1
2007-08-28,61.11296220193953,27.92295991613793,3
2007-08-29,53.421245695369386,10.165934087230646,2
2007-08-30,40.585796313968686,78.84960235501674,2
2007-08-31,13.6090714561183,71.71461480071414,0
2007-09-01,32.163095815973136,28.845496546532647,0
2007-09-02,67.10783726735069,35.66158605637064,0
2007-09-03,52.86898019450607,90.03362777353367,1
2007-09-04,61.75173029166993,33.80972159351917,1
2007-09-05,53.25165001021238,91.57650152964973,1
2007-09-06,25.17826746975328,85.11720817830202,2
2007-09-07,17.566260365529878,57.069874165801174,0
2007-09-08,44.865883346205095,38.13765248390984,4
2007-09-09,46.726935664076755,99.74026709860719,2
2007-09-10,60.27497121110743,10.98230385448692,2
2007-09-11,75.05883217705754,29.105054296906253,0
2007-09-12,37.492943630953405,62.567110834672455,0
2007-09-13,39.318450358734125,20.488536516980776,0
2007-09-14,66.79001497129153,23.727394632176228,1
2007-09-15,66.08560029114234,32.11968904463884,1
2007-09-16,31.881849958072348,97.49795818931567,0
2007-09-17,46.32655296346579,99.50985646912443,0
2007-09-18,42.00026426694595,96.66123313316875,1
2007-09-19,56.34282445161281,33.17598988232868,1
2007-09-20,73.75282886720197,34.29570951485796,0
2007-09-21,63.73026816948333,49.83669448374916,0
2007-09-22,40.209754395603284,46.81435894324717,0
2007-09-23,47.177743407856205,57.70754932149699,0
2007-09-24,42.153475918297126,48.91206388348216,0
2007-09-25,46.38083955299707,13.816939039904703,2
2007-09-26,30.776029851976453,77.69535075335615,1
2007-09-27,61.921176711458266,70.02327599379461,1
2007-09-28,42.51452364623322,73.89059020370775,1
2007-09-29,39.26630684878771,56.1477885656403,1
2007-09-30,37.50077105807005,50.88255540683171,1
2007-10-01,57.418242231264436,14.09527502821464,1
2007-10-02,41.85421343890626,26.6594780548618,2
2007-10-03,50.41846190087893,28.65562094361039,2
2007-10-04,43.935218665724264,61.60889926615439,2
2007-10-05,36.80925151772625,18.314414530578276,1
2007-10-06,40.665171859925806,40.16322610012537,0
2007-10-07,34.46014131409397,57.1589051047863,0
2007-10-08,23.000551443925662,11.501351414290028,0
2007-10-09,83.58458978258568,15.328881828494579,1
2007-10-10,56.64886025316747,52.8380226207569,1
2007-10-11,42.49618742165651,33.911680419614164,0
2007-10-12,65.66332753533361,78.5482398815264,1
2007-10-13,21.7141237688065,77.44491448370566,0
2007-10-14,39.001615648513905,20.561586405204615,0
2007-10-15,47.80197562366429,61.315261763643555,4
2007-10-16,51.79219876176082,18.95418117235061,1
2007-10-17,68.72839806175625,52.68769425519989,0
2007-10-18,44.98623518907113,86.4697852965338,0
2007-10-19,8.642039755666787,91.0570162974893,0
2007-10-20,42.00394688475728,77.86995892694938,0
2007-10-21,34.47446237616212,42.70593702049194,1
2007-10-22,14.991423039675212,51.190837152033374,1
2007-10-23,60.09023866800587,46.64931499619423,2
2007-10-24,73.44497399475037,94.7724619252468,1
2007-10-25,39.18446698785243,94.01176691339282,2
2007-10-26,23.195364051438055,45.290094299229054,0
2007-10-27,35.69912370526359,88.00187991676788,1
2007-10-28,68.80393817363941,29.03079093878069,2
2007-10-29,31.581757410501968,76.34309186262739,2
2007-10-30,68.28673930460461,62.49639578748175,0
2007-10-31,67.92179355966132,95.61286474990357,1
2007-11-01,42.17608169080442,66.47328715468973,0
2007-11-02,54.01116347339557,47.02349863096137,1
2007-11-03,59.28550437729501,64.71488395860291,3
2007-11-04,93.50620246949603,83.85517115941057,1
2007-11-05,61.6558352256281,84.36548392674226,0
2007-11-06,42.40093970150271,27.705425495879172,1
2007-11-07,58.1297889751754,97.90558387563931,1
2007-11-08,57.8802446503196,90.70704646263601,0
2007-11-09,66.75256124052224,90.37888522477968,1
2007-11-10,59.661944052774416,13.30046356394093,2
2007-11-11,37.98537370200663,34.561618090144094,1
2007-11-12,42.783514187736785,51.431615725427456,1
2007-11-13,73.2061167275019,17.193588625447664,1
2007-11-14,56.59186764361282,55.50126349214356,1
2007-11-15,37.57217953473303,58.19481116726525,2
2007-11-16,54.49358681723846,27.80155511599968,2
2007-11-17,33.749055780206255,61.58617794583114,0
2007-11-18,64.2128000421839,55.35981353170283,2
2007-11-19,65.80024091697462,74.0720464252372,0
2007-11-20,46.340000623411825,27.35596406605951,0
2007-11-21,57.13393396618409,78.42893667238799,1
2007-11-22,49.02377774133599,46.106123109335385,0
2007-11-23,53.28526616405279,69.57839779415534,2
2007-11-24,63.26078527514357,59.97990183809405,1
2007-11-25,30.98738641700771,52.45892135185602,2
2007-11-26,43.1298070560657,28.57576055869561,0
2007-11-27,87.40291011488983,44.87229714663755,0
2007-11-28,51.13885267765981,85.05576501297966,3
2007-11-29,46.84763495918013,83.55645671453702,0
2007-11-30,37.386654252812434,17.378899649564737,0
2007-12-01,59.6996799207016,35.687094000350854,0
2007-12-02,69.66429392291836,41.85523724502527,0
2007-12-03,41.92548531999616,42.19824851338188,1
2007-12-04,71.3089421630601,64.55505301715385,1
2007-12-05,37.80437675077812,37.881021996460575,2
2007-12-06,41.050397461122216,27.493489795588758,3
2007-12-07,61.33089688449375,63.052058366812844,1
2007-12-08,66.73922142448684,50.38715008821453,1
2007-12-09,81.61936945780724,14.927745473449304,3
2007-12-10,36.378634936429876,78.1293320522839,2
2007-12-11,36.00439987323707,19.985365362469906,0
2007-12-12,49.62650414962963,67.39206493022941,1
2007-12-13,53.6689972944392,42.82868492502549,1
2007-12-14,25.555366274894908,19.745867896173493,1
2007-12-15,74.08876908757875,32.51609973191713,1
2007-12-16,85.21270574044419,81.71884873448276,2
2007-12-17,39.304943041104174,61.86354957600989,0
2007-12-18,44.924356000893404,81.6971529603526,2
2007-12-19,60.9879012821468,68.30512536876697,1
2007-12-20,30.63038904465173,29.04491327758452,3
2007-12-21,76.27043036731669,12.151902142575006,1
2007-12-22,92.27573160340911,24.895263058559994,0
2007-12-23,73.2852057304876,36.65708298216384,1
2007-12-24,47.55847459141176,11.389375830927586,1
2007-12-25,55.67193243985273,13.7973139777561,0
2007-12-26,29.3362280544865,57.63608820404722,1
2007-12-27,51.0638462530361,76.35163122709623,1
2007-12-28,53.53487604068504,78.15666868347485,0
2007-12-29,85.66752792860052,89.10931370744649,1
2007-12-30,42.61143511848179,31.05377207695615,0
2007-12-31,52.07059836905053,51.72895591773247,2
2008-01-01,34.76562805125867,26.89756209752364,0
2008-01-02,53.670233733365876,16.550491077541558,3
2008-01-03,83.52489216035238,42.06020283909493,0
2008-01-04,60.37522751094731,95.24313126002735,2
2008-01-05,62.523561249350166,41.22610755781291,2
2008-01-06,53.18017195884948,90.89472961441977,0
2008-01-07,4.050928861110357,52.843681724469164,2
2008-01-08,81.72778883504823,35.129930910084596,0
2008-01-09,92.19455790752221,17.315810605835345,2
2008-01-10,34.25255219157626,65.49772942384016,0
2008-01-11,29.028224919370096,19.57396773504926,0
2008-01-12,38.487646696199754,55.13393840303294,1
2008-01-13,47.1942025546146,25.214170939436706,2
2008-01-14,46.696756809826674,35.17389873284638,1
2008-01-15,34.89782082416832,42.085173449242085,5
2008-01-16,53.803531194992196,16.606383101720077,2
2008-01-17,16.99024675860162,61.11948641611119,0
2008-01-18,64.75098920963853,75.2547116648344,0
2008-01-19,36.43903569538155,91.50954413274225,2
2008-01-20,33.10329564835993,58.322339837321955,1
2008-01-21,95.38055612926854,57.48480795650031,1
2008-01-22,45.29905450706941,60.25611175881469,1
2008-01-23,19.951255287231227,51.40151174691364,1
2008-01-24,91.34801613705706,84.06291421846883,0
2008-01-25,26.261187138068635,28.573326272191046,1
2008-01-26,76.64878918936478,90.4688477602281,1
2008-01-27,67.1694936875113,68.74593869934127,0
2008-01-28,50.3787416461894,17.680414015925127,2
2008-01-29,31.09729247631946,73.16699086816664,1
2008-01-30,60.76092376564911,68.69241381672961,0
2008-01-31,24.73683278061221,63.915928443606205,2
2008-02-01,77.51932450960936,82.14361742596691,0
2008-02-02,60.859813793132325,83.65286668740035,0
2008-02-03,58.42189312322971,44.66403762138697,2
2008-02-04,35.34109903622693,45.5046388750918,1
2008-02-05,27.350810558540026,78.08832893190785,1
2008-02-06,7.354236663956641,30.3296224900884,3
2008-02-07,79.0353266075398,87.10541688890967,0
2008-02-08,39.31795021510328,11.273694816043538,2
2008-02-09,59.08382719159745,89.87538332390959,1
2008-02-10,-17.69290258035828,64.26302355011563,2
2008-02-11,36.74228648662044,44.719205392197644,1
2008-02-12,67.37344990894655,27.50439365075974,1
2008-02-13,28.255760380462945,22.095988561369644,1
2008-02-14,54.03100782199757,46.540537930230435,1
2008-02-15,31.30670452288021,36.48908478128049,0
2008-02-16,70.14593477851531,61.097801315313056,0
2008-02-17,50.909061633208154,32.67896642644544,1
2008-02-18,77.10366031105485,41.421344310405345,3
2008-02-19,36.08954559410922,80.93972843554904,2
2008-02-20,39.12707265511455,34.03671188041666,0
2008-02-21,28.383626470089528,71.01968362770145,1
2008-02-22,33.76463218210468,56.2045349501994,0
2008-02-23,20.797032132562187,66.11452566048203,0
2008-02-24,52.0274663544039,88.90741528780347,3
2008-02-25,68.63462906212835,29.897587478498803,0
2008-02-26,80.66604169284611,55.0400063708264,1
2008-02-27,69.27168358992677,32.497972021983294,2
2008-02-28,61.58553917611557,98.22673528496924,2
2008-02-29,51.42330517803863,65.34210505255265,1
2008-03-01,41.246843101756824,53.41245212289437,0
2008-03-02,85.8830275146587,99.88679282932297,1
2008-03-03,44.06759714698059,65.1114882657887,1
2008-03-04,41.94457666368506,77.39840953015589,0
2008-03-05,55.695954000469875,18.005348972598874,2
2008-03-06,69.03369366276866,32.461974934598,0
2008-03-07,67.58478287358383,93.12578014768698,0
2008-03-08,82.1761392816366,46.32865006513172,0
2008-03-09,33.26373317552053,75.63426484411751,0
2008-03-10,54.806186994361575,35.80218236419408,0
2008-03-11,83.67209651983819,83.13269007574912,0
2008-03-12,43.6686663354049,33.29271725460658,3
2008-03-13,54.73769431186678,36.18882548461164,1
2008-03-14,36.754307033400394,63.7577958875274,1
2008-03-15,38.56671868930586,89.03593309987016,0
2008-03-16,57.88605451825971,18.574524768345405,2
2008-03-17,40.6661832313643,29.056382554927886,0
2008-03-18,48.50875797845981,52.021974542985,0
2008-03-19,37.701394369153164,97.1105824326761,1
2008-03-20,43.39392874222227,70.54586715813323,1
2008-03-21,53.38257017556741,90.89371931838939,0
2008-03-22,58.913485697250835,19.077802707057916,1
2008-03-23,44.089417159405,42.275235405916646,2
2008-03-24,33.47990740720741,77.9457313778967,1
2008-03-25,6.3471625683517345,13.85969182071128,1
2008-03-26,25.82181540611087,92.69448358351234,0
2008-03-27,43.23638757297345,63.86749808915835,1
2008-03-28,27.03266589066629,91.04281510861696,0
2008-03-29,35.736164865077654,75.82033130872165,1
2008-03-30,14.55710658102712,50.72152446075893,2
2008-03-31,52.587694690568426,64.15869250993359,2
2008-04-01,77.5370624256755,29.13288263775752,2
2008-04-02,48.687836103911216,86.76881654038543,2
2008-04-03,56.67988656278147,87.81122413790821,1
2008-04-04,69.97875914232863,19.026872678018847,1
2008-04-05,26.254470526828552,74.54238248493975,1
2008-04-06,37.48551470492571,48.83946121401729,2
2008-04-07,113.90532330062663,99.49424831509195,1
2008-04-08,56.07709870635866,59.47966905388693,1
2008-04-09,67.25202855602895,69.2483745183952,2
2008-04-10,29.487184074556204,87.54398787253038,1
2008-04-11,67.95903171311559,64.18698845072387,2
2008-04-12,43.037910848222424,39.52002680913375,1
2008-04-13,29.89257519677188,59.06720285543398,1
2008-04-14,5.284524111621536,19.55314841325569,2
2008-04-15,66.1526073574289,34.60385750567319,0
2008-04-16,80.8496199834916,52.86867506735608,2
2008-04-17,22.90179013012809,47.8942418893516,1
2008-04-18,59.47467315400419,54.339873294472895,4
2008-04-19,64.20087781201585,69.85464641808466,0
2008-04-20,53.021203936750936,79.83075947116201,2
2008-04-21,53.91465077885407,55.19662508739992,0
2008-04-22,19.352398535976235,60.14243515864704,2
2008-04-23,101.19782001696379,67.96888329019265,1
2008-04-24,54.13782312515303,27.446699719067762,0
2008-04-25,48.88959662020563,59.03502692868788,0
2008-04-26,34.83311612759155,47.5649906647663,1
2008-04-27,38.06197237067778,37.801240090015874,1
2008-04-28,45.9112394774889,14.903323789583101,0
2008-04-29,97.25720675936223,43.80708183262622,1
2008-04-30,23.13662525783372,76.38195703442464,2
2008-05-01,56.77504062875385,79.51257987689166,1
2008-05-02,59.06632379376563,40.07620179896158,5
2008-05-03,42.93373508954248,80.38987882015148,0
2008-05-04,71.95981253635497,96.6703159932095,0
2008-05-05,63.44272861380967,71.39671574988506,3
2008-05-06,36.19693670629432,27.01951904220524,1
2008-05-07,69.80368373545613,15.170893283474507,0
2008-05-08,63.522129998813,79.4215601206443,2
2008-05-09,69.91305324850805,16.081813237179226,0
2008-05-10,49.65314017391516,14.658208726809168,0
2008-05-11,41.85383398421788,79.21955824003403,3
2008-05-12,68.38178647467097,54.73154757430358,1
2008-05-13,44.31625651838951,67.64478048509517,0
2008-05-14,44.29760913303795,74.97567266668794,2
2008-05-15,51.38515576322775,69.86324516998755,1
2008-05-16,51.80979535040358,31.25440817586258,2
2008-05-17,66.13618596296848,69.94292958942961,1
2008-05-18,44.612268345156046,49.59602173461446,0
2008-05-19,25.362319654994835,18.61720699097461,1
2008-05-20,71.03030874807516,87.62898110257665,0
2008-05-21,71.51074425029023,33.06545152111188,0
2008-05-22,33.92574559597627,29.599088377257672,1
2008-05-23,75.90227303655094,93.00584027480038,0
2008-05-24,40.30238164822999,47.08918056716847,2
2008-05-25,27.423455360953376,73.98093735544131,1
2008-05-26,68.19103447337018,82.46127465408182,0
2008-05-27,83.80632728772214,55.48384776088969,2
2008-05-28,36.069547178079524,65.03084826567385,3
2008-05-29,42.195036864297805,35.4273871678092,0
2008-05-30,49.58525959275723,21.33418084478157,2
2008-05-31,51.03403001447374,32.58634071175913,0
2008-06-01,61.27183263197267,25.934180368249528,1
2008-06-02,3.4940377804044687,75.82305913609157,3
2008-06-03,-3.139064678254286,96.93774878081179,0
2008-06-04,27.305581382678376,93.70512226826803,1
2008-06-05,76.21857531653886,31.79746937759745,0
2008-06-06,31.834209003187503,47.04930214463713,1
2008-06-07,79.32325809707481,65.8657647296828,2
2008-06-08,93.74532192295366,44.184584738451505,4
2008-06-09,74.4778332780203,33.01756255052908,1
2008-06-10,62.850512460574144,13.150218516468382,1
2008-06-11,40.37915920148149,78.4886969080123,0
2008-06-12,55.33534050689178,56.09753716916921,1
2008-06-13,61.81484699759357,11.529988459406331,1
2008-06-14,20.353662194921096,77.2320165023022,2
2008-06-15,42.72162618503428,93.47816982207785,0
2008-06-16,66.42564090814273,35.61339102286445,1
2008-06-17,60.24788942957653,19.840007355758956,0
2008-06-18,49.945812282848024,24.012924101522074,0
2008-06-19,31.5126078641372,68.90041053831897,0
2008-06-20,21.231027024720383,91.73024688025266,0
2008-06-21,29.000546592803943,55.57846051401406,2
2008-06-22,49.69884452086273,60.65194356601551,1
2008-06-23,36.90072010874054,54.00390708060958,0
2008-06-24,39.640252588161204,29.17450799967468,0
2008-06-25,66.38300090190916,48.70356423428888,1
2008-06-26,47.457439756437694,89.35726822896586,1
2008-06-27,56.57451125487257,52.34548903732565,1
2008-06-28,53.176556622514866,38.61820324388041,1
2008-06-29,44.13389834069908,57.00412195074486,0
2008-06-30,32.44935581809616,40.24640744230281,1
2008-07-01,68.87401785689946,86.15319907429522,0
2008-07-02,48.57037237863745,53.40937875584083,1
2008-07-03,39.587726809660296,68.84099202743229,3
2008-07-04,63.56092391935296,44.44185305881122,1
2008-07-05,57.59473586418006,87.67954021385263,2
2008-07-06,39.74687110423542,48.452217275042024,0
2008-07-07,-3.5507917581059303,21.19603860940107,1
2008-07-08,66.94698122959163,61.68635643553013,0
2008-07-09,74.86355761013225,75.76986539332216,1
2008-07-10,58.58633167293562,30.718514608568114,0
2008-07-11,74.83637718449665,31.243010982519053,1
2008-07-12,60.81629292763563,37.44010291078719,1
2008-07-13,83.97485127788353,20.41596463301576,0
2008-07-14,41.20421306847085,17.990927251266676,1
2008-07-15,25.716874138301755,74.03086520074253,1
2008-07-16,59.56836227496787,61.453157980784354,0
2008-07-17,32.36655135537843,47.189199929352874,0
2008-07-18,55.0815085665837,68.86447214049957,0
2008-07-19,67.20886092053074,79.49718626810349,0
2008-07-20,19.77999813271974,63.49698631185874,2
2008-07-21,38.05599486677616,61.29312484388634,0
2008-07-22,66.1667987906896,86.06525410511473,2
2008-07-23,76.79520436715748,37.41846985378351,0
2008-07-24,46.31245591429464,54.95148770095596,1
2008-07-25,95.72099195731198,52.64917364111216,1
2008-07-26,48.821444943828375,95.11094894988183,2
2008-07-27,55.84994690470232,78.54416121344134,1
2008-07-28,60.727433204398885,41.08866207363394,0
2008-07-29,65.44289356673515,99.38139789276812,1
2008-07-30,42.69986484471176,42.08412457924803,3
2008-07-31,60.12253769928828,27.51901413813979,2
2008-08-01,66.73983990282375,99.30902565910401,1
2008-08-02,52.43766666327553,39.780951845947556,1
2008-08-03,63.079803600740306,63.27705623483508,2
2008-08-04,45.9502391984614,75.4566867052355,3
2008-08-05,36.161105672038204,93.35188955166157,1
2008-08-06,72.56573574911286,18.32601318536516,3
2008-08-07,16.168498009315023,57.7700704464571,3
2008-08-08,69.1136026497558,90.31526471078242,2
2008-08-09,51.46599348859026,24.172139782664082,0
2008-08-10,60.230336056626896,97.09012294012501,0
2008-08-11,68.16139189599767,63.02186689254699,1
2008-08-12,52.12383215179686,30.357132412859407,1
2008-08-13,68.92733539101457,62.134674860813256,2
2008-08-14,54.14922188349318,89.56387239988095,0
2008-08-15,46.414051176199116,54.399118336794686,1
2008-08-16,19.059004477720404,34.83708070010351,4
2008-08-17,50.475170334461424,99.20385447784716,0
2008-08-18,48.29637754382935,63.90817468458039,0
2008-08-19,69.64671385877921,45.445309822851584,0
2008-08-20,57.872150796613,27.13335347410277,1
2008-08-21,63.66764201860195,45.68705837382678,1
2008-08-22,49.80879483438868,99.50513054505666,2
2008-08-23,61.101904804353666,35.00936990985048,0
2008-08-24,40.920423699373885,93.31193544724319,1
2008-08-25,54.519285755862654,23.17368565641824,1
2008-08-26,45.828760471580566,56.83542723517415,2
2008-08-27,50.502417651087065,97.40821483785665,1
2008-08-28,30.157015515581158,99.66243669935281,0
2008-08-29,40.78511009906285,27.243008687095987,2
2008-08-30,55.51609309919735,29.61991823406856,0
2008-08-31,23.82341778577443,44.28494973774226,2
2008-09-01,39.38240098228668,73.55473954592078,2
2008-09-02,46.84574217944575,80.81579566201631,0
2008-09-03,63.87622657576152,68.13123119575855,2
2008-09-04,73.04580257950896,53.624031868925414,3
2008-09-05,22.638625777791397,26.66791839984618,0
2008-09-06,60.238468421917766,76.34295445855926,1
2008-09-07,37.81017173810636,30.079158336518024,0
2008-09-08,44.43082465443814,52.20191779655751,0
2008-09-09,44.38271425353708,97.75669075273402,3
2008-09-10,79.68448255399458,28.21803089977965,2
2008-09-11,69.77849877018076,86.69573622110936,2
2008-09-12,66.43231736424308,73.68850048614902,1
2008-09-13,45.35038917546974,85.89195423237474,1
2008-09-14,72.40569410594566,14.932285483639944,0
2008-09-15,66.22796035323181,43.80090793200233,0
2008-09-16,57.583829094668516,26.468379898046834,2
2008-09-17,59.570593438691816,89.27110208141949,2
2008-09-18,22.305110306169972,47.48101981167614,3
2008-09-19,52.0845320285113,72.85520039524978,1
2008-09-20,39.67291094373081,99.01719403655667,2
2008-09-21,28.41979408050583,83.51663026290062,0
2008-09-22,64.06704505396215,54.549584417939336,0
2008-09-23,53.677071624268876,97.71211015549743,2
2008-09-24,31.644212743038494,64.72382795957385,1
2008-09-25,14.584969963405051,69.3672556170026,0
2008-09-26,45.50835994841993,13.073334626934141,0
2008-09-27,39.35745103185984,33.900444710472954,0
2008-09-28,77.06358455182634,84.4677930894976,1
2008-09-29,44.61237151826068,44.023146859467985,0
2008-09-30,59.509950903437826,43.890306047743024,1
2008-10-01,68.58704580128045,83.2431977338988,0
2008-10-02,45.9036814125804,42.987371623481096,1
2008-10-03,18.062801427704407,31.38105428998553,1
2008-10-04,11.447707366001296,62.308639252203406,1
2008-10-05,45.327397198678455,95.80676957366754,0
2008-10-06,44.4655118234558,25.519058664047357,1
2008-10-07,59.67571765701132,72.51297404389322,0
2008-10-08,67.12264728145783,78.71843124318796,4
2008-10-09,57.67558933300873,84.5016137867346,1
2008-10-10,67.26942270495456,81.55463254460768,0
2008-10-11,39.487746218869674,53.288709287664666,0
2008-10-12,53.99850258963321,11.35767437927653,2
2008-10-13,50.23399532437322,17.114154177233143,0
2008-10-14,35.11951609975197,64.84704874251952,2
2008-10-15,62.76723082758418,88.65112043796726,3
2008-10-16,29.914031093791806,66.58540993498801,0
2008-10-17,17.819748961880045,61.723654109207864,0
2008-10-18,97.39597640544801,96.241878828494,0
2008-10-19,65.13726634388456,56.95504809769991,1
2008-10-20,40.76308804113742,29.8467608803053,1
2008-10-21,59.1632026055491,32.4625304514966,1
2008-10-22,24.67124355482316,17.01381556310563,0
2008-10-23,80.4498420164782,53.04348077089723,1
2008-10-24,57.01331581681233,92.88660171093018,1
2008-10-25,44.60873981767459,11.780069650119012,1
2008-10-26,40.638423365714246,37.23931524296602,0
2008-10-27,27.780490176000505,35.041275388765925,1
2008-10-28,48.092771344605,53.263576041179135,1
2008-10-29,63.967356501423424,36.81517454257349,0
2008-10-30,26.822484427009847,32.468211827966954,1
2008-10-31,61.004143066567295,88.6247420545187,0
2008-11-01,77.64554714527723,50.03479781451084,0
2008-11-02,57.90551791214723,45.016909422432065,2
2008-11-03,15.859693122055646,83.88922160344063,0
2008-11-04,37.39920156375386,96.63304267046952,1
2008-11-05,92.91241598453189,69.72440382800846,4
2008-11-06,21.78930586676863,39.49033925570326,1
2008-11-07,63.85874373269374,20.358676066522257,1
2008-11-08,61.04835264934209,71.89698079309309,2
2008-11-09,84.19590109707462,36.40478430233962,2
2008-11-10,25.835870511027267,32.70028370868084,1
2008-11-11,67.54394563774039,93.26916790805836,1
2008-11-12,47.16026447268673,13.327198941141063,1
2008-11-13,45.007056933902874,43.54740446267417,0
2008-11-14,50.4512272663293,94.24101688263606,0
2008-11-15,65.96326841172787,82.54507451991066,0
2008-11-16,61.54720063053102,92.56356857873351,3
2008-11-17,47.952275955598715,18.990479668844976,1
2008-11-18,60.78951320001309,91.86335549642628,1
2008-11-19,61.89001417599979,35.08885623967604,1
2008-11-20,56.37323735828962,28.914858098201012,2
2008-11-21,20.340325494956097,10.188501856915966,4
2008-11-22,47.933289164202115,13.777960240089627,0
2008-11-23,63.266455254158416,61.66088716874706,1
2008-11-24,83.80975882583452,10.87379760966329,2
2008-11-25,49.570224286075046,91.60678058842103,2
2008-11-26,46.03058595028213,88.9330552060842,2
2008-11-27,69.75645710607388,74.52246636802441,0
2008-11-28,23.109327897135522,33.31738579427048,1
2008-11-29,47.618540696387555,35.459430870024605,0
2008-11-30,37.61538789277663,75.64670773127767,1
2008-12-01,47.6262164639793,55.785486720119984,0
2008-12-02,27.88032150445478,76.92847379265748,1
2008-12-03,32.21472311152913,32.212768649265456,1
2008-12-04,52.90424937221288,21.424145307348915,0
2008-12-05,52.93449617117102,48.05981070920799,1
2008-12-06,-0.7554949277572689,55.48346190707477,3
2008-12-07,62.083434993393006,52.97902035029985,3
2008-12-08,54.286237764351746,46.17240454204707,1
2008-12-09,85.74545376239291,83.75068375055025,2
2008-12-10,73.6582825426203,54.76799019427088,0
2008-12-11,47.519157838258614,35.93468528210708,0
2008-12-12,52.21391757317749,53.0989457504125,3
2008-12-13,57.575265938286186,86.38611249307645,0
2008-12-14,65.88099026988849,29.45465585248129,0
2008-12-15,36.13436451096048,46.783905016928934,1
2008-12-16,17.098036293589125,52.63457089720315,0
2008-12-17,63.62360802447265,20.285812487470416,0
2008-12-18,64.11512489541704,71.31735199769818,1
2008-12-19,86.01083528355579,54.480370272409175,0
2008-12-20,68.04017570850034,36.82507052775852,1
2008-12-21,33.850800258506126,25.067300810301624,0
2008-12-22,33.26631712272294,24.070097667227564,0
2008-12-23,12.519130651848876,79.73008871412506,1
2008-12-24,45.19440870003061,34.88047192072476,1
2008-12-25,72.57246198183094,44.70145437858952,2
2008-12-26,80.89395029400674,88.85922659176249,0
2008-12-27,36.44388789258088,70.15340730500164,2
2008-12-28,20.540937955970364,57.83937936009345,1
2008-12-29,53.0067260661423,22.03030050234695,2
2008-12-30,87.72434724733569,60.68260417186849,1
2008-12-31,76.10497285372176,28.86953459183839,4
2009-01-01,65.09042650330088,13.71918214349478,1
2009-01-02,50.227952503815786,74.49198083297071,1
2009-01-03,62.69181516834381,43.502144778241046,0
2009-01-04,53.85514339776118,91.74635903998485,1
2009-01-05,91.57738474843896,15.141361901790923,0
2009-01-06,62.55987869302406,13.322646442085292,2
2009-01-07,79.34622667758538,74.36968937442798,5
2009-01-08,66.62408620090093,99.80043730781168,1
2009-01-09,27.397832488657237,25.2661850514817,1
2009-01-10,52.510283203249244,67.83921644602344,0
2009-01-11,55.55136568633635,69.56382686743764,0
2009-01-12,57.805420151761815,96.86368956569787,0
2009-01-13,24.14421348912738,75.69636712661057,0
2009-01-14,36.132360097787064,51.18130405318267,0
2009-01-15,68.51166791172977,57.33267657420105,1
2009-01-16,40.91274039977459,13.736076753644754,2
2009-01-17,25.802875222527227,70.33601534756625,1
2009-01-18,28.112681192581395,69.58158957205168,1
2009-01-19,60.185668772453056,44.74375317946448,1
2009-01-20,47.812507389853785,61.505094300429214,1
2009-01-21,41.73293988720536,96.12358720834337,0
2009-01-22,40.08103604444324,96.41970628110928,2
2009-01-23,34.48886405522309,66.13161499713804,0
2009-01-24,49.59937709732519,31.752793872675003,1
2009-01-25,73.61253767134643,75.32161534244439,2
2009-01-26,7.7011441070147555,43.3303773050926,0
2009-01-27,14.273220885858898,10.570270352230649,1
2009-01-28,65.78321640531762,36.624301094939085,1
2009-01-29,20.5484517956803,96.49835333135269,2
2009-01-30,47.810095213566726,61.92112185707751,1
2009-01-31,13.813373146355005,58.45851415539731,0
2009-02-01,57.02490660413655,12.026130698758898,0
2009-02-02,90.33782972307701,78.47684880790268,1
2009-02-03,69.36649726827653,25.163767475637115,0
2009-02-04,81.10774516879371,67.35325952123134,2
2009-02-05,65.47862869187043,34.6907284006177,0
2009-02-06,71.79271353410073,47.41247438968244,0
2009-02-07,41.898510566763036,58.42792696258365,3
2009-02-08,64.48424077747923,27.362028714756637,1
2009-02-09,7.059773593703014,87.357096785502,0
2009-02-10,71.90853087530725,47.30848453680209,1
2009-02-11,53.490801504515446,14.892763244084499,1
2009-02-12,65.05528501178063,74.44404324599715,1
2009-02-13,59.833802994245005,92.84495091926765,0
2009-02-14,50.710281502559006,90.75003017344208,1
2009-02-15,39.51194338593867,31.858757111022086,0
2009-02-16,-24.533283765636767,70.64358967171924,0
2009-02-17,28.171373901520674,29.519695767087498,2
2009-02-18,34.12281742735668,55.8603763305123,0
2009-02-19,64.60854169111022,73.81462202342394,2
2009-02-20,82.34145574786297,45.459115094804154,1
2009-02-21,35.84027060699295,68.97366254043126,0
2009-02-22,56.218953826333866,61.61992348189598,1
2009-02-23,41.001828560016165,76.38111521651618,2
2009-02-24,46.33336793752748,44.567406209502124,1
2009-02-25,114.70779053254678,64.08732546672141,1
2009-02-26,31.371504093278926,24.32887529959089,1
2009-02-27,2.4527853559768573,23.64036321874613,2
2009-02-28,56.59094010787157,77.31177021494925,1
2009-03-01,33.732080101313926,91.45187704648275,0
2009-03-02,27.61976224433383,37.5131694805068,0
2009-03-03,55.52362729902932,99.21952691822446,0
2009-03-04,54.19326700686247,83.114976844345,1
2009-03-05,46.48974526325265,85.97190632085992,2
2009-03-06,78.81734173731213,10.096654608401085,0
2009-03-07,66.40110664746207,14.03673066325753,0
2009-03-08,40.13422104713412,71.3588975219771,0
2009-03-09,37.879151939974136,61.22112243188214,0
2009-03-10,42.967294071154186,16.89707707337511,3
2009-03-11,44.470410995868,73.37166169933863,2
2009-03-12,37.77152560890967,11.007933050965612,2
2009-03-13,78.74436434244454,50.71744780478676,1
2009-03-14,39.86639536497904,14.228411439773462,0
2009-03-15,53.36348910114866,62.17059659787771,0
2009-03-16,71.11533385762627,22.605629645990213,1
2009-03-17,54.61271668679079,19.150271323820952,2
2009-03-18,62.841937401165055,86.27367825448954,2
2009-03-19,40.108750787005164,42.641383672056335,0
2009-03-20,68.26859757176933,75.4233578925979,1
2009-03-21,93.0992849466448,56.32638555231198,0
2009-03-22,12.199393714410647,83.53663854821554,0
2009-03-23,67.90226147046253,24.554840808541375,1
2009-03-24,41.486094777729335,54.26055953868334,1
2009-03-25,16.693853926873267,90.99433282293765,0
2009-03-26,40.486205431505276,96.60579514621591,0
2009-03-27,29.48997874227392,75.2329418592176,3
2009-03-28,67.08887000649548,34.54666239697541,1
2009-03-29,83.641617986335,46.23373277420851,0
2009-03-30,56.022074430256765,58.75100418672893,1
2009-03-31,69.52486547473526,83.7525326207733,0
2009-04-01,47.86898240091796,91.38351148015302,1
2009-04-02,45.58834185776467,62.67354768180528,2
2009-04-03,39.94164888402842,88.960753861134,3
2009-04-04,30.88076677127815,82.11951336962798,1
2009-04-05,58.42312799815011,99.26933998030873,0
2009-04-06,67.87150422972391,91.0748321538549,2
2009-04-07,57.28144277986081,57.56440219186216,3
2009-04-08,67.30318951696626,81.09866627986653,0
2009-04-09,53.43094464109951,66.95477775602942,0
2009-04-10,43.39374572014943,30.776077288260208,0
2009-04-11,79.21176218178658,41.09029474448241,1
2009-04-12,8.387582692345184,48.33342121064645,1
2009-04-13,38.21932880574673,27.496751013678736,1
2009-04-14,46.13250734130087,17.01647532933981,2
2009-04-15,39.31407572507659,39.44930427857117,2
2009-04-16,21.72675637791256,33.94825845308149,2
2009-04-17,57.82970489626306,10.102536487328221,1
2009-04-18,22.101463072664682,90.95350689007378,3
2009-04-19,52.9335790816324,68.01673438977335,0
2009-04-20,75.237909346376,13.467894364016477,1
2009-04-21,40.52433722367664,48.65282901283466,0
2009-04-22,37.4321159717515,33.605258462182945,1
2009-04-23,30.696623717521124,70.6525347967622,2
2009-04-24,76.35969137313072,99.83744191748274,0
2009-04-25,60.421715892586896,88.2710598228607,1
2009-04-26,49.299808138661795,60.9541603067596,1
2009-04-27,33.681287045425094,53.95606916449887,0
2009-04-28,41.14406648683361,85.7866174466357,3
2009-04-29,93.23469405527652,43.70521471776377,2
2009-04-30,49.207178113983765,36.808297536143215,2
2009-05-01,66.99722956090821,32.39399648836115,2
2009-05-02,30.633278060257364,46.72075067915547,2
2009-05-03,50.551797890184346,65.23507976905083,1
2009-05-04,55.42294645262993,45.9212541074738,0
2009-05-05,55.84166493703325,58.10471696186506,1
2009-05-06,47.959066633561314,71.52888379952282,0
2009-05-07,57.47043231920462,75.51330111763995,1
2009-05-08,57.42099995311666,97.62885480177471,1
2009-05-09,48.11272077426836,83.40365294591378,1
2009-05-10,42.205166872050484,27.527887011859757,1
2009-05-11,65.36592548226974,66.44625877974937,1
2009-05-12,19.7162952322293,34.040288660348594,2
2009-05-13,69.78875718738645,69.64679591262399,1
2009-05-14,48.80227504211272,91.68054852580492,0
2009-05-15,83.94002510750215,80.08284547687686,0
2009-05-16,60.84263178039746,79.49121335166264,0
2009-05-17,75.49459338371571,36.17519101101818,1
2009-05-18,39.796150687472505,26.989783674760044,1
2009-05-19,53.050461642718076,74.09014632929245,0
2009-05-20,45.467076407969145,47.7866769407306,1
2009-05-21,32.6220940017285,55.341503870635194,1
2009-05-22,51.032115298879624,28.967094573239624,1
2009-05-23,42.770135804311764,99.84204314749726,0
2009-05-24,57.379049371165465,63.343497052692015,1
2009-05-25,36.61104437494637,85.88108172825612,3
2009-05-26,40.471758145214736,49.01216233598554,0
2009-05-27,49.45141215190916,56.95974704000377,1
2009-05-28,57.62953521885625,43.83235634163092,0
2009-05-29,38.37612604618055,30.735179432758798,0
2009-05-30,7.444883242283851,90.01257003622976,2
2009-05-31,41.426495117867574,45.482848658966084,1
2009-06-01,70.89644688904842,96.19958115941225,0
2009-06-02,40.54119041525289,18.923945090695824,1
2009-06-03,59.921719310919784,49.13671183127144,2
2009-06-04,69.94986043102388,41.05910894540305,2
2009-06-05,39.370941346957636,81.83733864952085,1
2009-06-06,37.49936683745391,98.97035854554112,1
2009-06-07,30.99640668247725,20.33123738210282,0
2009-06-08,57.442869272103636,95.09771168845693,1
2009-06-09,51.958044424301924,99.70133096749446,1
2009-06-10,48.50800793428544,85.77750901858394,2
2009-06-11,43.55369900752344,54.95350081828674,2
2009-06-12,39.03340258082621,62.383224190264336,1
2009-06-13,40.3560898457782,61.853007932862525,0
2009-06-14,32.636759469097385,52.79129665790285,0
2009-06-15,60.00994397641405,40.34627190654676,2
2009-06-16,35.0408939847779,13.086434090567256,1
2009-06-17,62.77207173229253,72.3197487336869,0
2009-06-18,63.001841662082356,78.52166926543147,1
2009-06-19,84.61185171537414,13.846523109920927,2
2009-06-20,42.80994732214772,35.16731052208979,2
2009-06-21,50.09974370501439,99.82293425730302,3
2009-06-22,50.01233932733699,30.94664938994452,0
2009-06-23,40.85759813674389,16.673367299072897,0
2009-06-24,58.67456455635274,53.21384796708177,0
2009-06-25,73.35834940907381,60.8390232482552,1
2009-06-26,72.48996330137842,27.24544179278751,1
2009-06-27,10.512589250832875,77.75377820037116,0
2009-06-28,93.0274304859374,39.874991624182236,0
2009-06-29,37.84016690631005,66.77977035408348,1
2009-06-30,32.03790301536814,20.19462982099965,0
2009-07-01,63.30798159761713,26.357402254521865,2
2009-07-02,89.65331468367907,10.279168780776494,1
2009-07-03,30.857065523749522,87.91771350885095,2
2009-07-04,37.69038687560476,18.98640019147816,1
2009-07-05,40.30418732273738,15.9536410250778,1
2009-07-06,43.98233116682616,10.082177927742906,1
2009-07-07,42.75571263568548,23.42808028642436,1
2009-07-08,42.943355681155055,72.37675102443767,2
2009-07-09,73.1514979471891,92.56234886731457,0
2009-07-10,21.371095319895687,93.35806264036917,0
2009-07-11,68.94678784293096,90.02869340582168,2
2009-07-12,34.90810521195194,43.05181949363998,0
2009-07-13,71.9893194308836,48.57575835557093,0
2009-07-14,38.97740039588952,58.18073553159157,0
2009-07-15,53.89176526192105,13.053293910968371,0
2009-07-16,31.848044810669943,18.095079609274148,1
2009-07-17,70.0555198184144,30.22961950156121,0
2009-07-18,53.033219955567674,76.10526108554808,1
2009-07-19,10.356783617048187,83.99268281912643,0
2009-07-20,61.99648389590577,74.15386514386387,0
2009-07-21,43.2227399582207,35.54355862946677,1
2009-07-22,38.11751681313088,49.36660080689506,0
2009-07-23,27.760194850844478,67.86576863777684,2
2009-07-24,50.25357931759998,48.60286253762878,4
2009-07-25,38.098748800226396,32.767570070824775,1
2009-07-26,60.615181067103165,80.16060220663934,1
2009-07-27,23.047879329936997,62.101519238545976,1
2009-07-28,66.1296858979855,91.41720450427592,1
2009-07-29,54.0099321205968,31.89010605077828,2
2009-07-30,38.936617707478135,38.762748206435944,0
2009-07-31,65.92150273888743,42.36735459964772,0
2009-08-01,56.92415063563167,56.839865318660124,1
2009-08-02,48.86744736771521,81.29770493834992,1
2009-08-03,50.79113673034363,91.67423635159264,2
2009-08-04,45.43802772810876,70.01697651291914,4
2009-08-05,64.58732252419503,57.522836051953675,0
2009-08-06,76.8103763028967,75.8551438066167,1
2009-08-07,44.67935856635644,85.7803880716641,1
2009-08-08,40.90084709527228,94.8268385534369,1
2009-08-09,37.93976027460474,44.51788475064977,3
2009-08-10,42.66738152986052,96.3453679604077,2
2009-08-11,60.70522181356192,14.706474159612268,0
2009-08-12,62.68898982253249,98.0073403961665,1
2009-08-13,51.842050371419994,11.567121840985134,2
2009-08-14,80.92085577517727,61.730004580078564,1
2009-08-15,60.51455366708276,32.771969231164164,1
2009-08-16,56.97330583598669,72.49339670905059,0
2009-08-17,49.035002305827106,59.66746158473254,1
2009-08-18,92.29645642645562,48.330827901646906,0
2009-08-19,68.78016198399341,78.9346470707235,1
2009-08-20,62.620680435109776,72.75241370945955,0
2009-08-21,72.68732851716585,14.602779520311723,2
2009-08-22,66.50157470320396,77.65212419467852,1
2009-08-23,102.86679917737416,45.634981538369836,2
2009-08-24,48.44383689208804,34.016411527764525,0
2009-08-25,41.264788105834405,13.731645823692435,0
2009-08-26,38.64169942964245,77.4559343133739,0
2009-08-27,52.54812029666909,86.38999147819463,1
2009-08-28,27.880353393582777,44.76402177913361,1
2009-08-29,-10.687512799065374,98.50253320761504,0
2009-08-30,48.13398250451866,75.64341092897891,0
2009-08-31,92.44706400223461,57.57602638066443,0
2009-09-01,59.954423208748494,83.6160359320744,1
2009-09-02,55.21829381452193,78.1825059622868,2
2009-09-03,76.65236446493354,30.388208308686654,1
2009-09-04,69.99469350826975,55.319283244111766,1
2009-09-05,40.06421371558299,63.82418838061002,0
2009-09-06,71.0445279930077,26.80707401825159,1
2009-09-07,64.70030479199886,76.28629403789647,1
2009-09-08,34.60385394536447,42.58952321457916,2
2009-09-09,83.37592459407563,65.90375245769215,3
2009-09-10,67.51591855704385,17.395639418827162,1
2009-09-11,55.02714345640497,25.482960321920253,1
2009-09-12,65.19656669746203,72.12107159739485,0
2009-09-13,61.875979099972874,75.4820386021295,1
2009-09-14,68.31652950806452,50.895867740092605,1
2009-09-15,12.12588424668263,90.27420547606893,3
2009-09-16,77.5309425411633,95.18380209395039,0
2009-09-17,57.51270991588252,30.301169323101384,2
2009-09-18,45.1392463270189,88.72921473075013,1
2009-09-19,66.22297936111688,28.898378400440635,1
2009-09-20,45.36760156228995,22.5018002328465,2
2009-09-21,84.39585534890378,48.749496746493165,1
2009-09-22,45.45225228592011,24.002829860753536,0
2009-09-23,3.6544704618668646,99.98118402270816,1
2009-09-24,72.31151392734887,33.70861510106955,1
2009-09-25,38.784557394630355,88.55427084092594,0
2009-09-26,48.633602620049295,91.78514248551672,3
2009-09-27,36.8532186245779,11.223459866429774,0
2009-09-28,42.470833907947416,57.44178208507053,1
2009-09-29,56.19892411049136,56.79402217258408,0
2009-09-30,44.572245421988214,83.76545302452654,3
2009-10-01,39.032846024385236,14.596997100674091,0
2009-10-02,77.92674648078284,52.08770792524879,1
2009-10-03,40.866477683664904,23.633931278367047,2
2009-10-04,55.769726699645474,37.23149069384564,2
2009-10-05,51.468826359914836,52.508562827585656,1
2009-10-06,84.18113161000646,33.63879036323945,3
2009-10-07,37.44195284620931,56.27722285569583,0
2009-10-08,53.427958188613225,19.876151830322705,1
2009-10-09,41.58732123885997,52.341320419334004,0
2009-10-10,33.30106665898781,57.705424361535286,0
2009-10-11,52.51222936827076,39.27785772976307,4
2009-10-12,20.105064263951743,51.27733162033356,0
2009-10-13,45.74360934792941,97.00947502061939,0
2009-10-14,49.16769123682512,92.81471192142222,2
2009-10-15,62.86997912970623,20.96331013776623,0
2009-10-16,33.40864677847857,39.13419493718794,1
2009-10-17,27.89312742473335,86.67629510985799,1
2009-10-18,56.120987601208405,42.667859383508706,1
2009-10-19,45.0906092924949,75.09700858147538,2
2009-10-20,68.62253239343025,37.67477864476335,0
2009-10-21,55.60367734711049,15.304521528679807,1
2009-10-22,49.73743158348627,82.65961240609472,1
2009-10-23,90.32242647523553,47.58918096397963,2
2009-10-24,73.41797003213279,25.38803327149524,1
2009-10-25,22.987234257402804,15.707253050834725,2
2009-10-26,43.58161958339109,12.392112790822875,2
2009-10-27,53.496662693122936,96.97005179183223,2
2009-10-28,67.9815824706005,75.6302533530492,0
2009-10-29,32.76363993603668,64.40411788351298,0
2009-10-30,24.07548734125346,62.45700697162173,0
2009-10-31,72.68610862284062,53.09339175847444,1
2009-11-01,59.85258431856914,88.93405178610281,1
2009-11-02,31.951039165881173,84.55222964855027,1
2009-11-03,74.01937627936498,30.430467886646404,0
2009-11-04,65.16983150478238,12.855408192831275,0
2009-11-05,38.348990692420045,72.2714062344586,0
2009-11-06,34.692660402755095,77.54354664534146,1
2009-11-07,32.372300982064345,63.1763964621099,0
2009-11-08,25.441030844977227,82.71966028867777,0
2009-11-09,70.6733961700753,68.32305919872348,0
2009-11-10,-4.957869851882897,10.468043951328895,2
2009-11-11,96.95874034546189,74.89178597230827,2
2009-11-12,54.767592612628455,52.57059882699964,0
2009-11-13,29.4809558072443,77.08564423658946,0
2009-11-14,44.91198513546334,17.83079486683457,1
2009-11-15,15.578154201248829,68.22790572035001,2
2009-11-16,45.26319451280438,10.565705636616423,1
2009-11-17,59.14117516403647,14.304454995143871,0
2009-11-18,72.8088991483802,24.07354322540287,0
2009-11-19,17.35312502143583,39.898267786483316,1
2009-11-20,43.56147649667509,51.25364517784849,0
2009-11-21,82.54453060848756,86.70530392469344,3
2009-11-22,47.35189901440036,15.50559155072231,2
2009-11-23,61.45327843394544,87.20775832820391,1
2009-11-24,34.81594824704333,87.13483253076278,0
2009-11-25,0.09900649390523597,51.65402331590016,1
2009-11-26,54.23030128370368,52.11502144566591,0
2009-11-27,29.718038433508816,12.750250009912044,0
2009-11-28,47.278469842074266,92.1880016647406,0
2009-11-29,49.92603215443039,15.329654083569736,5
2009-11-30,42.7179209474666,56.34832694388445,0
2009-12-01,101.60037355294665,94.84432934599292,2
2009-12-02,58.424407434755814,38.36933702220122,2
2009-12-03,53.13040708235217,85.52396205231423,2
2009-12-04,49.095899435882195,95.02391713836587,0
2009-12-05,13.970296820312257,94.18124741137139,1
2009-12-06,23.360514334878452,61.835923823017595,1
2009-12-07,61.080857811483966,26.103428333431783,1
2009-12-08,64.3851178638124,85.79929265523991,1
2009-12-09,32.418025419148364,71.22878641125976,1
2009-12-10,4.588834005428424,85.7042391685515,1
2009-12-11,54.98552206768558,38.71227970242526,0
2009-12-12,46.516193094721814,54.58219544489014,1
2009-12-13,65.28861442219787,91.77669045113329,0
2009-12-14,70.20505724323458,49.09805412476102,0
2009-12-15,57.55236288579328,35.45873731631836,3
2009-12-16,6.4383872846270265,54.62749520657234,0
2009-12-17,38.63139403995278,56.727540109778005,0
2009-12-18,67.55302751674763,96.19500973426103,0
2009-12-19,61.96812995405032,18.362405475529357,0
2009-12-20,32.043053475028024,35.55073632860201,0
2009-12-21,44.74918897380752,92.48092645254388,1
2009-12-22,76.25818787836526,24.26331219981614,1
2009-12-23,52.94523153704206,51.4977489733342,1
2009-12-24,49.1426707587,84.93063507742836,1
2009-12-25,43.07321513248131,14.421857487744077,3
2009-12-26,78.5980979694526,31.766152005303763,0
2009-12-27,48.4046582165838,76.48459899873049,2
2009-12-28,29.26930432531792,58.52147132721886,0
2009-12-29,43.3842843046227,67.9255562836928,1
2009-12-30,62.158322187881005,70.11897696998051,0
2009-12-31,75.62990304406554,68.58116387901276,0
2010-01-01,47.145518428806874,52.75908202147853,0
2010-01-02,12.543526505320145,11.186199542332293,1
2010-01-03,60.638735915529196,72.70780857554888,1
2010-01-04,57.55083540207079,29.749214742774246,3
2010-01-05,39.37574941842641,82.91050357919967,3
2010-01-06,31.010182279808692,69.70064633849441,1
2010-01-07,57.81491969149074,67.05679455891092,0
2010-01-08,22.863525778547608,81.91711858636529,1
2010-01-09,55.49376797175299,30.60290531479279,1
2010-01-10,43.39960374479205,33.05375422771691,0
2010-01-11,56.99149334527414,48.83180916526365,2
2010-01-12,34.44494150853745,56.15563938323096,1
2010-01-13,79.3681599176563,59.589948920415054,2
2010-01-14,81.01843795358015,46.877456485072656,1
2010-01-15,41.70136234015049,68.79024452397465,1
2010-01-16,34.60362080642012,21.64756495421966,1
2010-01-17,34.86232907980984,73.53974673948784,0
2010-01-18,75.64899479040125,15.969045272794048,4
2010-01-19,85.14353012564841,67.34439929965913,2
2010-01-20,34.73145300391143,49.67156972895742,3
2010-01-21,46.98975458627485,26.861243245792107,1
2010-01-22,54.682731165637,44.48754700822572,4
2010-01-23,30.08559467475129,86.01253803926517,1
2010-01-24,25.678713424834648,84.86016297923574,1
2010-01-25,36.07939361703181,18.120636295993304,1
2010-01-26,70.68010006529292,55.3612802050079,1
2010-01-27,79.25584295657696,24.37609332915403,1
2010-01-28,51.060627935470436,90.35104515101506,0
2010-01-29,69.77907213557891,34.04781609159943,1
2010-01-30,36.5532882323727,68.17573567416147,0
2010-01-31,47.99128728346869,16.047867506056146,1
2010-02-01,53.89873447372671,71.69438392453947,1
2010-02-02,49.71880776765839,32.8821002529422,0
2010-02-03,65.86753101408623,58.9831563716687,0
2010-02-04,64.51423416580099,88.23220160404016,0
2010-02-05,62.73724147514874,88.48303364364403,1
2010-02-06,74.7563176476302,45.64850914961987,2
2010-02-07,69.46005483969981,23.4935879192208,0
2010-02-08,34.70149838291297,66.66194769069993,2
2010-02-09,40.89470715344559,47.796637252800934,3
2010-02-10,36.181877941247755,15.65529219539142,1
2010-02-11,91.82186168369604,43.94329749736201,0
2010-02-12,73.0983553352974,50.204184049774064,2
2010-02-13,29.334912705255377,85.98157156719405,2
2010-02-14,29.590372976419093,14.230301382858983,0
2010-02-15,37.8284193681788,82.67977296195575,1
2010-02-16,80.07647865060004,80.14468343988025,3
2010-02-17,4.40440901707192,13.486849018591446,0
2010-02-18,50.83613598843483,89.01899962633466,1
2010-02-19,60.558228322092106,13.855524365383289,2
2010-02-20,50.10852443075369,11.066993909660104,1
2010-02-21,12.283556195397587,81.11325245196774,0
2010-02-22,40.345990268840666,24.836923655033907,1
2010-02-23,87.01269049834863,79.12856029783383,1
2010-02-24,29.53706923996357,60.055458773223535,1
2010-02-25,69.85166369150487,45.46740412133783,1
2010-02-26,39.6216518553696,99.51693498340882,1
2010-02-27,36.835966632763714,48.44417996082163,0
2010-02-28,41.58927831534986,95.02927276688436,0
2010-03-01,33.942473441163756,38.25422358020586,1
2010-03-02,48.771532449470136,52.12959301767133,3
2010-03-03,66.29369249943329,37.14425067495117,1
2010-03-04,66.0732456981757,34.71220024992148,0
2010-03-05,13.40883468965474,34.92669442691535,3
2010-03-06,5.224796438379862,70.77342281504285,1
2010-03-07,59.79160066885263,22.730465823902154,0
2010-03-08,43.6192413959795,66.23788119752248,0
2010-03-09,74.76821249896064,85.09767108352509,0
2010-03-10,53.843025725565255,13.057635387884439,2
2010-03-11,52.275250621435276,50.95890557435729,1
2010-03-12,25.55988616779362,74.84877014327989,1
2010-03-13,49.02320284553979,55.525703509407315,0
2010-03-14,62.21720433960887,24.053896082992086,3
2010-03-15,16.65825343834797,70.46766507940373,0
2010-03-16,38.491407595842155,38.091741371535946,2
2010-03-17,34.00293498937816,38.12352991274303,0
2010-03-18,71.49698734119285,43.67802165215265,0
2010-03-19,84.09471361459504,49.985466610944066,1
2010-03-20,54.122996428252115,62.784339272019125,1
2010-03-21,29.657790966653867,94.04077486226659,2
2010-03-22,44.86475399372404,17.257202272164868,4
2010-03-23,64.86648003026612,53.9282871801194,2
2010-03-24,32.11192235630911,22.72280880747102,2
2010-03-25,55.05236948177257,49.73789817330761,1
2010-03-26,46.56511777991961,39.53852165349127,1
2010-03-27,21.009949684194584,52.05823845286483,0
2010-03-28,52.12753307645493,34.41201946611046,1
2010-03-29,41.36871728805629,42.073489621514796,1
2010-03-30,70.62178670936112,56.516136640523776,0
2010-03-31,44.5849442688367,84.80148961863344,0
2010-04-01,13.11880660055963,11.995755050565851,0
2010-04-02,0.7040388382934637,72.93475993944355,1
2010-04-03,50.95943593656531,65.10969245464305,1
2010-04-04,55.35222982808648,88.53916287768767,0
2010-04-05,62.479858577157614,71.91925182586778,2
2010-04-06,34.26376054275889,69.67268658300576,0
2010-04-07,26.30972584749495,42.3903142077779,0
2010-04-08,44.82996347844175,88.13057839725326,1
2010-04-09,19.842929487717164,77.57449660018966,1
2010-04-10,31.161593527328513,38.10091614403319,1
2010-04-11,20.576520160989777,89.67239566533655,2
2010-04-12,18.137268770904818,71.76929671553518,1
2010-04-13,35.68171387346972,28.35313594793374,1
2010-04-14,51.8994092189025,33.42731879169355,0
2010-04-15,44.54340553743165,35.574460557349155,1
2010-04-16,23.18609559437279,37.12356198601513,0
2010-04-17,54.17529920058283,66.37682137909907,0
2010-04-18,42.33756528324726,21.143741872990947,3
2010-04-19,64.12664374355161,14.239056047601492,1
2010-04-20,68.15301306237893,86.86845746275917,0
2010-04-21,20.935355020888224,22.19619154842699,1
2010-04-22,37.52804066446643,71.3973192602715,1
2010-04-23,85.78552559280398,26.217988567661138,2
2010-04-24,58.209705571691295,25.89140865572466,2
2010-04-25,52.11863644625535,43.45314338793685,0
2010-04-26,65.129094634461,17.455407538076216,1
2010-04-27,39.36017638616177,98.35893659909476,1
2010-04-28,48.2096337700955,56.43033692353139,0
2010-04-29,95.82573452589745,74.2054327660671,1
2010-04-30,65.16696120742154,58.49387533305701,1
2010-05-01,47.070931788801886,82.81057183202657,2
2010-05-02,73.0240064786925,46.150518033786604,0
2010-05-03,61.40652205873103,41.36742186699055,1
2010-05-04,48.112494203877894,83.33797501186069,2
2010-05-05,53.476522393151335,36.123898882312886,1
2010-05-06,25.036639036890026,45.44768507261476,2
2010-05-07,41.9454196531822,32.35880347403099,1
2010-05-08,48.56093913599563,12.846710645405182,2
2010-05-09,24.680153096270423,35.14034124078741,0
2010-05-10,38.553549495243885,39.96958920145376,0
2010-05-11,55.57959474684644,47.802356765420534,1
2010-05-12,33.79565767186923,67.48283778355731,0
2010-05-13,59.4857872552644,45.869981619987946,1
2010-05-14,34.044605998156406,78.96793613427947,0
2010-05-15,12.446448030854555,26.86678650282231,4
2010-05-16,39.64067297618083,83.98594380717431,0
2010-05-17,64.52577037167036,18.274151814184513,2
2010-05-18,30.893289430631125,85.37560066960025,1
2010-05-19,41.29333376326688,42.831882153299176,3
2010-05-20,89.70698164334115,22.23335408186817,1
2010-05-21,40.90064701248728,14.464184486245347,1
2010-05-22,29.191362754070052,30.87634418121572,1
2010-05-23,73.44077140065046,26.667705542783423,1
2010-05-24,66.19194184318467,11.519638780748465,1
2010-05-25,48.95452614260474,87.85536542660415,2
2010-05-26,82.27046367637246,96.64297137753006,1
2010-05-27,64.2913873224251,89.0738574235334,0
2010-05-28,83.35762912654927,93.18524862753705,1
2010-05-29,58.907731258292486,72.08530173403565,2
2010-05-30,69.93310935154535,18.754178209736295,1
2010-05-31,33.869575252946476,92.08605427968224,2
2010-06-01,61.39483477990885,51.38068176092181,1
2010-06-02,34.654469580679894,93.74382867757336,0
2010-06-03,73.37636976402644,77.64937748382313,1
2010-06-04,97.3595204872872,71.44749815433188,1
2010-06-05,49.1090619459665,56.56292879387117,1
2010-06-06,38.460213397169134,69.25456399373877,2
2010-06-07,43.56477100963454,54.6345104885463,1
2010-06-08,57.94615479824666,76.95726029481388,1
2010-06-09,33.95559761815963,24.11711629281957,0
2010-06-10,40.71444843147536,47.36111269795816,0
2010-06-11,69.02254269073627,10.718470250112228,2
2010-06-12,11.18436558742144,49.44763409880985,0
2010-06-13,54.16931854913157,43.946763759151935,0
2010-06-14,24.899312817243118,21.609910921709535,2
2010-06-15,65.16549175130145,41.03873317347594,1
2010-06-16,34.68693109937098,75.33717986518788,0
2010-06-17,54.93685912845824,53.451005590477116,0
2010-06-18,70.24047787629198,59.05825037010499,1
2010-06-19,66.11256104151849,79.58450020211771,0
2010-06-20,46.65341616762589,67.81810687838187,0
2010-06-21,18.164919403525886,27.27527047649585,1
2010-06-22,26.57141357619414,80.087194129265,0
2010-06-23,41.10657573147279,10.706443292294631,0
2010-06-24,69.00598559680299,28.942472887357034,1
2010-06-25,56.50965527560034,17.36333777317099,1
2010-06-26,76.86824629196686,42.00504703804599,1
2010-06-27,9.161523631327796,70.73241040097233,2
2010-06-28,26.433315042162686,48.30129030797969,1
2010-06-29,37.92641522230437,40.67790730099806,0
2010-06-30,49.88543433098118,28.33421866252711,0
2010-07-01,46.569689597481954,21.23925819010693,0
2010-07-02,10.515785077469289,23.507214892036114,1
2010-07-03,71.04402499313827,41.62724804824889,1
2010-07-04,78.33724990255817,36.526010356164306,0
2010-07-05,42.49049647205863,21.74380765841523,2
2010-07-06,65.5560563999468,39.728782468333385,2
2010-07-07,15.138453971181775,44.16832042039456,0
2010-07-08,76.85367886009271,23.340256207730583,2
2010-07-09,29.459192237326878,49.18236571748736,0
2010-07-10,90.74318451144327,50.90089239783252,1
2010-07-11,42.2010997970679,98.58517333681013,1
2010-07-12,29.161910655263597,55.874758193537204,0
2010-07-13,32.564463009627936,34.44821071033983,1
2010-07-14,60.579709768538706,25.918397842379285,0
2010-07-15,32.046019545079105,80.05964478383918,0
2010-07-16,29.426762860087386,76.84453916689517,0
2010-07-17,75.10658843315512,41.929356163575164,1
2010-07-18,93.67931355397417,58.718147292971935,0
2010-07-19,37.596158205654994,75.35976653447489,2
2010-07-20,34.90181151617571,19.803633626446583,1
2010-07-21,46.287350870566655,84.2781602924407,0
2010-07-22,64.39694838034148,72.21813747701935,3
2010-07-23,32.94184416419051,49.39884122534814,2
2010-07-24,44.46913642845927,87.8197921952967,0
2010-07-25,62.26580524736654,75.35830130470521,2
2010-07-26,56.99602583397108,32.17667390669473,1
2010-07-27,56.01113937041135,75.28741648911291,1
2010-07-28,17.627764549199384,79.65436542967474,2
2010-07-29,37.93574499641658,90.99392008986833,2
2010-07-30,44.36344302228252,30.73048572713238,0
2010-07-31,43.2397831691569,36.452911559879894,1
2010-08-01,-3.221798604770889,39.95993616223253,0
2010-08-02,3.4495708384593726,12.64088529474738,1
2010-08-03,60.72079120086839,62.46992520124507,0
2010-08-04,39.61168928094855,13.310547129590645,3
2010-08-05,48.330172798639424,10.074030102932083,2
2010-08-06,68.86641148120667,16.870121672518454,0
2010-08-07,88.88552784598001,55.93500180128398,1
2010-08-08,72.6179529107181,95.21272251555315,1
2010-08-09,16.995858393939834,14.81666274004553,1
2010-08-10,48.24458015934209,80.19078806900838,1
2010-08-11,51.44865516112968,40.794942981487736,0
2010-08-12,39.29234681417968,31.476935628175912,1
2010-08-13,51.95613691262909,82.94657736122959,3
2010-08-14,53.89777251197482,22.65522644233723,2
2010-08-15,35.09777564334989,65.12505872803428,0
2010-08-16,47.50770447405646,25.885895661710016,0
2010-08-17,46.10320732149333,69.52714715922377,2
2010-08-18,41.92296686299937,15.536595266442504,1
2010-08-19,44.76966722543783,32.9992786287296,0
2010-08-20,30.028269012222097,43.81476767270207,1
2010-08-21,33.12136662763722,18.550557199494094,2
2010-08-22,68.75861107432034,44.97336402017293,1
2010-08-23,40.574256553645206,69.34648715539237,1
2010-08-24,44.536872196348575,44.150966696505286,0
2010-08-25,24.605844922454136,59.46536639595711,1
2010-08-26,70.37745742190373,41.46023430935379,0
2010-08-27,46.21388152271415,96.08815551041319,0
2010-08-28,50.04974097144588,93.59737178067132,0
2010-08-29,56.44676204292349,34.04497033500316,2
2010-08-30,38.6148553605466,89.19665883663554,0
2010-08-31,54.974864740810766,42.3579270984,1
2010-09-01,26.612774754637783,45.5756295589307,2
2010-09-02,28.8285502989843,80.74211469497631,0
2010-09-03,60.11361971409505,55.98305348522775,3
2010-09-04,39.4647589539002,12.712889888839578,0
2010-09-05,58.74072121283651,78.27648540802578,0
2010-09-06,33.47651351203756,98.70437714059517,0
2010-09-07,61.973980762313985,12.481187512258558,1
2010-09-08,51.575855300881834,55.53839334207947,1
2010-09-09,55.35655513984749,87.98887501727616,0
2010-09-10,97.73277461712722,62.58500713194178,3
2010-09-11,69.16017619989448,60.141577645294994,1
2010-09-12,84.8337362129571,46.005982042660875,0
2010-09-13,63.618658907426294,36.69177015633163,1
2010-09-14,11.485189910928455,38.20029589093599,1
2010-09-15,43.50521765906079,97.58209895441291,0
2010-09-16,37.872530930657916,17.621844200270345,1
2010-09-17,49.22884195886199,35.060315419269585,1
2010-09-18,44.376526685793294,98.88872452018916,0
2010-09-19,28.951589889050243,80.0255931582402,1
2010-09-20,47.46361064539272,92.0894526150045,3
2010-09-21,41.72875109490593,63.27890749135179,2
2010-09-22,76.35260195969082,18.938893312061325,0
2010-09-23,52.35085669560082,84.47701767425494,2
2010-09-24,73.06411920229812,62.613912359758906,2
2010-09-25,20.174976392972393,93.36042264436483,2
2010-09-26,33.50832794628374,33.421613682232106,0
2010-09-27,20.073072170442906,21.43384726782208,0
2010-09-28,65.45385522203004,36.17645297816348,1
2010-09-29,49.0127254661985,95.92682834406943,1
2010-09-30,26.84115648337922,17.97581816638065,1
2010-10-01,29.825870716126243,55.76554002747776,1
2010-10-02,32.684899940849476,63.95207312365976,3
2010-10-03,64.2998258052735,79.24032463255564,0
2010-10-04,12.056248288936338,42.13254415033891,1
2010-10-05,67.04395299256561,90.35284412130612,0
2010-10-06,65.7225074171509,18.65570337290292,0
2010-10-07,72.68904641020458,56.73991017963759,2
2010-10-08,57.096708852932835,92.33198893981147,1
2010-10-09,20.108800966594092,91.81368706130559,1
2010-10-10,49.38346159324911,76.05166684114874,0
2010-10-11,88.98947018591633,34.28983232380497,0
2010-10-12,51.14916888360032,45.72880873474255,0
2010-10-13,50.052507152571096,47.97610526148605,1
2010-10-14,34.79858239678789,29.1660940310824,0
2010-10-15,68.90714823758309,80.93952087365619,3
2010-10-16,44.246124344179435,95.26302912857919,0
2010-10-17,43.59970764474404,60.30478398326201,0
2010-10-18,39.61478325983754,23.140504797945788,0
2010-10-19,22.914609276368203,83.47236171836944,1
2010-10-20,30.70396352039144,33.088915996054055,1
2010-10-21,57.73261489387536,21.885894513466102,1
2010-10-22,72.12778996390617,35.39301629204046,3
2010-10-23,115.29594017847005,47.516038328847294,1
2010-10-24,80.35406800877958,84.39671516904906,1
2010-10-25,58.90023331344449,84.89944150233427,0
2010-10-26,-3.0202814188886578,27.59722014862726,0
2010-10-27,29.484161582472012,63.129137094491035,0
2010-10-28,37.99518915843112,78.58254258108616,3
2010-10-29,53.01516160006227,87.49802396209911,0
2010-10-30,40.697500758033975,10.949268775258282,1
2010-10-31,60.85745441462849,39.55089162637705,0
2010-11-01,24.9078972534005,66.24856301155356,2
2010-11-02,71.593053340384,16.620852938933854,0
2010-11-03,58.2480258889021,19.595903690700688,4
2010-11-04,71.98306747558466,55.641318265861806,1
2010-11-05,74.96164531055797,53.481480684926275,2
2010-11-06,34.33384928876069,51.622012453427324,1
2010-11-07,57.0141175854081,84.27856061414182,0
2010-11-08,54.29192312898211,23.482989056497377,2
2010-11-09,36.3703208353254,59.14720855852007,1
2010-11-10,69.00853547173573,20.256219907967157,4
2010-11-11,22.840074100214256,55.423165839553036,1
2010-11-12,36.66549673040359,20.180703852495654,0
2010-11-13,35.67876910382427,18.16424200508064,2
2010-11-14,21.872302656683516,27.48546302605324,1
2010-11-15,58.69075998764331,64.87632694344768,2
2010-11-16,47.19630619956816,71.52114535170364,2
2010-11-17,42.32624822517114,98.640256189353,0
2010-11-18,51.21289712777373,46.08849552747098,1
2010-11-19,53.49180065722266,68.88927605020066,1
2010-11-20,43.86083839937196,74.32681345850521,1
2010-11-21,45.08296046388676,32.061727397336355,1
2010-11-22,25.81802699251923,46.06228979671268,1
2010-11-23,65.2520620887445,27.217814920707408,1
2010-11-24,37.611137293063805,33.07700519869766,0
2010-11-25,74.42684027500522,80.77526772790607,0
2010-11-26,61.762119737676784,25.278516520042494,1
2010-11-27,65.35500421063607,31.99983862758728,0
2010-11-28,31.961113171517802,38.57686123731987,1
2010-11-29,15.060588216936729,73.54683463637164,1
2010-11-30,53.40458693797584,38.645060127058024,0
2010-12-01,-21.169380987790802,75.16524656868422,2
2010-12-02,54.90653322855501,74.58072896361139,0
2010-12-03,26.519493624405435,59.60191717175866,1
2010-12-04,61.17365021793147,18.438550516396973,2
2010-12-05,60.09680645526441,46.3731781869859,2
2010-12-06,84.74942399415715,92.61179270288595,0
2010-12-07,53.06467354066193,94.97354313773533,0
2010-12-08,21.04605573425094,15.30332891649584,1
2010-12-09,85.94743448361058,75.98797018623905,2
2010-12-10,42.52337198605282,12.759547633499697,0
2010-12-11,41.29303636246502,42.53414192912885,0
2010-12-12,35.40622066455066,28.78795583136657,2
2010-12-13,48.23034974951017,28.469735710031678,3
2010-12-14,22.4272251643546,88.12101209671,2
2010-12-15,33.414375665717515,44.90794786308056,1
2010-12-16,55.283472219284214,48.84696602762924,1
2010-12-17,76.57595925998075,38.13277973118812,4
2010-12-18,59.40661529556633,30.44026688608171,0
2010-12-19,34.680747309484374,38.84191581378468,0
2010-12-20,56.376270953244386,57.133935278212675,3
2010-12-21,29.14392952152406,80.43042193752716,2
2010-12-22,35.32665727224385,87.27933359694241,2
2010-12-23,57.7552812329903,73.56490460199751,1
2010-12-24,66.80862958322344,34.80600965979558,1
2010-12-25,34.3266780940589,91.94392764230761,2
2010-12-26,51.586790113567844,41.642844306973245,1
2010-12-27,65.53730750504938,18.1545847904559,1
2010-12-28,47.60981112642592,10.28222470572027,0
2010-12-29,68.0253695467301,59.32445806755746,1
2010-12-30,45.71075076051308,70.85786408703686,1
2010-12-31,35.0068077706424,40.06212738378831,1
2011-01-01,35.60963605560282,62.53275748200803,0
2011-01-02,3.981078437761667,69.82932805687099,1
2011-01-03,73.52998927360827,84.9866459477747,0
2011-01-04,85.49010013033002,24.4140112980908,0
2011-01-05,104.97674976788275,40.349216986582455,0
2011-01-06,64.56732466336925,78.20602453144235,2
2011-01-07,59.67109291585719,52.18077585674486,1
2011-01-08,46.401412263017235,22.380726617898798,3
2011-01-09,80.68799770243692,92.86161696785463,3
2011-01-10,80.27403024338035,54.13446814464862,3
2011-01-11,19.61727550156557,56.57068782718236,1
2011-01-12,24.77973289883301,20.348119641559258,1
2011-01-13,19.321396596146258,50.87411168122222,1
2011-01-14,94.28599895148434,86.23844615106269,2
2011-01-15,72.22356330496032,31.06561463321913,0
2011-01-16,50.345215015218535,48.69808283170074,0
2011-01-17,68.09264847366445,22.931049693636528,1
2011-01-18,83.70705217830738,34.76941174597046,0
2011-01-19,70.74208844064032,33.07645717068553,1
2011-01-20,26.364870206992258,59.2746496916712,2
2011-01-21,40.9543733381749,95.59689720627499,0
2011-01-22,45.64837822882237,97.3846051991676,1
2011-01-23,61.474433041262444,51.108516667713296,3
2011-01-24,38.2501448164663,45.367137055416926,1
2011-01-25,72.84621955722923,90.27641231900395,4
2011-01-26,51.03321296132714,91.66775300052055,1
2011-01-27,61.03765008400945,67.38782833126257,1
2011-01-28,67.51926477264705,55.21068432182949,1
2011-01-29,45.421766249869506,85.2823730842304,0
2011-01-30,79.04198570979916,42.339026179381335,3
2011-01-31,65.1055437832434,27.68146391860114,1
2011-02-01,45.94953069404995,37.34844739461141,0
2011-02-02,58.97566365718017,85.46925528584345,3
2011-02-03,51.037235446012936,16.91729176375082,1
2011-02-04,40.596694819691606,25.937167287773292,1
2011-02-05,63.80844958551064,37.11537815230643,0
2011-02-06,30.5635331436542,11.372957579342515,0
2011-02-07,58.05586886575482,64.36965817535744,3
2011-02-08,61.13811348183314,73.24357806255836,1
2011-02-09,42.06553048849547,43.16197940008253,0
2011-02-10,21.584200934588043,87.57789377514324,2
2011-02-11,31.088131099345546,67.06983832177852,2
2011-02-12,49.87770242377123,85.44056857002349,3
2011-02-13,60.99294781681694,33.940737312387846,1
2011-02-14,76.25510463305548,49.342821095965924,0
2011-02-15,48.90324276014015,16.245772657474486,1
2011-02-16,40.70865457542904,32.285941072947935,4
2011-02-17,18.736935200411136,83.40762897647508,1
2011-02-18,66.39939327778646,70.27188858950059,2
2011-02-19,51.15250937787435,89.33934929639669,0
2011-02-20,49.22623365529863,70.03418616351198,2
2011-02-21,24.430338342852508,15.456758786362244,1
2011-02-22,40.551247397401404,18.471346886228723,0
2011-02-23,-7.399873818170654,33.95899401447257,1
2011-02-24,20.696284936679007,55.9433557188896,0
2011-02-25,28.199938209196137,19.123693013660382,1
2011-02-26,49.99831609407359,54.348028905838255,2
2011-02-27,52.249511009854515,63.977665769853395,1
2011-02-28,41.54190600252069,63.124999647347316,0
2011-03-01,55.07905959976536,40.022037188414835,1
2011-03-02,59.02480766619566,38.16366082616034,3
2011-03-03,60.627134658517356,19.245090516860902,2
2011-03-04,31.19620411407672,67.37624652315418,1
2011-03-05,68.67278467809793,34.181275857105405,2
2011-03-06,36.92627660732471,49.868562952077454,1
2011-03-07,44.38188916864469,24.851308911967706,0
2011-03-08,70.10484618153325,46.98755771807152,1
2011-03-09,59.889346886009015,87.94998866664572,3
2011-03-10,76.88489244814276,28.4579832604563,0
2011-03-11,41.212303012801144,94.79818513554916,0
2011-03-12,44.457695695543904,25.66769623536237,0
2011-03-13,47.647587126856905,76.56427813089118,1
2011-03-14,19.190261846094106,84.03739265694048,0
2011-03-15,35.30360467804081,33.16502584292346,1
2011-03-16,48.343235913345595,32.77944915685582,1
2011-03-17,45.5617908703417,95.09617544414336,1
2011-03-18,64.44183686397893,87.04106770531993,2
2011-03-19,65.14517809508092,71.61574817515107,0
2011-03-20,40.71013165305267,17.801939232323182,4
2011-03-21,49.95799240213837,14.120333478531352,1
2011-03-22,20.7443027925834,27.618599082792436,0
2011-03-23,20.7881578397074,12.31294031535416,2
2011-03-24,56.90045894745142,13.530257629564236,0
2011-03-25,44.01251153033207,20.771586677213847,1
2011-03-26,60.90157983832154,85.06316537075391,1
2011-03-27,61.91042994052518,56.54271174177312,1
2011-03-28,35.70023951842161,76.93082284408686,0
2011-03-29,18.388120283451975,75.79705385127586,1
2011-03-30,53.29681301081741,77.65655802057753,1
2011-03-31,13.600078795584402,45.195354853164666,1
2011-04-01,27.415298670130134,57.70830748126288,1
2011-04-02,20.665818843859473,69.47977216385168,1
2011-04-03,105.21673764308592,11.542461433862549,0
2011-04-04,38.865816400811156,60.41194230692865,1
2011-04-05,67.55359417376377,32.54397584578728,1
2011-04-06,64.0389457781078,38.792328137336085,0
2011-04-07,59.94919198326317,34.623474204586515,0
2011-04-08,45.74061641001368,81.82615896692015,2
2011-04-09,47.38841302273802,78.78433478870014,0
2011-04-10,51.42342610656285,23.93713149214679,0
2011-04-11,45.052830816041705,25.962940564251287,0
2011-04-12,65.51763529600693,74.12884020302862,3
2011-04-13,54.00033882383517,82.04365106326405,0
2011-04-14,88.73044707411383,52.57412712468816,1
2011-04-15,37.158983653467146,99.13406754213554,2
2011-04-16,66.19326279984932,21.139459861052032,2
2011-04-17,72.60051686626788,95.67117188318699,0
2011-04-18,61.788404218309715,86.03919013947751,0
2011-04-19,50.66208943117674,97.8769733697687,0
2011-04-20,46.785992311885714,93.06197607124972,2
2011-04-21,33.5935224525594,22.027534268384308,1
2011-04-22,60.61862993582237,83.02907180958994,0
2011-04-23,77.01369418309773,23.436941295375085,0
2011-04-24,33.75438030230123,58.00926457485867,0
2011-04-25,43.18626067243383,40.078479384853125,1
2011-04-26,30.796968592308353,40.16264267288877,3
2011-04-27,41.78135916144858,32.65958282179653,1
2011-04-28,60.868625954504104,78.40291814574877,3
2011-04-29,22.65382482879202,48.760362014086674,1
2011-04-30,46.40041987350012,53.88340515861955,0
2011-05-01,49.683524584227904,56.3106721767689,2
2011-05-02,70.44949873491493,47.39526115556324,2
2011-05-03,19.934093625537233,31.146071020693388,0
2011-05-04,56.09403883739298,69.61517931616544,1
2011-05-05,63.24619977295876,40.05776758599362,1
2011-05-06,59.975206636731336,14.60994490094183,0
2011-05-07,77.95247920889878,28.925946832596637,0
2011-05-08,48.75182399759387,32.73589750262241,1
2011-05-09,64.01244647576333,63.508694868310755,1
2011-05-10,34.531103376220216,42.1626375550658,2
2011-05-11,42.429273513613325,22.44498408988364,3
2011-05-12,71.4503855925303,25.596477781938177,2
2011-05-13,56.34935111894245,17.9438699362081,0
2011-05-14,70.47476697944086,91.11602778261793,2
2011-05-15,64.42994329162084,14.01037358310806,1
2011-05-16,50.85103490318615,45.745312438386684,0
2011-05-17,56.553318221763895,29.436164467431563,1
2011-05-18,35.78738459538315,10.605330709019096,1
2011-05-19,22.770715589097787,88.75494526080264,0
2011-05-20,75.1880040888677,95.0461480445512,3
2011-05-21,72.59972932657217,26.564056378894165,0
2011-05-22,74.6530127954094,45.957119035515234,1
2011-05-23,10.893873806603011,59.844396083062456,1
2011-05-24,38.05128334474252,34.9375308679154,1
2011-05-25,56.283945131347075,89.9286105327102,3
2011-05-26,78.60467450931236,98.3956402600063,0
2011-05-27,58.92306694427637,74.14275607039441,2
2011-05-28,62.72124204427689,12.331850595636668,1
2011-05-29,51.57008354047896,19.2331612364575,1
2011-05-30,57.341254965572006,71.68074681118614,1
2011-05-31,29.77194306125031,65.73106070851314,1
2011-06-01,40.305101432625605,79.28698767141263,1
2011-06-02,66.38777631163376,38.99288468442827,0
2011-06-03,39.43086920933117,11.97031956199834,0
2011-06-04,59.871947414002975,49.682420754959935,2
2011-06-05,9.034810052779193,68.34505489340921,1
2011-06-06,13.30389547535642,76.84655079284215,0
2011-06-07,58.58402421757277,53.967141350598126,0
2011-06-08,48.26025847148501,49.286604281316684,1
2011-06-09,30.441094501555398,35.22803600691778,0
2011-06-10,57.948457065840586,65.36153721529611,0
2011-06-11,14.163895358253576,42.12279477105567,0
2011-06-12,43.83173346570385,31.804085957509287,3
2011-06-13,36.17538686526837,70.2004048864587,2
2011-06-14,60.3036093798857,24.651177240051883,0
2011-06-15,28.52585433417982,71.25109893201943,3
2011-06-16,53.09261621556476,38.02316920302242,2
2011-06-17,49.758252539142326,94.00736491340604,0
2011-06-18,46.95018343793683,62.120600538029514,3
2011-06-19,33.973852111428485,81.28025570670852,1
2011-06-20,91.73956407582885,52.07298581916651,0
2011-06-21,28.108905729003876,17.431445467989338,0
2011-06-22,68.58380423515463,48.17206193184639,1
2011-06-23,69.83659582419116,30.177673399661863,0
2011-06-24,34.315915696369466,53.3738384685716,1
2011-06-25,44.517662050441764,13.959664140937441,0
2011-06-26,39.70157464663533,51.434963044337614,0
2011-06-27,50.99027858863134,63.93045162800884,2
2011-06-28,58.481190725085256,78.9524746456026,5
2011-06-29,88.39959089016972,85.4225572507309,2
2011-06-30,68.44168431248991,48.16859528337595,0
2011-07-01,43.35225947081159,56.59295447161426,1
2011-07-02,47.17035083344383,19.244456194584416,0
2011-07-03,17.946684037952046,68.59174046068273,0
2011-07-04,69.35906965001541,58.657113838938535,3
2011-07-05,27.576245526685057,42.836736891836956,1
2011-07-06,85.96490823523054,93.32724953410013,2
2011-07-07,46.85271033055879,13.488559702346398,2
2011-07-08,70.6049323037189,64.64865738585101,1
2011-07-09,36.289716180847876,81.03179127478673,0
2011-07-10,28.242976138200945,73.95322792387613,2
2011-07-11,74.58746324784963,66.42642314619178,0
2011-07-12,61.58971420448372,62.46216934853436,1
2011-07-13,39.042882878307466,86.83149753317902,2
2011-07-14,75.32255855183863,60.56527912993993,1
2011-07-15,82.08926299110112,27.352501185758943,1
2011-07-16,17.223685291388968,39.42513871360462,2
2011-07-17,51.3397103108649,30.126920691037775,0
2011-07-18,73.98849423761962,20.633338768567253,1
2011-07-19,75.80602807077587,70.54010469185386,1
2011-07-20,69.52559472327515,82.61382229282066,3
2011-07-21,51.82164013337926,22.16634296458362,1
2011-07-22,64.37233992632673,28.525860992234538,1
2011-07-23,41.85888753231902,46.43681736579132,1
2011-07-24,34.319203429453964,94.42769712949504,0
2011-07-25,74.14921283530771,18.015581000455555,0
2011-07-26,36.61678192238102,89.00498469153254,0
2011-07-27,36.72266415589154,43.25814338388815,0
2011-07-28,58.721012068671826,38.240540754823456,1
2011-07-29,29.396833682565667,58.21817320274969,1
2011-07-30,45.72777204473009,96.1538397403805,4
2011-07-31,76.1165587948293,68.5777972509226,0
2011-08-01,73.54841185479276,20.06012054527358,3
2011-08-02,32.384043412161596,42.66153901910689,0
2011-08-03,48.437754786296075,83.20252448654496,0
2011-08-04,63.49203409598818,80.54452013210158,1
2011-08-05,31.65067907276182,18.30266381504909,1
2011-08-06,63.661823564375794,15.620738620951688,1
2011-08-07,81.80464036235067,96.57641550362423,0
2011-08-08,29.98254906156932,71.28640856641798,1
2011-08-09,47.331139047233485,56.295528165700084,2
2011-08-10,44.9752113351456,48.53414453639622,1
2011-08-11,56.30914831416713,41.762496323572115,1
2011-08-12,47.462145665170645,82.7198882363114,1
2011-08-13,81.94038888543972,74.57577215662852,0
2011-08-14,79.81046677183463,79.22341996477887,1
2011-08-15,84.51576708607277,59.38230027134122,1
2011-08-16,58.11049493311318,54.209189152794714,1
2011-08-17,19.877277517567045,43.40079733413355,0
2011-08-18,51.040153128942514,55.1007716012183,0
2011-08-19,48.76295228066904,91.7024272088639,0
2011-08-20,29.493322250414273,17.882854004749216,0
2011-08-21,12.755980231795455,29.731117502368612,1
2011-08-22,59.72907784608938,12.65664180992287,1
2011-08-23,39.31524889676862,20.252741339786148,1
2011-08-24,72.69995604064894,16.790592510233456,1
2011-08-25,54.13728573335966,48.89626354358817,1
2011-08-26,50.93927064805396,67.6460350695995,1
2011-08-27,46.411869968381104,40.03210981615142,0
2011-08-28,51.12896427954287,17.230619310212496,3
2011-08-29,43.062785450116934,64.29362339330055,0
2011-08-30,54.83833365244819,63.39114146118414,1
2011-08-31,75.88866830136216,20.21408327094477,0
2011-09-01,44.02086530799372,27.06306469947523,0
2011-09-02,54.80596577312806,16.168896689245624,1
2011-09-03,62.948631731262225,73.86133867730786,3
2011-09-04,62.21771001155062,47.57748489656189,0
2011-09-05,57.108047043637875,14.249714040872897,2
2011-09-06,50.99970217684674,99.50187645680053,3
2011-09-07,58.15757494648145,60.503231419120176,1
2011-09-08,61.9087714565316,91.5561350964689,3
2011-09-09,35.79824864762608,29.492145109801903,1
2011-09-10,38.964553478268655,96.76187754200518,1
2011-09-11,63.998075504308076,51.798278660758264,2
2011-09-12,58.40179864314297,85.93185889854387,0
2011-09-13,10.651150730945808,59.57737674378083,0
2011-09-14,79.5884391246687,55.246696079423366,1
2011-09-15,61.120195997628436,10.743998523951234,1
2011-09-16,40.904738790567436,37.845554610180784,0
2011-09-17,32.978823522076695,52.38771869398389,2
2011-09-18,54.96252352600881,26.529739159783272,2
2011-09-19,17.573822612285646,85.48815935690607,1
2011-09-20,51.935459504743534,61.89840553295134,1
2011-09-21,33.620285031402105,38.94681835245812,1
2011-09-22,64.08858518429805,76.43406479472517,0
2011-09-23,47.49687792026887,38.49848725645923,5
2011-09-24,48.971006130483694,79.69044606130275,1
2011-09-25,52.55630929499369,93.71668398985496,1
2011-09-26,52.36706366150681,13.423271662630084,1
2011-09-27,19.278717565503925,69.99335509920277,0
2011-09-28,38.60263463680651,96.68582754973858,0
2011-09-29,64.31539666460144,59.42630384524104,0
2011-09-30,42.41471975631737,94.20098201260286,3
2011-10-01,46.96031712683573,54.026302178036616,0
2011-10-02,40.84447153060771,81.42666652743155,1
2011-10-03,31.125165335572007,95.357288320758,2
2011-10-04,58.1567347648565,66.3190943379048,1
2011-10-05,55.084199473821414,72.18524694295692,0
2011-10-06,32.60762353277855,39.639413080014364,1
2011-10-07,74.64329813405222,33.89965860219711,0
2011-10-08,61.589594688534405,75.68485022351835,2
2011-10-09,55.82483318257486,37.27835090633184,3
2011-10-10,14.003495913146288,91.52683422908441,0
2011-10-11,46.57177963385322,31.586362380076853,0
2011-10-12,74.28701481671119,15.818547384928241,1
2011-10-13,21.118521594727167,42.120768001381045,2
2011-10-14,28.850884024799342,31.827682852568746,3
2011-10-15,54.72639919658774,80.34141013304668,1
2011-10-16,50.48815930219555,18.02055732661596,2
2011-10-17,54.83389026812698,28.211436539713876,1
2011-10-18,62.219754225282436,21.1018316442729,1
2011-10-19,35.86592631007383,58.815021626411415,0
2011-10-20,55.698698187744384,58.68378411201083,1
2011-10-21,60.966434719998674,95.34916514744809,0
2011-10-22,35.23609945891386,30.797502639613384,2
2011-10-23,6.232782536281732,74.29192647894453,1
2011-10-24,63.20905701168722,98.04528199000694,0
2011-10-25,66.83984623819327,34.78095838709301,1
2011-10-26,88.63216511913804,63.321027940382876,2
2011-10-27,89.59185744158125,34.056266456562135,0
2011-10-28,57.92217737017275,77.32638321139902,1
2011-10-29,57.281690123776634,49.70139832488046,2
2011-10-30,60.892347214071215,16.16234054358928,3
2011-10-31,33.34060165176413,60.02506663758365,1
2011-11-01,75.25265634121514,16.231573494381948,0
2011-11-02,40.437312273319804,85.10221343482834,0
2011-11-03,34.13495555631027,28.454472131765826,1
2011-11-04,59.981123957324655,94.0364274979241,1
2011-11-05,35.51462245096482,75.6562322363037,0
2011-11-06,17.987909482626897,80.49874402319432,0
2011-11-07,89.1634720004019,31.955239281804566,0
2011-11-08,51.06589309692819,24.084635551066146,1
2011-11-09,77.08894628108142,49.953450647104376,2
2011-11-10,37.89614700594869,36.663256998138145,1
2011-11-11,38.17635690795521,14.482241628297656,1
2011-11-12,64.36286043849218,46.9126581574252,3
2011-11-13,68.26288147408609,48.36353782914143,1
2011-11-14,39.41118595135628,81.95518835921064,1
2011-11-15,52.970978436796294,48.56413778009238,0
2011-11-16,82.99112386331845,53.325684665648666,1
2011-11-17,48.23246979459269,77.16410303925093,1
2011-11-18,73.59999147283408,52.40041337452943,1
2011-11-19,61.54792711367129,49.63366453932516,0
2011-11-20,53.3337304502357,84.72932012530413,1
2011-11-21,39.36443321877647,30.538073858496453,1
2011-11-22,67.18398534389323,12.127683638581999,2
2011-11-23,51.592051597410034,85.19714623573779,1
2011-11-24,26.151209721792664,88.1584257130341,0
2011-11-25,65.12933884462672,45.449466681845145,1
2011-11-26,36.48826167441679,96.60689864754117,1
2011-11-27,65.88229871664582,99.09098671540262,0
2011-11-28,40.692087845180914,67.05156132023129,0
2011-11-29,61.555653319957706,11.302901969250495,1
2011-11-30,25.716522471096184,61.11320109774827,1
2011-12-01,81.89842096305586,66.28809054695611,1
2011-12-02,54.225720264441236,27.82579502059017,3
2011-12-03,35.929126918309535,28.753478556782696,1
2011-12-04,40.297369802605076,59.68354941890867,3
2011-12-05,88.39494605229908,46.77485911820854,0
2011-12-06,55.03637939669726,10.74711764198861,2
2011-12-07,61.282455388410455,29.981568707901086,1
2011-12-08,45.64622985671757,64.93166847513812,0
2011-12-09,20.53232866433558,70.76222698572474,0
2011-12-10,71.99384451448029,98.8113313745111,4
2011-12-11,55.16906716965465,12.825560291856192,1
2011-12-12,36.32370639537744,39.915427994530546,0
2011-12-13,50.268538168936594,18.824377293694063,0
2011-12-14,45.62119292741403,71.83183452793678,0
2011-12-15,50.04806083520007,80.70737444762904,1
2011-12-16,49.02610507530343,94.90727120922111,0
2011-12-17,9.67615537991211,56.027918111315536,2
2011-12-18,31.95490759040872,53.86455404774849,1
2011-12-19,60.3968603213049,13.886871429318184,0
2011-12-20,23.24226485555802,89.54415342390281,1
2011-12-21,48.97088041403552,51.945010337352464,0
2011-12-22,20.86163239460458,73.82329280334784,1
2011-12-23,85.1270240840029,19.970168163805596,0
2011-12-24,63.463675244979214,13.689256815701532,1
2011-12-25,34.129723115992064,13.7390388713787,2
2011-12-26,28.980637688518634,56.19473768706044,1
2011-12-27,47.67659173499613,69.89326941214696,1
2011-12-28,56.1876332998778,15.922825153260927,0
2011-12-29,51.50104424204859,64.0005210494996,0
2011-12-30,58.94567727945448,89.34150414417624,0
2011-12-31,22.076087284706286,27.84881056383699,0
2012-01-01,50.53872679481042,91.45261759838692,1
2012-01-02,20.5644335390827,86.09316795686345,0
2012-01-03,39.316978579456304,88.59939955652091,0
2012-01-04,66.25560472001051,47.06556227119839,2
2012-01-05,48.692273888559356,63.37093909378928,2
2012-01-06,66.65460559871201,99.44954191287286,2
2012-01-07,24.379846917319906,20.977328602149413,1
2012-01-08,36.84993944424472,79.65207143494236,2
2012-01-09,76.73871701985904,18.668316240362618,2
2012-01-10,39.98880336996105,76.77176232300782,2
2012-01-11,45.30250719160753,86.60921502104605,2
2012-01-12,34.20424825765441,88.70970242432924,1
2012-01-13,32.8487728156746,77.97874619703177,0
2012-01-14,68.50858023867403,39.12854005760471,0
2012-01-15,43.37152339688688,88.29103256235268,0
2012-01-16,40.40740785076374,19.245214757574338,1
2012-01-17,54.03060896938932,57.795918166759016,0
2012-01-18,38.25376103693988,79.11763426846599,0
2012-01-19,77.87652642654754,80.00894054854713,3
2012-01-20,39.67179018476447,40.36644368269488,0
2012-01-21,37.54309951983572,36.09738166766881,3
2012-01-22,46.7799657090906,11.982461285845465,1
2012-01-23,71.38240837013406,77.04824170316668,1
2012-01-24,71.23989825663159,13.48505566709759,0
2012-01-25,51.86702654486069,41.5825288344554,4
2012-01-26,55.01318477508576,84.64760574215956,0
2012-01-27,40.068982412634554,29.146151854159605,1
2012-01-28,82.22412546478287,24.827861515765058,1
2012-01-29,42.891926249382,60.72402425914731,0
2012-01-30,59.21703312285468,34.17875132597561,2
2012-01-31,58.703142356339185,43.842434639209785,0
2012-02-01,55.54089734747915,34.415831904025325,2
2012-02-02,55.1546581784653,25.17153101464676,2
2012-02-03,7.88777874118972,53.2274756167023,1
2012-02-04,41.56984805466713,99.79815517261356,1
2012-02-05,36.217420352263495,21.189773030869716,3
2012-02-06,19.940977080007944,89.24681448467949,1
2012-02-07,36.953544623588456,24.24753090786412,0
2012-02-08,60.2090738152796,48.51947098996688,2
2012-02-09,56.6976188834323,52.701024079895554,1
2012-02-10,75.8183174039792,35.46282869866536,1
2012-02-11,35.484094778515185,57.37135206831643,0
2012-02-12,73.16482646317218,24.56923346423754,0
2012-02-13,39.057159723236936,73.18885119294188,2
2012-02-14,33.59399042187708,32.99204783103636,1
2012-02-15,35.2460115659566,52.12818674404193,1
2012-02-16,55.814566590627024,56.86896078353493,1
2012-02-17,55.94664721739845,78.07638395180804,0
2012-02-18,81.23487198248796,23.958692901510652,0
2012-02-19,56.63135450679372,63.05853023624917,1
2012-02-20,67.3891153205075,58.9128827070434,1
2012-02-21,72.74446063472848,22.837963447623025,0
2012-02-22,52.650748944276025,68.30673771625372,0
2012-02-23,43.88555019449109,36.149744211695754,1
2012-02-24,66.20787963397132,13.694430425249802,1
2012-02-25,49.12961164946855,13.106639370037938,0
2012-02-26,12.884257012272663,74.14896468859642,2
2012-02-27,51.10575464350588,87.5944729336069,1
2012-02-28,67.70146078890596,29.190743205193726,0
2012-02-29,61.265065597947455,99.03426613015651,0
2012-03-01,42.96683726184359,50.16250609018253,1
2012-03-02,56.80663448976758,21.785374485102185,0
2012-03-03,56.35245104282805,74.40386981580359,0
2012-03-04,54.07686813075514,10.147873680661622,0
2012-03-05,24.39044504200424,11.903806645070796,2
2012-03-06,68.93277875914734,74.17138721382753,1
2012-03-07,76.47149189148713,95.00928038521931,1
2012-03-08,48.79509166714931,22.912036909474914,0
2012-03-09,50.321628968876105,64.01026790751457,2
2012-03-10,52.762225631324306,28.773599253724086,2
2012-03-11,75.8081044511427,26.516265103215865,0
2012-03-12,58.048055207576375,40.96807790033597,1
2012-03-13,91.04395557748694,45.61670097536201,0
2012-03-14,91.03003637596497,62.47951838863263,0
2012-03-15,44.13902264042069,32.09523820072876,1
2012-03-16,56.02829148953528,78.1332910022839,0
2012-03-17,56.47607515940362,56.34156069476598,0
2012-03-18,51.08518696412568,45.798900867752536,1
2012-03-19,64.58981406192501,34.96159928952008,0
2012-03-20,-3.1866514852864753,78.78710424620108,2
2012-03-21,38.08650937567722,50.9927645612619,2
2012-03-22,40.744567313523625,26.709930952218464,2
2012-03-23,60.68730258160049,42.098072568425984,2
2012-03-24,36.91403007994198,65.0775746955625,1
2012-03-25,68.43851354972323,17.945578880861436,2
2012-03-26,79.4583347980483,17.564789118556973,0
2012-03-27,67.19722960471087,78.02817641068201,0
2012-03-28,38.38185535949386,14.401487393077492,0
2012-03-29,9.93058496980715,12.296908243131247,2
2012-03-30,39.87363442016623,24.980997223670087,3
2012-03-31,3.1224262935153106,15.87271706157152,0
2012-04-01,36.614828037885076,94.43501343417255,1
2012-04-02,49.631822733045645,93.14282812925921,2
2012-04-03,58.2848925641103,14.387547998720965,0
2012-04-04,24.041741627799382,62.132278564412005,1
2012-04-05,78.11803461966251,36.54350046685637,2
2012-04-06,41.84125880096066,44.556617087374434,1
2012-04-07,76.59052433694552,33.245242502914955,3
2012-04-08,29.507123507907774,46.046685829609835,1
2012-04-09,35.06122240701724,66.53137204004472,0
2012-04-10,33.08828184349149,50.02870070001922,0
2012-04-11,52.99949582672402,64.66933511076323,1
2012-04-12,31.476483429545468,48.308869616799726,0
2012-04-13,31.89359097678694,29.93506964677444,1
2012-04-14,41.56226840085188,56.97386285726617,1
2012-04-15,32.77458073065405,30.678543527244937,1
2012-04-16,36.26689856168315,38.31798651799992,0
2012-04-17,96.71911040048036,60.12880022171457,0
2012-04-18,31.907501745785037,42.583311223668005,1
2012-04-19,55.9419571587471,66.43583185162223,2
2012-04-20,52.02075681293056,58.63708539910874,2
2012-04-21,59.11605328438897,47.58668009375217,3
2012-04-22,71.13443410793997,24.53343584039869,1
2012-04-23,53.769336239480076,89.75805231384116,0
2012-04-24,75.72724866696026,68.23827751355492,2
2012-04-25,92.5097854342977,79.80627953142182,0
2012-04-26,56.699309392880224,11.333856140076872,1
2012-04-27,59.994333701813744,96.29370302317798,1
2012-04-28,32.63487819551274,94.3801140242097,1
2012-04-29,27.780471805523224,53.3337506743418,1
2012-04-30,55.30759285367977,23.91416450901408,2
2012-05-01,65.7462063396516,14.00214411180312,0
2012-05-02,75.16771482844248,51.95225273524537,2
2012-05-03,46.690446749681946,32.37407264579285,1
2012-05-04,48.155859594315764,61.833278151651015,0
2012-05-05,74.21533770847823,60.45140082489294,2
2012-05-06,42.76952464175977,60.116797160932144,0
2012-05-07,60.68164199027077,22.153027471652123,0
2012-05-08,57.62501471497168,82.14603920833338,0
2012-05-09,34.28633376159013,80.6696482790878,2
2012-05-10,51.23679305667801,27.857149751918644,4
2012-05-11,66.11058458501915,29.35676022376191,1
2012-05-12,46.76107756900796,16.639040194409258,0
2012-05-13,68.30723762771846,28.82001958175728,1
2012-05-14,43.71223302583923,92.48059929995239,0
2012-05-15,55.32338405866069,36.88754166157679,1
2012-05-16,56.34401809808457,90.59845537432,0
2012-05-17,41.193121516569526,13.900632696192037,2
2012-05-18,106.05747066668349,56.65089173407826,2
2012-05-19,42.25623781453581,13.849818531227513,1
2012-05-20,14.457005577696151,66.38649455178798,1
2012-05-21,47.00047753216782,24.090054644636666,1
2012-05-22,63.07215038524521,41.720502569567955,0
2012-05-23,37.43392061581058,76.91204088603685,2
2012-05-24,18.54908508764703,94.26703764655939,1
2012-05-25,57.776268526546716,87.39472393669054,0
2012-05-26,56.66399678329215,36.3555252382433,2
2012-05-27,48.201688443761824,19.142032670338672,1
2012-05-28,39.70014818035044,58.76868388117746,0
2012-05-29,59.940912376492875,70.14521066523528,3
2012-05-30,51.21726426896887,67.10085210457868,2
2012-05-31,31.208515752288726,78.07622534498117,2
2012-06-01,63.32797161908438,38.024098911339124,0
2012-06-02,37.80946820483834,87.04804086376224,0
2012-06-03,61.289155882881126,60.48099135404854,0
2012-06-04,45.58035665599984,33.58808447838561,4
2012-06-05,46.160873577147406,53.74298610520821,1
2012-06-06,32.37487981770369,18.482295040750564,0
2012-06-07,17.751276991684783,50.669146514036925,1
2012-06-08,35.44969073088943,41.030379686905135,0
2012-06-09,61.01399586173518,84.56175211963347,0
2012-06-10,47.885900710023336,11.589214780028211,1
2012-06-11,75.41504579463724,94.42633754817103,0
2012-06-12,67.41472375544045,36.977236020179554,1
2012-06-13,35.98128600877714,14.704323367566905,1
2012-06-14,76.59093530265254,39.422623092434605,2
2012-06-15,45.16949825698052,59.37015989469698,0
2012-06-16,27.611036538239087,74.73898967749885,3
2012-06-17,27.342728737280545,14.140737346342895,2
2012-06-18,24.642758829457495,52.24484676234748,0
2012-06-19,23.369299552269194,78.99812961001713,0
2012-06-20,0.6799523411039132,17.029224717862505,2
2012-06-21,46.713644350615525,72.59327545766853,2
2012-06-22,58.889019641510444,24.198140486141728,1
2012-06-23,49.892431440075754,21.091793928294805,1
2012-06-24,59.38025253775602,44.011976498542886,1
2012-06-25,71.11701218768624,18.876770749568372,0
2012-06-26,48.742129659372594,25.784716498727803,1
2012-06-27,46.97079349053874,91.84439052249613,3
2012-06-28,72.7556903931038,77.01101531981428,1
2012-06-29,38.442297933980235,44.54752007930622,1
2012-06-30,41.611370750611314,97.29683384241386,0
2012-07-01,42.72136498726259,80.29645851548831,0
2012-07-02,66.90248068535045,68.30905204914774,1
2012-07-03,65.02661800738287,12.748923182181807,2
2012-07-04,32.020001249516724,89.6633374995643,1
2012-07-05,46.89442131195235,10.17821389814887,4
2012-07-06,34.05695319367372,38.91870311151504,0
2012-07-07,83.74114752402049,70.04060559846839,2
2012-07-08,57.24973495407607,46.40021731283658,0
2012-07-09,57.58008864304045,44.61040498154371,1
2012-07-10,6.7049903001596505,19.602365484530406,0
2012-07-11,25.290563681673717,71.22141093338136,1
2012-07-12,91.64636635908845,38.53538809370682,1
2012-07-13,78.34579149305729,52.330260979950914,0
2012-07-14,99.13853659442624,41.41239544283947,0
2012-07-15,2.2440476253892143,51.255206431661954,0
2012-07-16,52.955468870395435,97.86664809826287,0
2012-07-17,65.76555276339097,12.574380342536543,1
2012-07-18,76.33883077496782,41.930362518286216,3
2012-07-19,31.059484087974354,79.7922338058231,1
2012-07-20,69.49847023073504,62.10628752112321,0
2012-07-21,50.52753708239168,99.40371628142567,0
2012-07-22,44.78402924278714,96.51145575674606,1
2012-07-23,48.15082522861273,31.42211715614445,1
2012-07-24,43.96117133503258,98.92825487006755,1
2012-07-25,82.68523305087513,22.56599370659563,1
2012-07-26,9.184622426540216,81.4140116851885,0
2012-07-27,44.73681057316201,18.95851308013335,0
2012-07-28,69.33127102447713,68.11777188728422,1
2012-07-29,55.10881372168638,71.75168251546555,2
2012-07-30,76.60736664952128,22.138615324717414,4
2012-07-31,44.648651229040894,11.270501007819767,0
2012-08-01,59.42885139576897,39.41007237694119,1
2012-08-02,41.5091629237902,75.46656170408914,1
2012-08-03,63.753210806103866,54.6557022238467,0
2012-08-04,52.73881720634814,51.606104775787564,0
2012-08-05,44.665244248552526,27.257073132969634,0
2012-08-06,60.60150131523877,31.948556116794464,0
2012-08-07,53.253549590482486,56.398916560305295,0
2012-08-08,29.705678110518264,47.06159801265432,1
2012-08-09,35.88942040422109,49.47762381476547,1
2012-08-10,34.68764725391357,68.04658036546336,1
2012-08-11,22.376763997922076,92.74630430046537,1
2012-08-12,25.391085104098387,81.36190219049247,0
2012-08-13,74.08227765408469,25.97173902714892,1
2012-08-14,73.3537420437938,31.73638109867224,2
2012-08-15,49.74569617076014,38.95704861027373,2
2012-08-16,55.02980326068639,79.38867343515892,1
2012-08-17,29.540198104433465,16.381235150892476,4
2012-08-18,74.34499637067432,64.06583234928014,1
2012-08-19,38.79427008974362,88.62379771380763,1
2012-08-20,52.909164576189454,81.78518953747275,2
2012-08-21,68.21061195136143,14.836855069534824,2
2012-08-22,21.107402679045908,73.70898040387962,4
2012-08-23,49.25437290388946,95.17229053752817,1
2012-08-24,44.67245960603201,24.066769657314225,2
2012-08-25,28.359090137783475,52.854803199829604,2
2012-08-26,42.36979518987413,17.181200058916684,1
2012-08-27,96.25532900864306,93.62603225683421,0
2012-08-28,35.40502577049586,36.60535166582284,1
2012-08-29,32.98324885464844,52.05489469584695,3
2012-08-30,81.15887524739193,44.91244424837973,0
2012-08-31,77.69404438979947,89.62410461055288,0
2012-09-01,51.69427645390326,86.8100641660499,0
2012-09-02,45.957704418354695,62.92901967286957,2
2012-09-03,39.22818724610234,19.914872163634524,0
2012-09-04,14.370839158355857,42.718830233952204,1
2012-09-05,74.11082070492282,97.8888774891483,1
2012-09-06,57.24335555145899,79.55500414241966,0
2012-09-07,58.035262481500226,32.45901606143934,1
2012-09-08,59.39763893802099,55.63740687757467,2
2012-09-09,65.81304023835743,31.408486144564225,0
2012-09-10,64.69060365582304,71.98628136995615,1
2012-09-11,42.688769916707656,23.871185257650374,0
2012-09-12,105.11284883818446,70.42395762296684,0
2012-09-13,41.00991731994151,12.136791571633236,0
2012-09-14,44.64648813323647,28.106410064477405,1
2012-09-15,43.219122532634785,19.80020836168341,1
2012-09-16,62.053716070606626,87.41331122070936,1
2012-09-17,60.25410547744798,21.394851084980456,1
2012-09-18,60.1854653990256,30.81056978726312,1
2012-09-19,38.58622561201757,72.7610707076538,1
2012-09-20,50.287000198184025,94.00744328302157,4
2012-09-21,34.191169077295726,43.30112247556039,1
2012-09-22,28.9400028855054,57.195424216078244,3
2012-09-23,54.03033069819375,31.98536012992079,0
2012-09-24,44.23497497059155,84.06498806025222,0
2012-09-25,38.308708755080715,18.58769515972886,0
2012-09-26,34.0365332149735,23.54983167856591,1
2012-09-27,56.001868020478994,60.13405910361848,1
2012-09-28,48.72406758375974,51.59223581179372,1
2012-09-29,60.606484723069826,13.464015210681525,3
2012-09-30,55.96608245428647,92.5971224344865,1
2012-10-01,37.54523457785973,79.0740563422594,1
2012-10-02,34.29131006807916,43.996324636316075,2
2012-10-03,53.69844262524998,51.75151332676764,1
2012-10-04,63.61078673822264,74.11239660305719,1
2012-10-05,49.813566479172145,49.67296028248187,2
2012-10-06,41.812959485684644,39.584373421223845,1
2012-10-07,19.13706375490313,95.25807794006532,1
2012-10-08,61.94041752938877,53.58736564228331,2
2012-10-09,45.11195061433631,14.578830484046458,0
2012-10-10,42.1682513839137,23.81405204608594,1
2012-10-11,59.945319317837345,45.149160744459365,2
2012-10-12,33.97490246850018,32.533365676350655,0
2012-10-13,45.794341858409375,81.32388480969287,1
2012-10-14,28.337727531685424,59.75866764134065,1
2012-10-15,36.04847171565179,60.8706655457198,2
2012-10-16,70.94751143059975,78.71206935603922,0
2012-10-17,20.193028403273352,82.93152455153262,0
2012-10-18,72.95034404287456,27.055383679928838,1
2012-10-19,30.582819685813806,63.21671216923827,1
2012-10-20,39.81967866545008,73.28427182801465,1
2012-10-21,73.71940840239905,57.409522333190324,1
2012-10-22,39.27272691600507,77.10994618491361,2
2012-10-23,68.4386332870007,91.96022745337447,0
2012-10-24,26.242010457144783,40.16500650715581,2
2012-10-25,62.5603300083149,27.759863094076984,2
2012-10-26,22.84520974203277,50.45678789203058,3
2012-10-27,12.68172675804449,88.39739531809279,0
2012-10-28,39.86421918138727,60.6121273440979,0
2012-10-29,83.47307863171909,67.68485063543562,2
2012-10-30,36.19537106270876,19.467480884297952,0
2012-10-31,69.10212926417913,80.61579770750149,1
2012-11-01,59.42778776941482,45.90340257109108,0
2012-11-02,71.26168107191842,34.50935174359378,1
2012-11-03,66.11951788886925,73.46107910631511,2
2012-11-04,45.53532085065703,38.618323361481714,0
2012-11-05,71.65183349470308,96.51593839398299,3
2012-11-06,49.38694267942172,81.42447751404656,1
2012-11-07,93.99505226038099,70.55795519717026,1
2012-11-08,58.90076251615636,79.74200481595676,2
2012-11-09,32.48402350025301,15.39711596558357,1
2012-11-10,48.913011152635036,62.925460668640696,0
2012-11-11,50.92713218429522,81.14637067749292,0
2012-11-12,57.92899852778875,72.6435759620211,0
2012-11-13,39.28141960217634,14.579896108852193,1
2012-11-14,28.768838322960534,15.937867265554168,1
2012-11-15,65.28802722544712,24.267989546698303,3
2012-11-16,45.35137471632276,18.07663323288233,1
2012-11-17,35.070007651746636,77.94984480881469,0
2012-11-18,44.78283563466124,36.93635151123134,0
2012-11-19,48.9353460339802,60.15244322698116,0
2012-11-20,94.16127575104234,41.11104007350564,2
2012-11-21,31.06631317888799,80.15437845217194,1
2012-11-22,82.62515157835905,96.78559106699664,0
2012-11-23,73.7324743237466,75.6078483148434,0
2012-11-24,58.28488728466514,78.64686299258001,0
2012-11-25,61.14793824229653,89.13269376224223,1
2012-11-26,67.61606559968949,72.68104378288862,1
2012-11-27,52.029812892074936,72.26164036207265,1
2012-11-28,42.071519222632595,57.59767006067768,0
2012-11-29,80.34076097350503,61.40797758053066,0
2012-11-30,80.50917128295879,44.95326626058844,1
2012-12-01,82.6856254575656,64.61204747382456,0
2012-12-02,51.3298909259415,24.48266117063806,2
2012-12-03,68.4777986877312,38.40518844797057,2
2012-12-04,51.228985487062715,32.99544286557,1
2012-12-05,1.8082338522476675,83.98140651990502,0
2012-12-06,11.201514616767916,34.561400075262384,0
2012-12-07,23.88111809983284,47.81880926028385,1
2012-12-08,41.15033150960086,16.59878783258412,0
2012-12-09,43.36021634517599,44.017596199061174,0
2012-12-10,58.383515685962635,52.26499591157328,2
2012-12-11,54.45960683866772,54.4465073888907,0
2012-12-12,71.09468701588547,58.30211011584689,3
2012-12-13,36.55078732140209,28.957569251469483,1
2012-12-14,59.995904025656884,47.754619460313876,0
2012-12-15,26.52730297840811,57.30458245327248,2
2012-12-16,68.30717587923756,10.249277795966114,3
2012-12-17,87.56935912347342,43.21827542047454,2
2012-12-18,28.697773739679434,20.203872110217198,3
2012-12-19,88.51710722900697,89.03702478989082,1
2012-12-20,32.20339150255701,17.362036445428245,4
2012-12-21,33.970584364848484,68.45653415444713,0
2012-12-22,66.08683001973233,25.162844046434014,0
2012-12-23,47.78111008647505,34.380478800529445,1
2012-12-24,52.063977012150765,96.91865614596024,1
2012-12-25,64.92919972611097,15.202352630757211,2
2012-12-26,64.21951160338126,44.54473526775176,1
2012-12-27,27.773808658077698,83.73023025552858,0
2012-12-28,42.21852033617542,92.14219820342319,2
2012-12-29,67.01168183657092,68.93776645915946,0
2012-12-30,61.9156155309727,80.12995043536944,0
2012-12-31,57.89720674467301,21.89448526140525,0
2013-01-01,38.26072419557808,11.755074383285418,2
2013-01-02,72.16595926419183,77.93721211492756,1
2013-01-03,43.38136469881668,57.49416398004943,1
2013-01-04,54.87276855753646,45.51496510569308,1
2013-01-05,47.31052335826198,22.466967399295353,2
2013-01-06,58.25744287523296,55.4471870506927,0
2013-01-07,52.129934502213324,32.57948337910712,2
2013-01-08,33.44516535293677,46.21471347394386,0
2013-01-09,44.42302974229903,66.58470307718558,0
2013-01-10,43.08278223147823,43.60810783064181,3
2013-01-11,56.88787207034993,17.27301831823686,1
2013-01-12,32.07873792275474,32.74252194039231,0
2013-01-13,59.24137300946337,73.73319844563015,0
2013-01-14,56.29085343960914,38.207489000381756,1
2013-01-15,59.630872062670015,96.35343434623786,1
2013-01-16,75.66884474731563,32.83586346423468,1
2013-01-17,41.75363442689588,82.78322781851982,2
2013-01-18,32.7013278784481,53.657648838838114,2
2013-01-19,35.14699421490812,55.4562020075712,0
2013-01-20,54.96046813253093,67.39742251122215,0
2013-01-21,20.908746315702615,48.68496161348234,1
2013-01-22,32.266095411154566,66.29381690269298,2
2013-01-23,55.60138590330213,20.24573329048962,1
2013-01-24,15.50097062430477,54.5664555146619,1
2013-01-25,36.558966673247426,79.18429651234071,1
2013-01-26,43.09750463138806,40.816900701171875,1
2013-01-27,27.9757816292812,82.07864716746161,2
2013-01-28,24.29798786965715,81.674108739474,0
2013-01-29,54.571554720891505,59.43515617689695,0
2013-01-30,50.66452115389444,28.617143508537264,0
2013-01-31,51.3266334383227,13.191087836936486,0
2013-02-01,33.02432425806664,34.244410442643705,0
2013-02-02,77.43095058999435,82.48855954678176,1
2013-02-03,49.32186390981595,16.623291764360943,0
2013-02-04,28.189135748087324,43.94834226684982,0
2013-02-05,82.12849862472703,35.94794715012817,1
2013-02-06,74.8953841467424,48.002805548372066,3
2013-02-07,28.264208318446236,27.251241484496834,0
2013-02-08,29.99377621330471,51.505700503939536,0
2013-02-09,49.215241556247875,57.10426775716407,1
2013-02-10,54.42957039759987,35.233574850423665,2
2013-02-11,38.88629124531579,75.22882352905175,2
2013-02-12,60.40758017191305,64.20423313549475,0
2013-02-13,24.444031007737884,57.87739162500964,0
2013-02-14,57.16087183219944,81.780835908539,1
2013-02-15,37.9877932309004,73.62756911284241,5
2013-02-16,38.44349769107867,77.0828255479262,2
2013-02-17,63.064056652308025,22.943853238209364,2
2013-02-18,38.56630702414359,89.30756205015307,0
2013-02-19,40.47989166536654,88.4829512366921,0
2013-02-20,28.064049717168654,32.79718035052424,0
2013-02-21,35.37654805975898,99.64965708973669,0
2013-02-22,15.537057362761367,94.68815100149723,1
2013-02-23,39.74325382181988,39.42510742519852,1
2013-02-24,61.869587458169825,18.502050686273602,1
2013-02-25,57.00824521452951,10.397596396831133,1
2013-02-26,35.96471112891359,74.87328603146211,1
2013-02-27,22.262415222827055,96.22770923584292,2
2013-02-28,74.80662316392693,54.737480809428966,1
2013-03-01,40.1194419008635,97.25984447801757,0
2013-03-02,49.61854993241972,12.614704035619653,1
2013-03-03,56.92736626739831,66.96353091864864,1
2013-03-04,22.529212749204177,23.05476470827594,2
2013-03-05,46.525050691964616,58.03925100933944,1
2013-03-06,55.36679079512168,15.613130484680433,2
2013-03-07,60.263937023174556,22.58308046101847,1
2013-03-08,37.23294596819912,95.16354378978531,0
2013-03-09,48.975474714479596,50.146842103852435,1
2013-03-10,27.953830417056462,82.8978084317337,1
2013-03-11,74.4994884711773,26.241014633511625,1
2013-03-12,73.52421385724914,57.79731677247728,0
2013-03-13,34.635869939310794,17.463533728070033,1
2013-03-14,16.998414311176226,16.351778950019078,0
2013-03-15,47.79531057833645,93.55513499789215,1
2013-03-16,45.46487667283604,33.643501944607635,1
2013-03-17,40.788642982806536,23.182775726521886,0
2013-03-18,50.96513335464288,50.67798430287799,1
2013-03-19,40.14956129154615,74.74341518948404,2
2013-03-20,45.853840733068125,24.8090825387001,0
2013-03-21,49.93640474200455,25.867339219834143,2
2013-03-22,68.63067865518187,51.641251689107385,2
2013-03-23,41.45565753215584,53.42834470734236,0
2013-03-24,37.11986430148347,48.116344740797146,1
2013-03-25,56.078243911304774,76.08296759977998,0
2013-03-26,53.30148167116801,19.886462314911363,3
2013-03-27,71.48519373167306,30.513737795953205,0
2013-03-28,19.9913704745504,18.03298761521538,3
2013-03-29,42.07746895595484,54.054497860675696,0
2013-03-30,13.945963937722595,78.24601738161431,0
2013-03-31,38.74694490927091,30.59644330358389,1
2013-04-01,79.41751687419014,55.396153825485264,2
2013-04-02,17.63694415081084,19.44044960673228,1
2013-04-03,42.46962386398867,24.6801424520042,1
2013-04-04,69.96829363407838,61.36449991484407,0
2013-04-05,64.3007080793588,73.51256475687694,1
2013-04-06,63.02308360863917,51.089251242567855,1
2013-04-07,54.124352059828226,66.67784443579802,1
2013-04-08,63.201619942919635,83.15945311171214,0
2013-04-09,42.00381553107721,72.40500873648453,1
2013-04-10,40.95005411306997,40.69423939584502,1
2013-04-11,54.53738505293972,95.61244517377,0
2013-04-12,23.138447366799557,55.38391925464477,0
2013-04-13,90.4025015030642,33.77563238109779,0
2013-04-14,44.640475640026125,93.46364226705683,0
2013-04-15,42.40701039350439,93.62989270442743,0
2013-04-16,40.169837382769614,77.13286910233552,0
2013-04-17,22.765166963511504,87.43025695042793,1
2013-04-18,41.58687434046216,40.869448480230716,3
2013-04-19,55.53573575038317,84.53568919721744,1
2013-04-20,49.770727523114864,17.64680373828154,1
2013-04-21,83.84739921297023,94.38041923026027,1
2013-04-22,94.65801663897884,62.530826143534135,1
2013-04-23,62.33090917636502,64.41692964486484,2
2013-04-24,65.1293015264792,30.652341422605772,0
2013-04-25,64.34995710577599,26.225826523182963,2
2013-04-26,40.78244001402671,92.44152575163194,0
2013-04-27,87.98893479242878,30.89015714970861,2
2013-04-28,65.77213696582112,45.00467220804758,1
2013-04-29,37.23775905558425,74.35633147331211,2
2013-04-30,35.1847346093915,18.353780593661735,0
2013-05-01,42.91834096793191,53.27673419263345,1
2013-05-02,58.68633127344629,74.98458512318962,1
2013-05-03,16.450143401272847,57.45354034188034,1
2013-05-04,48.9434661222634,56.37155349492577,0
2013-05-05,49.47622442420861,79.33083928468807,1
2013-05-06,61.637142676324444,43.699544539455054,0
2013-05-07,61.342996007682316,44.49528085969209,0
2013-05-08,35.62004096489118,80.72118136187002,0
2013-05-09,23.582304436774365,69.94787227227206,3
2013-05-10,11.814175671665538,16.242264721414486,2
2013-05-11,68.43533761626631,36.49471841311252,0
2013-05-12,17.9685926387478,67.10495142096377,1
2013-05-13,67.55880868431315,90.12626353918917,1
2013-05-14,72.51318204405825,92.82227170566458,1
2013-05-15,24.309755035059894,67.58903772231383,1
2013-05-16,79.01817446301361,14.948574677981572,2
2013-05-17,52.84048066149002,74.37460013676493,0
2013-05-18,33.92947792918305,99.60920604712278,1
2013-05-19,36.62397329015768,37.50878636761888,1
2013-05-20,66.61691740761944,95.85157774671066,1
2013-05-21,15.890126883726147,15.884401767241613,2
2013-05-22,34.3636861228279,72.5359271186498,1
2013-05-23,19.933624464962723,95.03276739365157,2
2013-05-24,43.5364714329625,24.140796323277605,1
2013-05-25,58.610089585394704,53.55848895781604,1
2013-05-26,65.80906457376628,61.61312978333017,0
2013-05-27,30.90888447007233,98.91857002071895,0
2013-05-28,31.181547789824197,93.9426735445541,1
2013-05-29,47.529721106545324,98.12593469738225,1
2013-05-30,53.74195347895431,88.23720976872566,4
2013-05-31,71.73490988762258,98.74569498502055,0
2013-06-01,44.863671672420296,22.02423737482446,1
2013-06-02,48.89887632768796,99.92595770196506,2
2013-06-03,41.31517731300576,49.49754780412317,2
2013-06-04,45.49876373028052,70.77620164429726,1
2013-06-05,77.93504304355194,82.77973099739401,1
2013-06-06,38.01051900559175,45.692841141508836,1
2013-06-07,29.53365147531307,89.97525384004733,2
2013-06-08,45.92135305179156,18.18532997314537,0
2013-06-09,29.991884124227642,85.0888491615451,1
2013-06-10,63.635170635789244,51.73298959118258,0
2013-06-11,52.64251526177729,12.106884777032267,0
2013-06-12,65.22229457553196,23.74389114498538,4
2013-06-13,45.36803500873178,92.10988741687102,2
2013-06-14,35.22277467137654,64.83749699170875,2
2013-06-15,37.47394271366,18.159194723378086,0
2013-06-16,40.229912619710355,21.022725524310196,0
2013-06-17,15.940008511762343,95.82795914946863,3
2013-06-18,47.80805372386658,55.42322737830567,1
2013-06-19,73.9406698999392,60.101019204271715,1
2013-06-20,34.92775877190314,77.93575247881594,1
2013-06-21,42.81677702718704,67.28466038586791,0
2013-06-22,39.47439517764149,39.41830255778744,2
2013-06-23,28.70379228987856,11.36397920731399,0
2013-06-24,53.984357791285184,99.17178832956623,0
2013-06-25,35.506707064638825,40.45021904152468,1
2013-06-26,32.17254236140478,27.594176059109554,1
2013-06-27,48.456752773077554,63.725902521116474,2
2013-06-28,37.7868992107699,73.85742554174578,3
2013-06-29,59.25645237896528,15.639106731917636,0
2013-06-30,18.523365576296747,37.861297417050785,0
2013-07-01,29.211092276022683,96.58398578209253,0
2013-07-02,80.82827548738987,55.71142031525417,0
2013-07-03,77.41099605973996,34.34705404868452,3
2013-07-04,33.38024784221292,19.23583428877886,1
2013-07-05,95.48400302469746,46.84408053576296,1
2013-07-06,27.14221962839835,37.604022228660156,1
2013-07-07,34.76309580172404,71.513447485015,0
2013-07-08,57.44690502694509,74.33266856670743,2
2013-07-09,36.704497512503664,78.03406152463427,1
2013-07-10,57.168471559764306,80.48861219234948,0
2013-07-11,41.8724687040617,13.595739841925234,2
2013-07-12,46.61011625165293,13.322362864966465,1
2013-07-13,75.22838788646288,79.64533214333319,0
2013-07-14,44.26597206411089,30.921553259372324,1
2013-07-15,56.314822514399104,93.75602607997018,3
2013-07-16,48.51832745895915,29.61650448194628,3
2013-07-17,44.66039220409675,99.42168429952159,1
2013-07-18,24.248123535714083,28.567729731952,0
2013-07-19,46.2592276260115,89.13199949127824,3
2013-07-20,41.67750629108826,86.66089492336073,1
2013-07-21,31.978914313762594,80.62230164750416,0
2013-07-22,34.13204666670057,22.509041250977397,1
2013-07-23,51.82455124575956,77.38688941076425,3
2013-07-24,30.324123955730556,19.11048353718391,3
2013-07-25,26.834821827145042,76.59931787985381,0
2013-07-26,3.192736151364386,27.389105822248794,2
2013-07-27,51.58177189233272,63.505318848158396,2
2013-07-28,63.4284493088263,89.4497632208677,0
2013-07-29,34.5473766116572,18.431345118209506,4
2013-07-30,33.68855530406749,83.28397147408603,1
2013-07-31,46.31746586744585,38.971209317715434,1
2013-08-01,64.61295136223717,85.75301502091571,0
2013-08-02,28.638273587735164,59.56701351290249,0
2013-08-03,48.76696482576181,23.901796885466155,0
2013-08-04,50.17440004029995,13.607300875471825,0
2013-08-05,39.49958081928797,69.21309772824438,2
2013-08-06,49.31211222878799,77.79678512468278,2
2013-08-07,58.51268689511649,93.289866527036,2
2013-08-08,40.74178220342922,56.48685096986898,0
2013-08-09,70.91387784771672,50.97183037635538,0
2013-08-10,29.40028021785679,40.89105047912587,2
2013-08-11,36.86528413494784,15.580455421942972,2
2013-08-12,76.91225456772024,16.475186509395222,2
2013-08-13,41.67232886035665,77.01156608943514,0
2013-08-14,39.623425007302586,43.54762479370942,1
2013-08-15,64.31278193321731,13.117263396349747,2
2013-08-16,32.54453815871162,12.69829736565502,0
2013-08-17,45.236710979976216,65.75662865465321,1
2013-08-18,8.804232500593955,24.076589399804064,0
2013-08-19,67.39147097064289,96.30687406819783,1
2013-08-20,41.146340419180945,78.23683267156467,2
2013-08-21,59.3466316748786,49.75582742820168,0
2013-08-22,48.17097653109766,96.47416251262761,0
2013-08-23,30.19120511330374,63.06862844466569,1
2013-08-24,22.318440779930505,65.1811063685848,0
2013-08-25,53.10373804985105,64.74508865980988,0
2013-08-26,32.00069703427525,78.18783915878629,1
2013-08-27,36.257206589472574,79.51061776146129,2
2013-08-28,44.06182389992472,76.94203630598729,2
2013-08-29,11.992964249140663,29.40520490736801,1
2013-08-30,63.56342433135075,99.40433595998543,0
2013-08-31,46.18287769077252,19.056798410476027,2
2013-09-01,68.2007228924926,57.0310718569852,0
2013-09-02,31.676064394834892,57.715293867439186,2
2013-09-03,41.59644677153886,49.071637219198756,0
2013-09-04,71.54225119759218,56.087048049745896,0
2013-09-05,84.09971163505716,74.64844350008873,0
2013-09-06,77.43167768231223,52.585561819205786,2
2013-09-07,42.43353181918129,50.37322161927028,1
2013-09-08,76.54158451235507,44.44279911376008,2
2013-09-09,43.87463969431819,77.49322573731581,2
2013-09-10,13.997234327801984,46.29069838284222,1
2013-09-11,31.650540994264485,25.390162827206712,1
2013-09-12,79.15698258678248,57.38519320304517,0
2013-09-13,64.92669158167638,37.96644036576936,0
2013-09-14,49.22044500446949,68.54152500573348,1
2013-09-15,29.786064383760046,27.692273906860418,0
2013-09-16,34.74576355618298,84.65520874616112,1
2013-09-17,47.5087273079595,14.60556150001113,0
2013-09-18,63.41686765011359,18.69704837211015,1
2013-09-19,64.87751206684318,16.228710203901763,1
2013-09-20,49.13047635977808,61.8273507980547,3
2013-09-21,79.82004087886597,37.544521433594326,0
2013-09-22,48.6187080652786,13.790491416935073,1
2013-09-23,57.378681421500474,15.938129020926514,0
2013-09-24,42.06220862063152,31.920204395587124,2
2013-09-25,44.48510435539681,54.7797240533023,1
2013-09-26,17.234847423940145,34.80977443280876,1
2013-09-27,47.60732962423888,76.59149124681005,0
2013-09-28,81.87576228757982,82.75131725861453,1
2013-09-29,45.308785452640045,30.56727074952138,0
2013-09-30,48.58372463620795,30.751613763386977,0
2013-10-01,82.68761660818612,41.681464118832054,2
2013-10-02,68.79717695727568,48.67677902651528,3
2013-10-03,54.4054495617512,20.463219913472702,3
2013-10-04,7.673533278776873,15.6115415703306,1
2013-10-05,51.390843279505496,67.95889480416554,0
2013-10-06,69.01444623847551,82.33551709619701,1
2013-10-07,59.18005820866696,27.093341559236602,1
2013-10-08,25.017959318814057,82.21711054664493,1
2013-10-09,51.15870217225014,79.19880275744254,1
2013-10-10,31.01608378570284,66.56655636235925,0
2013-10-11,71.25967317552744,23.422699638361777,1
2013-10-12,70.54730532591658,70.42928142831948,1
2013-10-13,56.84720890747129,22.25638957176746,2
2013-10-14,21.743621528145706,30.125040126194765,0
2013-10-15,53.75081762539871,86.03786619588128,1
2013-10-16,45.82289274343462,89.16350370609833,0
2013-10-17,38.391305214829124,95.23670618267874,2
2013-10-18,57.423336221315466,91.12720092189547,1
2013-10-19,47.579214594320064,48.9387696526301,1
2013-10-20,70.16118279567435,96.01785054815534,1
2013-10-21,56.36359261571331,90.4399893682825,2
2013-10-22,34.92307140149993,54.1487562626112,0
2013-10-23,16.362938596936736,62.72175776860967,1
2013-10-24,31.012757875494785,40.31399842010432,1
2013-10-25,37.60428298958922,16.485168013568856,0
2013-10-26,17.066446606016974,38.82774792083977,3
2013-10-27,30.29187609918975,45.55904840894463,0
2013-10-28,34.41986921786386,95.5623783048596,2
2013-10-29,29.9304554155192,10.13546434259447,2
2013-10-30,47.132685562640035,56.72823721278699,1
2013-10-31,56.9690026157835,23.132701985281614,0
2013-11-01,56.778075770539296,83.37642474850828,1
2013-11-02,55.539285806336046,23.34139069847913,2
2013-11-03,22.837684678951536,20.950185206379288,1
2013-11-04,63.83658844060753,78.45410635729243,0
2013-11-05,32.46472039555051,49.60750779182282,1
2013-11-06,0.17715687444191985,12.213531882381897,2
2013-11-07,44.59240291084683,88.89709302953148,0
2013-11-08,76.97409980853683,87.2993195713216,1
2013-11-09,31.415266149715357,99.50852581173085,1
2013-11-10,53.67997905953073,43.12965976907742,1
2013-11-11,64.74901237915147,86.47721848524358,2
2013-11-12,58.95460750594157,98.63527517050849,1
2013-11-13,72.14538950738802,58.079724841617924,1
2013-11-14,68.98969479509438,26.267415941704943,2
2013-11-15,37.688069414981086,33.37195512880385,0
2013-11-16,52.10530259347857,42.853054099457886,0
2013-11-17,67.71954843453122,82.22283241779313,1
2013-11-18,74.3435687838732,31.558056517797876,0
2013-11-19,91.16931983256774,59.718800504168705,0
2013-11-20,44.3385411456301,59.99422378373549,2
2013-11-21,26.734424137050215,66.75033750288429,0
2013-11-22,47.64658242015996,10.31212086521906,1
2013-11-23,31.682467032949727,30.525754463487615,0
2013-11-24,21.65661404949241,80.07170243078727,1
2013-11-25,73.47465334701943,36.06252332510489,1
2013-11-26,34.04249570430376,41.60959253869156,3
2013-11-27,39.4058869229992,56.82693323182286,2
2013-11-28,37.47411031026231,95.18376673916498,1
2013-11-29,46.47131658684498,49.909259485589935,0
2013-11-30,62.77614664536058,61.08274948898893,1
2013-12-01,45.064981335417585,23.971539954421416,4
2013-12-02,53.13826365929774,95.18764443551325,2
2013-12-03,30.622995604910948,64.79718658078141,2
2013-12-04,63.32747142063298,21.667931270374737,0
2013-12-05,24.281209716830084,37.56894845428029,2
2013-12-06,44.882596822381856,13.257182422134493,3
2013-12-07,56.8324731810355,56.28601023549696,1
2013-12-08,23.87833855454098,20.639188337549328,2
2013-12-09,58.135655562736375,74.19261399224439,0
2013-12-10,54.38878685568807,23.0792595298931,0
2013-12-11,60.02666846318755,46.61138547827409,2
2013-12-12,50.72869904952806,90.03533992734805,1
2013-12-13,44.140261911579294,51.517321067196185,0
2013-12-14,40.35922264383877,17.042447651676706,0
2013-12-15,76.35272425539588,44.050757874747575,1
2013-12-16,30.112929931613557,99.99813736665249,0
2013-12-17,0.39462161313623056,16.217817909091714,2
2013-12-18,60.71846904769889,52.642987958682035,2
2013-12-19,60.050602146686145,68.23058867490502,2
2013-12-20,56.229821220579886,54.45260030273234,1
2013-12-21,55.59625716455218,96.9141189944144,1
2013-12-22,60.02827219608567,13.812388075317763,1
2013-12-23,8.480846629155472,51.60079376642859,1
2013-12-24,58.81955547948354,23.305953863167993,1
2013-12-25,57.47509679637024,30.741950996175575,1
2013-12-26,73.30347564315156,94.75414409667043,1
2013-12-27,78.94086110160771,85.48882579014933,1
2013-12-28,59.008865657649004,62.00108141475972,0
2013-12-29,70.48404902884494,45.85675584475935,0
2013-12-30,51.22258754721029,16.54292498281112,3
2013-12-31,71.60287122883277,77.57010854719341,0
2014-01-01,67.81264533621619,69.44758573096394,0
2014-01-02,78.61807465712315,81.27472274076564,2
2014-01-03,51.935163276277216,27.603423020012052,0
2014-01-04,51.648073897458744,10.114731309065123,0
2014-01-05,47.35071148803696,69.09110541886153,1
2014-01-06,14.394271609509218,92.6243761784252,2
2014-01-07,44.2386140615388,43.61300475086776,1
2014-01-08,70.82891248660012,50.31054594347594,0
2014-01-09,78.83835624872653,45.36624617510042,1
2014-01-10,29.340219449802547,74.5761678982022,0
2014-01-11,57.98856995646709,20.313494663427296,1
2014-01-12,38.7648884719205,99.24709061979819,1
2014-01-13,42.19239359696019,69.8882736903439,0
2014-01-14,50.001561742842284,40.99294661881717,0
2014-01-15,22.685442994995277,48.04614091384832,0
2014-01-16,43.792136450658845,98.63461404009132,2
2014-01-17,44.62272378394638,37.180732302432276,1
2014-01-18,50.53502870636227,29.9072562419862,0
2014-01-19,31.872576366481926,22.983833911115575,0
2014-01-20,27.479629252321725,92.26197370458623,0
2014-01-21,96.12362229264832,48.09397304582226,0
2014-01-22,55.88644748914405,59.70285478529823,3
2014-01-23,53.65219900551409,13.409281541546617,1
2014-01-24,59.09299597607716,16.478407550783682,1
2014-01-25,57.773429599931426,34.02256121657892,0
2014-01-26,37.44187709330944,65.23381132910232,2
2014-01-27,55.476798291485395,62.186185895348316,1
2014-01-28,72.89437368459613,23.007121046931488,0
2014-01-29,52.19857317967372,47.41571328468222,1
2014-01-30,36.41141247565201,72.33418626185596,1
2014-01-31,64.98024583155315,36.69351429040879,0
2014-02-01,35.60436810782174,34.413131304948394,0
2014-02-02,55.26403159833383,19.613723106391053,0
2014-02-03,55.08086077495576,65.04346789411662,1
2014-02-04,34.17068992584155,36.04147931534601,1
2014-02-05,23.4014049552541,13.829119348347929,2
2014-02-06,33.1555914653749,48.0972824224319,0
2014-02-07,67.41666109659705,69.95178656252429,0
2014-02-08,71.29754328794486,75.76920448636153,1
2014-02-09,65.167353648765,69.65761376840348,0
2014-02-10,33.22777593967807,94.87353705754622,0
2014-02-11,24.55652240936409,91.97952781199169,1
2014-02-12,24.2945534384781,95.46227522248985,1
2014-02-13,64.52372385035768,41.19845621201627,1
2014-02-14,36.33779136085295,91.3485165786778,0
2014-02-15,20.234864392599626,17.959306790982062,1
2014-02-16,46.365809284477464,77.84395008056454,3
2014-02-17,58.18030303695998,14.020657012256766,0
2014-02-18,15.10943993651297,90.34528703841441,0
2014-02-19,52.31527901473969,63.76924651987753,1
2014-02-20,59.57133110518794,24.633095644593247,0
2014-02-21,51.985196438772704,59.03075323498766,2
2014-02-22,27.0737847664131,94.24481995143543,0
2014-02-23,58.1756775884199,64.47261774668044,0
2014-02-24,77.2716108837379,26.946107963623206,1
2014-02-25,30.61115837079764,91.02510469321338,2
2014-02-26,71.4545438588764,79.55013982850184,0
2014-02-27,77.09326247559717,81.0877227042508,4
2014-02-28,68.41676888266556,21.73384483175307,4
2014-03-01,14.960090667318987,92.37445093843138,3
2014-03-02,118.69273498258795,69.60974868553055,1
2014-03-03,45.789892609033785,25.140821626281813,0
2014-03-04,50.50055103537782,68.04384330789946,1
2014-03-05,57.01919392625759,26.84352466090702,0
2014-03-06,67.41090393770459,12.745673267813947,0
2014-03-07,36.08283539979303,91.31746462049578,3
2014-03-08,65.62594031902273,12.14526274489019,2
2014-03-09,76.28086291425817,21.637916258983445,0
2014-03-10,51.502189686501424,79.03339324027591,3
2014-03-11,35.94514786348281,30.757404038261342,1
2014-03-12,58.1731841562919,42.63103630682727,1
2014-03-13,29.715097006158736,36.41028434312303,0
2014-03-14,54.61854438460744,92.33420656853723,0
2014-03-15,78.2329893883115,32.67490544774462,0
2014-03-16,68.33610906107745,29.78266147336979,2
2014-03-17,37.97455426792844,77.46022533963458,1
2014-03-18,94.77305404810902,58.80564949106043,0
2014-03-19,91.25526601083655,92.2596597915343,0
2014-03-20,74.95752099771441,31.275346602534672,0
2014-03-21,67.71740281460276,82.24882673082384,1
2014-03-22,46.13227592231181,62.92980244931573,2
2014-03-23,40.908963124578506,44.06534522419697,3
2014-03-24,50.62670781649469,27.07616878865432,2
2014-03-25,23.630989237982316,11.874728767021956,1
2014-03-26,53.097566425295774,12.488164900092514,0
2014-03-27,6.314466462697027,61.29246488243237,3
2014-03-28,48.80282932761011,40.17196962406291,1
2014-03-29,26.073160304841913,44.304886914362946,0
2014-03-30,81.74261210099407,38.89812569242679,1
2014-03-31,56.75324659926473,62.676174674548655,1
2014-04-01,32.22718767700372,70.99033954594393,1
2014-04-02,46.99963420134682,60.0647277495259,1
2014-04-03,39.00429050427158,22.123897930879515,3
2014-04-04,21.673544486134695,32.47082819600447,0
2014-04-05,0.49454651891124257,54.10357396636917,1
2014-04-06,22.821828122427803,12.427360677675338,0
2014-04-07,53.44614776833707,59.9564694407168,1
2014-04-08,39.95656675186581,18.66610929092751,1
2014-04-09,25.31056838403835,22.080294580761127,1
2014-04-10,59.91756604838508,48.32779372402882,1
2014-04-11,67.09573597362777,84.82556725039305,1
2014-04-12,66.22001498315085,38.57556823516563,2
2014-04-13,68.31514575970978,40.238812976681906,0
2014-04-14,47.8492547485877,74.57020244383412,2
2014-04-15,54.3642472492599,83.19539153538028,0
2014-04-16,27.354575530976966,82.98257197392977,1
2014-04-17,52.709426606617505,45.43550237608062,1
2014-04-18,69.41372861474126,16.564714114894706,2
2014-04-19,50.99126903953061,63.47028833574018,1
2014-04-20,48.107462184734985,88.72780298522302,0
2014-04-21,17.070213812227095,38.88653698003036,2
2014-04-22,39.22633682857838,11.341454055465368,0
2014-04-23,79.99904157883472,78.91942515779535,1
2014-04-24,43.122105811711776,20.68980431592871,0
2014-04-25,60.854652665228386,28.302560434094527,1
2014-04-26,101.38966003226493,52.738627093244155,2
2014-04-27,74.32406956007794,85.07030564256296,1
2014-04-28,18.895052155979428,20.759522367243193,2
2014-04-29,30.238467342293077,42.53835493143017,2
2014-04-30,51.12039486929051,34.080865929200044,3
2014-05-01,45.61193417814994,43.822440053397784,0
2014-05-02,35.43271376647364,36.57183555668236,1
2014-05-03,40.70057784476648,58.86123211703403,1
2014-05-04,17.544710094815244,83.36767450076016,1
2014-05-05,50.0906423705193,67.56906805062086,0
2014-05-06,47.68204747711088,47.78897142464642,2
2014-05-07,76.58865623019918,55.841980721141034,1
2014-05-08,26.340311792509354,19.240868609080653,2
2014-05-09,47.40286433580795,93.5543094652059,1
2014-05-10,63.507756043501196,72.95168113761974,1
2014-05-11,66.06593478994137,74.28700484360094,1
2014-05-12,40.00779548438631,86.41760533213478,4
2014-05-13,92.92620603217165,71.1817878482652,2
2014-05-14,35.493979648171646,45.657059543812544,1
2014-05-15,63.12246192532701,48.22249429947576,1
2014-05-16,27.503341605265884,76.18495850196622,1
2014-05-17,46.7270539050381,68.60337136860966,2
2014-05-18,26.25974479900526,87.23159681145843,0
2014-05-19,76.7692523249894,82.8866195137726,0
2014-05-20,67.64596031313296,11.844482136822576,0
2014-05-21,24.72129517865591,54.06586431266495,0
2014-05-22,50.424967349227,45.06478973904945,0
2014-05-23,39.19467743191444,46.22139055451532,2
2014-05-24,60.205371250137404,15.545297842453316,0
2014-05-25,70.00624348327923,37.03893626528949,0
2014-05-26,32.20810326484002,67.9133009414262,0
2014-05-27,57.85984654546503,77.67641966990023,1
2014-05-28,56.18811140766062,79.2745132261855,2
2014-05-29,73.65210759946474,88.80908192739768,1
2014-05-30,68.71950599259029,40.38004232961624,1
2014-05-31,44.30291035531433,68.72124095436948,0
2014-06-01,-10.474712063272761,46.5782323543649,0
2014-06-02,38.45773151376584,23.690568171601605,1
2014-06-03,32.29731675693519,27.497321028399952,2
2014-06-04,55.08765279250908,18.891662763711103,2
2014-06-05,23.384436449201313,23.69202609314039,1
2014-06-06,20.281652963329595,71.68283879851745,2
2014-06-07,27.139886772458453,35.948751420445184,2
2014-06-08,65.24793603050944,83.4927515480574,2
2014-06-09,57.946162372946226,23.338149083929544,1
2014-06-10,67.34081847727475,21.075914666638305,0
2014-06-11,70.94520884564004,96.64375638663633,3
2014-06-12,45.37686173077244,13.327526167977531,0
2014-06-13,44.377384932336795,36.50194064449272,0
2014-06-14,24.39391862413754,25.8062717244876,2
2014-06-15,59.39449656099422,39.75300017812015,2
2014-06-16,54.693980294884916,38.54609595344478,0
2014-06-17,62.34370981952222,49.23525532559106,1
2014-06-18,35.68627917534617,48.172135210115734,1
2014-06-19,40.944416295247876,95.96638930138383,1
2014-06-20,46.67251136618804,90.28721651827698,0
2014-06-21,39.677835343388104,44.235089402475694,2
2014-06-22,67.51727060755876,35.215634971667605,1
2014-06-23,22.57509712240082,82.78395451951197,3
2014-06-24,74.18755521745064,13.715405685625441,0
2014-06-25,37.71517942555644,87.04020261181904,1
2014-06-26,82.62537830817249,63.656451732552284,2
2014-06-27,72.50694942683833,61.731121164178404,1
2014-06-28,39.01123298252284,40.389434905367466,1
2014-06-29,42.56152962016715,25.213007384516512,0
2014-06-30,49.31384499809607,62.63167336292885,1
2014-07-01,77.51355603873425,21.911909184103017,0
2014-07-02,35.85127871399815,60.784021852372085,0
2014-07-03,93.73455806545292,52.37362329393182,0
2014-07-04,68.12381583003595,67.78414394626465,0
2014-07-05,81.40455851504515,67.02127702491151,0
2014-07-06,49.628973819041725,15.580150805448465,3
2014-07-07,40.737855895897,16.399091545822877,1
2014-07-08,49.054063785466376,62.956431721819804,0
2014-07-09,25.229815743572225,74.09488099323033,0
2014-07-10,64.65028733980033,79.31530582966946,1
2014-07-11,10.801951811695936,57.514803413585426,1
2014-07-12,38.202997504630375,14.843159925940403,2
2014-07-13,35.68859984574772,90.9583161740112,0
2014-07-14,84.31540884901526,30.042768961289877,0
2014-07-15,43.711673067643986,42.95652154206533,2
2014-07-16,49.343849425649935,16.408711351415064,1
2014-07-17,63.19895422717738,31.231462061032527,1
2014-07-18,50.13711933434647,14.245036520273509,0
2014-07-19,23.195281175045483,71.60801396681394,0
2014-07-20,96.79920314353348,25.97002661171119,1
2014-07-21,29.799979644180073,86.09855925537899,1
2014-07-22,53.307323614201664,14.218619533213396,1
2014-07-23,76.47805982235454,74.3056144055639,0
2014-07-24,44.39948053695493,67.82311054401515,1
2014-07-25,42.17439864632329,53.1568708603825,0
2014-07-26,42.548401454476455,40.45033173830381,0
2014-07-27,50.92121018235601,22.83385300491878,1
2014-07-28,76.15906250135417,94.94926714820042,0
2014-07-29,60.40465779428984,86.723926714769,1
2014-07-30,37.17877892849832,43.833664108253956,3
2014-07-31,58.7646355582859,69.23907898703655,4
2014-08-01,80.53323345828866,26.894781984065965,1
2014-08-02,48.4107790428321,43.04736268273595,0
2014-08-03,54.00950756608061,58.064085350790506,0
2014-08-04,53.88307620867174,26.596338876946316,0
2014-08-05,45.908746264315425,51.29559447594413,0
2014-08-06,41.00165501081242,52.22720320095152,2
2014-08-07,37.868190198576734,97.92213174443303,0
2014-08-08,27.67786926739757,88.17451558668641,1
2014-08-09,52.91915674508008,46.35936480508204,0
2014-08-10,69.40248815954604,36.655960739164236,0
2014-08-11,34.181262729594685,20.970320129059555,1
2014-08-12,53.61765018310764,64.71834164072246,2
2014-08-13,5.579167631610844,24.555396554997838,2
2014-08-14,57.86195543321217,98.25126509477643,3
2014-08-15,75.872797505137,82.0167775974191,2
2014-08-16,51.39744818653327,72.33156717268923,0
2014-08-17,79.4475461232255,60.45934476355322,2
2014-08-18,59.346801483156405,13.436570339903962,1
2014-08-19,45.201954530998776,44.79191965925096,2
2014-08-20,59.745056452830326,93.7147629834965,4
2014-08-21,55.0198459724065,90.88436595875264,1
2014-08-22,33.56922311887115,53.46550345047594,2
2014-08-23,85.44809125103507,74.30788884646898,1
2014-08-24,34.80122915197264,93.5738745654164,0
2014-08-25,33.04758080016562,36.38309734942949,0
2014-08-26,73.10282361818513,72.60506810945145,0
2014-08-27,43.93460467268292,23.012515817336137,0
2014-08-28,87.34341578134169,20.691059208565786,3
2014-08-29,44.96997375491217,39.095053290758074,3
2014-08-30,38.59612483857397,36.71239733666896,1
2014-08-31,45.660081392403015,74.25003801819638,0
2014-09-01,25.95822297166633,58.25192349223553,1
2014-09-02,1.081041939647001,69.56201086093705,1
2014-09-03,37.33486019964123,95.1195865666771,2
2014-09-04,3.5780593784406207,78.57104044648008,2
2014-09-05,97.05526007829647,42.84550800291292,0
2014-09-06,59.9772485186054,86.2733787657044,1
2014-09-07,31.7833885544725,38.144023269254845,1
2014-09-08,69.39013222619647,35.36911951578235,2
2014-09-09,17.338338594367663,39.956577986551466,0
2014-09-10,68.78083847309703,86.77575171059877,2
2014-09-11,54.19428302603539,82.12586062072849,3
2014-09-12,23.26596316774943,93.34440218236551,1
2014-09-13,55.75711066280322,37.358781978684334,0
2014-09-14,65.65993782974552,16.833003818514904,0
2014-09-15,51.72121527165905,49.56809548282454,0
2014-09-16,83.74535995615352,17.817913103571076,1
2014-09-17,62.72163191936572,58.28560281929778,5
2014-09-18,30.09546564475995,45.52326272704068,1
2014-09-19,13.512141818807805,46.92074615048126,1
2014-09-20,72.84453096971183,73.82560816264976,0
2014-09-21,79.66965438500466,40.24005345760638,2
2014-09-22,24.356504774076168,21.760966076275523,3
2014-09-23,60.36925406867189,59.54699738627492,0
2014-09-24,40.355817285065314,10.55139250823077,2
2014-09-25,66.15499292492868,59.24548029324321,0
2014-09-26,95.16846240834624,86.6072508445055,1
2014-09-27,42.78076218280056,92.80298849293274,1
2014-09-28,61.2744556885349,41.39245365678455,2
2014-09-29,23.25113711907519,30.94001491309417,0
2014-09-30,53.03261288482727,18.328221349608825,1
2014-10-01,43.718877167551405,60.029163083385235,2
2014-10-02,39.40282102123247,15.70444889546258,2
2014-10-03,65.80956936144028,98.90896690336642,0
2014-10-04,36.94397473095253,83.39741294711168,4
2014-10-05,60.917902876363286,55.24396290711282,0
2014-10-06,56.56874875381235,23.2616007815934,1
2014-10-07,25.309867011186817,26.695743138066234,1
2014-10-08,59.47758486608835,50.35127266606806,0
2014-10-09,56.76332170173393,77.0425850747877,2
2014-10-10,24.60185093972649,12.325350821782138,0
2014-10-11,65.2265521452099,58.711091928949514,1
2014-10-12,29.857552936960584,47.34154832141087,1
2014-10-13,70.2960955089391,43.84859118465692,0
2014-10-14,29.81231792676679,36.063180083925985,1
2014-10-15,52.45692037500597,26.55280994357346,0
2014-10-16,25.414250308432436,11.24637650493461,1
2014-10-17,95.16649883117479,12.411196308312224,1
2014-10-18,43.745645118534235,45.83967668667215,2
2014-10-19,46.14180245863233,47.433127599526564,1
2014-10-20,41.73658577428774,81.32604624112545,0
2014-10-21,63.80539891102906,44.139431838964875,1
2014-10-22,56.73941159116523,45.87388714309385,1
2014-10-23,82.28534099286395,77.95682838175458,2
2014-10-24,39.14368405845273,97.96514423465464,3
2014-10-25,80.044574270513,36.40455894218165,2
2014-10-26,53.771592805160495,66.05423299554195,1
2014-10-27,10.251743392233344,58.96262361002355,0
2014-10-28,45.208809296671404,12.094094946218785,0
2014-10-29,42.122605427979224,26.135836016574256,0
2014-10-30,22.315067501462252,90.71773493345357,1
2014-10-31,49.74311305851708,75.92951609060457,2
2014-11-01,71.0789447426567,60.958254619811726,0
2014-11-02,42.76882247893186,60.61513063902319,0
2014-11-03,26.688915860399337,50.39642289556965,0
2014-11-04,18.992065884154425,57.60168124966314,0
2014-11-05,43.79828145878133,92.30424114148822,0
2014-11-06,9.083066839607376,70.7663889481281,1
2014-11-07,49.26035443440277,63.46432910978465,2
2014-11-08,34.1506493321637,98.52139832149037,0
2014-11-09,40.689787060958245,67.13971357664299,0
2014-11-10,41.070580034402816,49.199504738566986,0
2014-11-11,30.27733201541519,92.69196789396015,1
2014-11-12,82.19516193999073,84.09803045992628,0
2014-11-13,54.181593522038526,67.00068116449341,1
2014-11-14,39.724044820795925,31.15428227197366,3
2014-11-15,32.085465284133875,50.07271939205157,1
2014-11-16,31.942804434792563,58.5923553635877,1
2014-11-17,6.838917647567193,81.48040694969707,1
2014-11-18,12.347923465985147,43.884202414359514,1
2014-11-19,38.06580666896659,59.818091401373906,1
2014-11-20,17.997456346508585,19.86326004968946,0
2014-11-21,41.320508568846336,90.28812143153323,3
2014-11-22,41.335461810014074,13.198821168404102,2
2014-11-23,26.199509967096027,78.89753595684229,1
2014-11-24,40.329063864222384,96.971339752503,2
2014-11-25,38.46422900432374,44.116232355207345,1
2014-11-26,58.64874810494808,96.71567507236273,2
2014-11-27,60.36023929644524,80.33669040358673,2
2014-11-28,33.818550399627554,67.94002294764942,1
2014-11-29,60.76019487472106,28.60100240931786,0
2014-11-30,39.65415901126291,82.70710457756572,0
2014-12-01,61.60225250968512,22.375289139942723,1
2014-12-02,30.229336055943264,13.089470117399433,1
2014-12-03,18.747705948952273,45.349699558256404,5
2014-12-04,46.9649136423568,35.50064156453526,2
2014-12-05,30.43582099223831,47.64854226795602,0
2014-12-06,34.47015505388761,25.92923727935805,3
2014-12-07,77.07690234971541,10.666155957957445,0
2014-12-08,40.84737901588352,13.428862195608144,0
2014-12-09,53.136346505692934,80.61425211014799,1
2014-12-10,60.21900977270325,92.41109677096607,0
2014-12-11,66.67767882087243,24.75335384295598,5
2014-12-12,81.97058054794933,74.25586923941606,1
2014-12-13,5.953232498280549,99.25788664174418,2
2014-12-14,70.40244770291305,15.046529692842702,0
2014-12-15,59.91106994648041,60.98094487778003,2
2014-12-16,67.87472994658137,49.06102110451501,1
2014-12-17,22.513330041641627,20.718139126796963,0
2014-12-18,80.82760113783533,77.95289906029811,1
2014-12-19,72.4683364023795,22.649472183513062,2
2014-12-20,71.64276232924664,71.84904539460915,1
2014-12-21,65.6265877087379,65.3940369364743,1
2014-12-22,94.22909216220933,29.334229924056746,1
2014-12-23,36.39684166160512,80.77906501855358,0
2014-12-24,74.51740308444369,82.82314626870601,1
2014-12-25,41.794560151206774,31.67285381210026,0
2014-12-26,62.53977728933577,77.5240731303374,1
2014-12-27,51.36670777798352,74.3842636767526,1
2014-12-28,48.55926884590711,46.42808364784428,1
2014-12-29,49.18165437329046,24.360920597968057,4
2014-12-30,82.8409585469679,97.48385867781813,1
2014-12-31,35.4937730589544,49.713173340032675,0
2015-01-01,74.10603875406629,75.60956919593609,1
2015-01-02,90.76567903665682,29.878825606110937,0
2015-01-03,72.60039149355222,48.21526975908698,3
2015-01-04,41.623063261768685,62.30349762227015,0
2015-01-05,40.7144014699402,35.88190670197784,2
2015-01-06,20.029954088264667,96.08688558902035,1
2015-01-07,28.701925904298157,30.246128572488928,1
2015-01-08,62.00011303144457,68.71985182041774,1
2015-01-09,45.14376368689733,23.82336534611182,0
2015-01-10,36.88948612309801,54.09864818208473,0
2015-01-11,51.19827807921732,26.48677750310333,0
2015-01-12,69.23143871410073,83.01140978251426,0
2015-01-13,53.830897941347,44.15922285663738,0
2015-01-14,35.91486280996376,32.315472278099115,0
2015-01-15,47.41583265985813,66.65251910752026,1
2015-01-16,72.43652136022702,29.434966929224156,1
2015-01-17,42.334403930933014,23.479625439724906,2
2015-01-18,40.97975972776081,26.351313639296208,2
2015-01-19,74.31598789374422,45.728541356051196,0
2015-01-20,70.6146043531518,58.67636612990838,0
2015-01-21,47.175856163062925,49.36242536753974,0
2015-01-22,13.548940086124816,63.224298644422355,0
2015-01-23,46.830648138785506,87.5777077634614,1
2015-01-24,45.880893852693426,68.47151307520113,1
2015-01-25,53.78665740289069,15.413484770334355,1
2015-01-26,91.85826476712091,86.49082649950604,1
2015-01-27,69.75778978267593,72.62099494335695,1
2015-01-28,31.50091350944694,30.76195498965914,0
2015-01-29,14.69704564538754,41.084999455289335,2
2015-01-30,54.710418906934386,35.42025478305797,0
2015-01-31,44.5057614433,11.486940657630871,1
2015-02-01,41.39169752662707,51.52892189794486,1
2015-02-02,56.32078197509249,49.10396822682832,2
2015-02-03,40.080106458773486,33.92549825365193,3
2015-02-04,51.43753174215644,16.293391775541117,0
2015-02-05,36.90789599320534,84.89967237852562,1
2015-02-06,58.422236808714636,96.51324368854182,1
2015-02-07,63.24901697576264,56.38186376420188,2
2015-02-08,69.88025619604176,94.06403076467919,1
2015-02-09,25.027328723931404,29.708349671714636,1
2015-02-10,48.37193624668243,11.806433062686633,1
2015-02-11,32.432683573716716,65.7661114589425,0
2015-02-12,11.49820724306634,96.64747522822036,0
2015-02-13,59.74253429403364,66.63579547315433,4
2015-02-14,37.58314390145546,57.28961135281476,2
2015-02-15,32.645066538226594,21.790860475103962,1
2015-02-16,69.18117776965049,43.128712410961874,1
2015-02-17,41.92382118511203,67.17947023185613,2
2015-02-18,29.018100266709453,10.548279046271903,0
2015-02-19,48.13731505418943,19.035975412276706,0
2015-02-20,39.17017259355085,24.99712674939121,2
2015-02-21,31.250455949415617,44.84178323816382,1
2015-02-22,48.2253261177016,93.13258433172385,2
2015-02-23,60.011732179286724,21.680305829295417,1
2015-02-24,38.467645188856466,90.19617765168923,0
2015-02-25,95.32591978866749,92.66199370232387,0
2015-02-26,48.996750414434544,18.865313302998498,0
2015-02-27,63.41984605200386,47.20719580462265,2
2015-02-28,59.46914716830457,47.1924874161829,0
2015-03-01,33.902291448233804,28.41261140166637,0
2015-03-02,35.26216687898281,13.838888222795557,1
2015-03-03,77.6430586488216,68.63403837930704,0
2015-03-04,26.909634866112274,51.030259780772376,1
2015-03-05,20.273018957967967,73.42003149485122,0
2015-03-06,80.26031255279472,41.34281195876146,1
2015-03-07,43.18718442478244,55.0168652271668,2
2015-03-08,66.10717347746616,36.296769917861674,1
2015-03-09,44.328006075541396,38.21994595345557,2
2015-03-10,45.330855857998685,91.8299188987896,1
2015-03-11,85.07013066512316,92.31589632537384,2
2015-03-12,41.79406768286203,58.148825142649436,0
2015-03-13,31.160557508752994,81.63878379714441,0
2015-03-14,19.62631426383389,11.088262377101719,1
2015-03-15,39.49947623136923,81.69297177510768,1
2015-03-16,72.2566753690586,55.56338983100772,1
2015-03-17,70.56273060428211,93.2793788130633,0
2015-03-18,68.79866815993617,92.03907946337354,1
2015-03-19,32.03929796200559,95.23120802383157,2
2015-03-20,29.907386450156693,59.25684369441401,1
2015-03-21,66.95661989669925,21.65700772319296,1
2015-03-22,88.44558338679738,54.92059194109972,1
2015-03-23,41.286505315572555,38.8952947068522,0
2015-03-24,85.70349209482899,61.33790180547054,0
2015-03-25,70.44572232615384,83.57288329587058,0
2015-03-26,46.16141515591748,18.144999117643323,0
2015-03-27,59.48229740403407,91.50306766779755,0
2015-03-28,31.303237520410665,36.23730602865585,3
2015-03-29,31.40083299162829,87.5026355533035,0
2015-03-30,83.12057215351741,99.87380416997607,2
2015-03-31,29.00313027965721,96.6387143585489,0
2015-04-01,33.843007456397714,74.1284337855678,1
2015-04-02,25.501499804641973,56.11500092184554,2
2015-04-03,70.05929557407342,97.97626844766381,2
2015-04-04,54.4626661470118,91.72162312653879,2
2015-04-05,34.40837825742034,91.92506957870104,0
2015-04-06,79.51428698579058,76.3998134866749,1
2015-04-07,54.26160129869608,95.73037478130591,0
2015-04-08,52.49614121819069,44.76280418210045,2
2015-04-09,61.37428453010993,85.89897929506984,1
2015-04-10,42.0478150400302,58.596011754292896,2
2015-04-11,75.96231305797676,19.217380607535798,2
2015-04-12,54.022858474823266,23.493716282502227,1
2015-04-13,13.915716298460246,61.56652041993268,1
2015-04-14,38.76963927594515,45.34565529935009,1
2015-04-15,79.49592102074547,83.79918578741257,2
2015-04-16,65.63022011068578,35.180948546640636,2
2015-04-17,52.27416837879105,66.22296300599277,2
2015-04-18,77.7796989266069,28.64264349863649,0
2015-04-19,56.64785492216856,48.47713595727536,0
2015-04-20,68.43463563722835,79.40962958869981,2
2015-04-21,54.55566964123672,67.89218668373996,0
2015-04-22,19.78776712454417,35.409533733364384,0
2015-04-23,34.26141052721792,53.41802516527592,2
2015-04-24,54.28891741640433,49.77125376026608,0
2015-04-25,59.71162869807321,12.52900469922393,3
2015-04-26,59.86163602010521,79.72027637685152,2
2015-04-27,47.07845744526445,24.540962364960635,1
2015-04-28,68.22155101268763,80.08314467699095,1
2015-04-29,38.231777201563766,46.85136179116348,1
2015-04-30,65.45663304090209,45.8641008471399,1
2015-05-01,57.93182655894761,19.555673495667513,0
2015-05-02,79.55427092837931,57.20027317228979,2
2015-05-03,69.7239210890136,36.15365203581439,0
2015-05-04,54.66934566276086,37.59446587416305,1
2015-05-05,61.37540764308396,52.47374849917945,3
2015-05-06,34.86298614143727,74.7391058261633,1
2015-05-07,72.56733010467056,53.80610735279869,0
2015-05-08,57.26948708882652,20.78712643509298,0
2015-05-09,88.31760591442422,67.86882308519613,0
2015-05-10,19.84406034226116,47.81530158128655,2
2015-05-11,25.600831762910886,17.142385368979173,1
2015-05-12,69.49801850859272,12.668558037546525,2
2015-05-13,32.648748514271915,59.831355651322134,0
2015-05-14,45.25262320312982,61.792251172297874,1
2015-05-15,58.321401127529576,46.49585458479727,1
2015-05-16,33.993028664369426,97.58355008586028,0
2015-05-17,31.445160355978857,65.24933418562887,0
2015-05-18,44.28798942808511,19.93985128136167,1
2015-05-19,37.54464412450402,76.28536928515291,0
2015-05-20,42.18525618486522,10.374564001909468,1
2015-05-21,77.4595290189496,24.49699642001105,0
2015-05-22,56.53331846724998,99.87219915087763,2
2015-05-23,35.96789836624073,26.61180031235237,1
2015-05-24,37.37580973462201,58.48917048208956,2
2015-05-25,75.71348612055272,42.29034728315506,2
2015-05-26,102.14945060170548,65.96851772857465,1
2015-05-27,27.085639073326682,55.38282566649639,1
2015-05-28,57.46252263210697,96.05155131070156,1
2015-05-29,60.177510972719915,31.891744763153277,0
2015-05-30,73.30696494161384,26.349503931656784,0
2015-05-31,44.2888353084153,99.9574039833043,1
2015-06-01,39.96271530111636,73.58605992993348,1
2015-06-02,19.88564899803425,37.222772687671586,0
2015-06-03,58.644000636994754,57.068403878833244,1
2015-06-04,37.77802737739998,70.30483146438269,0
2015-06-05,28.98598694758341,40.09626848105495,0
2015-06-06,46.31215075822609,93.70881977638479,1
2015-06-07,78.76637513471987,65.76404757073351,1
2015-06-08,59.3538623390111,61.50699871237796,1
2015-06-09,52.649943720192496,12.413674938551129,2
2015-06-10,19.510867797381795,32.11909665802271,0
2015-06-11,50.23485150096286,62.36959234700253,1
2015-06-12,37.60460309432881,71.63394684285603,1
2015-06-13,64.06158422918507,83.00839050814334,1
2015-06-14,27.34846010830937,96.85475182331595,1
2015-06-15,59.33684497769351,33.65897148053764,2
2015-06-16,54.26637843695519,17.116701930583243,0
2015-06-17,45.3301696194207,20.16625664280266,0
2015-06-18,59.12245572859284,55.59291507769853,1
2015-06-19,13.567058804075486,61.743456883079766,1
2015-06-20,37.953341829867156,33.40864737442675,1
2015-06-21,43.516496014939705,82.49183791222748,1
2015-06-22,35.8076548775324,28.92640283492072,1
2015-06-23,58.97351741016344,38.1528893195147,2
2015-06-24,29.115191366614432,54.42864351427443,3
2015-06-25,36.58294278940061,73.82870416940708,1
2015-06-26,19.53297193287938,24.504820604072158,1
2015-06-27,11.029466926536344,11.924313990180261,4
2015-06-28,69.57781228834949,79.16557891987294,2
2015-06-29,83.00755052192613,62.57039644229528,1
2015-06-30,54.61700374702751,13.20948758436883,3
2015-07-01,46.97951947707497,21.682169855302114,4
2015-07-02,14.886972047772424,74.41174371268872,2
2015-07-03,73.24324345842788,19.897926532892697,1
2015-07-04,39.50181911687778,11.666546182665298,1
2015-07-05,40.88468752832559,63.60750347610503,1
2015-07-06,83.73318924666475,29.314716154838024,0
2015-07-07,52.78162204871667,67.42002951140435,4
2015-07-08,23.398376489063594,99.91419253390286,0
2015-07-09,21.560417019334732,32.04615431078382,2
2015-07-10,82.88650068853946,51.370657578257116,2
2015-07-11,43.42290155927932,92.46383754769865,0
2015-07-12,55.78976131483821,58.702171642071846,0
2015-07-13,66.1937976161586,79.73656983887346,1
2015-07-14,34.879806039044006,37.193885340547695,0
2015-07-15,18.28879275871907,47.677735467329654,0
2015-07-16,94.85226873624498,83.58153488093039,1
2015-07-17,83.02860153912998,20.197655892089276,1
2015-07-18,22.925102795723596,97.86739174691236,1
2015-07-19,64.40760174552233,33.53847686467117,1
2015-07-20,63.01279349893464,92.96031771818524,1
2015-07-21,41.03131574540691,48.31215453164281,1
2015-07-22,28.910901513935453,43.381790024841486,3
2015-07-23,54.19577631211714,44.73369648828062,0
2015-07-24,20.408963404129302,30.64772832531562,0
2015-07-25,59.21600146511891,70.59540729717,0
2015-07-26,74.23915343757828,54.85205614002652,3
2015-07-27,27.738708831544024,20.439147611287538,1
2015-07-28,83.05266825880437,18.635799008178136,1
2015-07-29,42.12590178635425,10.102922765081974,3
2015-07-30,28.571306883511443,55.38523995096701,1
2015-07-31,79.3357031829657,73.98818986581767,0
2015-08-01,62.93365397013082,63.36916729562119,1
2015-08-02,69.33745544044956,62.86767143772537,0
2015-08-03,39.459447317041096,80.10778894659282,0
2015-08-04,38.237993019787794,70.38127790296511,1
2015-08-05,55.319369468520634,86.35843914026817,1
2015-08-06,71.88084893409062,17.69125387918431,2
2015-08-07,7.080160780199378,51.85729857918038,2
2015-08-08,52.429904469243866,29.89224521963497,1
2015-08-09,31.04536000798301,71.44062841747714,0
2015-08-10,44.283931355565606,99.48607384828952,1
2015-08-11,59.36346147810933,96.83787157852096,2
2015-08-12,54.41695547417749,21.212676651523942,0
2015-08-13,74.96688356733564,26.795298783181803,1
2015-08-14,49.80077874807595,99.87966296456165,1
2015-08-15,40.91039092569241,38.32458710595694,0
2015-08-16,37.478536444850924,81.08025094903425,1
2015-08-17,60.37983482352287,57.92629793200751,2
2015-08-18,44.810541001274395,78.99790137095434,1
2015-08-19,35.879588284036686,21.094868346959856,1
2015-08-20,27.78916695959996,59.02825233413918,2
2015-08-21,76.56508942503174,30.102714838203127,1
2015-08-22,48.98812122015596,34.75530729168079,1
2015-08-23,84.18104087303934,26.42677902721473,0
2015-08-24,39.11079392616024,23.714990119769617,1
2015-08-25,67.22448816952985,47.961171556050566,2
2015-08-26,55.812697631825586,25.946898853565997,2
2015-08-27,37.26601314060909,18.132008148480477,2
2015-08-28,64.65893371437555,81.07291021855683,0
2015-08-29,28.85170304774344,98.40128595133633,0
2015-08-30,37.329604446237575,69.64694227477342,2
2015-08-31,54.155370612980605,80.58724943984355,1
2015-09-01,40.882198587127206,14.749174641207812,1
2015-09-02,32.18690434118309,53.84407788264246,1
2015-09-03,35.98536794124769,70.88219506891883,1
2015-09-04,19.05076532350501,27.70069051656018,1
2015-09-05,42.093383279675606,41.52795285628751,0
2015-09-06,41.57331216495282,24.807395741281187,1
2015-09-07,75.57075215370332,41.00962249891316,3
2015-09-08,26.396271883230078,65.26635439193001,0
2015-09-09,84.42702231109988,77.39215377188991,1
2015-09-10,14.012523467862437,99.66964083434615,1
2015-09-11,30.691362622144386,12.264616725322394,1
2015-09-12,76.94305768567573,70.3881662103802,3
2015-09-13,66.32869567011667,80.56904136754522,2
2015-09-14,52.23686872212816,71.48780661657742,0
2015-09-15,47.6389061706801,65.51254010826622,0
2015-09-16,76.04786529498195,25.26333827116702,2
2015-09-17,58.87343836336268,46.39337872249212,3
2015-09-18,78.86539653076706,75.5670688871158,1
2015-09-19,70.07951611061425,30.858262170063192,1
2015-09-20,52.711038518245566,37.208363596536216,2
2015-09-21,56.569728202682086,66.7104548396936,1
2015-09-22,45.57795714117227,30.42944116508796,0
2015-09-23,47.7466131532163,39.750285185419045,3
2015-09-24,36.6006520409248,69.35965140844974,1
2015-09-25,51.52382853316373,94.62859840758755,0
2015-09-26,107.76586341576925,83.30590408522656,4
2015-09-27,55.51108154650891,62.2608246909232,1
2015-09-28,51.13473635706911,52.79018148952762,0
2015-09-29,27.520223491593544,24.49236634228525,3
2015-09-30,50.470496063003154,67.9984071025124,0
2015-10-01,81.36525022101837,64.67702540792341,2
2015-10-02,-0.9555879167973131,46.89779861772111,0
2015-10-03,39.791809096893914,57.31038855700166,0
2015-10-04,55.021916008649164,35.59045528058559,0
2015-10-05,29.307791024709957,90.39618060772207,1
2015-10-06,52.86339040405959,59.330631987998295,0
2015-10-07,38.39956677121042,64.65934831592884,1
2015-10-08,11.163400729859404,79.38318587819651,1
2015-10-09,61.23364130198626,51.748011510666835,2
2015-10-10,51.90314506367398,17.85794175716255,2
2015-10-11,59.25547398997625,88.93429267405165,1
2015-10-12,19.2253735051679,18.854994322655124,2
2015-10-13,26.371478536088496,31.86338662534636,0
2015-10-14,61.04511265554186,17.358349565226426,0
2015-10-15,59.82447276785569,21.97395484353308,1
2015-10-16,33.50130553312029,59.24373137614863,1
2015-10-17,43.274464542500915,98.90787588034432,0
2015-10-18,41.32454668563409,40.907842815635675,3
2015-10-19,45.40587871197919,91.47161050127116,1
2015-10-20,44.25331874596113,73.54579788685415,0
2015-10-21,65.8203804734083,56.70645785832329,0
2015-10-22,49.764723364703066,68.3503113203332,2
2015-10-23,69.32874096100042,77.85958141773091,1
2015-10-24,45.61330524503016,64.48222158198206,1
2015-10-25,50.219441285801814,21.08250556321622,0
2015-10-26,34.30352312423958,23.067407603038923,1
2015-10-27,67.53609380374652,82.9381039851213,1
2015-10-28,61.088817719687555,57.040075033676004,1
2015-10-29,50.15155913358578,65.37828549509814,1
2015-10-30,1.318726653272961,14.698784614692219,3
2015-10-31,45.01708994158015,83.71649725040417,0
2015-11-01,57.052152290148655,47.39177334750789,2
2015-11-02,71.81122590521203,29.47858972637454,1
2015-11-03,58.02051123879071,42.746666440021954,3
2015-11-04,52.6182127039684,35.54597111326717,0
2015-11-05,49.4655689700557,33.788421874667435,1
2015-11-06,64.67410560488736,10.40668235695745,1
2015-11-07,9.554703919328517,81.07900704396499,1
2015-11-08,60.62400033595485,94.23815142736329,1
2015-11-09,14.535374222874282,13.426927875654503,1
2015-11-10,39.058433270599465,69.92697602824853,1
2015-11-11,50.88133345939296,70.44684355028224,3
2015-11-12,17.145418255848305,88.06336766047423,2
2015-11-13,47.21464276595893,76.25225366693785,0
2015-11-14,54.1886029321961,66.63195409824314,2
2015-11-15,61.78084943068235,94.41671866003755,2
2015-11-16,69.31289741870147,67.641522438198,0
2015-11-17,48.857059048551896,53.075655897633446,1
2015-11-18,50.476361960980284,59.07253441334589,1
2015-11-19,64.08748692673225,81.22999059663819,0
2015-11-20,41.46472197451859,51.182856003520214,0
2015-11-21,64.16700607762037,32.3607164006198,2
2015-11-22,23.298645729539423,14.010767559934942,0
2015-11-23,49.96349186404276,64.26685802342189,2
2015-11-24,81.72167478020552,28.963704894834194,2
2015-11-25,35.17349840697477,53.41773792192195,1
2015-11-26,65.61658712698728,84.09941530303888,1
2015-11-27,52.06693095596839,69.65014655788889,2
2015-11-28,18.103151050540006,41.24242559668751,2
2015-11-29,50.24661740343973,40.19039311266782,1
2015-11-30,78.94195419098878,19.30294900744174,0
2015-12-01,38.25342422428504,10.456791115215717,2
2015-12-02,29.00512350603079,65.29549558296229,0
2015-12-03,23.883305581098035,14.181589267469022,0
2015-12-04,62.33194067593051,29.259726436460287,0
2015-12-05,20.870911934010543,55.38350092265657,2
2015-12-06,26.75414127009358,54.016603965557984,2
2015-12-07,52.582224620213104,89.65629144535649,2
2015-12-08,66.03882326124395,96.12408860028428,1
2015-12-09,40.27311712499966,93.86165039314697,1
2015-12-10,50.52032682775044,94.05442647401993,2
2015-12-11,68.89529428313325,20.955270030393592,1
2015-12-12,74.24398855193837,11.04065817611285,0
2015-12-13,98.02208172879165,34.83025992611742,2
2015-12-14,31.21040349973611,28.21778416336537,1
2015-12-15,33.644110808599656,47.2260098358663,0
2015-12-16,57.52427799228921,52.95354389492402,1
2015-12-17,38.382593010705115,87.0025849665779,0
2015-12-18,18.091798794662335,99.48394454740335,0
2015-12-19,66.15181821089493,68.90709844265079,1
2015-12-20,74.67791172594903,19.38961850205762,1
2015-12-21,64.01549721686285,49.93719969480159,0
2015-12-22,59.39646970627532,94.40292862836296,1
2015-12-23,81.72463788169722,82.69392372612803,1
2015-12-24,36.81635009712368,39.2681283655387,1
2015-12-25,63.2847855993986,82.88237411042044,2
2015-12-26,39.38083552927311,38.11943280448913,3
2015-12-27,50.132483829150516,28.531883119301053,1
2015-12-28,69.17021265616827,18.418017968951908,1
2015-12-29,57.09639982007252,17.980540977590874,1
2015-12-30,32.51147061350038,51.12514817458386,1
2015-12-31,60.122333729963316,93.17240489000875,1
2016-01-01,64.41062142916505,73.44640569825378,0
2016-01-02,67.0587173943823,96.11659124164972,1
2016-01-03,29.9515592599149,36.041061518863,1
2016-01-04,36.18081703822466,79.03236983455557,0
2016-01-05,23.731398560317686,97.37475890038073,1
2016-01-06,49.675308765402065,18.489961366139312,1
2016-01-07,48.910508544868236,73.50472736026659,2
2016-01-08,31.2702139942793,22.814345111950942,1
2016-01-09,39.02517330424888,17.517336389421672,2
2016-01-10,55.27075369806796,86.97383345758861,1
2016-01-11,34.22106904563865,42.9657560048306,2
2016-01-12,54.09452958298559,66.55320211741352,1
2016-01-13,33.486840078888676,45.94523406056135,1
2016-01-14,38.21190558136944,22.267227115787055,4
2016-01-15,70.6256453178783,58.578443340958216,2
2016-01-16,56.463422541569244,11.242122748278375,0
2016-01-17,25.6380027306668,77.57932459156851,0
2016-01-18,92.79957166258171,67.31320752853861,1
2016-01-19,11.21323512279082,78.05601348254515,1
2016-01-20,51.659726800582256,59.73029156998711,1
2016-01-21,48.674244614449165,36.97976766852318,0
2016-01-22,56.801587265545706,53.71374009359753,0
2016-01-23,68.34863542833828,21.87371697207039,2
2016-01-24,-0.08685876240269863,77.81414701000718,0
2016-01-25,40.3557065668263,53.895064459921706,2
2016-01-26,28.332250673810663,11.734097984847535,1
2016-01-27,98.96712267740415,79.15600907612817,1
2016-01-28,72.1955260213408,21.684767766009543,0
2016-01-29,80.84091644660879,86.57924648665458,0
2016-01-30,73.68196726108513,15.254085481798038,0
2016-01-31,72.10761153616312,75.85334249552996,2
2016-02-01,34.07392681881165,77.89878639188308,0
2016-02-02,52.0421536256901,72.48342308733692,1
2016-02-03,53.99232558367061,11.739112181958854,1
2016-02-04,65.00187146578509,10.353021492946727,1
2016-02-05,63.30744434748854,70.9851516524621,2
2016-02-06,58.29291578704526,58.46091971164571,1
2016-02-07,92.9491558760829,43.12590254358435,1
2016-02-08,37.714601826633626,32.68278047126054,0
2016-02-09,64.75042927309387,62.15356104862493,0
2016-02-10,57.54120099556243,49.3367991239822,0
2016-02-11,6.615639081018557,17.68420344900556,2
2016-02-12,59.099437685907304,73.09784174073499,1
2016-02-13,80.49493262445192,71.12638924682726,0
2016-02-14,69.51576024581807,86.77026146529437,1
2016-02-15,31.824903229804825,88.29552993990765,2
2016-02-16,65.14017252580734,76.91390609947722,2
2016-02-17,29.625532343194017,29.885266844146674,0
2016-02-18,24.977472385950975,82.72288545498498,0
2016-02-19,55.90944796786391,14.426575535227025,2
2016-02-20,67.63511306330922,48.01950007374616,0
2016-02-21,54.063309604036014,98.98618944361426,2
2016-02-22,43.916936855366885,80.49297081343217,0
2016-02-23,62.56184396917621,56.55629369564071,1
2016-02-24,81.50358717788708,37.13715205207821,1
2016-02-25,70.83812881759762,12.817266119277624,1
2016-02-26,47.15898834621425,29.890972820217748,1
2016-02-27,32.328923184539875,96.5921944089362,0
2016-02-28,79.32182890124905,73.96021650751135,0
2016-02-29,16.421789445014163,18.85470571175052,0
2016-03-01,47.67712325320211,36.70844269590637,2
2016-03-02,66.17231562934555,89.76212268092414,2
2016-03-03,88.51685775998776,98.79141404618687,0
2016-03-04,71.3636557928248,24.64105660465269,2
2016-03-05,36.21197511156766,99.9601854404166,1
2016-03-06,57.15827961713447,57.89244433868725,0
2016-03-07,66.8315820394186,48.6557696690764,2
2016-03-08,35.16074611992449,97.11298381870043,1
2016-03-09,100.22972003411225,99.02022199141447,3
2016-03-10,21.244940443313574,83.7422050059844,0
2016-03-11,52.83047789089665,62.877017176527204,1
2016-03-12,21.671221563407556,22.576287246905544,1
2016-03-13,33.5738583232738,99.45605967352876,0
2016-03-14,51.51034769054614,55.46115968634288,2
2016-03-15,38.34809551257144,42.08515705515084,0
2016-03-16,36.67389905038691,60.0356865527693,2
2016-03-17,54.862615822934806,44.40077781806351,5
2016-03-18,58.63493704065587,69.70841513319812,1
2016-03-19,59.79675669354308,14.148809579770887,0
2016-03-20,26.19004937591301,35.568762860625405,1
2016-03-21,23.74178475768142,68.46308318745918,0
2016-03-22,39.58716678214878,45.4843300053568,2
2016-03-23,66.21536509735495,74.02924514814552,0
2016-03-24,31.572058205471322,73.1359633440492,1
2016-03-25,20.598469496406064,66.39924970231311,0
2016-03-26,21.519773046383477,45.41532940558641,0
2016-03-27,43.48926010426632,79.17587486577588,3
2016-03-28,45.67034733624535,84.3767018470632,0
2016-03-29,44.829783745887156,51.52730958484262,1
2016-03-30,53.257764286926616,84.83712892747467,0
2016-03-31,17.30445596457227,95.07176033482183,1
2016-04-01,40.830076408053415,84.54525560493038,2
2016-04-02,38.19295096946707,30.72600643423702,3
2016-04-03,40.54678690747188,73.3936743385133,3
2016-04-04,44.32314656530554,86.6035299600665,0
2016-04-05,27.86445400098114,99.46825947460415,1
2016-04-06,62.97616440489182,44.786127880690856,0
2016-04-07,39.5762559599835,17.142553006925098,0
2016-04-08,62.22180616355337,39.08259141919143,0
2016-04-09,33.52245507355311,18.548223628514982,1
2016-04-10,25.372234342295297,52.3674760706639,1
2016-04-11,73.03086936995861,63.26754860317476,0
2016-04-12,24.795429023534293,10.28434028829992,2
2016-04-13,24.55799991790134,20.102389740093273,1
2016-04-14,20.776679119974027,49.327003202769035,0
2016-04-15,15.621726553898924,67.61245185432504,1
2016-04-16,12.118320579594325,90.46414409137947,1
2016-04-17,38.390520481300825,81.02471209032538,3
2016-04-18,57.432498228683656,11.851846514424304,2
2016-04-19,67.56411061102654,86.53487407898623,2
2016-04-20,91.10772604779663,92.17829766943815,2
2016-04-21,59.586640416014404,25.564083270827698,0
2016-04-22,77.85714207240503,15.67980717280369,0
2016-04-23,68.03020072938119,98.51191752139906,0
2016-04-24,35.01671062910739,59.005032816310525,0
2016-04-25,59.36515727436501,42.89102934357569,3
2016-04-26,70.13712222765344,52.95320681614141,1
2016-04-27,11.810890377624197,85.39736898419807,2
2016-04-28,81.47553503129787,28.237419653559492,1
2016-04-29,24.1744537763185,90.4541480820995,1
2016-04-30,95.52407893686299,84.6714297482061,2
2016-05-01,40.39131424101028,84.54521021019002,2
2016-05-02,22.29221358714293,38.421771830446666,0
2016-05-03,45.77170692069028,41.08022129572903,3
2016-05-04,78.00674794296346,42.241553278860394,1
2016-05-05,39.739068119256366,27.03941374316993,1
2016-05-06,23.77472234739806,67.54919176351764,1
2016-05-07,50.43867569450417,12.213843795149272,0
2016-05-08,38.004544849328084,71.61962333345798,2
2016-05-09,79.7779859277478,75.26401931368683,0
2016-05-10,62.58369649672155,37.522683372191196,1
2016-05-11,57.502845974334136,77.87730727457918,2
2016-05-12,86.54168602025875,12.155694425915549,0
2016-05-13,46.093544057283765,52.21132165320262,1
2016-05-14,35.542033725856626,42.65902317591471,2
2016-05-15,79.2428825489149,33.39088276843313,2
2016-05-16,81.27234136228849,54.27559189287045,2
2016-05-17,64.0315062225421,51.4861915770482,0
2016-05-18,85.63675816463473,85.33600971079038,1
2016-05-19,39.127724486811324,82.37042565041385,0
2016-05-20,44.64572830758872,31.75028607861571,3
2016-05-21,33.7721094269744,54.238152286950964,0
2016-05-22,50.525757219301866,10.084519841576537,2
2016-05-23,59.81936634310425,93.07769576238508,1
2016-05-24,48.302819352747704,72.7411434936358,2
2016-05-25,34.33603282392161,79.6292348442409,2
2016-05-26,55.53567637091717,29.560490622434642,1
2016-05-27,55.230358152807774,94.1720461972419,2
2016-05-28,67.45003510240507,30.907616477226963,1
2016-05-29,68.98049885593905,48.48479822879581,4
2016-05-30,32.39685144831523,80.62952073258613,2
2016-05-31,55.43874076686863,68.00516042616097,0
2016-06-01,23.996689044316582,91.48110513244232,1
2016-06-02,47.458715146601484,15.313812151324287,3
2016-06-03,61.00520762940738,97.36506227642363,1
2016-06-04,39.25911348879008,60.08922622675416,1
2016-06-05,28.280806995872908,21.033763036231804,0
2016-06-06,15.121145046663727,47.37510486974147,0
2016-06-07,18.905626339960286,63.19095401411952,1
2016-06-08,26.834849261775616,80.63402052755245,0
2016-06-09,40.04163456519913,56.16329584454214,0
2016-06-10,87.68881008705011,20.445232825145993,2
2016-06-11,43.90500049375392,79.47072277123802,2
2016-06-12,41.23144911211488,21.72730988157504,0
2016-06-13,49.26092370338652,75.43516795913168,2
2016-06-14,44.727825662231496,71.15868490735153,0
2016-06-15,23.499747342195093,42.07846890179986,1
2016-06-16,54.91978787004958,20.937971772402513,0
2016-06-17,92.50461882118358,13.073173374537335,3
2016-06-18,75.2098101011011,40.04432506054957,0
2016-06-19,48.26657586683406,57.15871455719196,0
2016-06-20,84.3432178133111,34.957306547668296,1
2016-06-21,39.167070481118294,17.73518229924777,0
2016-06-22,46.3028320508525,57.87108291963424,3
2016-06-23,50.82498424675884,68.08115681855665,2
2016-06-24,105.86865484544143,61.6476670910433,0
2016-06-25,53.812763465257845,74.26534373261752,0
2016-06-26,65.27643888079717,12.07804562335292,1
2016-06-27,75.06544644917938,36.46462729026045,1
2016-06-28,29.777942309557417,64.11357929447092,3
2016-06-29,39.30502343333696,83.1743621082026,1
2016-06-30,34.57915088678055,67.77360443890842,2
2016-07-01,62.57511523589572,72.38366893674214,0
2016-07-02,51.39497278813867,51.17308997830716,1
2016-07-03,51.73452010131389,73.45452009212082,3
2016-07-04,62.80273620208064,30.867051098788355,1
2016-07-05,32.94428090699982,33.942195058888686,1
2016-07-06,72.67537386768214,51.05795235229498,1
2016-07-07,64.2806796313768,43.65098151222368,2
2016-07-08,20.978959610194003,36.71221969004309,0
2016-07-09,77.26898159353303,17.51814028953617,4
2016-07-10,53.362099899712724,31.20629947618457,0
2016-07-11,33.47909688435922,53.9123832806665,1
2016-07-12,72.17349110797993,30.683128230803373,0
2016-07-13,48.325480830076835,88.29638828528465,0
2016-07-14,55.06369830386103,36.02189973322131,0
2016-07-15,61.642178714321,44.36282019487409,2
2016-07-16,26.386388502471945,97.59882301476912,0
2016-07-17,51.95741522786266,32.383969570368954,1
2016-07-18,54.20190320680316,30.656594007117253,0
2016-07-19,47.6418656908657,55.81656546159362,2
2016-07-20,-6.766313881780917,97.90890654651622,0
2016-07-21,17.04188512018723,83.18825264852653,0
2016-07-22,100.67613988466238,60.96123829497236,0
2016-07-23,53.74565909958791,82.0651381118087,1
2016-07-24,38.950293471594414,78.4117163135,0
2016-07-25,71.88569255021716,20.443463016257144,0
2016-07-26,41.40377370381122,63.18398679042416,2
2016-07-27,10.227608409305354,58.19203187329504,1
2016-07-28,29.578222275492898,40.68058499870122,2
2016-07-29,75.93403406846377,63.103261694404935,2
2016-07-30,39.735847461868666,12.305549509974716,1
2016-07-31,47.79844222498772,89.04897990917199,0
2016-08-01,67.75791289945307,93.63889002448768,3
2016-08-02,29.506110513747863,74.15896461340536,0
2016-08-03,95.33103748968388,96.45370231706274,0
2016-08-04,42.886605245968504,81.24944705672777,1
2016-08-05,58.19075840477228,45.128999546046096,0
2016-08-06,35.03077937784207,45.19567365484582,1
2016-08-07,49.42502661817566,91.14245313124555,1
2016-08-08,44.24915265672215,19.359442874302744,0
2016-08-09,37.921476402492345,85.18453241758618,0
2016-08-10,50.21589715376708,58.93889392460336,0
2016-08-11,56.121017147886135,57.67280196674115,2
2016-08-12,56.21577201241617,96.92740753358126,1
2016-08-13,68.25505452682901,79.10079785991029,0
2016-08-14,89.37787217144178,12.24338279657919,2
2016-08-15,58.94912889308254,33.299246007400185,0
2016-08-16,61.34668406568079,70.60140299183533,0
2016-08-17,47.67884897921082,86.82298479810709,0
2016-08-18,16.301591888551677,34.91005768581237,1
2016-08-19,31.05725914481357,47.55346872563303,0
2016-08-20,82.87459843507096,34.396514098365174,0
2016-08-21,27.026081981626177,69.26763937049844,1
2016-08-22,57.075081830777506,16.26247017565023,1
2016-08-23,63.10915464650431,53.18074611345059,2
2016-08-24,45.033951009646515,50.24073697193036,0
2016-08-25,10.975609489423455,27.773675859997297,0
2016-08-26,41.42915206810975,86.58523031215363,1
2016-08-27,60.59533598636186,67.88048181927807,2
2016-08-28,14.778504066579337,85.86598589992643,1
2016-08-29,31.274482117887878,91.29228153076313,2
2016-08-30,91.73453007555861,67.60306830848623,2
2016-08-31,31.041780644088938,97.19022136327713,1
2016-09-01,37.59718454287707,52.869903801184314,0
2016-09-02,88.15518210745986,48.05047480086017,1
2016-09-03,35.829029701221145,77.46667774454961,2
2016-09-04,35.81426933837692,58.89332573184341,3
2016-09-05,37.51353081353698,88.5764393785354,2
2016-09-06,50.32283678823221,51.71481866665093,1
2016-09-07,65.97407539923736,38.12939407335864,0
2016-09-08,61.23025937584312,40.13769205765637,3
2016-09-09,54.78791094470347,64.79282326380252,1
2016-09-10,72.15384688483594,41.06747960401214,2
2016-09-11,43.98142171798698,54.45412498493148,1
2016-09-12,25.98835014514975,49.66501309374784,0
2016-09-13,13.079765497793701,47.41096599855379,1
2016-09-14,58.50746460252412,53.65737238522577,1
2016-09-15,38.93672866617559,60.203653532833954,0
2016-09-16,64.54186964373909,48.48119153538543,1
2016-09-17,63.97274613853595,90.38957902385675,2
2016-09-18,72.3914001386073,31.080408756787456,2
2016-09-19,56.572501223976175,46.86539295254457,1
2016-09-20,50.48110961113339,23.954989683321024,1
2016-09-21,42.71582797730423,83.59375336560518,0
2016-09-22,52.52931710766261,61.54432392895874,0
2016-09-23,19.598113773799476,30.905043256306968,2
2016-09-24,61.2292340465779,55.051348035289294,1
2016-09-25,60.37775520708202,75.77869966326112,1
2016-09-26,68.33875046255336,35.13023245704156,0
2016-09-27,82.40084494179087,58.34916191034213,0
2016-09-28,37.112349494789235,72.22279965865428,0
2016-09-29,66.13410501528641,99.1408089199084,0
2016-09-30,33.056325350278996,29.707516591563675,0
2016-10-01,77.17271403580503,46.88590274700011,0
2016-10-02,13.356729591575167,54.83859613275133,0
2016-10-03,55.0465119142058,14.792293288847176,0
2016-10-04,39.88324813998071,29.021776530066788,0
2016-10-05,56.12673324075642,16.83948195111084,0
2016-10-06,82.97770205654004,18.21078441465268,0
2016-10-07,74.11710389672129,99.67985048424717,0
2016-10-08,29.711618990306196,34.677741166002654,1
2016-10-09,74.23685036804194,42.529172840298685,2
2016-10-10,46.603821167585174,36.35592429740065,2
2016-10-11,51.31940664683645,50.364034617587514,2
2016-10-12,74.16451773830067,41.99502131553747,1
2016-10-13,38.372773530561396,12.091193887200095,0
2016-10-14,31.572018903204444,89.99591903038883,1
2016-10-15,44.32547580819256,78.47773375369206,1
2016-10-16,58.513679136392184,22.534149765342267,2
2016-10-17,72.13106314848933,76.57475631704799,1
2016-10-18,43.61733085503193,43.9511268104332,1
2016-10-19,43.18304035941825,94.56020207770946,3
2016-10-20,47.92446521119006,30.462723256467832,2
2016-10-21,33.09647096606931,96.77619824308407,2
2016-10-22,56.476274185581005,80.90592940661762,0
2016-10-23,82.19437289003689,70.29787354136221,0
2016-10-24,64.82968695223173,27.30949854101934,1
2016-10-25,48.31041606287212,60.95410072455818,1
2016-10-26,51.14444027802362,83.58001225029041,3
2016-10-27,70.33968319098369,88.15261410966863,1
2016-10-28,42.189640820053015,60.88890626039445,2
2016-10-29,55.221273744925796,80.18266787130348,0
2016-10-30,45.598174238728376,49.018994252583006,1
2016-10-31,64.12278213707211,46.89933182399488,0
2016-11-01,53.457391560358246,84.2800797783381,1
2016-11-02,68.86206054097745,84.63241499906624,1
2016-11-03,57.27851895733612,23.32573078328399,1
2016-11-04,84.04858986984485,14.807623254905842,1
2016-11-05,50.028116261534805,16.236122292682637,1
2016-11-06,36.9193880298269,77.40276274816168,0
2016-11-07,59.66518167683913,34.81880831839062,1
2016-11-08,58.24989202869084,45.60905217074921,1
2016-11-09,110.82271369956294,78.35922639775266,2
2016-11-10,65.19646636142717,22.100632069879147,0
2016-11-11,59.75020054459908,16.385593178296265,0
2016-11-12,41.80358119689154,54.248418629778655,1
2016-11-13,50.68436347621161,14.0811394892615,1
2016-11-14,79.23206384793694,15.946478009369272,1
2016-11-15,14.731397880552649,86.95926584046545,2
2016-11-16,81.03744282733231,68.53559032524007,0
2016-11-17,47.02191236894545,76.92374043032112,1
2016-11-18,68.55715847389848,27.292399792741417,0
2016-11-19,42.65843466045852,67.87185769530292,0
2016-11-20,50.48108843252251,74.41398275598785,2
2016-11-21,52.056672586913905,79.59901929185452,0
2016-11-22,19.641700834410436,60.96999183841895,0
2016-11-23,12.083675173746293,62.52293383243192,0
2016-11-24,56.85265870426008,78.73473179208656,5
2016-11-25,53.226666194392045,57.652223241040474,0
2016-11-26,49.02213672183726,66.14551572013004,0
2016-11-27,40.079066668383945,77.95819119434206,2
2016-11-28,25.306484140735265,65.88336080838181,3
2016-11-29,46.27385123016146,76.09400987939337,1
2016-11-30,31.639485456332856,28.21218822433769,0
2016-12-01,65.51214657319541,49.1753993931548,0
2016-12-02,79.14880409693157,17.781272128081813,0
2016-12-03,60.279524209915394,89.85126764789017,0
2016-12-04,49.671643957999336,54.294685949498046,3
2016-12-05,21.5185779563495,13.954453951756598,1
2016-12-06,61.340185288448296,55.390641059599695,0
2016-12-07,32.808512724082235,10.83430383682143,0
2016-12-08,63.13822281771418,41.249951018681806,1
2016-12-09,60.47992568367846,65.84675273239938,0
2016-12-10,50.47196680566857,68.65771342700191,0
2016-12-11,50.31628432124262,70.14126789149611,0
2016-12-12,57.1381084778855,86.40394568197036,2
2016-12-13,48.8888743292881,57.81561609428446,0
2016-12-14,47.02233888480092,60.921386180342154,3
2016-12-15,84.24462953280499,65.42877866456146,1
2016-12-16,54.24442767690516,20.534168578906808,0
2016-12-17,46.458365285892874,13.219274324624871,3
2016-12-18,61.070349437567785,28.98810337410684,1
2016-12-19,40.52149523162464,58.198323480174665,1
2016-12-20,46.13150051620545,12.280292058199993,0
2016-12-21,50.411967690427915,72.93609419129623,0
2016-12-22,16.952612943077867,80.62373329600288,1
2016-12-23,68.8837023094379,18.63265097793399,1
2016-12-24,50.956333397159,22.63691327260203,0
2016-12-25,14.438290695320966,77.8864556641057,4
2016-12-26,57.306795181078975,51.224778968923715,3
2016-12-27,37.40575620870572,35.818792865295876,0
2016-12-28,74.06900544878178,47.35126341430658,5
2016-12-29,41.54989289150629,58.847922629414484,1
2016-12-30,56.47810064091734,96.75889925453517,2
2016-12-31,37.305144070314576,68.7089510696815,0
2017-01-01,36.69628872724352,70.88189772840194,2
2017-01-02,79.45928964874926,13.406381262423784,3
2017-01-03,18.54486492635147,31.231491511680115,3
2017-01-04,70.26444478993194,95.94542479716876,2
2017-01-05,33.06747198472152,46.000408095855704,1
2017-01-06,71.10363171571234,73.50559125186012,1
2017-01-07,64.38563875805634,34.524502040672914,1
2017-01-08,58.09101596817393,44.911660570304726,0
2017-01-09,54.63044145188588,82.24116340931063,1
2017-01-10,30.867173432156406,57.60717905246247,0
2017-01-11,19.72043208983271,16.14484475465596,1
2017-01-12,47.548080193464706,77.55906592167696,1
2017-01-13,59.38832791969416,31.683834055906345,3
2017-01-14,55.24180154462299,34.36266365136173,1
2017-01-15,75.08839462542076,96.98039470057576,0
2017-01-16,73.51601216985976,35.16796579402628,0
2017-01-17,59.17881696503767,41.396718682410096,1
2017-01-18,40.96837402483901,79.4464014623853,1
2017-01-19,30.325926837492542,74.89342945260785,0
2017-01-20,8.662093032012798,25.764242387677683,3
2017-01-21,59.237986699697615,59.81494089173783,1
2017-01-22,54.113552793691355,59.72317417404462,0
2017-01-23,73.10887596483656,20.45083500409781,0
2017-01-24,34.48377220651623,54.34351239576678,1
2017-01-25,30.054201349614054,41.30121438177094,0
2017-01-26,44.20513869550696,89.7862870621537,1
2017-01-27,28.557061177700923,70.30487531871817,2
2017-01-28,34.623791395319756,49.30132833608499,0
2017-01-29,30.909687174047647,84.2774525607008,0
2017-01-30,65.58422650667617,36.490989645925026,1
2017-01-31,73.58688898567897,81.6202630849018,1
2017-02-01,87.11722237450198,14.655775599028733,1
2017-02-02,78.06374765821383,37.72345921967012,4
2017-02-03,25.814704703336368,37.924839099924895,0
2017-02-04,58.98135392437405,80.5605716311724,1
2017-02-05,68.48683607234204,53.77252959846371,1
2017-02-06,40.86569352144405,23.591256964451595,2
2017-02-07,64.84348922817641,24.40256446955789,1
2017-02-08,56.30891941206321,95.84668484728493,1
2017-02-09,66.80127452185563,72.58383304169548,0
2017-02-10,58.86400683063293,50.51818125273729,1
2017-02-11,61.54906673493465,69.34529861319271,2
2017-02-12,12.434717952582957,46.67541479782099,0
2017-02-13,64.09912205589954,36.67092737774021,1
2017-02-14,44.945123527689006,63.114664742849165,0
2017-02-15,41.39115853024487,98.90269784737758,0
2017-02-16,77.86979848283349,25.739340799758963,1
2017-02-17,43.99725206099686,80.30706160463049,2
2017-02-18,80.0737946772127,36.24811423768382,1
2017-02-19,74.63221097019151,81.08270287778846,0
2017-02-20,13.96144033330706,59.56872971432934,3
2017-02-21,29.074133756155387,87.29366585147311,1
2017-02-22,15.992505004977062,31.709390951574196,3
2017-02-23,51.43756767067223,47.50529265943668,1
2017-02-24,42.50415850812095,11.255171877286433,0
2017-02-25,26.545374075765366,64.52203954150687,3
2017-02-26,42.2036209226696,69.89720764849665,0
2017-02-27,24.375337496677275,11.355213620737084,0
2017-02-28,34.04123255676183,43.831330575273924,2
2017-03-01,50.65893687496854,63.487664033257886,2
2017-03-02,52.169527061532634,36.15857018130878,0
2017-03-03,29.490361833426423,66.73313253706596,0
2017-03-04,60.90905119213556,78.183495982975,2
2017-03-05,36.86127812839165,14.782186062727149,3
2017-03-06,101.87879952763932,69.70505895724426,1
2017-03-07,75.57672947383928,25.812767558808133,3
2017-03-08,63.618659573662335,47.464322609609155,2
2017-03-09,54.83277128592867,47.13662141531922,1
2017-03-10,54.13806938943924,23.436973636972798,1
2017-03-11,71.85580387080248,61.338536433535474,1
2017-03-12,8.670273119706586,36.65593351076794,2
2017-03-13,73.51228625094254,44.90294760695518,1
2017-03-14,49.05980698243459,65.52885503424488,1
2017-03-15,31.420950925498282,23.153234717223782,0
2017-03-16,41.59312740715424,82.75170371199945,1
2017-03-17,60.10730516897616,72.30709724173305,0
2017-03-18,48.2452952674964,15.124381971685937,3
2017-03-19,39.04144812465569,32.93784902803556,1
2017-03-20,58.758601148817405,44.48096484169463,1
2017-03-21,73.71319680725547,37.89639875230812,1
2017-03-22,44.232997978416016,39.34614768585219,2
2017-03-23,109.95003179488467,77.88395596575307,1
2017-03-24,64.85997187839983,94.28092175424253,0
2017-03-25,8.191720421620104,86.8317019285898,3
2017-03-26,33.894687711138374,56.7370489003219,0
2017-03-27,7.169164221019727,58.19078685416424,1
2017-03-28,32.37171921506979,64.21452868765192,2
2017-03-29,55.143656544686635,99.22985628663454,0
2017-03-30,77.99725957106781,98.5846296656816,2
2017-03-31,62.126114537788034,52.71628887576959,0
2017-04-01,83.15038401263473,50.39466227998873,1
2017-04-02,48.46045340127045,20.99337728198267,0
2017-04-03,65.8842934802052,71.09020096130853,1
2017-04-04,56.28256551865131,88.8159738488034,0
2017-04-05,45.98192474889889,88.09021470501625,1
2017-04-06,66.4312766947566,42.51604312220874,0
2017-04-07,45.08349498882116,74.09444682884545,3
2017-04-08,59.50564819393314,14.07138952814694,1
2017-04-09,63.07580084177649,84.16462897106862,1
2017-04-10,52.91670259709197,40.81423678840636,1
2017-04-11,82.45927279899803,80.34595729133622,1
2017-04-12,66.04780205118239,70.15022339729242,2
2017-04-13,71.82641732616206,39.46659022983731,2
2017-04-14,78.47403379521468,48.31174991962749,2
2017-04-15,-1.2592758528170762,65.91616160348616,0
2017-04-16,61.90310360322311,27.933770064181548,1
2017-04-17,42.12512293711196,29.04988940316273,1
2017-04-18,47.86928353704867,89.0660735956034,0
2017-04-19,30.203133745637217,57.15570539216504,1
2017-04-20,44.83263433990589,21.628748266144363,1
2017-04-21,41.95036607387489,67.76617351198615,0
2017-04-22,71.12772992386387,54.1267841134131,1
2017-04-23,63.74060473112837,99.33093784267345,1
2017-04-24,35.939884425507884,69.39003116586895,2
2017-04-25,48.93141784204969,82.42875478986726,0
2017-04-26,44.51849277852026,24.54071585338513,0
2017-04-27,55.869483298229966,52.307130534868335,0
2017-04-28,38.32839101974816,20.618790449454487,3
2017-04-29,72.99961519146044,22.470213410720934,3
2017-04-30,40.179901789663475,99.78535779664433,0
2017-05-01,82.93193182526565,54.36323566517295,2
2017-05-02,66.69671905523359,95.17948856917725,1
2017-05-03,73.60801262433618,19.654347799673147,0
2017-05-04,76.72979731097519,43.4840020514914,1
2017-05-05,46.49343006357188,17.561940465879825,2
2017-05-06,53.209437468542944,39.46769071361566,1
2017-05-07,52.45263608654083,56.54770854757125,2
2017-05-08,30.19445632893573,60.913130098555506,0
2017-05-09,55.52217053210589,68.69981374040282,0
2017-05-10,68.15498324484525,67.81189134733879,1
2017-05-11,43.4908942335651,60.79393742457606,2
2017-05-12,33.32375518872806,73.44974191916165,1
2017-05-13,32.52135793115256,12.381648309233059,2
2017-05-14,84.18203579005575,71.5140152726108,2
2017-05-15,39.515982707406465,23.78857000182562,4
2017-05-16,41.453338392465334,83.82269539174752,0
2017-05-17,123.82405909655519,12.126469306919354,2
2017-05-18,83.70749346124218,84.67866313437477,3
2017-05-19,49.31282401193528,45.78507895217711,1
2017-05-20,71.0759906195425,89.04768974125255,0
2017-05-21,56.08362252868278,98.1066198812596,0
2017-05-22,18.7724980748952,62.74486267946856,1
2017-05-23,75.03079593407824,85.26463715275412,0
2017-05-24,58.700155492484974,80.02291890392705,2
2017-05-25,77.7740821051823,21.220643824167382,0
2017-05-26,99.17783802075724,39.560955903816534,1
2017-05-27,28.284764032891584,52.96620210952925,1
2017-05-28,23.122709265371043,68.61460699902523,1
2017-05-29,74.56686264393949,73.40041339003295,1
2017-05-30,18.33463127543432,19.575120818894888,2
2017-05-31,63.397836934774276,13.169019704041087,2
2017-06-01,62.024826124987676,11.97071516251891,0
2017-06-02,50.04284872157488,96.32449184297094,2
2017-06-03,63.933752111023395,71.23056716819373,0
2017-06-04,90.71169535397742,59.60228829856804,1
2017-06-05,46.69608116274035,22.050387579658473,1
2017-06-06,32.344638286598354,50.02853220602398,1
2017-06-07,32.68996844235569,39.309986675027254,2
2017-06-08,72.10569087097143,25.18845044849038,2
2017-06-09,65.9007750062717,70.00091931574275,0
2017-06-10,50.18855176969189,14.784213151223428,1
2017-06-11,63.15274942796684,76.71645806005182,0
2017-06-12,56.085936434882065,15.152506902396727,1
2017-06-13,21.688739345689957,86.13031665366688,1
2017-06-14,46.60689621767627,11.605510797555457,2
2017-06-15,75.02810495144882,33.384926062421734,2
2017-06-16,72.36801815925406,52.13140517210749,0
2017-06-17,46.568267004914055,44.603648716521256,0
2017-06-18,67.50448125040243,56.37010016502752,0
2017-06-19,50.47215869973059,23.237013041663225,1
2017-06-20,76.54398439653559,16.576364148710958,0
2017-06-21,40.41923427853172,89.12119784547936,1
2017-06-22,41.91408208551856,23.834937750406528,0
2017-06-23,61.74635753991622,50.513619917694086,0
2017-06-24,71.30752793752717,39.5235498457319,1
2017-06-25,55.06628396786967,23.953926046199733,0
2017-06-26,69.84474186387283,45.5707384718789,1
2017-06-27,23.55734518099898,21.7236335784486,0
2017-06-28,60.13836691350636,64.52068308912777,2
2017-06-29,86.21685093375919,76.19737115789621,0
2017-06-30,66.37895065732685,87.88769999805714,2
2017-07-01,15.011172408739192,73.43638871637842,2
2017-07-02,77.8517390604338,63.26471465219369,1
2017-07-03,26.866058297737855,87.27192158064643,0
2017-07-04,59.308935863202166,32.99934061749689,2
2017-07-05,50.71704018877346,43.588374381618905,2
2017-07-06,44.55506878112557,90.08165148278857,0
2017-07-07,58.125033163368116,52.36631060049097,0
2017-07-08,45.87900249861471,81.22324522170815,0
2017-07-09,35.13364937879953,54.77186296186692,2
2017-07-10,12.066277807260171,49.17093838931622,0
2017-07-11,83.82396372121525,83.44683766314101,0
2017-07-12,46.392639031810376,10.580419112840225,1
2017-07-13,91.05883944371865,70.15132311114023,0
2017-07-14,28.76234204073574,76.53880317061932,2
2017-07-15,59.84607407225601,73.25402518166337,1
2017-07-16,64.42125066082886,43.216610364358594,0
2017-07-17,40.02306465747663,76.94134966392005,3
2017-07-18,59.42042755214218,28.765474075061817,1
2017-07-19,62.474393447743296,56.47124057385973,2
2017-07-20,75.98533616831439,85.45885465226162,1
2017-07-21,44.38930167839099,82.9676033884392,2
2017-07-22,69.41198575859458,70.70244229852995,4
2017-07-23,75.42458055392393,26.29662184834842,0
2017-07-24,48.93414111790968,58.37356422698142,0
2017-07-25,93.63245449121786,26.505973552173092,3
2017-07-26,-7.509127780901281,13.397509550797638,0
2017-07-27,40.210426078757514,70.93185539162587,1
2017-07-28,41.85436315399752,29.566218511989735,0
2017-07-29,26.976554465130242,39.57856628246971,0
2017-07-30,45.74476236289246,81.66498917685473,2
2017-07-31,98.21560221348875,26.312520266405794,0
2017-08-01,57.676595088732284,11.734897205883247,3
2017-08-02,18.01494850977402,58.81178778383953,2
2017-08-03,58.706079113257076,24.218128524085053,0
2017-08-04,29.350831024394672,44.85987035921501,2
2017-08-05,11.290898190708866,33.188231257109734,2
2017-08-06,27.73151510265687,24.86618339131749,1
2017-08-07,49.09516156318091,25.397607093284822,0
2017-08-08,42.61280235612056,41.46386300238529,1
2017-08-09,35.8102435203878,89.16311920308746,1
2017-08-10,55.824374388520056,75.9003244289049,1
2017-08-11,33.72066298757257,58.122380489151325,0
2017-08-12,16.392968941242195,79.84751680006009,1
2017-08-13,22.416921760288577,28.961265351663958,0
2017-08-14,26.975196001416187,18.602668328168605,2
2017-08-15,42.379201312472084,66.45758963537111,2
2017-08-16,39.77347189658506,62.808723875404,2
2017-08-17,31.759339756254132,31.21436882347294,1
2017-08-18,34.775340012717564,71.2025818543046,1
2017-08-19,44.30966956150313,81.20206695719199,2
2017-08-20,49.479687069702365,31.4063013265121,1
2017-08-21,39.30297990691197,83.14831748886402,2
2017-08-22,33.25018252873501,79.51493463195975,1
2017-08-23,66.7914920853813,24.015983722807512,1
2017-08-24,44.540416841585156,16.102508711198595,2
2017-08-25,66.05929187458771,55.97010599758011,0
2017-08-26,41.92174666447883,44.18113455881238,4
2017-08-27,56.87170352828988,82.92757040290653,1
2017-08-28,63.87807028409344,35.233886152489326,1
2017-08-29,71.75769869181292,25.653812119738504,1
2017-08-30,79.00539973810548,98.61402066934129,0
2017-08-31,42.9594180675583,18.16821537124693,1
2017-09-01,53.16256594136824,36.39724320746062,2
2017-09-02,60.76443268447747,90.3581060602702,0
2017-09-03,22.135091941981173,63.596020558400824,1
2017-09-04,65.64303343360731,65.72266680645623,0
2017-09-05,74.33905579857412,52.125529823662475,1
2017-09-06,38.84323211122155,23.60377161396342,1
2017-09-07,67.20292085964543,66.05598294961356,1
2017-09-08,56.97052408531852,40.26725164704257,1
2017-09-09,41.16502506810195,34.906581642828975,1
2017-09-10,43.43667595077062,70.67772275823518,2
2017-09-11,19.872090078112514,99.13114467806936,1
2017-09-12,46.85739515718294,14.89621347948587,0
2017-09-13,64.89757434928647,60.42439408723388,1
2017-09-14,81.8240232125064,97.18208381826048,3
2017-09-15,70.12303940886247,62.939735590750026,3
2017-09-16,-1.6375514693482671,21.638280186174434,1
2017-09-17,45.23249054470136,22.70251500394459,0
2017-09-18,21.43861479007962,62.18840831013479,2
2017-09-19,33.57778647372889,10.51858641765727,0
2017-09-20,11.567105795344517,68.48132842572298,0
2017-09-21,64.68960719250016,70.12249848406272,0
2017-09-22,36.518576590211794,81.02952167930574,1
2017-09-23,51.16089984298718,35.9173404275172,0
2017-09-24,45.581278374285645,82.7195989223448,3
2017-09-25,65.27284017097313,11.197668957706806,1
2017-09-26,93.1905830821313,18.83261982947583,0
2017-09-27,55.49800599806129,60.4152243469344,2
2017-09-28,31.36602730150363,27.386958316285515,1
2017-09-29,29.679591548140372,24.550546749218526,1
2017-09-30,15.283568458469787,19.81705882848464,0
2017-10-01,78.29420392130598,11.838074529091969,2
2017-10-02,11.347669874189343,29.72181828908615,0
2017-10-03,77.6255150038091,68.48237725260748,2
2017-10-04,44.06541507960974,74.6484087990692,2
2017-10-05,7.877632692625937,84.32012282145516,2
2017-10-06,33.20157893810435,65.41856000420789,1
2017-10-07,43.24576701200801,87.42666288738434,1
2017-10-08,108.02155048189218,54.183464021239274,3
2017-10-09,102.40553330261056,75.12421427423178,1
2017-10-10,49.4672981827818,51.98620189677611,0
2017-10-11,65.46973560264894,35.969678953960056,0
2017-10-12,60.562163051823745,96.01861273081474,2
2017-10-13,56.964377260244646,95.59013515545168,0
2017-10-14,61.14785356428273,19.24299034054159,3
2017-10-15,78.20580847448161,86.9370657982876,1
2017-10-16,3.698589146953111,54.830235284353336,0
2017-10-17,74.04812521008373,64.83437290421594,3
2017-10-18,44.76960955871885,12.384817227983866,1
2017-10-19,41.685027429486865,36.36247272956098,1
2017-10-20,42.37331318393644,97.85546625515839,1
2017-10-21,64.75852672962182,74.31342275803459,1
2017-10-22,52.31045429356205,37.257610165224015,2
2017-10-23,11.86993691833807,71.999515368818,4
2017-10-24,43.64885544407698,61.7003601946456,1
2017-10-25,55.90256997942174,18.44760520739461,1
2017-10-26,61.01982551608819,64.08318309086896,3
2017-10-27,45.048010134757995,37.09133549281378,0
2017-10-28,87.70719104008522,97.3697712123721,1
2017-10-29,40.96478837533572,64.9997975634612,0
2017-10-30,13.727972039816876,21.28094385480299,2
2017-10-31,41.45123288180866,85.84839385128242,0
2017-11-01,36.03373636165666,91.0436179692206,3
2017-11-02,47.05507696189044,62.81846385779224,1
2017-11-03,45.691585671305916,75.50993744527894,1
2017-11-04,29.613523822177857,84.22793561512131,3
2017-11-05,81.13929548143017,57.602678497321705,1
2017-11-06,53.38110325762049,16.565026957099548,3
2017-11-07,60.369464416453646,98.78448972441818,1
2017-11-08,56.18015802361417,13.184258949771532,0
2017-11-09,60.73821988740683,96.27580761399291,0
2017-11-10,34.93143005723384,35.17232661013029,0
2017-11-11,87.48555244972447,82.37009663150997,0
2017-11-12,30.436570158205228,92.17808692204042,0
2017-11-13,52.60001224198879,12.680629660210094,0
2017-11-14,45.14179230084156,90.69264500854071,5
2017-11-15,39.2711522701202,23.893561957216917,0
2017-11-16,-4.307690467776986,69.36930071915762,3
2017-11-17,50.6269257499469,63.18084745583221,2
2017-11-18,87.78313452713037,30.70707845394758,0
2017-11-19,60.50430878761229,51.09193508409015,0
2017-11-20,46.68270722063707,66.16139055165203,1
2017-11-21,57.30374799488297,63.37976919063679,0
2017-11-22,22.159892147055217,26.242265862915083,0
2017-11-23,55.24881662028733,58.93657698817942,1
2017-11-24,40.356490429363426,13.319988136548815,2
2017-11-25,40.616556848583684,77.32817703714933,3
2017-11-26,73.75426761295222,36.25904868038519,0
2017-11-27,38.331447133739026,92.8658717099042,2
2017-11-28,63.67384436640815,59.057439772691374,1
2017-11-29,28.430652265665643,81.00859247092382,1
2017-11-30,44.675235034407166,20.419645667728304,0
2017-12-01,21.094682472917263,55.081614377778315,0
2017-12-02,80.06348943166867,83.23171917311048,1
2017-12-03,20.245660178367242,87.87631935043969,0
2017-12-04,42.50317331469533,88.73036107266631,1
2017-12-05,48.572179546414205,51.22324669635308,1
2017-12-06,60.807739844504844,88.72548399124155,1
2017-12-07,51.40044971348652,91.772631148156,0
2017-12-08,54.2278068798028,77.82845775066507,2
2017-12-09,41.12425335754546,32.28895198436271,1
2017-12-10,69.72230288447997,56.016130318251,1
2017-12-11,58.02211964803898,24.411098601906673,1
2017-12-12,58.54878790022427,20.146990022273883,0
2017-12-13,84.13451467851363,35.44693368597156,1
2017-12-14,48.90336267762553,67.91153516914287,1
2017-12-15,73.50097100789365,33.08909889144374,0
2017-12-16,54.5065657213146,43.948160998929495,0
2017-12-17,32.73123070309425,14.896791762183817,1
2017-12-18,46.71314092095889,33.2162704635522,2
2017-12-19,49.67813124394749,60.67023244621317,0
2017-12-20,26.59681392190698,61.267076657994004,2
2017-12-21,16.626155156290892,15.410692821927139,2
2017-12-22,49.96020731353184,16.28125752617928,2
2017-12-23,38.33657647553161,53.648392349815225,0
2017-12-24,53.23079500070474,80.20100509621338,1
2017-12-25,66.34514377610839,51.20940858290813,0
2017-12-26,69.07309474229223,97.0569081804783,0
2017-12-27,75.13283300339496,50.08844188138065,0
2017-12-28,69.14127550943716,83.92252857937814,0
2017-12-29,85.94437822497127,22.35506877665531,0
2017-12-30,21.88156740388226,60.14718716552881,1
2017-12-31,57.465854281612245,18.462704085134916,2
2018-01-01,19.378554692618476,28.201577518662887,2
2018-01-02,15.925761944803035,89.9241272966753,2
2018-01-03,40.17036406374275,69.60603584238592,1
2018-01-04,38.66986021880942,83.00307789993803,1
2018-01-05,43.91010468840511,25.117653577476432,0
2018-01-06,59.5147598527773,90.89946363417452,1
2018-01-07,70.09098148599205,75.31439920635611,1
2018-01-08,81.67295601532454,52.054702312936655,1
2018-01-09,41.87801196060424,46.11189471243098,1
2018-01-10,92.61366564157717,48.8550301610488,0
2018-01-11,59.160078587080484,34.8059864127049,0
2018-01-12,70.61294401804787,68.87633190997866,1
2018-01-13,26.68522758726688,73.7515631895742,0
2018-01-14,47.7955386626606,99.88863917464445,1
2018-01-15,72.36050756264456,43.164120730458336,0
2018-01-16,57.5724565448902,96.46938763134877,0
2018-01-17,57.607604998204394,64.3050491767546,0
2018-01-18,40.04195265590674,75.14550953321127,0
2018-01-19,84.11305939734874,85.06999937761148,2
2018-01-20,56.8263014378421,42.40239345448983,1
2018-01-21,76.51961276745988,15.60050944319009,2
2018-01-22,59.68838384450841,84.0220893023829,1
2018-01-23,38.38807885810738,37.63035232861312,3
2018-01-24,30.087837714007033,73.71180742519088,1
2018-01-25,44.807088835478176,83.41291432091415,2
2018-01-26,47.75435277706749,59.35056368980285,1
2018-01-27,33.0515102587224,43.618458265778216,1
2018-01-28,67.3003604922786,82.28577614036288,0
2018-01-29,42.087556301407716,42.03240356334083,0
2018-01-30,54.83506241624838,51.06965391492996,0
2018-01-31,40.19943409161103,23.37762292637519,1
2018-02-01,40.26352572405197,52.561189092855024,0
2018-02-02,10.226918853454741,42.90750598231139,2
2018-02-03,-7.333273018375472,32.622805726125094,1
2018-02-04,41.56753552711601,27.78066174905466,2
2018-02-05,44.02518456524547,22.018388012997907,1
2018-02-06,85.61476399264069,86.84583731017979,3
2018-02-07,37.41758053799345,38.50013597316813,0
2018-02-08,50.6554411070243,93.5597041759021,1
2018-02-09,54.68366410077808,79.62243198273842,3
2018-02-10,44.29148139934859,69.15379380526169,0
2018-02-11,43.75753845154381,72.84776090879075,1
2018-02-12,13.697364107425258,25.431417383498147,1
2018-02-13,31.315930837150376,92.48181782045309,1
2018-02-14,78.73219208670439,61.41029788609909,1
2018-02-15,19.166802031097355,30.279889492389064,1
2018-02-16,38.15618412823839,27.29462104571886,1
2018-02-17,41.60224168962387,61.79710456457726,3
2018-02-18,48.197722450751215,18.23548645278254,1
2018-02-19,91.86857935791855,88.29469246866933,0
2018-02-20,65.74113535276541,99.94016496590723,2
2018-02-21,44.973923168635544,61.876782035069944,1
2018-02-22,58.528900862190056,81.2522989964053,2
2018-02-23,28.702084570423857,48.097196296152475,0
2018-02-24,42.49254754405481,97.34440344186758,2
2018-02-25,50.10470383183304,46.757587355558606,2
2018-02-26,36.599576354320895,28.520500495146084,2
2018-02-27,16.70582162057643,20.284595638355174,0
2018-02-28,29.161813048345962,95.12414344918471,0
2018-03-01,81.86603203219221,17.55099857716081,0
2018-03-02,29.143285008356234,89.05866116737221,1
2018-03-03,54.19548827957273,44.28869870717305,0
2018-03-04,70.31320582855324,18.822893839551735,1
2018-03-05,11.186265421935836,50.59320033566769,0
2018-03-06,60.60305172867404,77.08164188558328,0
2018-03-07,43.025597193160394,93.88723294028397,1
2018-03-08,38.14092152200031,69.73452282814638,0
2018-03-09,74.52205319405391,33.746877014551245,1
2018-03-10,41.433222658485086,81.48623413820265,2
2018-03-11,56.519863623320916,41.45739958754474,2
2018-03-12,37.91329948339266,51.05846605887016,4
2018-03-13,38.80803229795849,37.766829034336915,0
2018-03-14,24.808805627945766,28.080137754767634,0
2018-03-15,67.43066724300151,91.39944112974656,2
2018-03-16,43.38661438688933,39.77914269240884,1
2018-03-17,65.5820076840643,41.82340414500693,1
2018-03-18,62.032419624114475,46.24505995185431,0
2018-03-19,26.214653166065087,75.9326970757513,1
2018-03-20,21.80554733816502,37.73800520979924,0
2018-03-21,39.26820681193043,59.03893920628414,1
2018-03-22,63.826457761350476,20.697734292428095,1
2018-03-23,90.1345812694282,39.93396886056872,1
2018-03-24,4.703810704169115,75.54638374739459,0
2018-03-25,67.12279722692222,59.396384446525445,2
2018-03-26,26.742348288070023,41.067963179074866,2
2018-03-27,44.35757126891038,78.49094181587456,1
2018-03-28,64.30149942035573,81.62466215590764,2
2018-03-29,58.89231612603054,25.066600521755085,2
2018-03-30,19.189537420323767,46.69369065389909,0
2018-03-31,32.89078315100736,76.39625346459165,2
2018-04-01,27.662855074782566,92.54076560585158,0
2018-04-02,47.66194494407924,89.00576989840606,1
2018-04-03,61.514991887762775,59.09439781628657,2
2018-04-04,55.89025863407663,50.22760028859749,0
2018-04-05,42.40570250960956,28.53365915055596,1
2018-04-06,79.11174184213522,30.627486637277816,0
2018-04-07,57.814634012698356,38.588751560493506,1
2018-04-08,37.197381281118524,36.60345997729153,2
2018-04-09,63.91020023209675,21.65221324910624,1
2018-04-10,70.67283286283185,59.76270399809674,0
2018-04-11,59.356530150837564,27.849521100703782,1
2018-04-12,22.876515565830214,71.87821549881906,2
2018-04-13,75.01593875817107,40.082215916945714,3
2018-04-14,44.98418608003528,63.486501369041605,0
2018-04-15,42.60761861506882,41.184369766553914,0
2018-04-16,57.91845956341635,98.77673036539461,0
2018-04-17,63.66872109467809,86.49160377259747,1
2018-04-18,36.525661622249785,42.799312209382684,1
2018-04-19,58.0270257515929,96.70077007669444,1
2018-04-20,25.658651665103402,43.9724804498447,1
2018-04-21,72.66820696182299,93.53415405450684,1
2018-04-22,72.76816805382532,44.387332503930246,2
2018-04-23,20.268038509569436,87.78569849768105,0
2018-04-24,51.46344602568374,20.737519408205394,0
2018-04-25,33.8366314450804,81.17202976822331,1
2018-04-26,63.913133452907786,52.04833590990034,3
2018-04-27,66.86269942394499,53.49583418181414,0
2018-04-28,0.9876467700597473,17.502601982872218,1
2018-04-29,48.729185896971,10.331669466817612,1
2018-04-30,65.4080574751746,37.07174519906331,1
2018-05-01,39.331397631808585,65.06272377049797,1
2018-05-02,23.712584691442082,53.328374169696296,0
2018-05-03,31.229005710377326,68.44433962425765,0
2018-05-04,32.69806896185229,11.592309732879503,1
2018-05-05,47.97964036224509,65.2923701184907,1
2018-05-06,62.83755206353445,56.85095690957814,0
2018-05-07,-13.155928357807383,54.49074287141966,0
2018-05-08,63.19425685361794,99.35113498168872,1
2018-05-09,44.53260378050403,77.89146625919588,1
2018-05-10,75.80778234611935,19.86168073883732,1
2018-05-11,91.06614018835009,78.48383492795581,0
2018-05-12,46.955054656802474,54.62831151136208,1
2018-05-13,45.75842102736331,31.323985893519446,1
2018-05-14,42.06533441395373,82.32791560428049,2
2018-05-15,57.6446558626119,32.346269031777844,3
2018-05-16,50.514953846301964,53.05660797913636,2
2018-05-17,36.22573960774648,89.71127517883924,1
2018-05-18,63.148809938855024,91.85013880032267,1
2018-05-19,42.957599087316545,18.038994274897984,2
2018-05-20,33.88370247610794,82.32507716746716,0
2018-05-21,44.8776061265393,49.88496044924903,3
2018-05-22,3.690247470450423,22.73646476221003,1
2018-05-23,43.9231862732102,98.65692145427381,2
2018-05-24,26.626539686122783,37.32309299578564,3
2018-05-25,3.2481491375488574,34.58513544612262,0
2018-05-26,1.0458246191997205,46.44675817332216,0
2018-05-27,36.811799509785565,17.63932485321929,2
2018-05-28,50.15022732304672,93.74401661999327,1
2018-05-29,76.21466349857018,84.01987042667152,0
2018-05-30,27.56174713324571,58.65851763218651,1
2018-05-31,25.606716168879014,95.7223210901386,1
2018-06-01,75.8354031523852,22.91116245670827,0
2018-06-02,75.39908763287553,51.85855900348843,0
2018-06-03,78.49684562450001,86.56223281640213,1
2018-06-04,75.96156360587966,22.368392103767174,1
2018-06-05,61.794963970717404,71.10519951386871,0
2018-06-06,13.398640214542617,62.06161020916161,1
2018-06-07,28.837600922490857,93.85923417333491,1
2018-06-08,34.56781710008286,90.15237884648822,4
2018-06-09,50.64332473508308,10.038867487377662,3
2018-06-10,58.40734597578563,35.97570775694056,1
2018-06-11,111.1733804731478,41.33618685282721,2
2018-06-12,37.99240729396918,26.1766363249487,0
2018-06-13,57.51034784642789,65.45926453169791,2
2018-06-14,64.92294317374572,26.73807003105179,2
2018-06-15,46.747491521507364,67.0498569829555,0
2018-06-16,47.87141921633413,73.0909400190814,0
2018-06-17,50.44165593287593,79.09532414628873,1
2018-06-18,35.78033168282086,51.9745525738826,3
2018-06-19,65.67631738677026,64.81239039538075,0
2018-06-20,31.25652827998212,18.827896223826997,1
2018-06-21,27.89134136475029,21.578158747579522,2
2018-06-22,77.76262225549225,49.91126038340316,2
2018-06-23,63.14210289397671,69.29514116892467,1
2018-06-24,64.11209204423757,96.4871091656212,0
2018-06-25,25.959960850180185,63.37492567104748,0
2018-06-26,39.36292590072571,93.41591159379449,4
2018-06-27,63.628406766843106,16.895979210920775,0
2018-06-28,92.31272534543744,94.49716691082773,1
2018-06-29,62.96670462837099,30.935369406563307,1
2018-06-30,60.295830540644204,78.03338820463073,2
2018-07-01,62.458004703422546,95.99302895397861,0
2018-07-02,-38.653142602043005,65.03159772190531,1
2018-07-03,48.71553984586373,20.30825980883301,1
2018-07-04,77.68224688979345,16.43875552112627,0
2018-07-05,19.06404028576187,47.36140701269235,0
2018-07-06,76.30839034547898,47.30521691414319,0
2018-07-07,49.02467338404245,22.85265494171906,1
2018-07-08,78.95863781831231,47.968803813740074,0
2018-07-09,25.29123203625187,34.85450969019964,0
2018-07-10,26.490056756133203,89.21796590678127,1
2018-07-11,51.262594848735546,35.96833109044136,0
2018-07-12,42.961562328406856,57.89110432614186,0
2018-07-13,74.20557155712297,51.28761592779232,0
2018-07-14,71.57468268727007,25.723540044630404,0
2018-07-15,49.89065724650351,82.37327139875234,1
2018-07-16,35.68392906595197,88.59979890138389,0
2018-07-17,75.75946626020065,21.394557089736267,2
2018-07-18,30.677004458182427,50.28698517308145,0
2018-07-19,66.91884632725225,94.03527388897365,1
2018-07-20,32.81920937327635,75.42325963977603,0
2018-07-21,41.09662976123883,46.36752526818656,0
2018-07-22,50.56454514762012,48.77754878947904,1
2018-07-23,38.76483571492086,79.48889677558826,0
2018-07-24,45.62426343422888,17.302473735963623,3
2018-07-25,47.90345790106536,26.382917740023466,2
2018-07-26,27.295831228721298,96.205910466113,2
2018-07-27,37.45380876197201,29.382262345890698,0
2018-07-28,16.876960423480185,54.07304521141164,0
2018-07-29,48.28035890150457,14.062079480784936,0
2018-07-30,55.124670292655495,43.090103565368416,1
2018-07-31,39.110329841784406,37.91427584248483,1
2018-08-01,82.20838499846623,75.67765902968956,0
2018-08-02,38.81972359190773,49.71765139029973,1
2018-08-03,76.1830801490973,75.5284250310357,2
2018-08-04,39.61603153102379,53.54380149942459,1
2018-08-05,39.47114706049117,11.95391900045464,1
2018-08-06,37.46543523611515,12.832093972879276,0
2018-08-07,50.11996994624556,74.53471632030646,0
2018-08-08,32.04341802695794,36.89064193097427,0
2018-08-09,48.61945167925336,82.8197429506779,1
2018-08-10,44.05227145619094,76.96711305571112,1
2018-08-11,52.434650472751265,67.57779001704043,2
2018-08-12,41.38407327971928,70.0957165446599,3
2018-08-13,67.80393314768133,22.805530374364512,4
2018-08-14,35.51807745857954,95.83902847888118,2
2018-08-15,24.273617388552697,85.87506002699274,1
2018-08-16,40.1293218016231,62.600814230500575,1
2018-08-17,31.251987128732374,66.63409221119089,1
2018-08-18,63.17069613410355,18.76782033967364,1
2018-08-19,53.919916287699344,35.10941914226096,1
2018-08-20,47.51974594460146,92.8490882109789,0
2018-08-21,60.015587933977926,96.77545606416267,0
2018-08-22,16.84809861249267,93.07258469893921,0
2018-08-23,44.65102425165079,56.21948320043562,1
2018-08-24,34.8525220609531,12.862515900083007,1
2018-08-25,68.80534809653722,44.24932297364276,0
2018-08-26,42.503980305240745,45.7661416731216,0
2018-08-27,60.73657850616526,51.55096835570429,0
2018-08-28,46.84095016442741,19.580478718431877,4
2018-08-29,56.18961982562324,28.454824326542347,1
2018-08-30,36.46194426747513,84.45987249901144,1
2018-08-31,69.7895684838518,56.27125913995181,2
2018-09-01,36.402598217710334,31.533013756681672,2
2018-09-02,49.42172169693197,16.815694552350855,1
2018-09-03,71.5718491159182,72.73183336466393,1
2018-09-04,32.56491171460367,23.032854065660967,0
2018-09-05,12.93874866185358,77.94660451981512,1
2018-09-06,52.374372325029086,17.782085394971016,1
2018-09-07,78.65550197938711,49.907653633524625,1
2018-09-08,22.966718787240957,38.322166501704274,2
2018-09-09,59.838509843439525,37.88233570447484,2
2018-09-10,59.43965361714039,86.83153244601469,0
2018-09-11,27.52277754913922,60.591297056346875,0
2018-09-12,70.32851516525123,80.1726127257843,2
2018-09-13,77.95145943298988,63.098706448275365,1
2018-09-14,29.74071160754861,25.6393443949269,0
2018-09-15,56.847730979384565,99.52587637647653,0
2018-09-16,47.62254104268812,16.79384843084115,1
2018-09-17,49.292072922146495,33.35293469608132,0
2018-09-18,69.37173049925954,44.27936418000597,0
2018-09-19,55.02054882763248,88.43376683906567,0
2018-09-20,33.53679792408546,79.6091781013283,0
2018-09-21,61.024481109095376,16.80444606594581,1
2018-09-22,35.3626481213286,20.958167690560373,0
2018-09-23,68.59734163481073,26.824974367329947,0
2018-09-24,32.00073542519157,99.24789417025615,0
2018-09-25,50.434380509985324,61.88838380133178,1
2018-09-26,67.09359672818226,91.63147674788571,0
2018-09-27,35.58401549253364,91.84605595920117,2
2018-09-28,64.73183773566055,69.42481637747485,1
2018-09-29,69.18373476619595,44.71162049035285,1
2018-09-30,67.7471855426953,23.816112405705518,0
2018-10-01,44.80292912836749,93.45366689213876,0
2018-10-02,44.785880672622284,30.80567594273667,2
2018-10-03,34.09469076641845,66.64554378170698,4
2018-10-04,30.364239715757456,27.870469514247453,3
2018-10-05,63.88303457168313,98.6434120806252,2
2018-10-06,89.27311912008021,50.438262417083955,2
2018-10-07,35.65975498165571,77.71224162970896,0
2018-10-08,20.151396593737367,30.521850287236035,1
2018-10-09,36.17984620665521,18.065478754609167,1
2018-10-10,47.127919785996,21.374817417104367,0
2018-10-11,9.666418177983338,59.484124743752005,0
2018-10-12,23.55106332062402,53.89200037247381,0
2018-10-13,39.991682006431525,66.62953303700664,0
2018-10-14,61.882265874246,80.76370690395996,3
2018-10-15,33.41330883615329,62.64790168703569,0
2018-10-16,32.51012000910999,34.00414328897847,1
2018-10-17,55.57591400445431,53.79590688247992,1
2018-10-18,71.00551816212007,97.4629975245277,1
2018-10-19,53.39278665937354,14.372044211628562,0
2018-10-20,63.452796764447854,97.83555616623698,1
2018-10-21,49.76670663561496,87.25281710066797,1
2018-10-22,53.81804028196156,47.79926873535461,0
2018-10-23,56.09424346868094,76.1385061856046,1
2018-10-24,32.416294999960286,45.04905981915397,1
2018-10-25,21.552659755635336,38.778469886114934,0
2018-10-26,29.63695662838253,85.67116422540626,0
2018-10-27,58.43495810926285,21.416013012769838,1
2018-10-28,40.637572015109,53.25925177586532,4
2018-10-29,45.934729469565994,86.74290667792002,0
2018-10-30,7.92879026685889,21.590830840450856,3
2018-10-31,22.96079953451973,89.27946611371111,0
2018-11-01,41.911709957292615,88.43203678592678,1
2018-11-02,23.84062865947865,68.96578599449704,1
2018-11-03,30.319550471873228,37.53946672249302,1
2018-11-04,63.0283368970161,24.5172517703207,1
2018-11-05,24.042295853873213,99.98937346417256,1
2018-11-06,32.7021798256992,40.60035521603075,0
2018-11-07,43.08046071694491,85.90916828950746,0
2018-11-08,68.61803624382094,33.1563895028061,0
2018-11-09,40.76895709938183,66.85653255144132,0
2018-11-10,33.12847241698806,56.45709458570781,1
2018-11-11,30.531471059996782,75.39600300605468,0
2018-11-12,82.63342052412858,47.52338908376464,0
2018-11-13,51.3059709540862,70.51410222956706,0
2018-11-14,36.13165060168778,92.00493370789962,1
2018-11-15,39.65807687367837,54.97508250622414,0
2018-11-16,19.87104231452472,23.98966179751374,1
2018-11-17,48.190883661454,75.73617110408803,0
2018-11-18,34.6466446948302,37.43774632205038,1
2018-11-19,78.0995323743308,63.94381262570866,0
2018-11-20,39.690162497001154,10.889610605910642,1
2018-11-21,54.6158550860764,56.106974996639465,1
2018-11-22,45.307489324734384,52.13244956248587,1
2018-11-23,70.90222835420676,64.44411527104808,0
2018-11-24,19.86800968557948,68.89914496650567,1
2018-11-25,16.906333858899515,15.122897891237404,0
2018-11-26,106.29063072016967,91.77944955554528,0
2018-11-27,66.27957003450825,96.55245334692071,2
2018-11-28,66.79774644309333,47.28207615725221,2
2018-11-29,60.79815305469475,54.65194263025255,1
2018-11-30,60.754237358727764,94.41484409910419,4
2018-12-01,17.790339022772557,27.265220715509507,2
2018-12-02,29.978183565115167,89.83482380084827,3
2018-12-03,35.20888065764083,81.37301748694745,0
2018-12-04,52.250650501365975,20.74995168440165,0
2018-12-05,63.335154775938946,72.92406576176205,0
2018-12-06,81.80124604847859,93.27861762075824,1
2018-12-07,62.85733030129123,22.496028122674787,1
2018-12-08,6.092081771723706,71.24974062009198,0
2018-12-09,37.73963635885857,30.052541288147935,0
2018-12-10,60.797358048969215,12.205008120308463,0
2018-12-11,33.62346970268993,67.95348346445056,1
2018-12-12,94.08635229652053,23.20469699269701,3
2018-12-13,91.25867764256243,97.21345277844765,3
2018-12-14,50.00065271574338,12.707548759800678,2
2018-12-15,83.98939088340012,77.53864237494153,0
2018-12-16,34.14576163249628,58.70352641867496,1
2018-12-17,50.85941233129672,45.62125083800756,0
2018-12-18,77.77726296850511,33.75119087625387,3
2018-12-19,113.67713035874783,74.62088725450754,0
2018-12-20,82.26772785090967,92.90085618873876,0
2018-12-21,41.27140793672736,63.31437540847496,1
2018-12-22,33.458693794912136,57.910572620003165,0
2018-12-23,50.07641070589269,13.475860697974186,1
2018-12-24,52.405513885192235,99.99444992045571,0
2018-12-25,73.64978859894205,89.89737460183487,2
2018-12-26,48.54660379783117,87.86502351225991,1
2018-12-27,60.44576335426626,85.68883566595709,2
2018-12-28,56.65146383524961,54.21378380501115,2
2018-12-29,70.23188051370735,36.14706275795969,1
2018-12-30,49.50845300855099,44.55976887907128,0
2018-12-31,68.33003655019145,88.41940218349355,2
2019-01-01,87.57443331598934,16.523206227077544,1
2019-01-02,33.75196901414346,74.1284754155705,2
2019-01-03,67.74739114625557,24.193641413527068,1
2019-01-04,57.69041149552851,23.799819146450663,1
2019-01-05,22.17094766474854,47.4660477125978,1
2019-01-06,27.94940565613915,65.64311412107314,1
2019-01-07,50.652501173623236,86.03845719468295,0
2019-01-08,33.893251637979816,73.24806673498651,4
2019-01-09,23.073713216868306,91.95317716858146,1
2019-01-10,36.45582755776826,59.22563977851598,1
2019-01-11,74.73050640389907,39.59372625113475,1
2019-01-12,63.136470204193145,94.47342333169121,0
2019-01-13,37.32016262644988,92.95933296743341,1
2019-01-14,52.76930437284004,40.80993473692979,1
2019-01-15,24.234318726421698,78.3568669316999,1
2019-01-16,57.30691666159878,84.61325406184064,1
2019-01-17,23.476716988466123,27.233637053151806,1
2019-01-18,80.64274970067089,82.68862194659468,0
2019-01-19,31.510815929191963,21.63358085946237,1
2019-01-20,45.82225180214414,36.018487081314696,1
2019-01-21,57.399494724627374,42.91865904891271,0
2019-01-22,19.294932395106905,68.1492755626789,1
2019-01-23,51.93888468341577,89.98781531678942,2
2019-01-24,38.00088523575432,40.74903135596057,4
2019-01-25,39.1426224611066,57.43546799414328,0
2019-01-26,41.49639524089364,13.005581932420395,1
2019-01-27,48.22748013107918,90.32580352057808,3
2019-01-28,22.104336673380615,30.27447819115331,1
2019-01-29,16.002489929306122,43.24266350884137,2
2019-01-30,72.2682619287984,47.819524794546005,2
2019-01-31,62.623371468388314,80.24327862605274,0
2019-02-01,117.75556564979314,21.533152594908117,3
2019-02-02,64.32110987109925,45.62790659224558,0
2019-02-03,39.60762409600224,45.6725847859317,0
2019-02-04,58.79146322219974,63.363903775468266,0
2019-02-05,94.35268652099157,57.99745856058828,1
2019-02-06,65.29733701446456,98.27409058564434,0
2019-02-07,59.07875882060542,33.89000146760218,2
2019-02-08,36.20268327253191,97.41530449048443,2
2019-02-09,52.7409151817106,94.00390257120941,0
2019-02-10,57.53937748550398,58.68568117171803,0
2019-02-11,34.674528826116976,21.030015083926955,0
2019-02-12,26.95467111202083,83.75690306373866,0
2019-02-13,93.13054279861119,57.50329440009722,3
2019-02-14,57.40868898564694,10.776197497120286,2
2019-02-15,10.023320765720044,39.07640216166711,3
2019-02-16,38.4667843150797,65.80062366855782,0
2019-02-17,49.00784222841133,91.66113685929373,1
2019-02-18,23.456790731387628,78.59529691468653,0
2019-02-19,93.53035477970785,12.75778459949545,1
2019-02-20,70.56890777871337,69.6801891639335,0
2019-02-21,47.25503832360532,58.1940948473418,1
2019-02-22,58.30900301264253,91.95360506429785,0
2019-02-23,40.6841362282066,56.41009718900462,0
2019-02-24,32.082651322168275,99.84437985146518,2
2019-02-25,89.18973213618818,12.27211900249974,1
2019-02-26,54.16342646541242,37.10470360034772,3
2019-02-27,38.403169035576596,68.55626411036042,2
2019-02-28,25.98543652500478,80.35296112730063,1
2019-03-01,24.35625112391182,71.43789430405845,1
2019-03-02,74.6244227379809,52.798243966551055,0
2019-03-03,62.68736454322196,21.890313493049668,0
2019-03-04,65.38452095217892,78.53647314514106,2
2019-03-05,37.01732551874515,29.70532485528304,0
2019-03-06,38.805525442400736,96.57951844532133,2
2019-03-07,14.252471045069953,37.706401215430205,1
2019-03-08,38.155474729067215,76.24516183919867,0
2019-03-09,71.80459482243157,43.6552108162372,1
2019-03-10,22.66390310352906,89.55934622282106,1
2019-03-11,20.539964242775582,60.06971386427049,0
2019-03-12,58.79879173434509,46.967151837213045,1
2019-03-13,99.72499682643752,72.30891165044744,0
2019-03-14,74.34884111317314,85.53251774823458,0
2019-03-15,31.846566454939094,43.62921805941528,0
2019-03-16,69.97930715579213,12.054927725765946,1
2019-03-17,71.62701304874673,20.166946713986437,2
2019-03-18,44.32150193832111,81.81756090905442,0
2019-03-19,26.25956270615025,28.28265873872824,2
2019-03-20,16.807183144998675,25.905280762299547,2
2019-03-21,23.457679293246663,29.0055049215581,1
2019-03-22,78.39262116946382,25.23098872291992,0
2019-03-23,47.400334263357614,82.88721711329697,0
2019-03-24,65.21909899586839,62.95735402958158,1
2019-03-25,17.242664609895257,93.89353370195235,0
2019-03-26,25.594269047928982,29.97511439018678,1
2019-03-27,71.0842938659778,25.721097866345602,0
2019-03-28,46.267414370101115,10.25388379945236,0
2019-03-29,66.77013872441978,45.44699650320971,1
2019-03-30,49.062838036112154,78.56818725119729,1
2019-03-31,41.4303378265041,61.93556331711651,0
2019-04-01,46.69596445790751,65.59034764689144,2
2019-04-02,71.7392540324695,45.63575773711568,0
2019-04-03,27.982453433066702,31.213960759428925,0
2019-04-04,80.70986218204418,37.30537448604481,0
2019-04-05,20.464575728134808,97.6849498380936,1
2019-04-06,57.137923456051396,73.98893151693316,0
2019-04-07,74.56869090422586,16.073404585578466,0
2019-04-08,33.112490168080235,94.50052478414912,1
2019-04-09,62.80210918323398,29.09428612697974,1
2019-04-10,58.37081968140252,19.321889656209095,2
2019-04-11,82.01391200584239,14.298616997757415,1
2019-04-12,78.94773973154486,19.356415626586262,0
2019-04-13,23.222942721647122,60.60250532765489,0
2019-04-14,19.054299410879896,74.72823314187836,0
2019-04-15,47.24072007992875,23.730577805709636,2
2019-04-16,51.67353681944,94.19469018573679,1
2019-04-17,44.99608160150008,89.33401302829058,0
2019-04-18,23.15679441821178,12.50220896733487,3
2019-04-19,81.9383074666339,64.87343058632973,1
2019-04-20,58.561400303502765,35.83717599516626,1
2019-04-21,46.609757884699846,50.25354950222409,1
2019-04-22,70.78211389924363,93.94472445946312,1
2019-04-23,40.59969788043258,34.93800819473624,0
2019-04-24,61.59329515473149,63.31665999071863,3
2019-04-25,66.33194041589141,22.850499391211475,1
2019-04-26,59.97265244910285,52.28145398119424,0
2019-04-27,56.43303404498356,74.67605461951437,1
2019-04-28,70.85821455840183,14.498806542548518,2
2019-04-29,28.33346527349782,42.99944586108358,0
2019-04-30,32.864379995149335,34.62342889794469,2
2019-05-01,11.639558035644043,94.66626785479971,0
2019-05-02,86.29658742160842,83.04824570525558,1
2019-05-03,44.803303647073065,70.34447056029006,2
2019-05-04,41.23488297256472,17.603521546427523,0
2019-05-05,61.464636578802384,17.655104163658358,2
2019-05-06,20.78924632556212,79.99326509874287,1
2019-05-07,48.64437979950148,86.39389661668453,2
2019-05-08,35.07862274589107,80.77274269984026,1
2019-05-09,23.212885091982077,56.23115385228471,1
2019-05-10,47.50028750724208,85.12915222783487,1
2019-05-11,71.36664628927085,85.92967187717727,0
2019-05-12,50.64800275257427,62.75862923028877,1
2019-05-13,56.010793004609425,19.864462378843704,1
2019-05-14,81.59928265558585,52.227438742017284,1
2019-05-15,50.927929085308875,58.926004119709496,0
2019-05-16,64.47709698126488,66.29380669317058,1
2019-05-17,43.22793303459388,21.814883283767045,0
2019-05-18,55.473735014473014,67.51229903000416,1
2019-05-19,20.301957858694326,33.155583897267235,1
2019-05-20,76.12908682671467,36.64260646223576,1
2019-05-21,79.29926990456447,90.79406121417824,1
2019-05-22,34.882031671934215,75.64424832710503,0
2019-05-23,37.479960864765594,16.998825415960763,1
2019-05-24,34.466152313498796,11.693939397143483,1
2019-05-25,45.02457592278679,35.21553745312468,0
2019-05-26,33.236020399905726,83.62510881733013,0
2019-05-27,42.260813776787195,77.62676253670033,1
2019-05-28,12.674844065041896,85.2268247906898,2
2019-05-29,21.2152234881712,40.17196360820667,0
2019-05-30,25.53314728983842,38.16432064017186,1
2019-05-31,15.031607979976215,54.29361552580023,0
2019-06-01,8.747359730951906,71.45398591244248,0
2019-06-02,59.23053948396706,27.154819405657836,1
2019-06-03,69.92742024976258,61.445975445916964,1
2019-06-04,58.25235316881369,20.571568926168805,2
2019-06-05,59.7643441513347,14.496652408973633,0
2019-06-06,42.767521639769804,31.298566020343973,0
2019-06-07,66.15373340164962,70.12338353264434,1
2019-06-08,48.55346561264134,89.48478602633725,1
2019-06-09,89.1050456171904,37.21715075358471,1
2019-06-10,65.7971297528818,15.108622919005208,2
2019-06-11,8.492869446914895,95.76878788617034,0
2019-06-12,41.81339755358459,53.52334864709596,1
2019-06-13,67.31996371812374,38.032954073348904,0
2019-06-14,41.16847690527919,38.10812039665926,2
2019-06-15,35.33605880319455,23.42270670579841,0
2019-06-16,25.632551886942203,73.7319671534266,3
2019-06-17,76.0877509197527,95.87864822829602,0
2019-06-18,23.22150796864859,92.58998906435657,1
2019-06-19,82.45520575574989,78.65424391552656,1
2019-06-20,24.978828511359524,56.51520280473531,3
2019-06-21,16.871743127433554,56.41538362101184,4
2019-06-22,58.09866662969477,51.50618766833662,0
2019-06-23,34.99030670348924,59.64352008622062,0
2019-06-24,47.26065502143199,31.65579698844461,2
2019-06-25,66.66599031916252,42.365630045172885,1
2019-06-26,72.96919658007087,40.537480592055836,1
2019-06-27,48.03443716050054,88.54468080608481,0
2019-06-28,54.79453122627554,99.72904352874527,0
2019-06-29,56.31524165474666,21.076564038563767,1
2019-06-30,50.243129068637344,76.62228204062313,2
2019-07-01,43.118755283707785,62.93355899182082,2
2019-07-02,29.813577851487338,85.49945859054027,0
2019-07-03,57.55789351681365,77.43282755819214,1
2019-07-04,67.16043721119215,42.63440414134124,3
2019-07-05,35.49196163294751,11.309531834655127,1
2019-07-06,28.358360925302968,93.20757690992832,0
2019-07-07,17.02207692685895,70.87881675598749,0
2019-07-08,62.902067873253586,52.504600297956586,0
2019-07-09,33.30017807211026,73.15574289719767,0
2019-07-10,32.12438500801524,73.60913025229226,1
2019-07-11,30.640051308146763,37.9355203982442,0
2019-07-12,18.883454572522144,42.43432568453924,4
2019-07-13,35.14896120467434,59.920803833077386,1
2019-07-14,41.91011631556359,65.25883809668184,0
2019-07-15,55.119656756201344,49.142262740195406,3
2019-07-16,50.267936054934616,23.078407538635634,0
2019-07-17,51.42629038840848,63.91526452036354,1
2019-07-18,39.347110246711274,20.68846071539555,1
2019-07-19,67.83324041356828,69.60692752338889,3
2019-07-20,52.90481793791132,70.0463482734597,0
2019-07-21,62.318154996398206,33.507327166854594,1
2019-07-22,43.14731468842294,16.829209018295764,1
2019-07-23,77.70225744840998,56.744489753418755,1
2019-07-24,61.42858112353874,33.67401174656188,1
2019-07-25,34.1841591925704,57.750855828003374,1
2019-07-26,53.16054728974473,24.591181665041567,2
2019-07-27,59.29105152613694,77.2324766970333,1
2019-07-28,22.54498822632374,79.94023244822057,1
2019-07-29,55.79398513431223,54.95659519993816,0
2019-07-30,56.70242197077846,87.64221099110007,0
2019-07-31,52.38710498229498,75.25458076194452,0
2019-08-01,60.207667880088316,47.17127037303055,1
2019-08-02,70.77861684488457,17.832295879254147,0
2019-08-03,51.21555485783731,22.376520807041395,0
2019-08-04,46.55795648249776,99.02164224668277,0
2019-08-05,71.66284031786006,98.50552303821628,2
2019-08-06,19.132565206831273,53.13009407582489,0
2019-08-07,69.15894566321475,34.523253353702714,2
2019-08-08,54.636371266581605,84.01294245834534,0
2019-08-09,33.21592921401731,29.342036399675298,1
2019-08-10,37.47184124071688,73.05259310038348,0
2019-08-11,58.045038317806316,70.28459679611572,1
2019-08-12,75.63039702368025,97.4046076264248,0
2019-08-13,62.46319605894161,41.26984863031581,1
2019-08-14,75.7457033417057,60.35851565982901,1
2019-08-15,63.73547836290708,70.12818424358017,2
2019-08-16,23.65801995348142,85.11823380248609,0
2019-08-17,72.22206689625003,41.36272478989942,0
2019-08-18,81.64028884255566,71.63738254435614,1
2019-08-19,59.98564254140574,46.89281893931692,0
2019-08-20,54.37546553878914,77.15146312738217,0
2019-08-21,68.009908120688,72.0909528129808,0
2019-08-22,54.52195947563137,30.871936647343624,1
2019-08-23,69.9129274062551,84.19385938047368,1
2019-08-24,6.711937705967834,81.38044592926386,1
2019-08-25,36.9808415840584,16.458617321554765,1
2019-08-26,29.576942311396014,54.49303472469681,0
2019-08-27,42.06286871038606,92.1739588201223,0
2019-08-28,60.49603069709483,77.55566667314196,1
2019-08-29,38.74944537870624,88.62744948406753,1
2019-08-30,11.14259202207051,72.27085538091754,0
2019-08-31,16.014794467618138,86.28762495168499,2
2019-09-01,25.732492384591215,50.83487304510243,2
2019-09-02,49.265661573971535,30.352125494317516,0
2019-09-03,51.482823810921964,74.05691172237151,2
2019-09-04,66.31154228613394,78.37276977662171,0
2019-09-05,32.581555369422404,21.499363041976554,0
2019-09-06,75.427453226483,66.66160626263725,1
2019-09-07,75.49405978424439,87.36487934921887,2
2019-09-08,30.428289028804713,98.87769918038987,0
2019-09-09,32.914370786825415,94.49107392199481,1
2019-09-10,7.378461985604581,39.538649164619265,2
2019-09-11,33.637145927267554,28.593184281035697,1
2019-09-12,79.3196542471243,76.11222795133635,1
2019-09-13,65.60166744093458,92.03951606592113,0
2019-09-14,24.871773222413115,25.372435753480246,1
2019-09-15,57.15939986686658,23.807014995937415,3
2019-09-16,53.21926350711769,81.28258323052493,0
2019-09-17,54.56524384540835,32.813262840018425,0
2019-09-18,38.50723323267999,26.782734615527968,1
2019-09-19,30.83117521849527,48.08486505665744,1
2019-09-20,43.59670121697237,33.73634891008616,0
2019-09-21,41.719618670683126,59.274227896262836,2
2019-09-22,40.001951722100834,71.33844451668675,1
2019-09-23,27.124423633137916,52.43140461690591,2
2019-09-24,35.0714369976036,98.64215284515706,1
2019-09-25,35.10056692262629,28.83113762413551,1
2019-09-26,54.5037545830684,18.089029522364278,0
2019-09-27,70.15692502465134,50.63478786236586,1
2019-09-28,43.62237330551096,68.7763236277426,1
2019-09-29,42.234512520325325,85.46252933782684,0
2019-09-30,53.37877882999738,84.02955370862368,0
2019-10-01,47.88522924388887,25.91627682462797,0
2019-10-02,32.96862182428269,62.4163813851808,0
2019-10-03,46.96611308618249,79.09059045981643,1
2019-10-04,76.61668411997184,69.7341398137388,1
2019-10-05,61.842731452920425,91.01994099110772,1
2019-10-06,76.84314144147702,29.94837068006526,2
2019-10-07,86.06050986079272,52.48167670064326,0
2019-10-08,34.18669584767522,21.15391751020009,1
2019-10-09,48.75344138786074,39.3659449110972,4
2019-10-10,37.647448726078196,48.12104625175198,0
2019-10-11,43.39584469901108,12.556219891209569,0
2019-10-12,43.03250712338423,38.40845631613003,3
2019-10-13,42.00064101399589,52.70685748895994,0
2019-10-14,67.43285836864322,65.82732117866638,1
2019-10-15,36.05747585266967,38.46782454161226,1
2019-10-16,90.59037766467445,95.66890195928518,3
2019-10-17,32.83843775243719,13.018853343768306,0
2019-10-18,57.88456108467633,45.41346285526101,1
2019-10-19,79.31451305313233,45.51970067450594,1
2019-10-20,30.249247490735232,67.84687999655125,0
2019-10-21,40.4410603139174,36.700264015631916,0
2019-10-22,76.08296127905268,35.52007857294285,3
2019-10-23,56.91901866457824,83.53471527409293,0
2019-10-24,25.341405114302017,26.163709011699023,2
2019-10-25,53.918897667405545,96.87055023472847,0
2019-10-26,57.24878547379496,13.361818795640396,0
2019-10-27,31.476918230554897,69.4069603942335,2
2019-10-28,43.07533529853484,12.129256375689845,2
2019-10-29,46.97486511658471,25.195896738545187,3
2019-10-30,27.31788968036254,68.51500631019232,0
2019-10-31,61.887376070912815,31.126831776105515,0
2019-11-01,81.67823594856452,21.408866336888366,0
2019-11-02,48.79768250372666,88.13073206409486,2
2019-11-03,50.13620458343288,25.329520105846964,1
2019-11-04,22.19965934238376,79.43584233283372,0
2019-11-05,39.815388125118574,94.16938018131462,0
2019-11-06,59.226009362878244,39.59310836280294,0
2019-11-07,-5.110439300865643,84.99939399364173,0
2019-11-08,73.96011762856897,62.94100183752178,1
2019-11-09,28.277388558304963,47.49648454044763,1
2019-11-10,28.094443535660204,42.777729473870586,1
2019-11-11,47.93878062577892,38.17233353521038,2
2019-11-12,85.22980682832933,32.1730126659458,1
2019-11-13,84.14666525211521,57.856003975664166,0
2019-11-14,42.9918745201013,77.95141950496863,0
2019-11-15,48.088243587415946,78.840252093953,0
2019-11-16,87.91076616017473,65.03042719364983,0
2019-11-17,76.05844690831907,92.45431278368743,0
2019-11-18,59.750250626345455,16.55884302039479,4
2019-11-19,53.640665390505376,76.62979851491224,5
2019-11-20,51.96659064081484,25.56441688566653,0
2019-11-21,43.92889583158302,30.24625011382931,3
2019-11-22,51.66808530453979,10.77336496914898,0
2019-11-23,55.86240907081932,99.03757533483095,2
2019-11-24,76.95531276643825,32.34796475313519,2
2019-11-25,54.433879442166216,58.44315933729669,1
2019-11-26,59.46795715996108,78.06967192641532,1
2019-11-27,41.97210930282489,33.53611838730975,2
2019-11-28,69.57861636175356,28.543693031296726,2
2019-11-29,31.433052893466428,77.94429340983004,4
2019-11-30,57.54493264194426,31.780921436194006,1
2019-12-01,58.321740144188624,97.87414769435867,1
2019-12-02,78.96131575767954,64.89450568775597,5
2019-12-03,85.59364449506305,26.033260883072394,1
2019-12-04,23.587147948263066,20.63946380047458,0
2019-12-05,26.439708062967515,69.25344651306214,0
2019-12-06,8.137483263837446,97.61855429544183,1
2019-12-07,19.805431413195155,31.364572382985102,1
2019-12-08,28.785280025372394,40.808630828779975,1
2019-12-09,60.55854209432868,64.62643471303113,2
2019-12-10,55.89342129639535,96.94768361875931,2
2019-12-11,29.51471252696623,14.576833000514977,3
2019-12-12,28.204447998989313,41.56702345628274,3
2019-12-13,64.02004903924293,10.042364236222848,0
2019-12-14,49.51407112097033,63.46751481777929,1
2019-12-15,64.5003232570308,21.961955639072187,3
2019-12-16,29.883540510985682,50.740022955147765,0
2019-12-17,19.34061099760974,64.56544950609424,2
2019-12-18,75.19721036936215,29.96833655023589,0
2019-12-19,46.90309896957547,54.23240763083709,3
2019-12-20,35.168318973256596,92.73271140230658,1
2019-12-21,30.33548820993923,43.66579294279042,1
2019-12-22,49.70197975531444,35.703305599923716,1
2019-12-23,50.12224838779221,60.82211144119508,0
2019-12-24,58.56192376271969,58.65158325223727,1
2019-12-25,66.71125203748917,91.09910860712708,0
2019-12-26,47.99292405107395,99.9388756068484,4
2019-12-27,69.63368113646293,45.38741966755653,0
2019-12-28,61.376022299510815,40.215628853397746,0
2019-12-29,23.024810984226384,83.85732052731314,2
2019-12-30,45.90174490376222,19.65676804085915,2
2019-12-31,45.213352286209,87.53390090765029,2
2020-01-01,68.44878203908982,91.78624561907212,0
2020-01-02,81.33775857863112,23.274099455790353,0
2020-01-03,48.308457462254665,98.89477175854636,0
2020-01-04,57.13839995509095,67.86994916679447,2
2020-01-05,42.11898796238397,98.38234451893805,1
2020-01-06,57.51160786843016,28.500670888316474,1
2020-01-07,33.74170805623172,27.570995812366615,2
2020-01-08,43.43029592860649,91.90077499327623,1
2020-01-09,59.33070042322011,77.55212328179466,0
2020-01-10,42.91269259359394,51.13535554130394,1
2020-01-11,67.28096557027044,92.36886103068204,0
2020-01-12,62.74596760855931,55.990386264975605,0
2020-01-13,63.62849841365728,83.62970542161922,0
2020-01-14,64.59632632692447,81.99988073012182,0
2020-01-15,13.239423369427264,17.23276524248011,3
2020-01-16,28.479480950178573,78.83233381817321,0
2020-01-17,20.653191452219946,67.92063001975158,1
2020-01-18,64.63149710788554,37.95775416395,0
2020-01-19,44.96470422871339,23.019863248002117,1
2020-01-20,16.371190011360063,45.70281793221909,1
2020-01-21,36.059955274250626,56.151056216136695,2
2020-01-22,24.416317324957962,18.332686655324096,1
2020-01-23,9.290858753213406,37.78233732607947,1
2020-01-24,10.759877091764551,35.63296307225416,0
2020-01-25,22.508111411008848,11.340208909644529,3
2020-01-26,42.322470458813534,19.142398923722315,1
2020-01-27,41.96625776243461,54.244380851148534,1
2020-01-28,26.323896733735776,56.000352879254024,3
2020-01-29,96.90473539901176,58.47758075564923,1
2020-01-30,60.50670644092503,38.387258332857435,0
2020-01-31,45.440023707162986,93.35664660713529,3
2020-02-01,67.40941333873391,90.83101868423167,1
2020-02-02,36.3204154767581,75.06818648404533,0
2020-02-03,24.637555137858705,25.049718097882113,0
2020-02-04,43.186817781358876,76.67714164322162,2
2020-02-05,39.712666074468295,11.03405714526404,1
2020-02-06,40.704265567716675,71.6479752757819,0
2020-02-07,65.30273994046115,51.463388644295605,3
2020-02-08,50.76742714194793,46.64802688061656,0
2020-02-09,59.023425194862135,44.537819806689676,1
2020-02-10,19.981327028405733,62.28021108196269,2
2020-02-11,40.078393497457625,79.42945874191842,1
2020-02-12,47.189903536487805,96.03712925335039,1
2020-02-13,34.06471127752634,81.13340306680452,2
2020-02-14,32.128095091541674,99.08873878786585,0
2020-02-15,48.39362719762352,81.40236603882639,0
2020-02-16,-5.126993992050387,51.44291252270898,0
2020-02-17,35.6677985995877,35.5985577960293,1
2020-02-18,45.225674774487494,89.8132503175599,0
2020-02-19,22.019827921616955,10.86310010715975,0
2020-02-20,57.488405719823184,71.82779058849606,0
2020-02-21,47.49132565634626,12.71451480355509,0
2020-02-22,76.09663482238113,46.05458984583086,0
2020-02-23,41.33647930795718,12.297153053058128,1
2020-02-24,63.611061489096286,97.37165723092262,1
2020-02-25,48.17619177456715,42.672823236467835,1
2020-02-26,57.72383279828582,80.71353179251835,2
2020-02-27,28.320489361493713,69.96015800591576,2
2020-02-28,67.2895674471649,46.95591615240008,1
2020-02-29,47.97469938882656,37.55832020440064,2
2020-03-01,51.29175268180295,35.16410365561008,2
2020-03-02,30.956448289867275,25.72240928131559,1
2020-03-03,25.26585932694671,41.34578959604792,0
2020-03-04,64.12584129634996,13.176504349024206,0
2020-03-05,80.00667202078822,52.85123128055268,1
2020-03-06,41.660543500817845,14.464822120788074,0
2020-03-07,34.53249756966979,57.89386788351322,1
2020-03-08,80.70226520964287,37.76296556844575,3
2020-03-09,48.3237458594521,79.51431598392571,3
2020-03-10,88.6312883925136,54.44656346168917,1
2020-03-11,43.48617921957924,23.120466796547447,6
2020-03-12,58.19858517344649,21.058781087420776,0
2020-03-13,44.673429154587694,68.53375620889338,1
2020-03-14,12.665849134420796,49.36862628296764,1
2020-03-15,83.13888559037483,48.502656762570695,1
2020-03-16,15.312254336404166,37.984133254904094,2
2020-03-17,54.24259343374747,37.384226488503096,3
2020-03-18,60.85035914999765,99.99235709920154,1
2020-03-19,36.61414014670895,77.79283399867518,2
2020-03-20,82.31183911574361,66.69826430648274,2
2020-03-21,11.019380356434162,66.77520132446936,2
2020-03-22,62.95400188106379,86.16624245475536,1
2020-03-23,46.745853332047574,23.5854386554531,4
2020-03-24,29.311889188446322,89.32689078369074,0
2020-03-25,44.333060417891666,26.81783795477125,0
2020-03-26,55.42475115647219,38.706203543709634,3
2020-03-27,21.594451033782917,19.4633160990228,1
2020-03-28,54.08640801121526,80.84545254055055,1
2020-03-29,32.280962204588846,99.83745875970803,0
2020-03-30,20.709505091161155,99.02153172524109,0
2020-03-31,13.928393119706158,50.46019192636644,0
2020-04-01,51.60432280320426,85.87867337452067,3
2020-04-02,37.15362686138154,75.79816830983619,1
2020-04-03,29.83589805340314,81.89365790257645,0
2020-04-04,18.021495498982926,98.31165479739975,0
2020-04-05,33.38255020695826,71.78807294696719,0
2020-04-06,52.84409872083155,82.023318626031,1
2020-04-07,21.929752929325463,89.13094779026564,0
2020-04-08,46.67344667844963,48.56681002744581,0
2020-04-09,57.39458382337466,95.9779286457389,2
2020-04-10,36.73087264542121,93.67938565368453,0
2020-04-11,58.18811831469895,83.54292844159426,1
2020-04-12,32.31689764575015,73.44965075275502,0
2020-04-13,15.32851272419024,29.755439909828798,0
2020-04-14,46.79263883405933,26.78705755692362,0
2020-04-15,41.19156116573457,55.948898238244986,1
2020-04-16,63.221709767231715,12.218581632160497,3
2020-04-17,24.063869219346145,90.48345267055191,0
2020-04-18,83.06789651051567,93.31615232195861,1
2020-04-19,28.887207867897228,29.826046652010273,0
2020-04-20,76.25861635445185,40.11799395856312,0
2020-04-21,55.00463690804361,66.06061223414625,3
2020-04-22,72.62185805711167,35.21215823339038,0
2020-04-23,53.168648422459725,16.499953502052193,1
2020-04-24,39.4351005158252,48.949697919582206,0
2020-04-25,57.99300948338412,77.79386544335435,1
2020-04-26,17.109795873476436,87.59836957136905,1
2020-04-27,32.95276195855162,60.117182932992314,1
2020-04-28,17.14131691635388,95.9820393957096,0
2020-04-29,58.36299382263564,55.27526178142593,3
2020-04-30,63.404397803285875,79.8216731387616,2
2020-05-01,97.41597546944135,42.96339073473082,1
2020-05-02,41.296168127894624,20.535818474950368,1
2020-05-03,54.70071540961721,77.2688950416104,1
2020-05-04,34.1125987020537,45.50422351601002,0
2020-05-05,49.11402208397197,92.0711103257892,1
2020-05-06,27.016361956881376,65.02874385049306,1
2020-05-07,53.66317654787347,98.13843282151032,2
2020-05-08,49.8048717819838,12.711223711635832,3
2020-05-09,52.542928081605275,87.91354533146067,0
2020-05-10,37.99413990517439,58.346224979966046,2
2020-05-11,14.586822510820625,16.777615145823493,1
2020-05-12,59.079661320082465,80.3496583389065,1
2020-05-13,34.47067660313026,46.879456661220296,0
2020-05-14,45.43869607245762,25.741104935650434,0
2020-05-15,38.871524839274386,30.8863899303192,0
2020-05-16,45.24215587446301,83.65349872295744,0
2020-05-17,9.22695759893935,89.58734776369786,1
2020-05-18,69.39129873855862,53.22537192334067,1
2020-05-19,77.93306539762824,22.238085872940516,2
2020-05-20,2.000980322409738,72.15626448285505,0
2020-05-21,40.11569578184729,46.736947036716515,0
2020-05-22,45.541617532634355,86.83672664272812,1
2020-05-23,56.72969747538358,68.50137528051035,1
2020-05-24,46.89274260496475,24.948249325983586,0
2020-05-25,77.00048009817286,96.1830295891063,1
2020-05-26,51.79802104212246,12.526091693821527,0
2020-05-27,69.92122365075232,14.82399250824799,1
2020-05-28,23.419539017828544,23.928281088561214,0
2020-05-29,32.574976354663946,37.71906154150563,1
2020-05-30,54.428435345285365,78.42225061724984,3
2020-05-31,48.96143603026879,90.29768180900474,0
2020-06-01,25.135132965243926,78.84782515085381,0
2020-06-02,64.93039868892288,31.896012266435505,0
2020-06-03,50.94862247397573,21.154943259966466,1
2020-06-04,13.175276836750655,17.658153249615467,3
2020-06-05,61.945269523288744,81.84872503699897,3
2020-06-06,28.448874398220546,44.76543601972336,0
2020-06-07,52.60696645633869,11.226948679627863,1
2020-06-08,36.76875571030151,61.81627549880958,2
2020-06-09,55.66973090028005,55.05115826131211,1
2020-06-10,56.591918275263275,28.84451682291947,2
2020-06-11,51.52873016250663,51.9912910996031,1
2020-06-12,55.5373371701136,20.12133304504645,0
2020-06-13,15.225915783023282,81.08577721202494,1
2020-06-14,16.494576745276966,25.002361392871876,2
2020-06-15,51.093251412662816,35.524220265597194,1
2020-06-16,61.58150734476072,72.74263449260499,1
2020-06-17,38.85289468892894,49.484990173575966,1
2020-06-18,46.99261411513029,44.62815422974508,0
2020-06-19,45.7939595085747,79.66034843916017,2
2020-06-20,52.453229928822715,45.80489444914125,0
2020-06-21,37.60292668434551,50.07052381412624,1
2020-06-22,16.704861308898636,81.69747696393235,3
2020-06-23,16.176529963469186,47.06721476567603,3
2020-06-24,34.54343256741305,95.33394510530341,0
2020-06-25,57.095743092462016,26.602314839143315,1
2020-06-26,37.71189193793363,29.227035726180436,0
2020-06-27,47.307858486951915,63.85049539712691,1
2020-06-28,79.30799729315271,41.93471188593642,2
2020-06-29,61.69811255890498,93.79157652611121,1
2020-06-30,39.08270813119927,19.893894540875475,0
2020-07-01,24.182432471275046,30.91227426787067,0
2020-07-02,76.67490123772423,75.97125663051399,1
2020-07-03,43.88487368113191,91.70313188741477,2
2020-07-04,40.47089106303337,33.30414950440487,1
2020-07-05,57.32893920392053,50.61357372061126,0
2020-07-06,42.777903174891655,36.054086854335885,0
2020-07-07,71.02608373665514,86.14776918338207,0
2020-07-08,64.99526688177409,85.36430148741339,0
2020-07-09,34.789547079263386,49.13181451188809,0
2020-07-10,67.52655127915858,98.51110407361374,1
2020-07-11,16.952424913936945,98.50226217507287,2
2020-07-12,69.86648436284467,74.09204162786685,1
2020-07-13,78.3416498361387,42.07927891889831,1
2020-07-14,47.60840787490677,77.33324514318437,3
2020-07-15,63.04597661694109,80.04564990131583,1
2020-07-16,61.17877835730603,41.65656016876024,3
2020-07-17,25.796674543588498,51.11309352262154,0
2020-07-18,62.03852733743791,31.316223747482308,2
2020-07-19,17.071735062628257,24.628592583532832,0
2020-07-20,52.92231277158292,82.95320297278766,3
2020-07-21,6.300026299005879,95.10668319935368,0
2020-07-22,3.062033675402091,70.22884746687811,1
2020-07-23,75.08316322833312,79.95219061005957,0
2020-07-24,29.835682319292086,90.2156041195397,1
2020-07-25,22.769445584832525,35.00137751729917,0
2020-07-26,76.56105719495764,42.45752020065075,2
2020-07-27,55.9044025426721,87.67521502911437,0
2020-07-28,64.35792263832451,34.7390103598223,1
2020-07-29,55.13064531468077,95.15782973567845,1
2020-07-30,25.64294962062509,63.37980045799456,0
2020-07-31,54.092739431092554,99.6594030074849,4
2020-08-01,36.700038911917744,60.473128423052835,0
2020-08-02,58.22034889806627,94.9066208688893,1
2020-08-03,49.89663113680377,84.93760856930314,1
2020-08-04,23.2463454305039,46.54578095906543,1
2020-08-05,58.96449118239572,26.778281157821468,1
2020-08-06,56.825647214925176,33.81162709426967,1
2020-08-07,82.65163986091846,67.34450863486978,1
2020-08-08,60.78674518845209,12.798382447113962,1
2020-08-09,6.977584902430436,18.47192555297775,0
2020-08-10,15.23121306776715,10.739775331960919,2
2020-08-11,62.736368884724556,28.29107434935037,3
2020-08-12,38.01174813647404,90.07553469973526,0
2020-08-13,28.202215155847703,41.34527636618074,0
2020-08-14,-7.637138884838201,27.629077265880948,1
2020-08-15,71.36355371941652,19.050747487123385,0
2020-08-16,72.88432087822684,87.00546249452783,1
2020-08-17,19.235245690467245,59.070689335190245,0
2020-08-18,24.121831434452297,99.27242879032656,2
2020-08-19,77.09715601687549,24.89680024170085,2
2020-08-20,42.59255210046055,14.946147515440082,0
2020-08-21,51.6459194592817,55.19319795766916,3
2020-08-22,62.08316309931231,66.9766855928469,2
2020-08-23,66.74998201919753,63.334916009783264,0
2020-08-24,50.5325127806771,21.519841133749466,1
2020-08-25,23.278466593889327,95.21641570185189,1
2020-08-26,18.065993694492466,63.013150038055365,0
2020-08-27,27.108459294727936,79.38784646279754,1
2020-08-28,37.33775252647965,83.2386579521337,0
2020-08-29,32.60705120542535,95.51038473556162,0
2020-08-30,40.268868023007336,68.53669783748771,0
2020-08-31,81.33366141515316,39.26702038522933,1
2020-09-01,31.860924852620915,50.948748371817146,3
2020-09-02,20.57045722297001,61.44101257688969,1
2020-09-03,15.590495082882839,44.80439666710971,3
2020-09-04,30.876515453492114,72.58964993209312,0
2020-09-05,71.1837231825625,54.04198396030595,0
2020-09-06,38.768721223466756,98.4290887130157,2
2020-09-07,71.53663781406411,15.680253813617913,2
2020-09-08,64.5017114084809,41.96805788739233,3
2020-09-09,75.15472120815866,31.684818929433455,0
2020-09-10,33.50621868663471,60.35035965788904,1
2020-09-11,40.594236015071914,97.35732968452159,0
2020-09-12,30.76806746947676,61.014639780417454,3
2020-09-13,67.64806099904216,20.878961520429417,1
2020-09-14,48.20984904520115,90.02674004380842,2
2020-09-15,6.897418322149029,10.37316704039547,0
2020-09-16,49.68655648311791,72.51476113815468,0
2020-09-17,-5.321789293727697,97.84046096460668,0
2020-09-18,49.365577785076795,11.14260815012184,2
2020-09-19,69.27226263092416,51.01274494264662,0
2020-09-20,58.18843339760309,98.63245690900703,1
2020-09-21,86.03484980157457,99.09250006483495,2
2020-09-22,14.059867087421246,43.26952108410032,0
2020-09-23,74.85097283046566,90.08157414606566,3
2020-09-24,41.35612111195928,52.33227531364696,0
2020-09-25,61.52615692010576,75.83072057535558,0
2020-09-26,27.56678184887668,75.90450417255452,1
2020-09-27,47.15761413824507,17.644406136338965,0
2020-09-28,32.54780135586108,90.50771230521761,0
2020-09-29,32.533223002522966,13.287363010891887,0
2020-09-30,72.00030504916928,15.43644982733614,0
2020-10-01,68.6777117482317,36.82019280157672,0
2020-10-02,71.56671224424207,54.63339847951276,1
2020-10-03,30.981084016970648,53.23562709772663,0
2020-10-04,27.431621758686315,69.48186812588494,0
2020-10-05,65.66259311010788,57.9998763929385,2
2020-10-06,34.037030506741,45.578022473330854,2
2020-10-07,75.30239623202613,62.76369663071567,1
2020-10-08,55.826683873032394,89.48291880243877,2
2020-10-09,67.25041820516432,23.40161521839874,1
2020-10-10,36.743605409934354,43.96942478612736,2
2020-10-11,75.8580360660668,86.6271109612515,0
2020-10-12,43.89777645821593,66.63729377868918,2
2020-10-13,60.08861364144859,31.728759270018347,1
2020-10-14,86.60633719790286,11.206667790622696,0
2020-10-15,35.3178653625308,59.595330290019014,3
2020-10-16,75.8507314249899,65.4973434701586,1
2020-10-17,29.465390028381716,78.91334738737464,0
2020-10-18,23.79341890716123,84.27548194379179,0
2020-10-19,69.78936095238927,68.19706338450382,0
2020-10-20,41.141903592722095,76.21903320971843,0
2020-10-21,2.95853255127124,37.912981280005475,0
2020-10-22,28.03133618189864,84.11629317211457,3
2020-10-23,47.87164708754398,33.48200169997702,1
2020-10-24,40.3092384479052,73.06773428930416,0
2020-10-25,45.38140377978313,35.275337516697434,1
2020-10-26,55.65939164752176,45.365247156360674,1
2020-10-27,39.063168609031166,48.27131077845408,1
2020-10-28,30.092058015888774,78.97438405291692,0
2020-10-29,13.723171636350429,97.6054400089886,0
2020-10-30,72.1927913672736,93.55861576719323,1
2020-10-31,34.59399485071019,63.55115859563188,0
2020-11-01,56.85433737695362,13.283385121972747,0
2020-11-02,51.451042469067374,38.11363626062793,0
2020-11-03,82.33503683186635,11.342787451826963,1
2020-11-04,34.149079524187,22.62713875839728,0
2020-11-05,50.20150584779181,95.60832920822102,0
2020-11-06,57.38020444278125,41.173180231000714,1
2020-11-07,10.319796192073902,68.05789032546846,0
2020-11-08,51.6726521850912,69.5032287478443,0
2020-11-09,72.95519382328165,79.43040826041309,0
2020-11-10,62.240470212088184,21.629944801919226,1
2020-11-11,90.91261385929069,69.74911931002347,1
2020-11-12,59.67905714131725,65.66892531491175,0
2020-11-13,26.547094509362474,62.22235266080951,1
2020-11-14,62.631950949878515,67.17851503246192,1
2020-11-15,21.56538684574825,18.964810380761417,0
2020-11-16,35.43187740717852,59.61044497479445,2
2020-11-17,3.6801039846071077,73.27670012760495,1
2020-11-18,42.44155598931871,22.01262886042418,2
2020-11-19,38.029917118848715,11.114267785658152,0
2020-11-20,75.38479146690031,52.787407680426995,0
2020-11-21,56.71460878533569,98.2839825136652,0
2020-11-22,62.63547432292039,97.2482096173553,3
2020-11-23,48.1021856482617,46.457695604675116,0
2020-11-24,51.96401014010882,48.258337146136924,4
2020-11-25,32.60013129808972,33.64691959950446,1
2020-11-26,52.585464457618286,14.690401103765023,0
2020-11-27,79.95064758199652,30.158446769969235,0
2020-11-28,59.062258511336005,74.58274746465052,1
2020-11-29,28.323987524437353,91.98844292688861,2
2020-11-30,57.94500925588177,57.47833537591718,1
2020-12-01,38.094388654455116,19.02119078401452,3
2020-12-02,44.812537416769985,34.08827436464839,1
2020-12-03,-5.510828833907951,39.31060527956531,4
2020-12-04,41.86597913515372,68.39125111840985,0
2020-12-05,45.80442333155521,48.19510130780064,1
2020-12-06,63.422541110853636,20.56829001686594,1
2020-12-07,84.39163850718104,91.1422177676333,4
2020-12-08,39.0854524044212,11.555360287667964,1
2020-12-09,49.32828302129979,47.8828892695736,1
2020-12-10,42.709925788820165,33.804557760311525,0
2020-12-11,14.62842017102944,35.066271457172185,1
2020-12-12,84.81517177376028,98.14572645402426,1
2020-12-13,34.5238301372199,59.98305530504705,1
2020-12-14,43.184036193757855,35.44716876872031,2
2020-12-15,39.97770896718957,35.42189075898709,2
2020-12-16,56.3830505615175,72.90984254918092,0
2020-12-17,52.339706916344475,52.9389583605025,3
2020-12-18,58.35060541065283,47.36308830681899,1
2020-12-19,23.63341851459655,12.478796164401924,0
2020-12-20,17.941248367290328,47.69541135104833,0
2020-12-21,58.30395750715614,39.10731469977773,0
2020-12-22,61.153238780936334,51.127104353256975,1
2020-12-23,59.29529397659288,34.69445234146474,1
2020-12-24,60.8278936492964,63.694918690148356,4
2020-12-25,44.17210177764739,49.366940772180136,2
2020-12-26,37.42133540749772,71.13565185274898,0
2020-12-27,39.83204382347425,67.89215901340603,1
2020-12-28,55.37685907343161,98.06315007736698,0
2020-12-29,39.97088171372983,49.892080081936655,1
2020-12-30,43.46876771064522,58.17564164934545,0
2020-12-31,63.96403929964195,20.05627341729982,2
2021-01-01,46.13348877760194,96.45565515077492,1
2021-01-02,43.90359677620284,78.15926490071001,1
2021-01-03,51.07908855894027,51.920973665017776,1
2021-01-04,51.36312713513547,98.7547517862706,0
2021-01-05,52.91630456983919,71.51443572138538,1
2021-01-06,54.0931080251103,43.35988184281221,0
2021-01-07,64.51198675152207,47.45718567743611,0
2021-01-08,80.22293954702931,61.30825543509097,2
2021-01-09,5.298303784182885,91.80238262351585,0
2021-01-10,48.838932382291965,87.52931373322612,1
2021-01-11,62.20699900653932,55.41040644597683,2
2021-01-12,6.753421776739756,61.75217628931815,1
2021-01-13,39.7101590051734,41.160779675521994,2
2021-01-14,41.33006155426145,28.138150632718048,1
2021-01-15,56.780156140125236,92.91961747397595,1
2021-01-16,75.11446105159621,45.7009983625699,0
2021-01-17,33.67087924259393,17.477123871774133,1
2021-01-18,63.5883190469216,63.0884920290563,0
2021-01-19,51.033655488300035,31.524137988706222,1
2021-01-20,61.42776165338642,63.08504437284016,0
2021-01-21,38.935476683038885,46.865071046660375,2
2021-01-22,61.86387418498854,67.53074621232818,0
2021-01-23,27.402676740499658,38.81010755008302,4
2021-01-24,69.91168494419209,24.41899611918374,2
2021-01-25,66.87869384186821,65.9078658726269,2
2021-01-26,63.25716850726842,87.40935935898887,4
2021-01-27,20.413785372519936,15.204573248887819,2
2021-01-28,52.90908216040674,85.56773947092047,0
2021-01-29,47.15777387020361,83.56998630309815,2
2021-01-30,70.22969686572537,77.91051727746884,2
2021-01-31,20.513446967374836,36.69597986089093,1
2021-02-01,-2.24445573743008,29.569846547750064,1
2021-02-02,82.70196712413372,88.65551697657295,0
2021-02-03,87.31965285824656,74.99154614397395,1
2021-02-04,44.558014161211965,42.648196031399564,1
2021-02-05,37.409638084449924,39.248471298802954,0
2021-02-06,-18.398200068058244,89.17919746099743,0
2021-02-07,61.98881382184436,98.7060733251712,1
2021-02-08,47.13896748146924,27.831121521197712,0
2021-02-09,30.51061777094766,21.59219471650666,2
2021-02-10,77.20792490732562,69.49713692291787,0
2021-02-11,41.880469984399284,49.56414849966593,0
2021-02-12,41.70930992338021,12.19793350864462,0
2021-02-13,42.44000869200626,77.54316129158026,0
2021-02-14,45.74018494706136,79.2299578317093,3
2021-02-15,64.90766658319136,70.56332926215856,1
2021-02-16,11.017810414660126,45.39649338743847,0
2021-02-17,41.915825475702,71.55511588355643,2
2021-02-18,43.10047596457256,23.428137184525397,3
2021-02-19,37.497446998206364,11.787078412343865,0
2021-02-20,51.276925279752064,98.57321853715041,0
2021-02-21,65.80660941975039,46.023843553536764,3
2021-02-22,36.00841476128832,99.75710414425,2
2021-02-23,85.81055496402061,26.050639372323506,2
2021-02-24,64.36071601493549,74.54125420494256,0
2021-02-25,65.49049533366575,54.072768279289136,0
2021-02-26,45.354577597036794,47.67807359201822,0
2021-02-27,54.31148359578337,37.62864765619571,1
2021-02-28,51.63766705804305,35.87527384767951,0
2021-03-01,44.86133153638794,34.27856799820365,1
2021-03-02,58.75652084593028,59.96337224185533,0
2021-03-03,37.10075475076205,94.36792875125587,0
2021-03-04,61.08032230487852,39.25216471400599,1
2021-03-05,13.194899549512414,31.85435740542629,0
2021-03-06,46.85171253028897,76.86097175024123,0
2021-03-07,62.34007336278655,79.06957447720816,0
2021-03-08,63.562977153493314,20.161108848848254,2
2021-03-09,70.01745195968941,12.439051340107417,1
2021-03-10,68.7337792016057,84.4118306136285,2
2021-03-11,39.346958756286604,97.43684542886062,0
2021-03-12,43.3333234416419,35.528850202183605,2
2021-03-13,36.06858398288702,63.98221188729088,1
2021-03-14,79.24114679043882,94.43074926916026,1
2021-03-15,35.63673255816634,23.83942319181846,1
2021-03-16,27.963561750879688,95.9312326105174,0
2021-03-17,56.59649213842013,53.15760694702489,2
2021-03-18,51.87893531095615,10.065570986373709,1
2021-03-19,46.27360722592902,29.099282006825003,2
2021-03-20,53.76744419827899,12.96523431535178,1
2021-03-21,17.56060565254451,94.78541112872409,0
2021-03-22,59.89886764668199,82.28675491670379,0
2021-03-23,71.95718026689615,76.83343998780593,1
2021-03-24,7.375125822468576,69.00487036792708,3
2021-03-25,33.559720559241065,34.908406775393196,4
2021-03-26,52.77924187595735,10.984398420013543,1
2021-03-27,47.69407294760543,47.47851100909655,0
2021-03-28,41.99783057090007,93.69296560978088,0
2021-03-29,46.29379846808893,97.55877639674223,2
2021-03-30,26.750883940533633,41.79253466683592,1
2021-03-31,37.95408213651366,42.04078706685225,2
2021-04-01,25.358195419415512,81.89003061311097,0
2021-04-02,74.30954775391658,17.298056423890948,0
2021-04-03,57.51742488306374,67.64303657512443,1
2021-04-04,36.5669638500571,91.77248562658373,0
2021-04-05,42.344389757147944,74.80230784392283,1
2021-04-06,63.88859217385191,24.722760488357864,0
2021-04-07,21.564696644359476,72.9268971624643,1
2021-04-08,56.69607866280577,49.38037989138083,2
2021-04-09,69.18054064675448,95.41575566965615,1
2021-04-10,60.487877849475176,89.56354168884444,4
2021-04-11,74.8446424820542,76.46530036012393,1
2021-04-12,64.14607454894957,30.327043468255578,1
2021-04-13,47.47624680952138,88.78065739681588,0
2021-04-14,49.123420633202706,52.179606866116764,0
2021-04-15,10.724651218056295,38.03172161148873,1
2021-04-16,52.72937768658498,20.156367273331234,0
2021-04-17,71.02493634785205,78.52067675205768,1
2021-04-18,83.65334671530749,24.544510693537504,1
2021-04-19,48.05406726097367,82.03297862340939,1
2021-04-20,41.283869720861766,45.46478638968497,0
2021-04-21,27.80319195297252,66.66760282138739,3
2021-04-22,93.76565669943909,69.67104890666712,3
2021-04-23,10.24373036429023,97.74444999221946,1
2021-04-24,42.23922028650599,53.762267208293416,1
2021-04-25,21.085413302002046,86.07853361997722,1
2021-04-26,26.56912443362519,25.61134684447687,1
2021-04-27,49.377375940330744,97.59934353933886,1
2021-04-28,20.162477194597525,47.471250664757505,2
2021-04-29,72.59587695271452,52.77151969492426,0
2021-04-30,40.294864684327806,39.137400657547005,2
2021-05-01,63.40410135656911,80.42157045890086,0
2021-05-02,85.18992701038317,40.95293821727001,2
2021-05-03,71.9395194673645,59.97351429597849,0
2021-05-04,56.035144396130505,41.07356075106139,2
2021-05-05,54.39473348528947,17.187825596851756,0
2021-05-06,27.354833828291127,52.65687128874921,2
2021-05-07,71.29000590562809,42.18407933182491,0
2021-05-08,18.602117302049265,36.61762394300325,1
2021-05-09,33.82109904504894,30.007004760564556,2
2021-05-10,35.56710841817475,71.82122042255753,1
2021-05-11,25.373608852779725,95.32702224678549,2
2021-05-12,44.577125884686545,75.40529322804299,1
2021-05-13,75.49118344517422,22.344470786950744,1
2021-05-14,45.90833436522885,39.30989806668369,1
2021-05-15,36.70631450198896,73.03360707301286,0
2021-05-16,45.61607977912784,41.99124987536851,0
2021-05-17,27.974903423480825,85.79304060686144,4
2021-05-18,46.47442099698511,54.47854437129614,1
2021-05-19,44.69157365958372,26.252957939778586,1
2021-05-20,61.64350539926416,59.11479461021362,2
2021-05-21,36.278910155334216,26.768367325038895,1
2021-05-22,38.47022943432515,41.211793931855084,3
2021-05-23,65.51627966141291,89.86388372750618,0
2021-05-24,19.670086859057886,57.15340701737425,0
2021-05-25,36.54573267505139,38.56148807827847,0
2021-05-26,72.36599366603329,58.695708583097144,3
2021-05-27,55.05579612269857,57.93341523287987,1
2021-05-28,54.29710920578633,48.17226505653998,1
2021-05-29,24.690491503628664,56.526629864811184,1
2021-05-30,49.39799765984866,43.186522730031044,1
2021-05-31,89.37894183824366,80.48720944887916,1
2021-06-01,52.873017555614695,61.56832694863425,1
2021-06-02,53.960790150549236,18.57865820353326,1
2021-06-03,38.013852442490006,32.19377461502647,1
2021-06-04,75.70708963880074,92.83377147198208,1
2021-06-05,71.20374612069332,88.70913477557981,2
2021-06-06,52.45296034219652,99.05698730734689,0
2021-06-07,42.29409301095244,94.97552340208883,3
2021-06-08,54.00589596239877,17.731194977086012,5
2021-06-09,55.13718108419262,63.03487039323501,0
2021-06-10,108.31258103111661,33.66589619225245,2
2021-06-11,60.29088419562262,21.077341680444263,1
2021-06-12,66.64769426827105,40.64568528805516,3
2021-06-13,88.31200171514675,24.852015858512658,2
2021-06-14,36.052468201065466,78.28402806033318,0
2021-06-15,31.398874184886633,27.564085369063125,2
2021-06-16,101.82585775265343,31.129709345228715,2
2021-06-17,108.66024694612221,12.46425393245284,1
2021-06-18,46.052656908528185,42.64906273071054,0
2021-06-19,25.14795152556374,11.836703541339343,2
2021-06-20,62.17191464674457,31.11241124890283,1
2021-06-21,54.599638160754914,17.20946131938182,2
2021-06-22,57.562950050996236,77.00733014101911,1
2021-06-23,67.4734534252129,78.8974522964868,0
2021-06-24,66.53979300960852,18.01575256243637,0
2021-06-25,54.619807214595255,97.04953155154989,1
2021-06-26,38.30847820831914,75.69475853015425,1
2021-06-27,44.254241908613025,23.267933742811813,1
2021-06-28,58.60737745639801,88.88526308727363,0
2021-06-29,64.62887918703463,81.0083474061831,0
2021-06-30,31.795201979203046,38.208697695596314,1
2021-07-01,24.90691178520166,58.27757596004914,3
2021-07-02,52.40115458781448,81.44676440805407,0
2021-07-03,84.37573159761881,68.16413324148067,2
2021-07-04,35.682372432790714,45.27474294645374,0
2021-07-05,72.7205607958968,84.89278378601777,0
2021-07-06,50.410668874037405,25.315019529643095,1
2021-07-07,40.878803647017016,28.18277860140557,0
2021-07-08,47.43266461910123,65.97814350379896,0
2021-07-09,77.84272117382255,83.73233449022257,2
2021-07-10,40.47640699503516,24.19328771681467,2
2021-07-11,73.57088030948515,40.533525841858385,0
2021-07-12,80.94571039756563,54.72803985036583,0
2021-07-13,38.602912423281296,96.68142797040593,0
2021-07-14,60.337828085646734,60.844711510750045,4
2021-07-15,30.740903710208663,59.68000572517328,0
2021-07-16,50.598553531838256,31.30481557397801,2
2021-07-17,76.44083688393434,24.310742835884337,0
2021-07-18,50.92547797567817,37.754112997170154,0
2021-07-19,1.5782596510976958,18.067249606611032,1
2021-07-20,30.244275506366456,57.03862738911288,2
2021-07-21,50.30253174374628,28.61703235867317,0
2021-07-22,62.71548689015634,79.7185916908754,0
2021-07-23,75.10595358299165,16.29423135485349,2
2021-07-24,43.290049329395856,23.51030186282466,0
2021-07-25,16.863482003943894,55.694975942048096,0
2021-07-26,37.15032148668024,28.293567667544448,2
2021-07-27,44.69099985801036,17.730682669753428,2
2021-07-28,31.09082657537637,87.618017006402,2
2021-07-29,49.16403961606008,28.09787890130209,1
2021-07-30,77.29120147953462,80.50878616886243,1
2021-07-31,52.64565314827127,92.53087943011882,2
2021-08-01,62.77670903176377,43.97861745970658,0
2021-08-02,52.480987681172515,86.86046587911645,1
2021-08-03,48.083013324931976,66.04121143491454,0
2021-08-04,72.97318296222736,38.28058033402206,3
2021-08-05,47.85277806591457,80.98545638104329,0
2021-08-06,33.851020763591904,46.06847439114776,3
2021-08-07,41.01958874997069,93.93358899373678,0
2021-08-08,60.97268436922664,26.480179210036102,0
2021-08-09,54.42199490310073,66.65415852707324,1
2021-08-10,46.5500108341149,16.922509828115686,1
2021-08-11,36.53475604712302,23.99273029727602,2
2021-08-12,79.76603420860431,22.64439555134215,1
2021-08-13,49.72717604529205,18.665013697549046,1
2021-08-14,34.682214339916584,40.67736891024384,2
2021-08-15,49.456828366220705,22.20386587799529,1
2021-08-16,35.3090171485094,13.758168561074367,3
2021-08-17,28.626282804696924,39.09162687926329,0
2021-08-18,51.854788490804204,63.65801391646325,1
2021-08-19,65.81155121662293,39.51239701913325,1
2021-08-20,71.41223045259156,52.296194882869884,2
2021-08-21,42.61073741841872,83.32140169981568,2
2021-08-22,59.46477014502287,97.6387718183813,1
2021-08-23,25.416412919087733,14.322911016140653,0
2021-08-24,82.75927848049659,94.08997953665117,1
2021-08-25,43.19724840142412,98.59400645234412,1
2021-08-26,62.31858489741167,46.80922070206109,1
2021-08-27,49.793932555261684,59.10779313813422,0
2021-08-28,113.52614752999685,30.178034749524123,1
2021-08-29,28.831803488039824,58.10627863879781,2
2021-08-30,20.985892654011018,10.65256792567788,2
2021-08-31,40.741009745017855,52.58088716883568,1
2021-09-01,46.72354676814712,34.11595443099445,1
2021-09-02,55.457722311958456,99.08721520709614,2
2021-09-03,56.867846501027216,25.038550072103373,1
2021-09-04,52.33019715120291,87.83936407580153,0
2021-09-05,22.388575016725454,76.3371982290885,1
2021-09-06,42.67365721889523,56.2836803663172,0
2021-09-07,31.37547902330871,13.132740499544118,0
2021-09-08,51.924304044851,82.89228411807679,1
2021-09-09,83.82325485141389,11.411392547485109,1
2021-09-10,30.254264767675732,93.74924238827741,1
2021-09-11,36.56165426217357,90.72330550470092,0
2021-09-12,-20.531732213878882,80.54628882970052,0
2021-09-13,45.79099789944043,75.65256077500065,2
2021-09-14,49.4229253425831,89.25075733067519,2
2021-09-15,67.45871807492749,45.563539280282285,2
2021-09-16,25.078807520828185,46.91707439243436,0
2021-09-17,63.40574991553147,22.607912903197583,1
2021-09-18,29.25883328220297,18.980201132024433,3
2021-09-19,37.32390235563951,62.88825933089744,0
2021-09-20,49.40776112476223,46.225904870615445,2
2021-09-21,35.03700453223658,81.88958404943064,1
2021-09-22,46.59332982469595,80.41634331261463,0
2021-09-23,53.688268536267906,50.36871010579874,2
2021-09-24,26.69782214914917,20.22867822902657,0
2021-09-25,47.47925020976249,64.67925115544836,0
2021-09-26,40.46383837017552,12.931521315015633,0
2021-09-27,45.96148476954764,24.58343443884527,1
2021-09-28,73.9210332845566,57.53512009601937,1
2021-09-29,87.6470855288778,44.45751866191654,1
2021-09-30,22.834134481625554,89.8788708359974,1
2021-10-01,71.6945691692505,94.45601313450864,1
2021-10-02,45.72707633597572,21.918073283734998,0
2021-10-03,40.95756807977469,40.119285137910346,2
2021-10-04,24.018908398060468,17.228593317061502,0
2021-10-05,68.78124347750507,43.350351885002546,0
2021-10-06,54.00259404340165,63.067759998744606,1
2021-10-07,71.3362794978343,21.37434780135372,1
2021-10-08,29.59163022130172,37.874258898087476,0
2021-10-09,39.811710258072,42.4330941433027,1
2021-10-10,79.05624023454263,86.98905321714251,1
2021-10-11,30.593954544914265,58.981308545757926,1
2021-10-12,52.14048309980981,12.894267515985918,1
2021-10-13,33.95151818320858,82.19147659002714,1
2021-10-14,57.50059029939257,59.91398548234416,1
2021-10-15,66.14941556389401,24.432052138780247,4
2021-10-16,89.27979989219924,99.25406234674097,1
2021-10-17,54.37740034290651,26.55402826555706,1
2021-10-18,64.76515337908108,35.27816617037429,1
2021-10-19,42.758100437781195,78.9544007803548,1
2021-10-20,74.72085586731579,87.71249142878794,1
2021-10-21,52.28320202581254,25.88826183232378,0
2021-10-22,65.67375467334514,57.506032946913976,0
2021-10-23,49.96858666204355,10.342157188020163,1
2021-10-24,54.5926368128345,78.15079645231884,1
2021-10-25,75.57218519171846,24.41066248505875,1
2021-10-26,66.50668618753029,29.4171754494293,2
2021-10-27,50.63563788310903,64.45100829971446,1
2021-10-28,5.5475025310370185,62.97918951090837,2
2021-10-29,65.48153500449747,43.72231541747953,4
2021-10-30,37.74590178702217,37.64721933954781,0
2021-10-31,66.53550762435924,40.845247278265646,1
2021-11-01,60.33033803766807,48.67486821798751,1
2021-11-02,24.25645534253553,18.651965802724447,1
2021-11-03,57.86342789308625,28.780746531565995,0
2021-11-04,28.427111134309307,91.89161462886689,2
2021-11-05,51.43308955608314,77.35562071787811,2
2021-11-06,44.58700516664915,21.153452017510705,0
2021-11-07,24.22064940755297,32.65672033532336,0
2021-11-08,38.427894896775044,10.815807622151528,0
2021-11-09,48.275577001168166,54.01738855118406,0
2021-11-10,44.393608454965246,22.78601032399854,1
2021-11-11,52.03559361790948,79.69956452746062,0
2021-11-12,49.1869175556939,34.62804728891535,3
2021-11-13,62.32831909518847,61.44257274004374,0
2021-11-14,43.87775021225723,17.62208008820511,2
2021-11-15,69.6558865750178,49.981987338430926,0
2021-11-16,54.820602668703025,87.79543562995957,0
2021-11-17,70.20734160769551,86.7651168141398,2
2021-11-18,81.8778164026465,87.04236218004851,0
2021-11-19,62.89999490795126,44.62619128225379,0
2021-11-20,49.92642099812396,51.735727600312224,0
2021-11-21,77.27951468077168,18.737521639356792,0
2021-11-22,49.03297307700119,14.851969577836265,0
2021-11-23,22.303967819994163,55.19709743835849,1
2021-11-24,45.76155286310777,28.723985997700563,0
2021-11-25,26.72060352830957,74.85007740291059,0
2021-11-26,27.536338806990987,32.85788890310336,2
2021-11-27,43.45701469043522,57.88491454469349,0
2021-11-28,25.05815864797627,73.89168738958983,1
2021-11-29,94.60138053128925,74.6763295160621,1
2021-11-30,66.9704788912218,51.04864387534485,2
2021-12-01,7.3133945333814765,64.23920773689912,0
2021-12-02,58.928769190438025,67.12003249719675,1
2021-12-03,43.830494514045526,16.701877594923257,0
2021-12-04,69.40056503054156,85.21176210443713,1
2021-12-05,17.02345986046265,50.39212170211408,1
2021-12-06,70.1299517903807,63.542104266316564,0
2021-12-07,42.024814767753355,27.5633163791326,1
2021-12-08,39.59623338713522,61.17279259969591,1
2021-12-09,66.50301844885838,39.04277655049461,2
2021-12-10,77.71151962525451,11.218310200285163,1
2021-12-11,51.9587756298097,15.131988471599223,3
2021-12-12,35.595473571408796,88.9440676230455,1
2021-12-13,51.15817580962428,26.216200888737394,0
2021-12-14,37.91935323767404,21.73898952181024,1
2021-12-15,34.71912917405588,16.795608258570553,0
2021-12-16,73.7655309250394,44.02274108067,0
2021-12-17,42.58165179570725,65.77513756945218,4
2021-12-18,20.66601104520897,69.35607362808108,0
2021-12-19,61.66693021437928,88.32753645614798,2
2021-12-20,27.25399450840566,48.86247972540661,4
2021-12-21,0.6239118272789383,39.52417754446513,1
2021-12-22,40.01720142329587,56.93993476044472,0
2021-12-23,44.06688158424261,60.45247202518416,1
2021-12-24,63.83954078949959,62.44352154283404,0
2021-12-25,45.67038716970505,25.085638931860974,2
2021-12-26,83.1176102790936,54.60277826646047,1
2021-12-27,64.60501224755916,27.62768589117008,2
2021-12-28,49.69173934186176,87.44642569066744,1
2021-12-29,65.37355808104047,64.22199544742745,1
2021-12-30,49.36326966682283,26.310671454428885,0
2021-12-31,52.77793429747228,33.790903989368346,0
2022-01-01,38.596842258643164,94.79605101030405,0
2022-01-02,45.46554010437595,83.4284724375167,0
2022-01-03,73.12769798512262,85.02790277298334,1
2022-01-04,42.02781530510775,84.99277969518964,0
2022-01-05,62.60216405369451,86.6713941614456,1
2022-01-06,69.07801755035376,59.06851457227061,1
2022-01-07,58.344793858107025,50.095694524684156,0
2022-01-08,20.556717621367532,13.704652593331838,0
2022-01-09,63.11098682683326,60.05314135549707,0
2022-01-10,82.93258027467411,44.73048467203867,0
2022-01-11,56.93343606596543,53.924730153825806,1
2022-01-12,62.48963960350843,92.62995082322225,1
2022-01-13,38.300824393441474,95.25921178592655,1
2022-01-14,68.92193927755407,85.9720478057176,0
2022-01-15,88.8937289113193,70.56090933608924,2
2022-01-16,42.873362103240105,89.1185366938476,2
2022-01-17,53.10120235759719,38.60031175216828,0
2022-01-18,44.06315142708331,28.033523792667793,2
2022-01-19,63.125976588988934,44.0789409115921,1
2022-01-20,31.33997447146326,41.401246599794995,1
2022-01-21,61.835302437733205,16.84755508528442,2
2022-01-22,16.443428977552948,47.93592308555176,2
2022-01-23,38.77804134157418,64.06155731492623,0
2022-01-24,80.24816635211823,25.43476751993491,0
2022-01-25,66.8284333563302,92.48210375251831,1
2022-01-26,40.765655253350246,13.384939360692538,1
2022-01-27,70.65895596265239,16.77688527745413,2
2022-01-28,37.672416427857385,16.30319289949717,2
2022-01-29,35.03112321045128,20.19123261016142,1
2022-01-30,50.64998278911881,41.349196372141364,0
2022-01-31,70.5922595922588,84.78774768703876,1
2022-02-01,72.68431931710889,34.40132830531396,1
2022-02-02,81.53143025479764,14.299406961159917,1
2022-02-03,37.86165474195049,38.19166025481916,0
2022-02-04,-1.242535712841402,31.177830457483036,1
2022-02-05,46.000439018542856,48.22003405874391,3
2022-02-06,64.00918726704673,69.6955232526011,2
2022-02-07,22.246496563032416,77.21733335245834,2
2022-02-08,65.17961179723909,76.86610638950536,0
2022-02-09,91.80163334120691,32.9278194463422,2
2022-02-10,56.662693632788496,56.65753430285577,1
2022-02-11,33.71957768122525,45.83173592880481,0
2022-02-12,38.40957665672367,80.94514546303775,1
2022-02-13,17.0746673098543,93.77803331669742,2
2022-02-14,85.89585118063047,88.30325259398768,1
2022-02-15,112.35479458224785,25.774208797418957,1
2022-02-16,44.54405318096395,76.09691688032953,2
2022-02-17,32.51292264491616,61.99809109036596,0
2022-02-18,12.579117882337542,33.469465253440404,2
2022-02-19,52.77592213503291,91.58815412763688,0
2022-02-20,78.13831492087972,11.77660868590873,1
2022-02-21,64.61088845552563,62.99417232114322,0
2022-02-22,78.10177310627665,66.02310001539466,2
2022-02-23,77.90129377214262,38.265118018990776,2
2022-02-24,58.80447425386115,36.59053389477084,0
2022-02-25,49.973773053159995,59.91317504847106,1
2022-02-26,68.5315038793433,65.24739164991395,1
2022-02-27,46.017354645962534,74.03960506283447,1
2022-02-28,45.934919311261176,45.554094949227,0
2022-03-01,52.623138548259114,79.29261316702208,0
2022-03-02,28.35005428756956,19.198253813537626,1
2022-03-03,14.935364205511462,38.5410073826187,1
2022-03-04,53.946838482865566,14.299495061010433,0
2022-03-05,41.45560288146572,67.58096057636851,2
2022-03-06,62.683958150754634,15.198908747846794,1
2022-03-07,34.334315761091034,64.31237528769361,1
2022-03-08,62.105716874428424,87.96467732122898,1
2022-03-09,49.89667975138354,22.044315408639623,1
2022-03-10,57.20702512809272,57.180244277714216,0
2022-03-11,59.630660307252455,12.840240191871693,0
2022-03-12,56.84050854129285,14.2770344660455,1
2022-03-13,16.368651946821913,26.988959424868643,0
2022-03-14,25.873453475903574,43.03356351890208,1
2022-03-15,26.02026633189267,60.96319082785307,1
2022-03-16,26.87263704052023,46.15545098465967,0
2022-03-17,76.81858845472875,34.48411229596731,2
2022-03-18,32.86652054561249,25.157833078907913,0
2022-03-19,48.05179660936486,95.01907415174486,0
2022-03-20,67.72315382662876,62.078134593532916,0
2022-03-21,41.67279676084731,79.64434973600365,2
2022-03-22,101.02949677457997,10.409479850586177,2
2022-03-23,19.391482320594523,86.08656733308507,1
2022-03-24,45.17073531497385,50.78038921038474,2
2022-03-25,47.38098102658875,15.344677673896207,0
2022-03-26,55.948077603514086,74.15432205390202,0
2022-03-27,81.1709348342905,27.771124190067283,0
2022-03-28,62.02080841514144,49.298307899017125,1
2022-03-29,31.261122011056703,16.747520278002156,2
2022-03-30,64.72353142753656,79.59815176822241,1
2022-03-31,66.9398800782229,39.40786095091529,0
2022-04-01,63.631105503570886,38.481454210726554,2
2022-04-02,73.06733227355134,37.181424398850254,3
2022-04-03,41.95613784846522,30.607666396232354,2
2022-04-04,21.43335748593316,33.103993417020234,1
2022-04-05,47.433253401961295,70.39456122348327,3
2022-04-06,38.42025996318956,79.6138557028495,1
2022-04-07,31.280872983514566,10.374453378374564,0
2022-04-08,45.15061996378407,87.87378755219582,0
2022-04-09,30.352043019558398,55.429007808226196,2
2022-04-10,77.43528341782641,73.94346251209221,3
2022-04-11,54.89551502258095,61.23610626440772,1
2022-04-12,53.47157079218252,97.62945283737328,0
2022-04-13,59.20941699396239,10.687058887985362,4
2022-04-14,24.05089335085257,61.61774582460381,0
2022-04-15,31.61460616434883,40.22270660332985,0
2022-04-16,31.081536524047298,89.71511267566248,0
2022-04-17,68.32019821492096,43.08757114562603,0
2022-04-18,65.94631138932417,82.15942947313508,3
2022-04-19,60.42787118560334,78.8751042828694,2
2022-04-20,37.333105353244775,69.46726021902762,0
2022-04-21,45.05755935421671,30.339227051638712,0
2022-04-22,74.8442081612271,25.199712957313828,0
2022-04-23,40.07667548695046,42.507177599403136,0
2022-04-24,63.60466728200886,15.255527275517942,0
2022-04-25,49.61784058726029,15.72609307848782,0
2022-04-26,50.49498487308489,24.264089068642683,1
2022-04-27,38.01903890555765,68.50757863486092,1
2022-04-28,53.873845961012,25.55423349179292,2
2022-04-29,36.69142084042251,88.82997799007518,1
2022-04-30,36.86278837366193,57.60149659820877,0
2022-05-01,32.53909127611339,96.483887566877,0
2022-05-02,79.57198185607578,96.21309646917734,0
2022-05-03,57.68454804196185,57.73460899914929,1
2022-05-04,73.06870311798065,99.2065429858911,2
2022-05-05,60.94013496158183,23.9409962691553,1
2022-05-06,11.413034178655927,77.5475326754729,2
2022-05-07,127.53524487617823,17.17441333429304,0
2022-05-08,39.56137389426603,40.002732375582475,0
2022-05-09,70.36957187057072,92.06501400171139,0
2022-05-10,65.4729769134674,12.162169135065218,0
2022-05-11,52.237419541110256,61.863658904112945,2
2022-05-12,48.429761153710395,46.896776579859264,0
2022-05-13,40.69745120235385,89.52822435505264,0
2022-05-14,58.34191995149513,61.01181206193283,2
2022-05-15,66.73893153691328,16.523716620901737,1
2022-05-16,69.50514688429962,55.33276250939045,0
2022-05-17,76.33791173219169,60.15251007895592,0
2022-05-18,76.03280721898477,51.065753455145476,2
2022-05-19,35.048855842052866,48.46939591992189,1
2022-05-20,54.17785311754521,66.45155600881913,1
2022-05-21,28.66799802829017,52.792776225507325,4
2022-05-22,35.52400860361047,82.66493761309907,3
2022-05-23,28.495810059286004,94.57462590707948,2
2022-05-24,48.76395605029948,99.21712760905612,0
2022-05-25,67.749793648219,99.39431367592697,0
2022-05-26,94.52628365889811,74.99379231674983,2
2022-05-27,75.34749220980524,66.54974527248407,2
2022-05-28,59.718382869577425,45.43671176387636,1
2022-05-29,75.62991246196965,29.16439768429952,1
2022-05-30,53.44903272551591,30.86571919682732,1
2022-05-31,51.560953191790176,99.26733748416132,0
2022-06-01,64.05626172835267,14.356646262352353,1
2022-06-02,72.69011801743513,49.40957629108692,3
2022-06-03,82.36213546258074,78.78437534541652,2
2022-06-04,29.958482026484322,24.577989999586233,0
2022-06-05,70.73238073563863,83.63107758634045,3
2022-06-06,75.95015909557904,76.66919486743191,0
2022-06-07,74.87809587379566,99.6210998997613,2
2022-06-08,79.40359527311219,91.84863928310958,2
2022-06-09,46.39151553082499,87.00097148362964,3
2022-06-10,53.98645919538795,99.99252268871697,2
2022-06-11,45.717348239679815,73.07051846682779,0
2022-06-12,37.1206269270621,56.097706042843356,1
2022-06-13,49.786658556127996,14.286341353015946,1
2022-06-14,39.822785937587746,11.968104061543025,0
2022-06-15,57.008963167221644,82.60864519851158,1
2022-06-16,78.06069087712203,81.63962769443758,1
2022-06-17,52.39091826921232,74.23819487351209,0
2022-06-18,51.15008414782609,83.99055037705368,1
2022-06-19,42.07241010436156,53.619197854853944,0
2022-06-20,12.718782177833312,22.39495707714285,1
2022-06-21,61.98387458584968,83.15121833007395,1
2022-06-22,52.66582707010761,87.69730744029411,0
2022-06-23,57.74115502117003,87.47194590974784,1
2022-06-24,23.388592482125357,45.717375670764035,0
2022-06-25,25.402325731607025,22.532353619076808,1
2022-06-26,70.97267517013253,68.89071919132658,2
2022-06-27,45.687635775123134,78.93124523318292,3
2022-06-28,28.57629801784775,81.48949003783083,1
2022-06-29,98.72925625251457,36.23406941637259,2
2022-06-30,64.51307610413879,23.881876613244874,1
2022-07-01,27.161858696679708,14.791311220758496,1
2022-07-02,21.26173196563354,92.61126188992603,5
2022-07-03,68.95816364014567,94.49645090054219,2
2022-07-04,41.63725003623036,48.38993398302064,0
2022-07-05,39.0001202996162,10.971625952744175,0
2022-07-06,56.97107375240336,67.52877992520669,1
2022-07-07,64.11685423493445,21.29015391757593,0
2022-07-08,73.32199925019687,45.16446897282926,1
2022-07-09,43.027841390309355,47.636170624367544,0
2022-07-10,25.091032178559086,46.000106469515586,3
2022-07-11,67.66016777234276,78.6843644843991,1
2022-07-12,31.97061022325964,82.26254096142208,1
2022-07-13,32.937435000535174,18.436607564915526,0
2022-07-14,65.54194478996843,61.81851131729066,0
2022-07-15,7.599621551869149,80.66608653084579,1
2022-07-16,21.40999281728284,93.63408258980897,0
2022-07-17,48.06472334570293,61.32496968792273,1
2022-07-18,83.05433612057035,84.90669914677387,0
2022-07-19,58.64707901300434,92.4200277176262,3
2022-07-20,35.6360213172036,38.15564900186787,1
2022-07-21,14.510755811355239,84.1456926987925,2
2022-07-22,39.45440345620013,32.98012012146944,4
2022-07-23,50.87276843596512,46.020077572704665,2
2022-07-24,43.52124576450936,57.2185819323981,0
2022-07-25,49.67825426653276,68.83369758142217,0
2022-07-26,23.695389304289773,31.492011321402806,1
2022-07-27,67.05659650413014,49.06781226476692,0
2022-07-28,34.763036320565675,82.3491633730556,1
2022-07-29,50.66082023349456,56.50130951421877,0
2022-07-30,86.01007446866547,34.4406589522157,1
2022-07-31,45.73224499040959,56.62943953633416,2
2022-08-01,47.0709861021464,30.624789062679525,1
2022-08-02,41.69948180936177,23.035728160309002,0
2022-08-03,43.85383038100366,21.523258945981027,2
2022-08-04,82.9560773658965,92.7145697930243,3
2022-08-05,49.728543242157684,91.0854378052667,0
2022-08-06,35.942279867074895,34.55806225793473,2
2022-08-07,65.27708608062566,79.13428243385863,3
2022-08-08,31.30592379096617,64.89223591549776,1
2022-08-09,84.38225350264223,87.69203108214712,0
2022-08-10,34.39147259368546,75.86748808217384,1
2022-08-11,50.58342305629733,50.79406418744442,1
2022-08-12,30.150401100329624,77.08896733619738,0
2022-08-13,51.75444203403072,53.02908764592131,0
2022-08-14,50.425361707401436,37.546572673362625,0
2022-08-15,66.57456481428324,42.1602837605061,1
2022-08-16,52.55172942354483,11.65847492735974,1
2022-08-17,70.54899482665111,69.30180604226771,0
2022-08-18,74.58085791601395,94.59773091375514,1
2022-08-19,25.988186960720732,65.09924282234695,0
2022-08-20,54.16074449004398,99.03678861365371,0
2022-08-21,31.7969294611571,67.7038847259046,0
2022-08-22,24.031616030839416,74.99892115868509,1
2022-08-23,51.35864422460667,41.04716006785894,0
2022-08-24,42.92561948969521,21.679480459092265,4
2022-08-25,50.38519690436009,16.857343849795864,0
2022-08-26,32.273467364984356,38.47686900328139,0
2022-08-27,22.450493178851104,88.81003975255454,0
2022-08-28,-3.987307524879739,17.139850036828044,1
2022-08-29,29.482954767340367,33.73878057411152,1
2022-08-30,60.489432083311975,19.804278349902646,1
2022-08-31,58.873785085782714,79.91561874626885,2
2022-09-01,45.43056713070527,55.59213943058823,0
2022-09-02,30.16099697212595,65.2963258494899,2
2022-09-03,46.479635386049615,81.8371010107256,0
2022-09-04,18.796191277674133,66.32685072361178,0
2022-09-05,68.2631290746725,86.77810172259043,3
2022-09-06,57.61107533687899,48.97111730287746,0
2022-09-07,70.44536365474144,90.70559686802277,0
2022-09-08,15.49565429340565,77.08137555802391,2
2022-09-09,15.764304802751255,48.76915856439059,0
2022-09-10,60.96757535907423,41.587242459342676,0
2022-09-11,55.404974385844824,87.52434778529744,0
2022-09-12,33.45190885432167,85.31930550301288,2
2022-09-13,76.7461833752911,17.86069409655825,2
2022-09-14,49.770023973800456,82.12925533075608,1
2022-09-15,44.68178612697591,85.21299608670061,3
2022-09-16,57.737538484714754,38.5988525838808,2
2022-09-17,56.60295129452564,34.92550952251315,2
2022-09-18,66.42527717574458,11.552056246854649,0
2022-09-19,71.36652889227044,50.99197357730292,1
2022-09-20,74.86020025681565,79.63585945129613,1
2022-09-21,45.048861211665724,54.26173002459059,0
2022-09-22,75.2202061313741,59.67708222099903,1
2022-09-23,26.77965972268341,15.385539770991699,1
2022-09-24,-6.273775151873906,83.10474494099236,1
2022-09-25,35.293651007229656,51.1229991700862,0
2022-09-26,52.98436255357515,32.68218912470839,1
2022-09-27,67.23972543777973,21.090194483712217,3
2022-09-28,46.62840733989562,42.403841184170695,2
2022-09-29,19.278941312091007,75.10409970717032,3
2022-09-30,35.79325313553108,38.04004295020061,0
2022-10-01,55.48873678551507,61.07462556681244,0
2022-10-02,59.44546668337128,81.78799187764709,1
2022-10-03,61.36892984372844,28.81859036369068,0
2022-10-04,48.826646283064086,38.29735835865118,0
2022-10-05,49.69123632884463,11.772100800588735,1
2022-10-06,43.150228515921256,79.75894995174518,2
2022-10-07,30.836682368332,75.9203463276273,1
2022-10-08,42.50679974541836,45.659397548505964,0
2022-10-09,80.04162641295153,28.16254568631604,1
2022-10-10,48.39835029677452,23.017689207602473,0
2022-10-11,45.48306988581261,49.76280781432379,1
2022-10-12,44.17506922555084,52.10564852025066,2
2022-10-13,78.05958320433565,32.89700293787678,1
2022-10-14,63.13010182411132,93.29706762773928,0
2022-10-15,8.943663693059285,98.68771580292548,0
2022-10-16,13.247362843540998,80.05685148553573,0
2022-10-17,79.79405006343336,25.041676084299368,1
2022-10-18,49.31638890744373,25.292399494205377,0
2022-10-19,60.01686724639425,78.03531158572936,2
2022-10-20,49.06790262718562,76.82838820496202,2
2022-10-21,34.77720946538836,99.22164933973754,0
2022-10-22,49.04431182518501,17.98128119967826,1
2022-10-23,51.302314478053056,21.514362441685265,2
2022-10-24,44.82998215979051,11.316166789398231,2
2022-10-25,94.63190340795815,56.05757190381216,1
2022-10-26,46.01864100055602,20.00509211569048,3
2022-10-27,57.49143814508588,79.7406475726217,0
2022-10-28,42.48186258203314,96.56820065896676,1
2022-10-29,38.17212618158514,85.89281438331389,0
2022-10-30,54.696192540451165,36.141836828795334,1
2022-10-31,99.98678417934622,33.09564459904455,1
2022-11-01,17.66550000284432,39.63606031025876,3
2022-11-02,48.66304744917565,83.20176813180551,0
2022-11-03,47.74961215303053,82.46306114509642,1
2022-11-04,68.67640725648062,60.16840257458749,0
2022-11-05,48.04015253637068,97.56353504971324,1
2022-11-06,46.143857131669606,34.97082083075401,1
2022-11-07,40.94826347687236,17.80401022079197,2
2022-11-08,45.35544336571242,14.920644432581376,1
2022-11-09,75.86764984386201,54.257959048594586,2
2022-11-10,42.35973900430483,83.70137276726703,0
2022-11-11,15.344079583480195,41.32324733860597,3
2022-11-12,61.51146080046383,23.96845835281874,0
2022-11-13,49.18371324655031,26.868209850749253,2
2022-11-14,59.23591693215836,77.5905586558058,2
2022-11-15,20.91638314271945,63.321912323049226,3
2022-11-16,54.037561371925904,16.17632039483043,0
2022-11-17,46.32423703075888,46.164197630726385,1
2022-11-18,16.759522674021177,33.82142638010713,1
2022-11-19,23.028704839075893,40.531050049011796,1
2022-11-20,61.054580249546376,56.312385312521215,1
2022-11-21,64.49293020236153,25.087436888023177,0
2022-11-22,32.80379488671078,86.04081057188883,1
2022-11-23,24.527925947551562,61.290975903655664,1
2022-11-24,52.067911219397544,31.570623946464128,2
2022-11-25,26.05368949348766,98.38669868042881,2
2022-11-26,62.47309505445968,79.38458701663312,0
2022-11-27,83.98643811039304,90.4309399440757,3
2022-11-28,46.23443714909907,59.122341566105334,0
2022-11-29,67.46460783772253,71.2862725281523,2
2022-11-30,67.19188038958845,78.94002551843337,2
2022-12-01,75.65953436203931,74.68626221652708,0
2022-12-02,54.259335266139075,35.98315936388081,1
2022-12-03,78.11979947343319,68.03424388334703,2
2022-12-04,43.445366115529254,71.61903061635542,2
2022-12-05,71.55659169690472,63.01595514207293,0
2022-12-06,70.33151530958801,11.09468675555049,1
2022-12-07,72.98475368537937,48.89733022250512,4
2022-12-08,17.237272902922086,94.65013501003648,1
2022-12-09,82.84346710988248,46.07962524986078,0
2022-12-10,50.852291054114474,24.947019456517406,0
2022-12-11,83.04508837849863,47.00488920391533,1
2022-12-12,62.81445582250154,27.992274919145192,0
2022-12-13,51.68320316553671,41.66432373353974,3
2022-12-14,68.16033646993343,63.42154572534125,0
2022-12-15,59.87474104915331,80.17735280546101,0
2022-12-16,52.97489224427648,27.371747535074764,0
2022-12-17,51.24290301174511,17.6015397194583,0
2022-12-18,75.31563127515254,56.83518180186665,0
2022-12-19,26.242012409426934,80.32165439758269,0
2022-12-20,44.42449158353992,56.00792103381048,1
2022-12-21,45.13787784492078,97.30389547689698,1
2022-12-22,33.30383972666174,80.83679266852873,0
2022-12-23,20.473285976191463,49.79844019410128,0
2022-12-24,69.3780380238341,35.20710725090505,0
2022-12-25,38.69889821238653,11.172587171528892,3
2022-12-26,51.561635043395555,55.41142703035959,2
2022-12-27,42.796699387640984,30.031963612154012,0
2022-12-28,92.17778959163908,77.8492767242279,3
2022-12-29,10.721389796424504,30.752775802489758,0
2022-12-30,61.15808991083337,13.65976768592342,2
2022-12-31,13.911237434232298,39.04848064725947,2
2023-01-01,16.001855499434328,37.007793930317064,0
2023-01-02,11.732008476031595,26.227864859462798,0
2023-01-03,75.87715394604967,69.6485349022004,1
2023-01-04,61.07467551932748,92.01964846420123,1
2023-01-05,64.29013610997421,73.72253620445568,0
2023-01-06,57.793886481142906,58.898877356616964,1
2023-01-07,39.339321993860466,92.17301388220235,1
2023-01-08,45.57886349406846,78.91913711344534,2
2023-01-09,88.28229293402401,22.70434449732086,1
2023-01-10,74.33516456987167,77.34273618607277,1
2023-01-11,45.690982467386476,46.88314286376235,0
2023-01-12,56.65442779210207,53.2510742813175,1
2023-01-13,38.677230486264115,24.344045967159666,0
2023-01-14,77.07199006057434,63.06842995957231,1
2023-01-15,41.718181918856054,32.918705444199794,0
2023-01-16,49.84962280975298,47.07305404677356,1
2023-01-17,43.595012011952655,47.37696979776264,4
2023-01-18,28.377866992269148,25.47828171733756,1
2023-01-19,62.36804218252619,48.271371935769054,2
2023-01-20,54.98345549501029,58.752759156235676,1
2023-01-21,39.1493812624896,51.9849300495457,1
2023-01-22,70.50482685776538,87.50416262125343,1
2023-01-23,45.09030758351352,14.144714077762501,0
2023-01-24,71.52162177631519,25.615271625557654,1
2023-01-25,36.985568261321674,36.630240302178755,1
2023-01-26,44.213972568825426,99.44960215297861,1
2023-01-27,114.77561878929025,25.831427012963353,2
2023-01-28,31.68486897464007,40.24347134547449,2
2023-01-29,37.69954596666264,64.23879850469064,1
2023-01-30,34.40937759758835,17.731308456179768,2
2023-01-31,42.41909973825161,41.15715887578315,0
2023-02-01,53.70207308238758,77.78621687703904,3
2023-02-02,54.822298345483084,39.84394707304389,1
2023-02-03,61.67388779973733,39.933595483360705,1
2023-02-04,76.05888058874895,75.08514274043125,0
2023-02-05,27.979403961786797,76.98298163193198,0
2023-02-06,40.26424207695212,56.220484295272904,1
2023-02-07,56.064371630562604,36.70805649487083,0
2023-02-08,61.857793780290415,79.88664429977483,0
2023-02-09,74.40644755638053,25.66412082187123,1
2023-02-10,59.105762809257584,81.41597371909029,2
2023-02-11,30.17576256488586,55.32905333313196,2
2023-02-12,55.00710266040901,71.80906647367368,0
2023-02-13,65.94310308597672,36.42651055709964,0
2023-02-14,50.09345405393335,72.36014255994779,1
2023-02-15,58.317437572377415,74.54438266448334,0
2023-02-16,63.433725010793935,36.29848389679422,0
2023-02-17,76.93136826204827,82.2516063427947,0
2023-02-18,76.63610488497514,71.81990784886135,1
2023-02-19,50.31957903150862,52.620005806118535,1
2023-02-20,43.42451031780663,74.55162650098441,1
2023-02-21,60.51880766038825,20.816297868063508,1
2023-02-22,53.44345571838075,26.563743094840504,0
2023-02-23,45.63566833916845,91.87770333799415,0
2023-02-24,55.84753747304701,19.9443946827655,1
2023-02-25,80.05890687865613,58.22974775091923,0
2023-02-26,32.41647161425195,89.91649794704703,2
2023-02-27,19.418050478458582,51.820674695484264,2
2023-02-28,75.72162802587943,99.28636187107453,0
2023-03-01,29.572152489736293,23.376684536408217,3
2023-03-02,50.102712942334655,74.67471575802438,0
2023-03-03,28.448699655029674,50.44548114746293,1
2023-03-04,25.890782053055705,76.10251001191801,3
2023-03-05,60.64503974009331,15.110187731372172,1
2023-03-06,39.56779532724637,68.43044919617711,0
2023-03-07,22.07549342435803,75.64290298286643,0
2023-03-08,65.11937674821067,74.46875701055579,1
2023-03-09,54.361126116099896,43.46431534892043,2
2023-03-10,77.9108479852203,96.88471218160456,0
2023-03-11,83.09245766027834,65.93604673927507,2
2023-03-12,49.16274201233576,31.12347777214437,1
2023-03-13,37.88835781366034,91.23449402096347,3
2023-03-14,46.13727912667421,85.36749330832119,1
2023-03-15,35.50507386614518,46.530950545416474,3
2023-03-16,31.643768792723893,68.60832053633614,0
2023-03-17,55.07959439553646,59.32219384503029,0
2023-03-18,41.62023921498705,79.7771258147613,0
2023-03-19,58.10944295206724,32.436864462445115,1
2023-03-20,45.1208751176179,15.121523358990391,0
2023-03-21,5.864001451350262,63.861271316008384,1
2023-03-22,92.72573013316979,94.07367765604504,1
2023-03-23,31.84124712111956,20.64293452428667,1
2023-03-24,45.66040710890308,37.544284486662505,0
2023-03-25,48.18347601336933,25.60953169681121,2
2023-03-26,57.720254478741595,71.72266379976796,3
2023-03-27,58.55128723663157,64.06762081647466,0
2023-03-28,47.26298768189025,11.600675213770856,1
2023-03-29,64.52552575919461,44.718838044032275,0
2023-03-30,69.9712022800715,83.18708380744864,2
2023-03-31,48.87531196114502,95.60575717145156,0
2023-04-01,80.50595310352463,78.48072620380003,1
2023-04-02,71.7812332808854,48.52965358909731,2
2023-04-03,40.04193614069626,88.55295329276659,0
2023-04-04,65.9664315521783,50.76476011812622,1
2023-04-05,54.70675837615827,58.349864386715815,2
2023-04-06,51.102127843021606,76.70989054627545,2
2023-04-07,83.69511644310026,52.51575045765019,2
2023-04-08,57.44761090315573,10.103124112393438,4
2023-04-09,58.581061475374554,33.12259919018433,0
2023-04-10,35.313542389779144,90.06835704309869,2
2023-04-11,33.20931782750985,46.630643933597966,0
2023-04-12,37.572735279832415,93.83436319779338,1
2023-04-13,23.879496342894054,44.746788373454436,2
2023-04-14,48.739824306863014,84.04108611472539,1
2023-04-15,75.90301264902791,85.96929376126782,2
2023-04-16,15.00967793416838,98.68431850821914,2
2023-04-17,97.07643255705248,79.63694465434848,1
2023-04-18,24.943480410390674,68.58096403489994,0
2023-04-19,57.30072005389279,79.24641938703486,1
2023-04-20,64.82865029563573,84.96974334741367,2
2023-04-21,61.604435671051874,15.915690782763273,0
2023-04-22,51.88616839096937,51.05292032651652,0
2023-04-23,52.578878496321465,10.197265576022515,2
2023-04-24,54.203545487934875,60.71514474800669,0
2023-04-25,38.175169089380844,78.487312142845,2
2023-04-26,75.50812588378787,63.17525200856732,2
2023-04-27,8.395730179103474,58.15664976736157,2
2023-04-28,42.58420652952319,28.174899077453475,1
2023-04-29,36.46742155555387,20.15534967695295,0
2023-04-30,55.6142571673052,86.32240469986101,0
2023-05-01,52.19957953625289,37.13616992948464,0
2023-05-02,62.044421462173176,30.15344563262759,1
2023-05-03,40.42554265857571,82.97934887405742,2
2023-05-04,42.013492888565835,50.80760892489794,1
2023-05-05,52.76052753236692,47.90301930098417,2
2023-05-06,51.7529563919238,41.99799028773153,1
2023-05-07,59.00022405020303,34.53097191971524,0
2023-05-08,56.95508908189036,25.012537702405567,4
2023-05-09,39.52349988969705,81.68514748737114,0
2023-05-10,21.477633809759098,20.143530550425837,0
2023-05-11,46.964855662123234,33.509126350135475,1
2023-05-12,91.84421949475336,98.37446956869857,2
2023-05-13,61.548058508218965,79.5766207082041,1
2023-05-14,70.03425679338186,62.195535943661035,2
2023-05-15,42.22948115090156,11.835374720620404,0
2023-05-16,62.805298956525064,43.444855409514204,1
2023-05-17,41.53246344419172,16.989601560730062,1
2023-05-18,30.21566087566827,76.9043277979132,1
2023-05-19,46.08598154737739,84.1869810232256,0
2023-05-20,47.06249361028808,40.020875131843184,0
2023-05-21,60.29103641779917,95.95044192860655,1
2023-05-22,47.26961523273951,23.778411861832783,0
2023-05-23,30.372805302976086,36.17525627630687,1
2023-05-24,60.01725313773799,62.120664754189995,0
2023-05-25,57.22392492343772,72.63437944023478,0
2023-05-26,23.469739337385533,94.0630426174003,0
2023-05-27,42.33137333205984,37.83189707378014,0
2023-05-28,83.79027994856968,37.06345406293035,1
2023-05-29,63.86526739714516,18.003355403833044,1
2023-05-30,38.74205800084816,90.21399598690462,1
2023-05-31,79.33913224912142,22.81396552364833,1
2023-06-01,74.33449287022202,32.51001625082061,0
2023-06-02,63.794435364127,96.37804768093316,0
2023-06-03,75.57222405237565,11.855504360251025,0
2023-06-04,45.10820532121331,62.742937856499964,1
2023-06-05,32.38679308070407,35.38963166363161,2
2023-06-06,20.58331325672031,98.69251503227235,5
2023-06-07,64.23304451338004,29.474233924254328,1
2023-06-08,20.342438378400892,72.49565373602718,0
2023-06-09,32.969956931684976,96.19508558544734,1
2023-06-10,69.128958931021,91.68614763351593,1
2023-06-11,70.68294797522336,37.64726426162535,0
2023-06-12,31.812582268148713,78.74391387116928,0
2023-06-13,40.99854738051523,43.143452427523975,3
2023-06-14,-0.935517261112615,95.94200240664517,0
2023-06-15,91.38095297475763,88.74839916655036,1
2023-06-16,17.48202805528939,20.28972411588657,0
2023-06-17,75.13585515253979,89.86597311105706,0
2023-06-18,50.47895080115881,23.359833032416304,2
2023-06-19,52.70001573255613,83.10608381550541,1
2023-06-20,76.67496384221829,23.53693435180167,1
2023-06-21,63.527567861302174,43.473767676137136,1
2023-06-22,22.013650791000035,11.584143118530761,1
2023-06-23,51.689340724439944,15.43071361000382,1
2023-06-24,27.607697380905453,77.12491503508113,3
2023-06-25,58.9471591530828,12.419269557840309,1
2023-06-26,49.35442789661086,21.568517185359084,2
2023-06-27,57.39845600306289,55.690440575941814,1
2023-06-28,7.559844479611549,15.94676967324847,3
2023-06-29,26.696370735993508,78.8773912826163,1
2023-06-30,40.6337970559728,89.21634633163755,2
2023-07-01,73.94598818333532,65.06090313216993,2
2023-07-02,23.8413169149214,90.37642520672581,0
2023-07-03,106.00498171994559,33.00274674344249,1
2023-07-04,27.922372953977295,60.87957554262366,2
2023-07-05,21.182965021886382,73.31047518818276,1
2023-07-06,44.945454813834516,11.427619129347816,1
2023-07-07,59.102825218085094,95.85308858439963,1
2023-07-08,32.60981202407578,19.004094439996997,1
2023-07-09,86.3782648700988,25.71127471075726,1
2023-07-10,55.023115603338354,41.97083020861244,3
2023-07-11,56.2470883473319,73.91198442199513,2
2023-07-12,57.94389156899495,58.99124174879069,1
2023-07-13,43.98077102558958,24.092568911600342,1
2023-07-14,57.819232111236516,12.214090318895558,1
2023-07-15,50.08408080270097,73.98378010074418,1
2023-07-16,5.068236773880557,26.4369325727189,1
2023-07-17,56.67968262378132,80.35401822308008,1
2023-07-18,61.25449910812821,41.99476007586591,2
2023-07-19,56.7716356503823,31.69540487151167,1
2023-07-20,5.736623986855918,73.43525563741879,1
2023-07-21,47.45472491791438,28.863563506549916,1
2023-07-22,50.919019066857885,85.40768485139255,0
2023-07-23,26.263890967487555,56.285209344228925,2
2023-07-24,30.879845387163233,12.611255163532412,2
2023-07-25,62.844846280109834,99.98817657799573,1
2023-07-26,49.76971022629927,28.654094486931562,3
2023-07-27,53.160419981195865,37.62882788039362,1
2023-07-28,66.47008091773279,38.5324274319743,0
2023-07-29,42.40018588707216,46.244009941173175,1
2023-07-30,38.79322695159179,39.655408903274065,1
2023-07-31,59.365509147282786,86.04181180648796,1
2023-08-01,34.404276710061126,17.071754407342738,1
2023-08-02,26.932652291542766,40.49092402611568,1
2023-08-03,51.417564055472624,91.65211785863843,1
2023-08-04,58.523866265046635,23.24453142722178,2
2023-08-05,55.28371112688349,25.51542358096242,1
2023-08-06,63.210508387631776,26.64457399824587,2
2023-08-07,64.76316526221429,74.28289873076017,1
2023-08-08,56.848266970839916,90.66580603435412,1
2023-08-09,62.81087073538024,24.79143790796023,2
2023-08-10,28.51781610040641,93.27652252542505,0
2023-08-11,56.66001304251789,91.86772655376082,1
2023-08-12,-11.719224582621607,67.95345262154099,1
2023-08-13,44.357754179024205,33.25473606457331,3
2023-08-14,16.31219211375091,48.046773032142724,0
2023-08-15,46.52289907231527,28.833070376801732,0
2023-08-16,23.8639489938368,17.393811213639044,2
2023-08-17,44.58502933448116,48.36137779675588,1
2023-08-18,70.10003847178551,27.213210328284454,1
2023-08-19,58.97420138607703,84.25670563632454,1
2023-08-20,72.5721639796048,41.06947767572211,0
2023-08-21,22.222561559138306,67.61238653561543,2
2023-08-22,26.88229367532118,26.62736984814021,1
2023-08-23,55.55823377953464,68.50326267579773,1
2023-08-24,31.934593846594726,74.61838605406095,0
2023-08-25,61.259714192754316,83.91347529093636,4
2023-08-26,29.935712446355982,70.4834281856763,4
2023-08-27,40.30336801629802,44.366872323309714,2
2023-08-28,35.294741012858175,25.537457226626948,0
2023-08-29,56.087272858712474,17.751531689090072,1
2023-08-30,61.69324816732457,92.01980765999085,1
2023-08-31,40.07152220001043,49.837630130369675,0
2023-09-01,34.066211681732284,83.10944898052304,0
2023-09-02,37.784716426165815,97.06280768355805,0
2023-09-03,60.05491644168423,59.15991184764551,1
2023-09-04,13.379126591642134,57.217588337035366,1
2023-09-05,52.59327792204067,42.68950580646903,2
2023-09-06,77.37004750381595,84.19916425316853,2
2023-09-07,32.3259909030364,64.8109804179706,1
2023-09-08,11.917462230323892,36.645586750559936,1
2023-09-09,16.49916033337766,74.77869898126758,2
2023-09-10,57.87609109069127,53.19203733447161,0
2023-09-11,47.58398622450194,65.71057025197578,1
2023-09-12,81.2645480958515,51.539977824439035,1
2023-09-13,54.49369006122328,21.12884037693383,2
2023-09-14,32.99816833956558,63.22563581968428,3
2023-09-15,51.12608290773973,93.01008830675494,1
2023-09-16,43.85251934480511,40.374318539572634,1
2023-09-17,44.24253871134516,77.09849719490641,1
2023-09-18,21.43310553310748,88.8941264200825,1
2023-09-19,55.10462440168866,22.10952230668753,1
2023-09-20,19.696027409040543,21.463523189784723,2
2023-09-21,55.30289217310837,71.76173605737657,0
2023-09-22,69.25703554160691,88.32756853718216,1
2023-09-23,29.10175426502005,63.826502710563304,0
2023-09-24,51.51615245937964,92.5379734314106,0
2023-09-25,60.21546579197629,60.80419871864736,1
2023-09-26,26.673827778374367,90.71155576520542,1
2023-09-27,80.89636514162069,39.1451006442423,2
2023-09-28,36.95783565416131,26.20217605572997,1
2023-09-29,54.444209285975035,88.60896075157528,1
2023-09-30,52.363424950167946,41.27154779790578,0
2023-10-01,50.27985794651849,25.584006326904156,0
2023-10-02,68.17517809328696,10.257134560350426,0
2023-10-03,32.665750069184064,47.06222669560091,1
2023-10-04,-4.722997076723836,64.10384531694409,0
2023-10-05,31.53398201125639,96.52375119150307,3
2023-10-06,32.62056526832577,60.45546891186206,2
2023-10-07,31.168717673002444,73.0040785061006,0
2023-10-08,29.56498795960683,64.20217000316454,0
2023-10-09,44.45263644987244,71.08107397267275,0
2023-10-10,60.631636572124194,51.13945074324819,2
2023-10-11,18.273328189449774,11.784246613119443,2
2023-10-12,63.12815840640905,83.33987430414685,1
2023-10-13,26.7590396992478,71.37334352125455,0
2023-10-14,60.438792183835574,19.742883874347697,2
2023-10-15,27.821640321059448,59.48423616713465,1
2023-10-16,40.77282276686182,43.041626464907104,1
2023-10-17,18.224197980838454,73.97767160588336,0
2023-10-18,49.315320580722904,46.663097951192604,1
2023-10-19,39.706797975693554,78.19692611539098,1
2023-10-20,54.67440084189313,88.1017767386956,4
2023-10-21,42.22119972330054,74.36797828328226,2
2023-10-22,39.70836157942241,41.312829628665895,3
2023-10-23,84.85443692531128,48.55646297921557,0
2023-10-24,28.31874591397801,35.414573314194044,1
2023-10-25,93.2272087554091,36.1783822395211,0
2023-10-26,57.95590386906629,86.07693042450907,0
2023-10-27,69.61507581565607,83.24971563098606,1
2023-10-28,38.040874471846685,99.89504686516756,1
2023-10-29,35.71757032596934,33.8776610957043,3
2023-10-30,36.66356836321963,34.079425528600055,2
2023-10-31,44.21257275491671,45.52293025663433,0
2023-11-01,35.447806710923416,66.22064970646565,2
2023-11-02,44.629413312640665,89.76965465805127,1
2023-11-03,41.704266798811034,97.75460958480504,1
2023-11-04,58.46282284079976,74.88994782599913,0
2023-11-05,61.577813956913666,89.60850217265241,0
2023-11-06,49.98345540717561,89.7382417803961,2
2023-11-07,45.82169526245546,56.831334020459295,2
2023-11-08,55.86312021238797,51.01328296407398,1
2023-11-09,49.61886200453316,60.277425695654564,0
2023-11-10,77.98815339842689,19.044786798859413,0
2023-11-11,53.23214467011459,45.3911913023736,1
2023-11-12,67.37164420916264,44.916029591726485,0
2023-11-13,57.80784232867334,82.383115400215,1
2023-11-14,64.57288512641189,13.550653276544486,2
2023-11-15,18.88848554087175,89.06478447083823,2
2023-11-16,47.741266881279564,83.62034889996205,1
2023-11-17,80.39219992219492,93.8561682214389,2
2023-11-18,14.797670066039615,45.43697557425066,0
2023-11-19,35.24493672365671,42.613528783031136,2
2023-11-20,28.675903763920658,13.709271053576582,1
2023-11-21,35.696985323003375,49.56967280723124,4
2023-11-22,89.07308237514178,23.392427141301575,1
2023-11-23,73.0590792693335,11.524617512948858,1
2023-11-24,63.41915832448357,55.75001880482736,2
2023-11-25,35.13591112225163,84.09701540308602,1
2023-11-26,29.090871412712374,25.986457981975196,3
2023-11-27,33.98071730628426,90.02377444432835,1
2023-11-28,26.252804833945763,91.94275777082109,0
2023-11-29,32.53529910433769,19.836769224842612,1
2023-11-30,68.68947939647796,48.633223063416686,0
2023-12-01,51.42433893107858,88.44372412358369,1
2023-12-02,26.066955718831778,63.814311964955365,3
2023-12-03,69.57961353963388,20.075148906901013,2
2023-12-04,58.68446077749623,67.64054801135293,0
2023-12-05,65.28288199448963,78.42864582422717,1
2023-12-06,43.959534813694624,62.16671131468199,0
2023-12-07,77.92651960013718,97.25236452755468,0
2023-12-08,49.72529341113323,94.05161111282932,3
2023-12-09,40.17691379853635,12.404300154853463,2
2023-12-10,47.810880783851395,25.005300427458,1
2023-12-11,13.531744906506631,27.29125021999812,0
2023-12-12,46.49681100229084,64.22902945192956,1
2023-12-13,34.213471337023066,96.06261333588004,1
2023-12-14,38.88357321185626,12.919501327515329,2
2023-12-15,28.384525765760177,45.60529185102391,0
2023-12-16,84.14979373886356,19.560124275506475,1
2023-12-17,59.46487148057385,49.353336428749444,1
2023-12-18,53.48087362967557,49.365893312576375,1
2023-12-19,43.97845490285091,60.08387167336374,0
2023-12-20,36.91551311209635,79.79043674462949,2
2023-12-21,92.42811726234572,27.62745398236972,0
2023-12-22,53.89317968142884,74.46082219680282,1
2023-12-23,54.930427402582566,28.033472174055056,1
2023-12-24,83.2827715466014,24.43604948854631,3
2023-12-25,44.45780166574897,68.65208817806926,0
2023-12-26,20.382893880666366,44.405710972962154,0
2023-12-27,23.550483250405296,45.45118028890495,0
2023-12-28,51.67588609845047,27.83358468159417,2
2023-12-29,50.63083342589766,33.31604883815477,0
2023-12-30,22.351191559088264,30.450827167125695,1
2023-12-31,52.74714798661994,33.66788556022982,0
2024-01-01,73.08167264358761,22.977635403291593,2
2024-01-02,60.25439690393081,83.53930497288407,0
2024-01-03,49.827727043597235,68.80788946661323,2
2024-01-04,64.43630512657974,17.075230006746516,1
2024-01-05,67.97310940747482,25.833984082301935,0
2024-01-06,46.781162594050215,97.16220165132403,1
2024-01-07,69.39402145880658,82.20181449773838,0
2024-01-08,24.453105500055536,75.15949040478093,4
2024-01-09,47.53825271022196,17.515649862910216,1
2024-01-10,77.96485604086297,93.81996991457201,0
2024-01-11,51.25693444651219,77.19668606325995,2
2024-01-12,73.27647517935992,40.48620265035362,0
2024-01-13,65.3179153749129,39.56400260547532,1
2024-01-14,32.30925561286793,48.10595939132831,1
2024-01-15,44.884255999670415,32.98907612327598,0
2024-01-16,49.90994034112931,67.98284209499886,0
2024-01-17,72.20554802040076,56.40127325425767,0
2024-01-18,40.52428759294616,23.51848667871495,1
2024-01-19,60.366569925142514,38.64539459159452,0
2024-01-20,43.62209326545929,59.38217323034108,2
2024-01-21,24.697005888956134,91.93793766671581,0
2024-01-22,36.88237770348091,68.38222702458437,1
2024-01-23,43.555663283500174,82.1861720919078,0
2024-01-24,31.383244825880304,50.07393809801007,0
2024-01-25,56.73344933879975,56.88524755687666,0
2024-01-26,23.46865361938216,32.722050411225766,0
2024-01-27,58.11735057684535,48.95448537735407,1
2024-01-28,78.3160302512115,15.533179526895017,1
2024-01-29,58.37588133209989,69.7244579134553,0
2024-01-30,47.01375310362654,59.604074457730675,0
2024-01-31,37.569076313696414,20.034300230746332,0
2024-02-01,86.15979152273917,74.4953551477429,2
2024-02-02,19.251061869033382,66.45637998000494,1
2024-02-03,49.208609124947586,54.93083231820471,1
2024-02-04,60.300282437192664,50.27236043847569,3
2024-02-05,36.39422797717647,91.88370269814311,1
2024-02-06,17.871903908310607,52.308831516473845,1
2024-02-07,47.168042635250664,33.05799925563579,2
2024-02-08,39.6255842871566,56.62365401781107,0
2024-02-09,42.7309275659315,43.84677036230239,0
2024-02-10,45.50474056244228,75.04823266290288,3
2024-02-11,56.97682018742054,82.57276548238985,3
2024-02-12,58.653125605599726,64.62386167047305,2
2024-02-13,58.16761196722768,28.218437995132888,0
2024-02-14,27.36708739326744,98.71907136016175,1
2024-02-15,55.49906040368792,73.40883931075851,2
2024-02-16,18.67425012306001,40.08309759680749,0
2024-02-17,34.16099799177007,84.94396996484959,3
2024-02-18,73.68816669400849,36.754096800339674,1
2024-02-19,36.663068686732124,36.831003341417244,2
2024-02-20,50.06014220408037,23.342244366434855,1
2024-02-21,81.27199814796606,26.10322143636821,1
2024-02-22,69.9041804853028,58.89124293884624,0
2024-02-23,67.0816945201467,33.2275688195033,0
2024-02-24,63.393636370890775,21.178376864849163,1
2024-02-25,31.30749464822634,36.92846104358953,1
2024-02-26,41.884139209672284,59.95854924229886,1
2024-02-27,62.44061423149379,31.545164344040856,2
2024-02-28,23.162475492721754,59.972907832955556,4
2024-02-29,50.45946534649694,52.51927747255307,0
2024-03-01,64.50863093261792,53.74949462459092,0
2024-03-02,57.44858702375466,17.43207016447128,1
2024-03-03,61.82633200012126,92.30284651332603,0
2024-03-04,58.091347047611656,67.6450660165332,1
2024-03-05,27.862422273531,81.20677105240563,0
2024-03-06,39.66593254806501,44.59350939243445,3
2024-03-07,31.035873251946388,31.96334972698906,0
2024-03-08,53.76172687981258,34.28312362555303,3
2024-03-09,73.80558728352868,37.608683283290475,2
2024-03-10,41.95077785935825,99.05021704864131,3
2024-03-11,45.32784817171804,78.78751828837083,0
2024-03-12,60.54429978777185,98.38567563270404,1
2024-03-13,46.380703262748995,60.77916088316681,0
2024-03-14,22.914237967509592,63.003844093779755,0
2024-03-15,71.05568357444974,36.99013382622662,2
2024-03-16,51.57844676672818,30.47126096170949,1
2024-03-17,59.983521734092015,77.72670231248591,3
2024-03-18,62.61266444086432,74.82248124201251,1
2024-03-19,82.96266181410563,80.32449750122692,0
2024-03-20,44.190713556362226,56.00596028246823,2
2024-03-21,32.91012623022468,24.237352544443134,1
2024-03-22,16.438842625518987,68.97724478762319,2
2024-03-23,34.69681952648218,86.87761163478888,1
2024-03-24,49.198091746831466,19.560103251852546,0
2024-03-25,52.743933132990186,40.96044193412395,0
2024-03-26,31.451975669892157,78.10637729062896,1
2024-03-27,51.087182731940075,97.61105400623813,2
2024-03-28,46.98442409226946,67.83365161803889,0
2024-03-29,31.066137426358477,82.0921741975081,2
2024-03-30,66.07728885927318,26.665269769160332,1
2024-03-31,64.7315087975278,44.24999356691669,0
2024-04-01,39.11417783948095,41.83608285490779,1
2024-04-02,47.0995747207689,57.52009670831132,0
2024-04-03,80.10666348624478,32.92710934604047,2
2024-04-04,48.59833964523683,85.06836119974153,2
2024-04-05,71.30387383820171,96.95364858229026,0
2024-04-06,52.866645502712856,42.39751092079917,0
2024-04-07,35.97074687014292,72.3200063400435,0
2024-04-08,74.59387938997986,40.779710286038885,1
2024-04-09,47.181207478963245,12.127716441638242,3
2024-04-10,42.574944686760816,98.70091646555865,0
2024-04-11,40.531846733456945,17.03267667861389,0
2024-04-12,45.36764774506133,39.62496975898989,2
2024-04-13,30.335786611449272,70.96695205896532,0
2024-04-14,85.23284471842729,76.63362762002279,1
2024-04-15,79.40921652543409,41.57017479591789,0
2024-04-16,66.90016168418788,84.6883894147586,2
2024-04-17,33.35650336705525,57.06103588697788,0
2024-04-18,37.746732147580644,91.32448258884959,2
2024-04-19,23.490750549227148,61.54205966666095,0
2024-04-20,63.99525948442497,15.890322751064462,0
2024-04-21,46.77537366209937,84.78725975129503,2
2024-04-22,46.37775221720565,22.216736561949688,1
2024-04-23,27.137474822946178,70.20616842692752,3
2024-04-24,60.54610458402007,24.947128204785166,0
2024-04-25,110.62813836690106,11.4753527036203,0
2024-04-26,16.62614149587788,85.52680354787206,0
2024-04-27,71.63716554947675,33.13465325380545,2
2024-04-28,65.36994429037641,14.917061872166009,2
2024-04-29,31.83142680328491,59.6466869498977,3
2024-04-30,32.6328305520711,88.30076804746858,0
2024-05-01,53.6662312111624,86.11517533348244,3
2024-05-02,9.547687834038584,93.24161662194479,1
2024-05-03,29.257621196205083,63.108280240765474,1
2024-05-04,28.03970640446165,81.84083788260844,0
2024-05-05,40.71297701805413,45.83398697609595,0
2024-05-06,75.51780209858461,24.712581729804505,1
2024-05-07,44.04371538963391,72.67134391548845,0
2024-05-08,67.48046169919783,22.14895954231779,1
2024-05-09,69.59425656606757,38.75157434857823,2
2024-05-10,25.07006423074246,41.826316029254826,0
2024-05-11,51.695137069490904,87.09356390158126,0
2024-05-12,19.94526790997024,66.48445642815909,0
2024-05-13,46.18928206406049,31.648767710572137,1
2024-05-14,35.883626087464705,91.90864694416408,1
2024-05-15,13.167377764993795,17.825755514328222,1
2024-05-16,-7.356791222751568,99.27114551268325,1
2024-05-17,56.33098607181615,56.00136378793354,3
2024-05-18,32.35355928822436,94.57504383144077,1
2024-05-19,44.80964903527981,48.21592263014406,0
2024-05-20,29.75499882607319,30.845049856813837,0
2024-05-21,27.456852262392488,58.45698562646908,0
2024-05-22,73.6735652744685,65.37044987799953,1
2024-05-23,57.597852682535986,47.37283806742368,3
2024-05-24,40.318577312157,31.244303130951245,1
2024-05-25,64.07641201225557,54.533609280086274,1
2024-05-26,65.26092589420414,92.67390416079193,0
2024-05-27,45.97308449210498,49.006536987469794,1
2024-05-28,52.12726194463184,75.43052842372043,0
2024-05-29,47.429348787189525,75.36369978179334,0
2024-05-30,93.34597003757833,25.10572111683677,4
2024-05-31,78.97349517732476,33.3761559935608,1
2024-06-01,51.715104656316036,41.866287504794315,0
2024-06-02,20.753466790059,75.01220134475578,0
2024-06-03,76.30784003413832,33.829059645509474,1
2024-06-04,91.96016317436198,80.97523810643494,0
2024-06-05,51.064216212835994,29.6962514398351,0
2024-06-06,19.409998274535138,18.34561771854031,1
2024-06-07,38.80336919645402,78.36971537125237,0
2024-06-08,50.24433898881019,76.96612782154372,0
2024-06-09,54.83702109572638,40.55413175600474,2
2024-06-10,59.74640665438827,24.203262558811463,1
2024-06-11,37.650203472305556,43.765610159495985,0
2024-06-12,51.29605680632459,80.5318508907398,0
2024-06-13,68.09635461211606,84.28642356374432,1
2024-06-14,51.30242362850162,33.966731493819054,2
2024-06-15,36.659916582046144,85.2640876199257,1
2024-06-16,75.1254575462934,53.363497907860506,0
2024-06-17,34.635712003406965,27.918835470656497,0
2024-06-18,42.940524766691965,27.327131207664557,0
2024-06-19,51.76696017184398,84.91816205417935,1
2024-06-20,32.78323245676305,23.315514281785777,1
2024-06-21,70.88581709119272,51.76153721408692,2
2024-06-22,12.561952943573573,93.03370862514534,1
2024-06-23,62.70295731853874,13.502162120172297,0
2024-06-24,34.7010093820048,84.91821989674514,2
2024-06-25,69.5891135797076,51.78387748707885,1
2024-06-26,54.95375211655836,57.16459580827367,2
2024-06-27,44.03316000272119,49.67048497570188,0
2024-06-28,77.88432281278287,51.29393950049747,2
2024-06-29,61.760718616366,88.01794052311374,0
2024-06-30,57.110760650281264,12.729640686985867,2
2024-07-01,44.3562274107764,14.331110611575674,0
2024-07-02,54.4937297815871,68.3016947240604,2
2024-07-03,72.30867261172155,57.36060021384238,2
2024-07-04,31.088175505293094,39.670578274738574,2
2024-07-05,91.91399720259119,61.098038104442544,2
2024-07-06,49.55867163215794,60.54675115858727,2
2024-07-07,45.17019527372982,25.97563961896941,1
2024-07-08,63.0782747578142,80.78004334488062,0
2024-07-09,43.04707385725844,34.83960865182985,2
2024-07-10,45.68548663640599,13.765529938220382,0
2024-07-11,48.09139949604188,57.26965210989546,0
2024-07-12,55.12680534540474,58.66175665717012,0
2024-07-13,63.76470589950829,82.92978831019744,1
2024-07-14,19.89118694056337,82.99433582671597,1
2024-07-15,44.27349454637147,72.646254054199,1
2024-07-16,27.874755013818614,73.81736362749163,2
2024-07-17,65.73862728059794,69.47264515940707,1
2024-07-18,48.54614651318181,12.32538449423993,0
2024-07-19,65.7543664022535,23.2790239595218,0
2024-07-20,10.957749681050998,12.71698396492013,1
2024-07-21,51.70479029328373,84.6564047040604,3
2024-07-22,62.00711793916078,96.53825923255505,1
2024-07-23,52.584262782655266,35.08906602018155,2
2024-07-24,75.8734455764982,47.30917137064446,0
2024-07-25,34.39043367015381,65.48963320004091,1
2024-07-26,88.21514461634133,91.66435701379683,2
2024-07-27,51.848769291968914,95.73182261342951,0
2024-07-28,22.769970781279078,43.64173932720375,1
2024-07-29,65.13602438806703,86.55168784804087,3
2024-07-30,68.83571144728332,82.7530561496322,1
2024-07-31,35.27341451561149,66.3091210731944,1
2024-08-01,43.47416933193162,73.61677405323015,0
2024-08-02,58.24088272996493,72.76031344712268,2
2024-08-03,44.5092154575069,14.038344269545526,0
2024-08-04,36.71080010789053,44.99120791205295,1
2024-08-05,62.67099804975034,74.4821205719544,1
2024-08-06,46.47119047420808,59.56171420292064,4
2024-08-07,55.72162168190908,47.07254366216987,3
2024-08-08,45.92165972866293,47.69698799220455,1
2024-08-09,82.07674690765741,70.94840888398979,1
2024-08-10,53.045899175792314,51.07179259557442,1
2024-08-11,95.99251581418315,10.456037450631007,0
2024-08-12,59.88117402247406,83.81908244158488,2
2024-08-13,24.918636897123328,14.816215441705031,3
2024-08-14,19.706671812517456,17.581643181223065,1
2024-08-15,23.810599393137238,56.80131987956507,1
2024-08-16,49.375296438108414,64.04400736551554,0
2024-08-17,33.00015206489724,61.975798185365186,1
2024-08-18,22.886755303773683,31.09713500503674,0
2024-08-19,52.14637614483182,85.34774148368989,1
2024-08-20,16.809264206886922,76.34585620799665,0
2024-08-21,13.799264876990932,78.3151698852428,1
2024-08-22,40.74506171687791,17.068461939373524,1
2024-08-23,32.3266278246338,75.01411926956561,0
2024-08-24,45.302573552500235,54.070228485619026,1
2024-08-25,50.63960127530638,87.64514234351216,4
2024-08-26,50.77121366731817,24.43753493333764,2
2024-08-27,32.93893047115677,15.779181614231893,0
2024-08-28,64.83024476413541,39.03818064678944,0
2024-08-29,-9.708125951096505,78.48865866247576,0
2024-08-30,54.50439662707862,26.404063248408832,1
2024-08-31,64.11709995729932,43.01600712334686,0
2024-09-01,49.9518246965299,67.51131138092492,0
2024-09-02,63.058135315728485,11.527166544806098,2
2024-09-03,46.86043984624894,94.23041744524072,0
2024-09-04,67.5004965944126,84.836854432698,0
2024-09-05,51.123612596887284,67.74081214559072,2
2024-09-06,23.741530532249886,77.52589109699348,2
2024-09-07,79.19744586078437,21.950232267360114,0
2024-09-08,68.80125681271072,69.73388054302762,6
2024-09-09,27.132553506597894,37.416197985425384,0
2024-09-10,48.89467339972448,64.9581454969975,2
2024-09-11,67.17437844272331,86.45324937450191,1
2024-09-12,6.058028510526448,22.138621262498567,1
2024-09-13,79.78836641661107,42.281078444328145,2
2024-09-14,38.180570427395246,68.0828974303904,0
2024-09-15,68.35318021329485,80.85636600683591,2
2024-09-16,57.31191914414721,80.77833276121,1
2024-09-17,67.57782785976791,69.03729761106098,1
2024-09-18,35.14236930834521,56.08548559760841,1
2024-09-19,40.18598346211494,31.03140496246297,2
2024-09-20,93.06728734957346,45.16768490165438,1
2024-09-21,27.620944875639232,12.506582561910053,0
2024-09-22,60.59812347795585,53.43539382444731,1
2024-09-23,37.21019303046869,38.9406888845737,2
2024-09-24,36.90530002111825,98.85418445440006,3
2024-09-25,65.73247871916936,82.27958700152656,2
2024-09-26,41.864499934155,78.93086474584457,1
2024-09-27,68.14906396625946,64.93151368499798,0
2024-09-28,51.686026166087935,66.14219684721526,1
2024-09-29,55.9462061034009,40.625674641453045,0
2024-09-30,43.30687695098839,71.24574031601625,2
2024-10-01,35.981281341093805,62.85323174311192,0
2024-10-02,80.49127094497312,71.17994671172156,0
2024-10-03,67.69022587166144,62.277415293821704,0
2024-10-04,75.14180652196664,44.05003566416607,2
2024-10-05,21.793004611755013,67.87937612469908,2
2024-10-06,35.63518971853603,63.99562304569654,1
2024-10-07,40.18679110828083,33.85272599919167,1
2024-10-08,43.32873698214679,67.89555635310302,0
2024-10-09,62.67957281595052,98.93385208474007,0
2024-10-10,52.73035486730467,88.62391009161516,0
2024-10-11,43.35675276901348,64.4784746521308,0
2024-10-12,39.50056671046231,94.54255914755007,2
2024-10-13,53.76092774205444,82.41965740667743,2
2024-10-14,39.891140970469465,46.30551382764482,0
2024-10-15,48.59000904313083,92.50916109839388,0
2024-10-16,56.8321143424026,39.230091817336046,0
2024-10-17,59.29598086042648,31.686812556517403,1
2024-10-18,55.55263722854636,61.75193908538709,3
2024-10-19,59.97588848998101,99.79692615289127,1
2024-10-20,17.910695581374902,66.8486580881292,1
2024-10-21,42.404866804854855,11.613696895030818,3
2024-10-22,32.55464625341509,31.190736635918146,1
2024-10-23,41.15721086216727,37.695112451455145,0
2024-10-24,68.67757612368108,62.58579891247336,0
2024-10-25,35.52250311768107,82.60938293027877,2
2024-10-26,36.11650029369264,99.87019236155352,0
2024-10-27,44.80545328128339,42.43952475616162,2
2024-10-28,69.84094656924488,34.55835589108867,1
2024-10-29,28.68836486411091,71.22822803226757,2
2024-10-30,7.722626670055547,32.43006829754722,2
2024-10-31,35.18432814041083,33.72401572075793,2
2024-11-01,55.484248248335504,55.81844500004238,0
2024-11-02,28.687930281851585,34.268856307319396,2
2024-11-03,50.64609194356091,40.30665844487008,0
2024-11-04,35.75973929877311,28.841232579205226,1
2024-11-05,35.886766447135805,87.48536987151256,0
2024-11-06,41.871008279557756,58.309346676545275,1
2024-11-07,42.54348325719116,58.74045724810445,1
2024-11-08,17.711184585323352,10.730153710350415,1
2024-11-09,42.39001276895217,75.3450749130575,1
2024-11-10,43.8996566773638,52.081485624871256,1
2024-11-11,53.7662005014937,49.513655871279255,0
2024-11-12,64.77640447525589,99.64421005660728,0
2024-11-13,51.659627919255996,50.543169285412304,5
2024-11-14,28.06167132528685,59.418918893814954,1
2024-11-15,65.46258262820346,78.24690622338854,1
2024-11-16,65.88044730596916,61.73941645221724,0
2024-11-17,36.48935494964569,66.52503242301225,7
2024-11-18,41.47746152345165,99.55039143801751,1
2024-11-19,42.26390362621579,80.24543468551501,1
2024-11-20,68.00549263131681,18.155689605357068,1
2024-11-21,48.08050217986921,56.45542586236857,2
2024-11-22,45.70199054549227,62.85154685670775,0
2024-11-23,57.59602375313389,12.916731061655732,1
2024-11-24,42.2782035926543,43.37392595915056,0
2024-11-25,70.89798552617286,41.205923008046284,0
2024-11-26,55.27928844137318,28.056159352938728,0
2024-11-27,62.571052574813834,69.09920907885493,0
2024-11-28,83.80130949679597,93.48830313459754,0
2024-11-29,44.67558488167611,41.734445267185166,0
2024-11-30,91.86882008977437,29.49900601950542,0
2024-12-01,54.750379644292174,55.79404291744682,1
2024-12-02,44.396927501665225,16.14374858685285,1
2024-12-03,70.74655815513755,96.71909620406149,2
2024-12-04,38.27594313664978,40.29326897584882,2
2024-12-05,71.3438464856452,39.476111722014096,0
2024-12-06,41.40443785316677,23.69032678669805,1
2024-12-07,44.851398252448,17.65270423642058,1
2024-12-08,54.75918725704078,11.94715324096731,1
2024-12-09,80.01255514314101,39.15891834453713,0
2024-12-10,22.697729661968737,21.485556480757076,1
2024-12-11,77.59020592077687,37.34419366489847,1
2024-12-12,42.21457130785815,29.621235104834405,1
2024-12-13,13.568518263796399,57.40419107026672,1
2024-12-14,48.59433823298895,59.194243548965154,0
2024-12-15,29.500763335974742,28.51954374795614,1
2024-12-16,11.427807851787996,89.4073028441884,0
2024-12-17,35.56388626005011,16.894841114057105,4
2024-12-18,23.314573268357673,38.169088974526524,1
2024-12-19,51.59652280270032,25.865020908992534,3
2024-12-20,51.510067725856615,27.47150930340261,1
2024-12-21,70.79215777646955,36.80016573565892,1
2024-12-22,54.11499373476256,38.189932310433605,2
2024-12-23,64.84443537832702,51.316616377966625,2
2024-12-24,46.93830597431321,75.59414172951944,2
2024-12-25,16.435493004963718,37.52190779775975,2
2024-12-26,37.5576990742769,60.497804295172955,1
2024-12-27,30.64629447959208,47.91827022719686,2
2024-12-28,50.91515920198155,81.26346509305554,0
2024-12-29,34.25473428214303,19.571258196573332,1
2024-12-30,81.45693683273835,97.32228813024396,0
2024-12-31,81.08046234125173,54.541467005438214,1
2025-01-01,55.210850069674464,41.63048605302987,1
2025-01-02,39.40865285269062,85.47757038026757,1
2025-01-03,61.54206022553512,58.848293174678574,0
2025-01-04,37.81197897344979,74.59502594468881,1
2025-01-05,17.68421227480752,65.415444385932,2
2025-01-06,58.48287133933749,88.50168929345553,0
2025-01-07,36.47592760973541,82.44006293334871,0
2025-01-08,73.1083422544375,15.36852626486612,1
2025-01-09,51.51104262710864,79.96809892781803,1
2025-01-10,43.35955600111071,27.138396919730937,0
2025-01-11,51.401376492451355,63.585480198435384,1
2025-01-12,36.9655556906164,26.932940853572365,3
2025-01-13,50.52794760971332,11.085046513646578,2
2025-01-14,86.92771846016461,74.39070823324508,1
2025-01-15,12.285001833608113,24.010931250035313,0
2025-01-16,42.58307947860137,37.6509922165478,1
2025-01-17,41.183003700336556,46.68808716256546,0
2025-01-18,32.48500535792073,90.66430643336012,1
2025-01-19,61.941884595164204,27.87643585430539,2
2025-01-20,45.99659476061414,30.637608531271777,3
2025-01-21,47.8375082533671,72.63927809928909,0
2025-01-22,51.65378106495577,62.48220607770472,0
2025-01-23,16.60123905778525,62.95323818973922,1
2025-01-24,49.42413689742175,82.61544887025137,2
2025-01-25,53.85158077739274,25.328420176540718,1
2025-01-26,45.014489387162456,18.319044551444655,3
2025-01-27,61.14455294340929,57.072170335331855,0
2025-01-28,52.65603032574629,19.67716924532855,3
2025-01-29,63.45611775491376,67.65744853687573,1
2025-01-30,48.515542412260025,86.81078850065435,1
2025-01-31,62.04001674841899,83.26854771129352,1
2025-02-01,84.60532191404742,44.3967187972085,1
2025-02-02,29.288767318760172,78.1004435153796,1
2025-02-03,69.8593332804241,88.95049328788153,1
2025-02-04,44.011861029120524,17.809503423799747,1
2025-02-05,12.234809398761783,27.538900914040276,2
2025-02-06,79.59601471130142,69.74395373914622,1
2025-02-07,43.3280896405315,85.2028842156324,3
2025-02-08,11.392478114081847,32.49304393138668,1
2025-02-09,76.15850859357617,76.40826589087713,2
2025-02-10,32.69449794581002,89.75908101013994,0
2025-02-11,53.588843818622124,34.6585185917704,0
2025-02-12,50.75544269211361,53.21896264488676,2
2025-02-13,64.9352487705712,93.35256949888674,0
2025-02-14,42.148603735069486,32.69552744804359,1
2025-02-15,102.85085395884104,73.83846226179179,2
2025-02-16,38.27988187603013,25.77524540425833,2
2025-02-17,60.50337912930871,86.95772101536808,1
2025-02-18,70.74521577603157,95.3146500802421,2
2025-02-19,30.828419527108203,43.14058496883113,1
2025-02-20,50.885550944803995,16.747970769405747,0
2025-02-21,53.6783041496231,86.1250825131755,1
2025-02-22,25.268287397882794,74.82288434385,2
2025-02-23,39.35555887759307,12.102249930427625,0
2025-02-24,75.74180493972594,18.299028177772968,3
2025-02-25,24.195295609267433,44.9051805941998,1
2025-02-26,59.736631415486286,59.87156650835756,1
2025-02-27,72.44332624568905,71.74347600831604,1
2025-02-28,43.997393261249925,97.65652560905019,1
2025-03-01,51.06614954541588,96.75366250095345,1
2025-03-02,54.84442406771688,30.389420354677586,0
2025-03-03,59.748295135412505,28.985697683218874,3
2025-03-04,65.66531302932843,85.38075084221738,2
2025-03-05,53.007095591536604,30.841271810874392,1
2025-03-06,46.45797469402903,57.07825671231508,2
2025-03-07,22.885703360168456,46.06191472564309,0
2025-03-08,37.421210030028234,76.02603218262418,1
2025-03-09,54.73770385984956,55.15001271576917,1
2025-03-10,29.10146391826363,60.908008034046205,0
2025-03-11,26.250212622153906,51.73922852765196,0
2025-03-12,42.68124012624471,75.36906094728921,1
2025-03-13,21.99151861544324,69.08525333106297,1
2025-03-14,56.47206215027668,56.05196633037438,1
2025-03-15,46.632775522163456,43.691626141120366,1
2025-03-16,74.99458858419774,85.01503579145373,3
2025-03-17,78.35918396072941,55.98280313289404,0
2025-03-18,67.73970531468416,23.46436848329765,1
2025-03-19,21.41268680502852,53.259031166235346,2
2025-03-20,63.54877101510412,91.22299584051446,0
2025-03-21,59.75898097221939,66.80845432519163,2
2025-03-22,82.07017789551051,54.69076419236979,1
2025-03-23,71.6423458997084,92.4487771980688,2
2025-03-24,66.11397051342962,66.20038436322793,0
2025-03-25,57.47715168841864,11.723565511051273,1
2025-03-26,61.0772807306169,72.53814026774009,0
2025-03-27,50.431626932298634,91.35175011722872,0
2025-03-28,56.89332618147365,18.736682174650586,2
2025-03-29,42.650674379195024,69.2779171847117,1
2025-03-30,43.709299271199114,13.62732854032049,1
2025-03-31,51.984714559769984,71.86628465980768,1
2025-04-01,36.803507445561706,32.38641896766538,1
2025-04-02,40.11106347327236,75.38244111248825,0
2025-04-03,33.947580661777316,26.150850421775395,0
2025-04-04,51.10725193713107,88.49883281923758,2
2025-04-05,55.80294883738643,28.84487267872912,2
2025-04-06,45.00265722100087,46.504721533045526,5
2025-04-07,47.68494553545236,19.850102378015986,2
2025-04-08,47.99455408403256,19.906415016553844,0
2025-04-09,4.106507257941566,61.000426854404594,1
2025-04-10,68.70428284041328,16.423420203481502,1
2025-04-11,52.50877110826508,92.05936561620226,1
2025-04-12,57.12244986583748,98.00191745447334,2
2025-04-13,49.511534618318336,55.54415096521932,2
2025-04-14,26.887210257861156,73.44126137967054,0
2025-04-15,67.89835687322342,91.38495145265124,2
2025-04-16,41.801177378750104,18.28642927645307,0
2025-04-17,69.5393720390553,61.246932379012186,2
2025-04-18,51.404963257142455,53.471555384821094,1
2025-04-19,36.05988202831243,17.882515895572162,2
2025-04-20,42.068562820074575,95.61167267213321,2
2025-04-21,44.33344157219426,91.25832628984114,3
2025-04-22,30.532195010879654,46.35132985389472,2
2025-04-23,52.05242682510586,19.788024358184455,0
2025-04-24,66.31324212962129,40.27013645853748,0
2025-04-25,44.35264781195308,74.77711844179846,0
2025-04-26,59.374945434364115,46.71239406003827,0
2025-04-27,46.0399725276475,87.60686826720577,0
2025-04-28,21.3948851464241,27.077520839835724,3
2025-04-29,19.610198854647418,35.707612989639124,2
2025-04-30,59.006437071907555,65.42680429316994,2
2025-05-01,45.49554675288328,54.7111875451594,0
2025-05-02,70.23818461060738,86.3332657799992,2
2025-05-03,53.85711681173753,24.566921256316725,3
2025-05-04,61.9610886625678,11.857503205882967,0
2025-05-05,33.899000646848975,18.25008959870184,2
2025-05-06,58.92174612329185,84.39039699001316,0
2025-05-07,60.241278943602,32.94431720270232,1
2025-05-08,18.53477304558592,60.251991427529674,1
2025-05-09,51.310394038797796,89.85501614000187,1
2025-05-10,69.51893825169923,30.097680030576864,0
2025-05-11,49.70406506661749,24.843264859128556,1
2025-05-12,22.563928572595493,23.575042111390957,1
2025-05-13,19.246608876624155,30.20347567571009,0
2025-05-14,35.97490093212284,99.33603928352449,0
2025-05-15,36.740806088000845,68.34010352047005,1
2025-05-16,46.98459083385253,46.025650937855296,1
2025-05-17,70.57021501395697,76.66497304047876,1
2025-05-18,30.645872819227197,98.99818568889837,0
2025-05-19,30.64091645068888,99.91439807335209,0
2025-05-20,70.53656272791824,48.75689505277358,0
2025-05-21,73.22467444256188,95.21130409841452,1
2025-05-22,50.691105533728745,89.3994730155564,0
2025-05-23,33.005837151141456,86.14379782330425,0
2025-05-24,30.01937046991015,18.082572062267985,0
2025-05-25,28.814811659334193,46.03942104142108,0
2025-05-26,32.49913291124916,23.106674134147454,1
2025-05-27,51.064260544718984,43.1143784295474,2
2025-05-28,25.817319682814887,91.59760433819815,1
2025-05-29,60.87749396619048,32.039513890323406,0
2025-05-30,44.75499363325231,20.475762708892574,0
2025-05-31,11.136121473133528,97.15073392011395,0
2025-06-01,80.15681879873804,22.78863444294896,1
2025-06-02,69.48504254809976,31.574153694711455,0
2025-06-03,90.80828774560878,92.25089791001565,3
2025-06-04,61.58264603234255,76.48155101109757,1
2025-06-05,35.632138613663365,50.48972873112177,1
2025-06-06,21.164519906939216,30.53178263973377,3
2025-06-07,65.86545180064354,77.789558726021,2
2025-06-08,46.635740635407345,37.50663600232177,1
2025-06-09,62.75074716839504,28.361492934230398,0
2025-06-10,53.711703106082666,10.051657594277096,1
2025-06-11,101.13392843498923,89.26893655446013,1
2025-06-12,54.904269512664904,30.335148675306492,1
2025-06-13,36.55135383833453,93.32453698806395,0
2025-06-14,73.2798375296384,31.59609794005386,0
2025-06-15,62.19201793749227,73.06334453939917,0
2025-06-16,12.974083758266815,20.6380098704916,3
2025-06-17,24.57119060963993,30.39599563330528,2
2025-06-18,49.44225501718957,71.6735937910861,0
2025-06-19,68.47633261492692,44.59348994423627,3
2025-06-20,59.24768164265517,95.10351442070336,0
2025-06-21,55.60542427845691,88.92856579569363,3
2025-06-22,34.41061007359035,46.2528158796011,1
2025-06-23,23.81041059875232,92.30324138173694,0
2025-06-24,62.65682513851875,17.639050530932213,0
2025-06-25,85.89697115733037,57.751263105194525,3
2025-06-26,65.89200472171147,42.864885036418045,1
2025-06-27,38.273867157441124,82.52845506110735,0
2025-06-28,60.368084170820076,60.880727601473254,2
2025-06-29,34.71938276241145,23.50833378719355,2
2025-06-30,51.767960202178855,29.744530254180393,1
2025-07-01,84.35403373843765,94.33467629924237,0
2025-07-02,49.70781862375895,77.3730917597477,1
2025-07-03,44.019020591179924,59.96149278908317,0
2025-07-04,60.920257729343156,34.61373817089139,1
2025-07-05,55.19877701122522,48.03610093480168,1
2025-07-06,79.64925682675707,64.12382648637872,2
2025-07-07,77.40902302627816,75.46571254495245,0
2025-07-08,21.08837602316061,51.08083039461425,2
2025-07-09,39.12932243538311,21.94048412721467,3
2025-07-10,104.96693181041067,73.93350339907985,2
2025-07-11,44.9201274882284,38.16720718006009,2
2025-07-12,15.646822550521733,86.47211969366334,1
2025-07-13,61.64531042318782,30.912802335041544,3
2025-07-14,48.586232975252244,92.70637789144085,1
2025-07-15,20.305660140822322,23.020793341253576,2
2025-07-16,39.437488103356564,54.1124392114665,0
2025-07-17,36.85683354960129,18.135333535400406,0
2025-07-18,51.16437387277874,42.35974931246279,0
2025-07-19,36.086113540920664,65.94595766257677,1
2025-07-20,60.13609107487618,69.32258663161981,3
2025-07-21,63.86362982792733,20.39965970437354,2
2025-07-22,73.64135036537209,29.760560146875218,0
2025-07-23,74.39747749552392,24.212483338757146,1
2025-07-24,29.091211664342012,97.12976062920185,1
2025-07-25,75.22416573555124,26.3721890253686,2
2025-07-26,72.39140196475431,38.69994360865183,2
2025-07-27,33.172484242858474,49.57781447285968,2
2025-07-28,92.88946787145008,75.5664940300155,1
2025-07-29,66.0939567433426,58.97481144529637,1
2025-07-30,54.27808599021462,48.95287410749068,1
2025-07-31,37.98357558441286,47.707384800462535,1
2025-08-01,41.57396398930971,51.498305305358876,2
2025-08-02,61.26014259905188,16.232073764066165,1
2025-08-03,33.598496274796126,48.47078124733817,1
2025-08-04,10.505130195484618,28.79078391347596,3
2025-08-05,67.60838271560621,14.790667680147326,2
2025-08-06,40.50153008715854,71.05740511988424,1
2025-08-07,18.238601034246358,45.29059264409425,1
2025-08-08,38.275102303359645,26.32923607885874,2
2025-08-09,57.47935348409345,25.655376023551486,1
2025-08-10,47.93481100173798,93.48864159439648,3
2025-08-11,16.149046220996425,94.24829504856163,1
2025-08-12,39.631574464898165,37.25189138417191,0
2025-08-13,43.271636435539264,71.02468173571927,2
2025-08-14,39.10966189949177,13.144002598679306,0
2025-08-15,39.55218684486226,56.85543835029409,4
2025-08-16,52.86924870393489,71.885537543916,0
2025-08-17,75.00931487949705,29.270226153133674,0
2025-08-18,37.949714716822015,63.10895617341997,2
2025-08-19,46.99943766708725,88.99333501038802,0
2025-08-20,95.28220422090205,63.20836481156555,0
2025-08-21,63.204902757683556,67.32411498885169,1
2025-08-22,34.78072556580153,10.718061026578319,1
2025-08-23,68.37435683660165,86.6081990116135,1
2025-08-24,53.04450134744806,48.339750746075026,1
2025-08-25,68.61599451012026,27.105803776411605,1
2025-08-26,69.59244492885712,20.03452341840846,2
2025-08-27,60.826406518823504,27.707306292781492,1
2025-08-28,37.94269369286467,12.329008865052682,1
2025-08-29,32.53749182813479,72.9157550580019,1
2025-08-30,45.485109504279826,13.794386074701844,0
2025-08-31,30.777560845824617,38.616747261062656,2
2025-09-01,33.313784095661354,27.558835352685584,2
2025-09-02,56.558923820497256,99.74050134810508,0
2025-09-03,33.507806186463654,66.85589417363386,2
2025-09-04,59.98513564628485,96.72960810852427,2
2025-09-05,39.085871526939414,67.16720272005816,0
2025-09-06,25.29817875587472,88.23584573540909,1
2025-09-07,73.33186338342952,18.009704526982294,2
2025-09-08,59.27408700107415,76.2179118403891,0
2025-09-09,38.18924910973703,57.22359982354504,0
2025-09-10,20.107283799084456,20.207419867157874,3
2025-09-11,49.590816562888214,52.23627218939344,2
2025-09-12,50.58781450292668,10.166364705792105,1
2025-09-13,21.186823629250746,25.74550502061534,2
2025-09-14,51.516292469838504,36.498361103563134,2
2025-09-15,42.162982493867474,86.55392724146539,2
2025-09-16,114.27982922717459,53.21693473513786,0
2025-09-17,98.74025757631841,91.31642803520258,1
2025-09-18,65.24606801356936,62.72804082359704,0
2025-09-19,79.4875112941283,81.40831042173298,0
2025-09-20,46.47428679604383,52.335225045811804,2
2025-09-21,72.89731126843793,63.150169501553506,1
2025-09-22,70.23847720736893,51.07207634680732,0
2025-09-23,45.62807707403055,52.976848258536855,1
2025-09-24,28.075579884975312,47.30761309728381,4
2025-09-25,31.618123186451413,47.9124355932947,0
2025-09-26,96.03485124106675,18.990612735690178,1
2025-09-27,96.6511091636396,94.40351728055225,0
2025-09-28,15.56439471879527,40.989645059032206,1
2025-09-29,35.770265587560345,31.12526324869218,1
2025-09-30,64.64437795194777,28.419229854063165,1
2025-10-01,55.338638076717025,45.836349800818645,0
2025-10-02,28.07747743558956,66.99824994680519,1
2025-10-03,20.25110252100639,14.078951132712268,0
2025-10-04,60.9220201493264,10.790977808650418,2
2025-10-05,30.54816139921335,53.753708990463785,5
2025-10-06,56.025997713158155,68.40564419563523,3
2025-10-07,74.7513234562883,80.6840366600624,4
2025-10-08,21.408515814325774,36.09478718411353,1
2025-10-09,26.205060485656098,20.56099047814177,1
2025-10-10,55.95315335241296,86.13545480184075,1
2025-10-11,28.271799985186284,98.95420679336836,2
2025-10-12,60.02062942728961,84.0844823122328,1
2025-10-13,58.753707027980596,61.3978327370649,0
2025-10-14,24.68985955001478,60.13666240499535,0
2025-10-15,58.229502168783824,43.66166221540108,0
2025-10-16,56.486029095387444,38.286682880835436,0
2025-10-17,21.367231974700513,16.579028617101933,1
2025-10-18,34.242191692776046,83.27564482072928,0
2025-10-19,16.452862665988974,88.22310869808592,1
2025-10-20,34.96562785441846,89.73121070187209,1
2025-10-21,55.71107312154653,47.257392302633114,1
2025-10-22,44.93962647788982,94.81740827503248,0
2025-10-23,85.1646263492192,87.58825151668809,0
2025-10-24,31.06651862403764,46.58771822580619,0
2025-10-25,58.4434900499371,39.22135458342913,1
2025-10-26,26.161783732983885,32.30787028532495,2
2025-10-27,46.46657279198714,92.62159132563646,0
2025-10-28,35.09912788287705,82.34746815077828,2
2025-10-29,30.096091569206664,16.48697613303265,1
2025-10-30,61.07489010875498,55.37498678981194,0
2025-10-31,33.7783681801791,12.26045391668206,1
2025-11-01,37.69111850682101,11.086151704724543,0
2025-11-02,58.32320707392026,35.23061009577564,1
2025-11-03,36.05235653663435,23.213753379772285,0
2025-11-04,36.70782402911786,64.80031909953107,0
2025-11-05,30.001245638397712,95.70957261667007,0
2025-11-06,76.53964005920959,86.4012179764187,1
2025-11-07,43.077750128340156,78.53143589779525,2
2025-11-08,36.507851783281964,31.52664321768226,0
2025-11-09,4.321368038760205,48.88796577568805,1
2025-11-10,63.63722825185331,86.02408383268981,0
2025-11-11,57.81944209178548,14.238728458553025,0
2025-11-12,32.947406519022636,79.17162662388307,0
2025-11-13,42.02573672409067,86.3080197483165,2
2025-11-14,37.85633972424781,74.5160900196623,0
2025-11-15,61.77350432569219,12.478606358549257,0
2025-11-16,92.60448501275388,60.324064405116886,1
2025-11-17,57.698904481819476,55.66836536047078,2
2025-11-18,58.345071059469774,89.18200108126592,0
2025-11-19,32.61007940946743,56.06570468826611,1
2025-11-20,67.32658578558565,39.80610360160789,3
2025-11-21,35.4086786792531,30.490478213921882,2
2025-11-22,60.931811948252694,51.86893367112699,1
2025-11-23,68.29696707954909,46.755355870583415,1
2025-11-24,74.16034755886997,22.502956196164206,1
2025-11-25,78.94507189729296,45.54968764638774,1
2025-11-26,45.79179339198545,74.48412821014513,2
2025-11-27,84.1894112332042,33.81378162710737,0
2025-11-28,43.8805607330688,96.43465431406958,3
2025-11-29,18.61169138682236,33.08408252399724,0
2025-11-30,33.65063400103732,60.212283252765175,0
2025-12-01,55.149582050828634,12.350502885440347,4
2025-12-02,45.27050836522073,47.74651347334733,2
2025-12-03,45.362880806707096,44.59268251631951,1
2025-12-04,39.75643498712833,28.929046501790644,3
2025-12-05,30.327735714617482,84.57474449967853,0
2025-12-06,44.509193723854985,85.97175063235571,2
2025-12-07,54.49712735904673,90.68349406441472,2
2025-12-08,26.444915764830693,83.71917442905743,2
2025-12-09,63.44367157058733,47.00748234532322,1
2025-12-10,39.85211487983868,77.28441432645722,4
2025-12-11,59.19685008377787,63.86091428585271,1
2025-12-12,48.644280511745876,26.88300107066469,0
2025-12-13,37.95414464271934,82.28936038997634,0
2025-12-14,48.81089738490747,18.13976384985881,1
2025-12-15,60.192583384528426,25.130947565040863,0
2025-12-16,67.47593482453735,59.1795965897558,1
2025-12-17,42.52991006398106,88.51034142362121,0
2025-12-18,48.98241598902479,48.98501189330571,0
2025-12-19,27.38688684624735,32.505027398199275,0
2025-12-20,48.006040472091144,41.98361442528984,0
2025-12-21,10.281598377110598,98.43610356687722,0
2025-12-22,75.30560084561196,99.24803194454597,0
2025-12-23,53.35275175996747,94.54401805065862,1
2025-12-24,42.75038626452841,67.2009282202076,1
2025-12-25,53.33662376747677,72.25111578820548,6
2025-12-26,32.13938542591675,76.48797635706933,0
2025-12-27,55.518789095627724,11.703923725285328,1
2025-12-28,51.90320253726885,48.753748320050974,0
2025-12-29,49.99311372651554,84.17559476142641,0
2025-12-30,66.35731457402817,88.12890790447912,1
2025-12-31,94.92771850113297,94.22001889246522,3
2026-01-01,90.41262214249255,88.4853902020345,2
2026-01-02,36.27881873664503,89.23779216487596,1
2026-01-03,24.819300313841186,58.06744774041319,2
2026-01-04,60.55426082565451,62.0678608262,2
2026-01-05,18.382542364797438,84.34258741404358,0
2026-01-06,32.08631837595493,33.82757974133346,1
2026-01-07,45.754811830787375,52.72212891598615,2
2026-01-08,78.91315530986621,81.52894314951313,1
2026-01-09,49.397304934175274,60.718038868818155,1
2026-01-10,37.02027602159107,11.154162749292809,2
2026-01-11,57.639830509817706,64.79809293161264,0
2026-01-12,44.73331399556536,80.76289650918147,1
2026-01-13,47.11134305556299,93.69870637163676,1
2026-01-14,62.59434522727888,14.249551059520593,1
2026-01-15,63.52413209030057,79.33438649169797,3
2026-01-16,35.74149986405947,32.40138984445407,0
2026-01-17,73.48579405353235,35.38723407128472,0
2026-01-18,98.39132073189337,90.89389177095555,2
2026-01-19,4.389481293654811,60.1232703227185,1
2026-01-20,23.55956959807687,13.113046660686994,3
2026-01-21,36.36261442721902,47.36083319411538,1
2026-01-22,18.60689253383522,90.80043925604771,0
2026-01-23,59.969351832891164,23.2804686337547,1
2026-01-24,32.130931074684916,43.4924137157229,0
2026-01-25,48.50454895615428,13.269736790495607,1
2026-01-26,33.6541615343108,24.583595405279233,1
2026-01-27,57.661863830380064,74.84506286303049,3
2026-01-28,60.58583615837344,66.01306803109074,1
2026-01-29,76.21249764178056,60.89675829481196,1
2026-01-30,64.50695514916548,92.54381478726411,1
2026-01-31,60.683058577321844,57.526066748884794,1
2026-02-01,79.16770859798153,25.21107787797692,1
2026-02-02,62.88505325627419,32.64069120223799,1
2026-02-03,40.98634086079622,39.62077512277995,3
2026-02-04,34.972082602619146,58.475426246494344,2
2026-02-05,36.27183565919742,69.16540391412173,2
2026-02-06,30.117640174249402,23.588589392942282,0
2026-02-07,26.656179593401017,84.59714024642756,4
2026-02-08,72.55363120385331,12.679900371836332,1
2026-02-09,61.998142050411474,68.27182689238865,0
2026-02-10,22.71075454178217,86.46479356647333,0
2026-02-11,36.38484488020685,57.227612964466005,0
2026-02-12,84.1081631490108,86.02344463701033,1
2026-02-13,58.54926215745824,12.767429528739948,0
2026-02-14,42.381441495651096,29.884767204984602,1
2026-02-15,49.212514360895135,83.45643735554073,0
2026-02-16,66.36173665095208,34.57893058434651,1
2026-02-17,80.78306366762158,97.34896474870447,1
2026-02-18,67.97285679248769,12.395991096848384,0
2026-02-19,5.459509495847186,63.00241066642655,2
2026-02-20,86.41543252233319,60.02811849363452,0
2026-02-21,56.756279883076445,69.08746493000962,1
2026-02-22,33.93542723475917,63.57598021311072,0
2026-02-23,74.49673616327422,87.80884736767976,3
2026-02-24,60.65796993999673,33.61918476428892,1
2026-02-25,51.61627911562266,80.52049843386916,1
2026-02-26,78.36411797852254,30.802600762961365,1
2026-02-27,43.212541194003336,25.53633894128184,2
2026-02-28,19.05834537795259,60.80748432369761,0
2026-03-01,25.330521934864073,82.16546145637061,2
2026-03-02,17.58359195016957,91.82481851690997,0
2026-03-03,41.33764913360298,25.025831448659833,0
2026-03-04,61.42673377180397,98.97690703366689,4
2026-03-05,47.99926043424113,77.66442381888915,1
2026-03-06,38.33314854417331,31.491109516756527,0
2026-03-07,36.865083171670676,26.12483594531011,1
2026-03-08,1.5042344243314858,83.19833185259795,2
2026-03-09,69.21806804919088,76.60992709110235,1
2026-03-10,72.88130364001633,22.95375978107335,0
2026-03-11,19.367275964927394,71.35904228751474,2
2026-03-12,31.1066414197442,65.1895497063249,1
2026-03-13,36.7515524208428,71.0721381837744,4
2026-03-14,91.3615459412814,54.74041267457136,0
2026-03-15,50.96695646820399,31.59618609776342,0
2026-03-16,29.092631413518433,21.961872869255934,0
2026-03-17,74.30339743722129,64.6571260180237,0
2026-03-18,29.231014771143432,49.44766105546758,0
2026-03-19,73.22033411850558,60.41167166637503,0
2026-03-20,81.75774316754936,82.6965869608554,1
2026-03-21,15.55253687725299,20.600433627052944,1
2026-03-22,34.17622948534131,98.56214337819402,1
2026-03-23,48.86579147307439,29.340883593678846,1
2026-03-24,76.41604949136557,85.62196061909948,2
2026-03-25,30.805799670654178,87.6049946512344,1
2026-03-26,32.86281891286286,72.11884270503376,2
2026-03-27,38.77575164043239,90.14059191260259,1
2026-03-28,68.5200888468512,75.85669416218383,3
2026-03-29,50.33652039601105,19.139680493063697,1
2026-03-30,15.473907861979654,35.76949083844909,1
2026-03-31,46.72269339464034,37.47929411228384,0
2026-04-01,57.90083139901967,66.87193885347739,0
2026-04-02,-1.2803404648523369,85.57845761114197,2
2026-04-03,64.30097164131669,15.905205671829652,0
2026-04-04,50.837557408523416,39.61683798137075,0
2026-04-05,72.64545201438403,19.66523253874306,2
2026-04-06,49.63587993888609,15.785214117456954,1
2026-04-07,35.25601480058664,71.05650980282081,2
2026-04-08,39.34174592151821,39.66562282870424,0
2026-04-09,44.613630967553135,52.11579255550937,1
2026-04-10,74.51983570357243,18.317584174343768,2
2026-04-11,67.29530423000875,78.69402135773552,1
2026-04-12,31.28618640013405,81.95154446600465,1
2026-04-13,49.35638539194718,21.377631748667632,0
2026-04-14,57.69706842989866,14.221089959994838,1
2026-04-15,66.96177390896601,47.62821472750105,2
2026-04-16,66.83568257805129,17.781598118474385,0
2026-04-17,31.66322230649026,88.126028312299,1
2026-04-18,76.32797491697957,80.9459367672693,2
2026-04-19,66.98647463463776,43.558860719886006,0
2026-04-20,30.477209121960776,55.050703334617204,0
2026-04-21,61.00825195819756,62.84893812551188,0
2026-04-22,39.341452775768154,35.411894787025645,3
2026-04-23,41.24467301172025,25.209554591018406,0
2026-04-24,68.16963204157496,98.35707762698055,1
2026-04-25,41.34605658640884,17.53626931811183,0
2026-04-26,34.50554766790326,50.38171219801273,0
2026-04-27,20.354118764483594,81.42214029712757,0
2026-04-28,49.799627976399414,14.93471846431698,0
2026-04-29,18.376073363429445,17.664870059502036,0
2026-04-30,61.84787300948195,66.73299496259676,0
2026-05-01,50.77421987884579,17.512850905684555,1
2026-05-02,64.11636747156965,93.74523341913151,4
2026-05-03,51.730387455093364,77.4538892425049,0
2026-05-04,45.32369966502588,95.65232403621756,0
2026-05-05,69.8867383058785,22.763248785757902,2
2026-05-06,75.04458565311084,52.88005959136368,1
2026-05-07,59.024709444592595,92.92856276483197,1
2026-05-08,-14.839835647691999,76.11417468119214,2
2026-05-09,21.069656731250408,53.34890137955869,1
2026-05-10,51.96608903003342,73.87257027283832,0
2026-05-11,76.92431629041103,93.2540271253269,1
2026-05-12,38.773412527450944,74.74527580643525,1
2026-05-13,65.92711527672263,85.89008362331346,0
2026-05-14,45.493049295765125,55.80187123634601,0
2026-05-15,41.84989620256602,42.87852121533162,0
2026-05-16,41.39390531059459,39.049325235884524,2
2026-05-17,35.39996418687079,22.737853667105142,0
2026-05-18,87.52914847696039,15.682974219285896,1
2026-05-19,75.8833781972478,30.564770367556303,0
2026-05-20,48.86844534356772,53.50013654642974,2
2026-05-21,49.94878866543476,61.05593208134708,0
2026-05-22,46.22030208524906,17.143263385858546,0
2026-05-23,39.90188136698403,66.37872840568153,0
2026-05-24,21.686829784697792,97.31532899550488,0
2026-05-25,49.06656125282036,93.56717453406414,1
2026-05-26,21.141653019131113,24.476279316707775,1
2026-05-27,52.25002369791213,74.4644690483042,0
2026-05-28,51.505328653563566,36.917058546003986,2
2026-05-29,42.915748290701764,21.56698626617503,0
2026-05-30,40.95286816102025,11.03867585677633,0
2026-05-31,72.9524051313363,81.46887274687192,1
2026-06-01,93.10822695605691,25.999797772751865,1
2026-06-02,39.672196102329494,25.438513884554858,0
2026-06-03,64.73145800000161,41.8238451768848,2
2026-06-04,37.908366459640284,28.568797859606473,1
2026-06-05,60.68213109106968,98.94932531792672,1
2026-06-06,43.16819758633699,75.60442500201344,0
2026-06-07,68.95164849576359,48.762927588890136,0
2026-06-08,62.1057126464156,66.57698410948252,0
2026-06-09,32.65205324851012,93.35988959745661,0
2026-06-10,40.31748230767858,28.035159932156944,2
2026-06-11,88.44219115510275,73.35822712892771,0
2026-06-12,26.44569091801529,50.77439660437911,1
2026-06-13,38.31864197699208,83.28565433477443,0
2026-06-14,51.67455626851106,10.862470564694553,3
2026-06-15,70.48419641774574,35.32931968246183,1
2026-06-16,26.69293270555466,84.31148890622187,1
2026-06-17,1.1565963892962117,85.40572312711878,1
2026-06-18,45.873654041463105,49.5857554475804,0
2026-06-19,-0.4745628243885278,26.865256961122643,2
2026-06-20,80.44698329624484,10.730928661091863,2
2026-06-21,49.16213495867156,60.61797012617567,2
2026-06-22,38.786243490453344,55.45815891514525,2
2026-06-23,52.673717967539105,24.642355525570665,0
2026-06-24,77.13450949714661,91.62405717383714,4
2026-06-25,39.53374226987678,25.723457619861144,1
2026-06-26,38.67889486736785,66.0951161189873,1
2026-06-27,74.08395574261294,33.27154657110831,1
2026-06-28,22.923919605078332,51.86703138720528,2
2026-06-29,37.66639712317308,51.041460030885865,3
2026-06-30,55.442573794824035,42.9193183836197,1
2026-07-01,45.36864318910135,22.504197771006883,0
2026-07-02,48.478252777186775,51.83199492747496,0
2026-07-03,52.30725698708835,95.59410390227121,1
2026-07-04,40.27494216451831,93.15105551054465,1
2026-07-05,58.14241405350458,29.87222742726543,2
2026-07-06,67.45686371004916,51.243684375596104,0
2026-07-07,29.70137107825971,37.05240010135749,1
2026-07-08,24.797160367383952,75.92412616565429,2
2026-07-09,98.99377336507811,11.44048426067528,1
2026-07-10,52.83146207040909,82.8705656092191,0
2026-07-11,52.632705112834344,98.22008277753021,0
2026-07-12,71.5651771407018,21.418914801523044,2
2026-07-13,55.77161220453622,60.42366682478925,1
2026-07-14,62.17972674810976,32.45951234887232,1
2026-07-15,73.5295434884393,41.42306145186846,1
2026-07-16,56.48142866629676,55.5841683867524,0
2026-07-17,58.63932355739265,27.76366096473209,0
2026-07-18,82.32966885977291,94.33000295348243,1
2026-07-19,81.69696140964973,87.69624842676848,1
2026-07-20,30.540382402456206,13.602721921622539,3
2026-07-21,51.04966143677525,84.66986417668322,0
2026-07-22,53.923858723779816,82.15893901999273,0
2026-07-23,68.27109200341694,76.14882948848886,0
2026-07-24,13.127581847142814,89.1707116792184,1
2026-07-25,47.74898938670311,46.80491817874328,1
2026-07-26,70.20732983677021,71.45500826206563,0
2026-07-27,34.389165127946924,34.46508821230267,1
2026-07-28,23.28343673758098,19.059748531112888,2
2026-07-29,41.97310455376502,72.43623617719737,0
2026-07-30,91.38983359527988,22.86216976084308,4
2026-07-31,84.48391499350839,14.1909213644329,0
2026-08-01,45.960321818146184,48.48932934196837,0
2026-08-02,48.065400024398144,31.384236672370715,1
2026-08-03,38.52768892093651,70.51665285346499,1
2026-08-04,54.03923401425676,84.98401040269323,3
2026-08-05,25.713347468689648,80.12966996461168,2
2026-08-06,27.675295548792217,63.22442915621281,2
2026-08-07,31.101923121452312,67.20697148067012,3
2026-08-08,33.19324001992757,67.42467786408928,1
2026-08-09,53.26224338041105,15.371295000555149,1
2026-08-10,11.780318602052553,25.101646796637397,0
2026-08-11,25.960266004912306,73.43458055171186,1
2026-08-12,49.913729105449185,91.42634816766635,1
2026-08-13,50.632905585680476,70.15165753926945,0
2026-08-14,38.75120845848015,97.58012838121475,2
2026-08-15,45.30365134037711,43.39560785112217,4
2026-08-16,52.822427242990095,10.593218588919612,0
2026-08-17,17.64756245360131,65.10410334430713,1
2026-08-18,56.23515656203092,46.34242807875336,1
2026-08-19,83.21976247678032,54.44206230022241,1
2026-08-20,16.396364991747625,69.77577960176576,1
2026-08-21,29.427170110777535,11.489130714751305,1
2026-08-22,66.4915226163466,92.31385688648088,3
2026-08-23,42.080690764325894,11.145791829983459,0
2026-08-24,41.34250572794129,67.6254173870523,2
2026-08-25,16.16711411274835,22.593105574628346,0
2026-08-26,51.915123042108156,60.75858361655922,1
2026-08-27,62.87055925932863,45.47507830671364,3
2026-08-28,68.15556000588866,45.56107803067833,1
2026-08-29,38.87736661651629,29.906141425007597,2
2026-08-30,59.33689740053257,12.940273864948105,2
2026-08-31,44.408919953282016,37.0892520420507,2
2026-09-01,80.21608757179435,90.73061680888183,1
2026-09-02,39.79483487411122,34.55083008433718,1
2026-09-03,48.93824888776472,45.71949519624537,0
2026-09-04,54.82109280025667,67.60460924098922,2
2026-09-05,11.270294394594139,91.41401586191836,3
2026-09-06,50.92656435571604,83.25454534764467,0
2026-09-07,33.305105529721644,83.4110154349699,0
2026-09-08,27.622205935694268,49.108089505394275,1
2026-09-09,26.583196131208968,92.50236265865767,1
2026-09-10,23.393812432063218,46.863928248374215,0
2026-09-11,50.57692792799204,59.27046234890034,1
2026-09-12,86.66212624420223,20.845317211432885,0
2026-09-13,45.74819804958143,93.83094139354317,0
2026-09-14,55.07909256412183,42.63760135204646,0
2026-09-15,66.72009344803554,52.29465662687978,0
2026-09-16,46.18675287430543,71.23404977343404,1
2026-09-17,72.84477582432922,12.882746450505671,2
2026-09-18,36.98549033862385,31.707218243595626,1
2026-09-19,66.68448478998152,78.55681094886626,1
2026-09-20,59.026646573578354,35.593355114989436,1
2026-09-21,74.24532215630538,52.385566352984455,2
2026-09-22,56.417747170601956,64.74441369611048,1
2026-09-23,30.960112637146388,74.06577501665397,1
2026-09-24,41.18162868129884,77.68971981871205,0
2026-09-25,4.740338774297882,98.29719501086528,0
2026-09-26,51.93617370155721,19.198358262410174,1
2026-09-27,26.10844145139904,33.28436802639594,1
2026-09-28,84.22645302661233,53.703170725289105,0
2026-09-29,65.52548541975162,42.416986881453674,0
2026-09-30,47.761004553867785,95.71236390282934,1
2026-10-01,51.05650930940524,78.26116839301223,0
2026-10-02,58.15960787872926,41.17010271610276,1
2026-10-03,76.20881372162762,86.49497884345058,0
2026-10-04,74.58979373659112,23.662531977309577,3
2026-10-05,77.15762072994272,56.93551183650045,0
2026-10-06,67.56120702619486,98.15720461522861,2
2026-10-07,-0.6854719575411394,65.95926805768013,1
2026-10-08,26.562630846392263,23.535221483831457,1
2026-10-09,61.32413140668507,43.98559486605967,0
2026-10-10,12.576204254473524,10.421485977586602,2
2026-10-11,67.79857092211117,64.89279396683544,1
2026-10-12,87.22658154355673,67.3231169454441,1
2026-10-13,24.45503186026034,73.80938154631455,1
2026-10-14,83.96078457404231,28.431384212900635,1
2026-10-15,119.99742160350691,42.28787250887797,1
2026-10-16,36.33636477672078,69.27382492638509,0
2026-10-17,81.20505507775135,64.32416393971015,1
2026-10-18,32.139541843572836,37.73547243042266,1
2026-10-19,61.68184907210052,60.52100023216116,2
2026-10-20,70.50108403751928,73.95846677527376,0
2026-10-21,35.49920708569867,11.67690088848546,1
2026-10-22,9.707737675841777,92.1349435600677,0
2026-10-23,45.896174509669464,54.62468334157881,0
2026-10-24,69.03450103960975,46.26141017804889,1
2026-10-25,29.408488527043318,44.39191120928133,1
2026-10-26,46.43152703970525,96.86952800835111,0
2026-10-27,79.40802632029161,39.071219668918246,1
2026-10-28,46.83167788133529,89.29882423315007,0
2026-10-29,64.20222690514504,54.574638172570275,0
2026-10-30,4.72346074033176,69.63155326690452,1
2026-10-31,67.97582467510198,47.15695623972011,3
2026-11-01,49.94781912783444,57.34315356921827,2
2026-11-02,32.20263683724821,16.2190072069512,1
2026-11-03,48.141304660455525,60.674047442194265,0
2026-11-04,49.41761705058904,83.60118013289245,1
2026-11-05,43.7070845837852,34.14269116223509,1
2026-11-06,41.113448500425385,53.65744970237481,2
2026-11-07,68.88895019735978,65.82122127844153,1
2026-11-08,81.40992177069842,48.28737781846122,2
2026-11-09,19.10372995164851,56.48806178906589,0
2026-11-10,40.9430457372909,50.11124339806183,0
2026-11-11,21.154861233214586,35.51625107598956,0
2026-11-12,65.19010339903923,48.971300355411145,1
2026-11-13,82.6441248633428,63.91541383409541,1
2026-11-14,74.24874754006836,60.96557363941043,1
2026-11-15,79.43409175414783,14.821885397236716,4
2026-11-16,44.57104343601732,33.622602870815804,1
2026-11-17,44.66533628613733,42.08752772587921,0
2026-11-18,77.73137476093628,79.99484270120969,1
2026-11-19,51.516553535024094,69.55187395967673,1
2026-11-20,17.580541016172845,54.37314706492722,1
2026-11-21,66.51174413710885,54.79460412538929,1
2026-11-22,66.90147852754795,34.1878420711986,0
2026-11-23,56.301230811964636,65.21740206971259,1
2026-11-24,55.52020860172316,10.462993873469742,1
2026-11-25,25.408649019715767,68.90568807735141,4
2026-11-26,49.04067338688956,34.10142525257854,0
2026-11-27,24.963052566983052,28.144828447896884,0
2026-11-28,36.138156600292476,53.38686989048247,3
2026-11-29,62.62884772880226,32.8225917465866,3
2026-11-30,57.607809575469304,52.355941716351865,1
2026-12-01,43.71899616151145,26.594084536245813,0
2026-12-02,57.98295214346505,49.971802280820995,0
2026-12-03,100.53566186924364,85.66638745054638,1
2026-12-04,38.159860124225006,59.76846343859676,1
2026-12-05,35.20395837011491,18.466838908889233,2
2026-12-06,52.273395771023914,27.75946008056725,0
2026-12-07,59.92962732689561,22.574167156424714,1
2026-12-08,50.93438402078344,32.27954919364416,2
2026-12-09,22.149327003027945,70.81482258947457,0
2026-12-10,72.68221329143567,63.90299133551722,1
2026-12-11,49.25603614255618,11.748513827729006,0
2026-12-12,32.76574321415585,71.76258353576131,0
2026-12-13,24.383640193469695,81.06603951592045,1
2026-12-14,63.98402703559831,65.09596526161965,0
2026-12-15,75.22607193304722,86.78307065087473,0
2026-12-16,30.779237444390525,60.280912949473425,4
2026-12-17,67.09175965711356,60.465636386325265,0
2026-12-18,23.598967609138413,35.529767871574755,2
2026-12-19,56.70464879123585,89.12902335178454,0
2026-12-20,39.32212930544916,15.820907190078357,1
2026-12-21,68.48949155174171,99.58009893483529,0
2026-12-22,81.48598131439977,44.433345188296265,0
2026-12-23,49.03208684625361,11.594375136143679,1
2026-12-24,64.34102628912018,39.22159342120612,0
2026-12-25,10.966131523119316,87.34261918246844,0
2026-12-26,38.74374195770072,16.260194414262813,1
2026-12-27,93.87394108890285,20.133268408712233,0
2026-12-28,86.43922809186253,41.928816815227535,0
2026-12-29,57.32684493579331,42.257095357878676,4
2026-12-30,17.705071722844693,43.585956748936056,0
2026-12-31,30.55693113260737,92.60991416552089,1
