DATETIME,day_ahead_price
2015-01-01,26.57
2015-01-02,26.57
2015-01-03,26.57
2015-01-04,26.57
2015-01-05,26.57
2015-01-06,26.57
2015-01-07,26.57
2015-01-08,26.57
2015-01-09,26.57
2015-01-10,26.57
2015-01-11,26.57
2015-01-12,26.57
2015-01-13,26.57
2015-01-14,26.57
2015-01-15,26.57
2015-01-16,26.57
2015-01-17,26.57
2015-01-18,26.57
2015-01-19,26.57
2015-01-20,26.57
2015-01-21,26.57
2015-01-22,26.57
2015-01-23,26.57
2015-01-24,26.57
2015-01-25,26.57
2015-01-26,26.57
2015-01-27,26.57
2015-01-28,26.57
2015-01-29,26.57
2015-01-30,26.57
2015-01-31,26.57
2015-02-01,26.57
2015-02-02,26.57
2015-02-03,26.57
2015-02-04,26.57
2015-02-05,26.57
2015-02-06,26.57
2015-02-07,26.57
2015-02-08,26.57
2015-02-09,26.57
2015-02-10,26.57
2015-02-11,26.57
2015-02-12,26.57
2015-02-13,26.57
2015-02-14,26.57
2015-02-15,26.57
2015-02-16,26.57
2015-02-17,26.57
2015-02-18,26.57
2015-02-19,26.57
2015-02-20,26.57
2015-02-21,26.57
2015-02-22,26.57
2015-02-23,26.57
2015-02-24,26.57
2015-02-25,26.57
2015-02-26,26.57
2015-02-27,26.57
2015-02-28,26.57
2015-03-01,26.57
2015-03-02,26.57
2015-03-03,26.57
2015-03-04,26.57
2015-03-05,26.57
2015-03-06,26.57
2015-03-07,26.57
2015-03-08,26.57
2015-03-09,26.57
2015-03-10,26.57
2015-03-11,26.57
2015-03-12,26.57
2015-03-13,26.57
2015-03-14,26.57
2015-03-15,26.57
2015-03-16,26.57
2015-03-17,26.57
2015-03-18,26.57
2015-03-19,26.57
2015-03-20,26.57
2015-03-21,26.57
2015-03-22,26.57
2015-03-23,26.57
2015-03-24,26.57
2015-03-25,26.57
2015-03-26,26.57
2015-03-27,26.57
2015-03-28,26.57
2015-03-29,26.57
2015-03-30,26.57
2015-03-31,26.57
2015-04-01,26.57
2015-04-02,26.57
2015-04-03,26.57
2015-04-04,26.57
2015-04-05,26.57
2015-04-06,26.57
2015-04-07,26.57
2015-04-08,26.57
2015-04-09,26.57
2015-04-10,26.57
2015-04-11,26.57
2015-04-12,26.57
2015-04-13,26.57
2015-04-14,26.57
2015-04-15,26.57
2015-04-16,26.57
2015-04-17,26.57
2015-04-18,26.57
2015-04-19,26.57
2015-04-20,26.57
2015-04-21,26.57
2015-04-22,26.57
2015-04-23,26.57
2015-04-24,26.57
2015-04-25,26.57
2015-04-26,26.57
2015-04-27,26.57
2015-04-28,26.57
2015-04-29,26.57
2015-04-30,26.57
2015-05-01,26.57
2015-05-02,26.57
2015-05-03,26.57
2015-05-04,26.57
2015-05-05,26.57
2015-05-06,26.57
2015-05-07,26.57
2015-05-08,26.57
2015-05-09,26.57
2015-05-10,26.57
2015-05-11,26.57
2015-05-12,26.57
2015-05-13,26.57
2015-05-14,26.57
2015-05-15,26.57
2015-05-16,26.57
2015-05-17,26.57
2015-05-18,26.57
2015-05-19,26.57
2015-05-20,26.57
2015-05-21,26.57
2015-05-22,26.57
2015-05-23,26.57
2015-05-24,26.57
2015-05-25,26.57
2015-05-26,26.57
2015-05-27,26.57
2015-05-28,26.57
2015-05-29,26.57
2015-05-30,26.57
2015-05-31,26.57
2015-06-01,26.57
2015-06-02,26.57
2015-06-03,26.57
2015-06-04,26.57
2015-06-05,26.57
2015-06-06,26.57
2015-06-07,26.57
2015-06-08,26.57
2015-06-09,26.57
2015-06-10,26.57
2015-06-11,26.57
2015-06-12,26.57
2015-06-13,26.57
2015-06-14,26.57
2015-06-15,26.57
2015-06-16,26.57
2015-06-17,26.57
2015-06-18,26.57
2015-06-19,26.57
2015-06-20,26.57
2015-06-21,26.57
2015-06-22,26.57
2015-06-23,26.57
2015-06-24,26.57
2015-06-25,26.57
2015-06-26,26.57
2015-06-27,26.57
2015-06-28,26.57
2015-06-29,26.57
2015-06-30,26.57
2015-07-01,26.57
2015-07-02,26.57
2015-07-03,26.57
2015-07-04,26.57
2015-07-05,26.57
2015-07-06,26.57
2015-07-07,26.57
2015-07-08,26.57
2015-07-09,26.57
2015-07-10,26.57
2015-07-11,26.57
2015-07-12,26.57
2015-07-13,26.57
2015-07-14,26.57
2015-07-15,26.57
2015-07-16,26.57
2015-07-17,26.57
2015-07-18,26.57
2015-07-19,26.57
2015-07-20,26.57
2015-07-21,26.57
2015-07-22,26.57
2015-07-23,26.57
2015-07-24,26.57
2015-07-25,26.57
2015-07-26,26.57
2015-07-27,26.57
2015-07-28,26.57
2015-07-29,26.57
2015-07-30,26.57
2015-07-31,26.57
2015-08-01,26.57
2015-08-02,26.57
2015-08-03,26.57
2015-08-04,26.57
2015-08-05,26.57
2015-08-06,26.57
2015-08-07,26.57
2015-08-08,26.57
2015-08-09,26.57
2015-08-10,26.57
2015-08-11,26.57
2015-08-12,26.57
2015-08-13,26.57
2015-08-14,26.57
2015-08-15,26.57
2015-08-16,26.57
2015-08-17,26.57
2015-08-18,26.57
2015-08-19,26.57
2015-08-20,26.57
2015-08-21,26.57
2015-08-22,26.57
2015-08-23,26.57
2015-08-24,26.57
2015-08-25,26.57
2015-08-26,26.57
2015-08-27,26.57
2015-08-28,26.57
2015-08-29,26.57
2015-08-30,26.57
2015-08-31,26.57
2015-09-01,26.57
2015-09-02,26.57
2015-09-03,26.57
2015-09-04,26.57
2015-09-05,26.57
2015-09-06,26.57
2015-09-07,26.57
2015-09-08,26.57
2015-09-09,26.57
2015-09-10,26.57
2015-09-11,26.57
2015-09-12,26.57
2015-09-13,26.57
2015-09-14,26.57
2015-09-15,26.57
2015-09-16,26.57
2015-09-17,26.57
2015-09-18,26.57
2015-09-19,26.57
2015-09-20,26.57
2015-09-21,26.57
2015-09-22,26.57
2015-09-23,26.57
2015-09-24,26.57
2015-09-25,26.57
2015-09-26,26.57
2015-09-27,26.57
2015-09-28,26.57
2015-09-29,26.57
2015-09-30,26.57
2015-10-01,26.57
2015-10-02,26.57
2015-10-03,26.57
2015-10-04,26.57
2015-10-05,26.57
2015-10-06,26.57
2015-10-07,26.57
2015-10-08,26.57
2015-10-09,26.57
2015-10-10,26.57
2015-10-11,26.57
2015-10-12,26.57
2015-10-13,26.57
2015-10-14,26.57
2015-10-15,26.57
2015-10-16,26.57
2015-10-17,26.57
2015-10-18,26.57
2015-10-19,26.57
2015-10-20,26.57
2015-10-21,26.57
2015-10-22,26.57
2015-10-23,26.57
2015-10-24,26.57
2015-10-25,26.57
2015-10-26,26.57
2015-10-27,26.57
2015-10-28,26.57
2015-10-29,26.57
2015-10-30,26.57
2015-10-31,26.57
2015-11-01,26.57
2015-11-02,26.57
2015-11-03,26.57
2015-11-04,26.57
2015-11-05,26.57
2015-11-06,26.57
2015-11-07,45.64157333333333
2015-11-08,33.336761875
2015-11-09,36.750418958333334
2015-11-10,35.833471458333335
2015-11-11,32.603214375
2015-11-12,30.276684583333335
2015-11-13,41.05764
2015-11-14,51.62779666666666
2015-11-15,40.72200291666667
2015-11-16,32.046693749999996
2015-11-17,45.053571041666665
2015-11-18,44.32166874999999
2015-11-19,41.595694583333334
2015-11-20,30.854176041666665
2015-11-21,48.11480125
2015-11-22,39.77244854166667
2015-11-23,39.5719225
2015-11-24,46.103716041666665
2015-11-25,45.37641333333334
2015-11-26,39.644198958333334
2015-11-27,38.676020625
2015-11-28,42.34434395833333
2015-11-29,42.205508333333334
2015-11-30,135.45736979166665
2015-12-01,45.71119708333333
2015-12-02,37.54701
2015-12-03,31.523650208333333
2015-12-04,34.836720625
2015-12-05,34.591774375
2015-12-06,33.59565104166666
2015-12-07,29.564076458333332
2015-12-08,36.279120416666665
2015-12-09,43.304266041666665
2015-12-10,43.226114583333334
2015-12-11,37.383535
2015-12-12,38.33528604166667
2015-12-13,51.75343916666667
2015-12-14,36.04129583333333
2015-12-15,38.05994875
2015-12-16,30.364766875
2015-12-17,32.007623333333335
2015-12-18,26.436334583333334
2015-12-19,32.861649375
2015-12-20,31.49232895833333
2015-12-21,36.32364041666667
2015-12-22,38.415559583333334
2015-12-23,18.715799583333332
2015-12-24,34.805490625
2015-12-25,44.39909583333333
2015-12-26,23.321546041666668
2015-12-27,34.789641249999995
2015-12-28,31.298429583333334
2015-12-29,19.533669375
2015-12-30,39.890022083333335
2015-12-31,32.309523125
2016-01-01,37.49509083333333
2016-01-02,32.24776270833333
2016-01-03,32.94225723404256
2016-01-04,31.315432916666666
2016-01-05,43.034062500000005
2016-01-06,32.10640229166667
2016-01-07,38.955273541666664
2016-01-08,46.592284166666666
2016-01-09,33.610812083333336
2016-01-10,46.54789916666667
2016-01-11,40.18207
2016-01-12,37.570971875
2016-01-13,38.30951604166667
2016-01-14,37.673226666666665
2016-01-15,46.94093604166667
2016-01-16,61.67399541666666
2016-01-17,57.622150833333336
2016-01-18,32.89620875
2016-01-19,41.589094375
2016-01-20,37.50321833333333
2016-01-21,34.91998854166667
2016-01-22,39.644058541666666
2016-01-23,38.607778958333334
2016-01-24,34.46657854166667
2016-01-25,30.418644999999998
2016-01-26,30.4153275
2016-01-27,33.712592083333334
2016-01-28,35.86057270833333
2016-01-29,43.03674541666667
2016-01-30,36.92101145833333
2016-01-31,43.46928541666667
2016-02-01,44.10412875
2016-02-02,38.575687916666666
2016-02-03,37.736413750000004
2016-02-04,38.603826250000004
2016-02-05,34.20139520833333
2016-02-06,39.07987875
2016-02-07,32.984646875
2016-02-08,42.11877895833333
2016-02-09,41.04907791666667
2016-02-10,33.70856625
2016-02-11,30.262854583333333
2016-02-12,34.62048020833333
2016-02-13,44.06682333333333
2016-02-14,30.121309166666666
2016-02-15,42.28021625
2016-02-16,33.59284916666667
2016-02-17,42.839394375000005
2016-02-18,34.95256166666667
2016-02-19,29.295495833333334
2016-02-20,36.224762500000004
2016-02-21,29.352085
2016-02-22,31.035371875
2016-02-23,31.549576875
2016-02-24,37.35801854166667
2016-02-25,25.556808333333333
2016-02-26,39.40510166666667
2016-02-27,35.88779770833333
2016-02-28,29.680969791666666
2016-02-29,25.524859375000002
2016-03-01,34.96955
2016-03-02,63.33605541666666
2016-03-03,46.65199208333333
2016-03-04,33.240128750000004
2016-03-05,34.09687875
2016-03-06,34.93920125
2016-03-07,34.403748125
2016-03-08,43.707218125
2016-03-09,53.66550083333333
2016-03-10,84.56438729166666
2016-03-11,37.48559375
2016-03-12,32.20850375
2016-03-13,30.43372583333333
2016-03-14,22.111151250000002
2016-03-15,29.94050770833333
2016-03-16,28.436150208333334
2016-03-17,34.131490625
2016-03-18,50.88715333333334
2016-03-19,30.45877833333333
2016-03-20,30.042875624999997
2016-03-21,26.277993749999997
2016-03-22,47.97927895833333
2016-03-23,47.81107395833333
2016-03-24,28.632233333333332
2016-03-25,12.018905833333333
2016-03-26,17.801361041666667
2016-03-27,7.6896065217391305
2016-03-28,24.758328958333333
2016-03-29,35.36569541666667
2016-03-30,27.95621416666667
2016-03-31,34.26575333333333
2016-04-01,25.371283958333336
2016-04-02,40.22098041666667
2016-04-03,32.889624375000004
2016-04-04,24.712186041666666
2016-04-05,22.731610416666665
2016-04-06,18.606060833333334
2016-04-07,37.639843125
2016-04-08,30.249723958333334
2016-04-09,33.354514375
2016-04-10,27.303463750000002
2016-04-11,50.292884375
2016-04-12,34.09520020833333
2016-04-13,31.284310625
2016-04-14,29.902927708333333
2016-04-15,68.89684479166667
2016-04-16,32.98973541666667
2016-04-17,32.02128416666667
2016-04-18,33.155421249999996
2016-04-19,40.298610833333335
2016-04-20,23.055258124999998
2016-04-21,28.53887125
2016-04-22,55.16322916666667
2016-04-23,29.36140125
2016-04-24,37.613233541666666
2016-04-25,48.509993333333334
2016-04-26,37.04708
2016-04-27,38.462229791666665
2016-04-28,40.95166208333333
2016-04-29,39.382746250000004
2016-04-30,50.832102291666665
2016-05-01,27.018653125
2016-05-02,31.18169875
2016-05-03,29.05148625
2016-05-04,23.190024583333336
2016-05-05,24.679773541666666
2016-05-06,26.923044791666666
2016-05-07,33.698462291666665
2016-05-08,26.587014166666666
2016-05-09,48.20016479166667
2016-05-10,61.641220000000004
2016-05-11,56.32238375
2016-05-12,24.854193541666664
2016-05-13,23.651949583333334
2016-05-14,18.81155875
2016-05-15,22.62190916666667
2016-05-16,22.502193125
2016-05-17,22.56797416666667
2016-05-18,22.945945416666664
2016-05-19,26.901770416666665
2016-05-20,25.4756225
2016-05-21,27.948915833333334
2016-05-22,36.9991325
2016-05-23,24.886366041666665
2016-05-24,24.029559375
2016-05-25,34.97846645833334
2016-05-26,34.657042499999996
2016-05-27,29.187939791666665
2016-05-28,29.95078583333333
2016-05-29,22.524949791666668
2016-05-30,27.066395208333333
2016-05-31,35.68037291666666
2016-06-01,40.220285
2016-06-02,23.076385833333333
2016-06-03,37.33404291666667
2016-06-04,36.826535
2016-06-05,38.64974479166667
2016-06-06,32.21938395833333
2016-06-07,48.65317520833333
2016-06-08,33.103753125000004
2016-06-09,43.40548104166667
2016-06-10,46.17674979166667
2016-06-11,51.04599166666667
2016-06-12,52.61442625
2016-06-13,39.86576395833333
2016-06-14,32.01767604166667
2016-06-15,30.042506875
2016-06-16,41.82366125
2016-06-17,31.134470833333335
2016-06-18,37.4616425
2016-06-19,31.419725416666665
2016-06-20,40.78875583333333
2016-06-21,30.499271875
2016-06-22,40.760400624999996
2016-06-23,49.801402708333335
2016-06-24,31.27012625
2016-06-25,30.979106875
2016-06-26,48.36200645833333
2016-06-27,38.44895625
2016-06-28,34.805798125
2016-06-29,37.58959
2016-06-30,35.055259375
2016-07-01,36.31695229166667
2016-07-02,24.114660833333332
2016-07-03,47.27615458333333
2016-07-04,37.50576145833333
2016-07-05,28.762860416666665
2016-07-06,29.104629583333335
2016-07-07,35.578586666666666
2016-07-08,31.27249395833333
2016-07-09,43.00560291666667
2016-07-10,36.53153604166666
2016-07-11,28.428656458333332
2016-07-12,31.7436225
2016-07-13,28.142190208333332
2016-07-14,32.50534854166667
2016-07-15,32.90628541666667
2016-07-16,14.497400416666666
2016-07-17,35.56193833333334
2016-07-18,48.30956270833334
2016-07-19,66.24984833333333
2016-07-20,58.55138416666667
2016-07-21,32.015176458333336
2016-07-22,33.637294583333336
2016-07-23,39.710470208333334
2016-07-24,44.67723958333334
2016-07-25,29.423209166666666
2016-07-26,29.794003333333333
2016-07-27,30.76005875
2016-07-28,27.528300625
2016-07-29,37.47203
2016-07-30,30.089937916666667
2016-07-31,23.263633958333333
2016-08-01,36.12652229166667
2016-08-02,28.02069625
2016-08-03,28.58652041666667
2016-08-04,29.406419166666666
2016-08-05,27.445440833333333
2016-08-06,23.299409166666667
2016-08-07,2.9463689583333337
2016-08-08,21.475801666666666
2016-08-09,23.92360875
2016-08-10,34.350365833333335
2016-08-11,31.67606625
2016-08-12,36.10928041666667
2016-08-13,39.89416375
2016-08-14,39.772161875
2016-08-15,35.109595
2016-08-16,34.70810875
2016-08-17,39.09733020833333
2016-08-18,27.99271979166667
2016-08-19,43.0034675
2016-08-20,22.60870583333333
2016-08-21,29.97837208333333
2016-08-22,32.223369999999996
2016-08-23,35.06140083333333
2016-08-24,57.295434166666666
2016-08-25,62.880652708333336
2016-08-26,29.068573333333333
2016-08-27,27.636853333333335
2016-08-28,30.655798541666666
2016-08-29,23.43818604166667
2016-08-30,25.31911854166667
2016-08-31,34.50514875
2016-09-01,20.848544999999998
2016-09-02,32.5799175
2016-09-03,45.69713645833334
2016-09-04,36.16551625
2016-09-05,57.624935
2016-09-06,51.770966249999994
2016-09-07,78.08843770833333
2016-09-08,24.700090208333332
2016-09-09,27.020917083333334
2016-09-10,36.51863770833334
2016-09-11,9.384104583333333
2016-09-12,39.7772825
2016-09-13,96.80793249999999
2016-09-14,39.047338333333336
2016-09-15,57.938555625
2016-09-16,29.62331125
2016-09-17,24.036748125000003
2016-09-18,25.187569166666666
2016-09-19,28.317860624999998
2016-09-20,33.898717291666664
2016-09-21,33.93766854166667
2016-09-22,28.918151875000003
2016-09-23,24.892425625
2016-09-24,35.463087916666666
2016-09-25,23.709084583333333
2016-09-26,50.81792458333334
2016-09-27,33.624855625
2016-09-28,35.530631666666665
2016-09-29,34.760770208333334
2016-09-30,39.98418354166667
2016-10-01,35.613262291666665
2016-10-02,37.864432916666665
2016-10-03,29.229429791666664
2016-10-04,26.3498925
2016-10-05,30.528562708333336
2016-10-06,31.46697979166667
2016-10-07,106.35730854166667
2016-10-08,52.77622770833333
2016-10-09,48.70895520833333
2016-10-10,38.75555270833333
2016-10-11,54.160559166666665
2016-10-12,51.95112
2016-10-13,47.081616249999996
2016-10-14,37.047540833333336
2016-10-15,45.49535854166667
2016-10-16,24.751809166666664
2016-10-17,35.039335625
2016-10-18,30.872698958333334
2016-10-19,40.744676041666665
2016-10-20,32.94121520833333
2016-10-21,37.590564375
2016-10-22,50.007660208333334
2016-10-23,35.4535225
2016-10-24,68.8891625
2016-10-25,44.31048666666666
2016-10-26,38.9234825
2016-10-27,36.365597083333334
2016-10-28,33.117046458333334
2016-10-29,46.373624791666664
2016-10-30,53.017414200000005
2016-10-31,59.81950041666667
2016-11-01,39.15995604166667
2016-11-02,71.40955666666666
2016-11-03,87.57706854166666
2016-11-04,44.66538104166667
2016-11-05,38.718195208333334
2016-11-06,45.86611833333333
2016-11-07,45.346871666666665
2016-11-08,226.898649375
2016-11-09,128.53057583333333
2016-11-10,43.85410791666666
2016-11-11,44.82027958333333
2016-11-12,72.84113395833333
2016-11-13,47.652231666666665
2016-11-14,40.765222916666666
2016-11-15,45.62600020833333
2016-11-16,45.387938125
2016-11-17,75.34977520833333
2016-11-18,51.33322854166667
2016-11-19,52.260707708333335
2016-11-20,199.79550979166666
2016-11-21,59.16579375
2016-11-22,63.64851145833333
2016-11-23,52.32914416666667
2016-11-24,46.403600000000004
2016-11-25,52.04589416666667
2016-11-26,49.16033354166667
2016-11-27,44.14589791666666
2016-11-28,53.685365625
2016-11-29,63.569053125
2016-11-30,42.27186270833334
2016-12-01,44.38995895833333
2016-12-02,66.14325520833333
2016-12-03,38.06527104166667
2016-12-04,42.04951041666667
2016-12-05,81.301301875
2016-12-06,62.90224270833334
2016-12-07,36.247445416666665
2016-12-08,35.56758583333333
2016-12-09,35.489579375
2016-12-10,49.58425333333333
2016-12-11,41.06331895833333
2016-12-12,63.66667854166667
2016-12-13,41.668590625
2016-12-14,36.441249375
2016-12-15,38.122147500000004
2016-12-16,35.687995625
2016-12-17,35.593522291666666
2016-12-18,33.98995395833333
2016-12-19,35.512303958333334
2016-12-20,34.845183541666664
2016-12-21,45.295633124999995
2016-12-22,34.24115291666667
2016-12-23,49.27487895833334
2016-12-24,38.292214791666666
2016-12-25,35.58018583333333
2016-12-26,48.20446416666667
2016-12-27,59.46506854166666
2016-12-28,57.47450645833334
2016-12-29,56.477105625
2016-12-30,44.62904229166667
2016-12-31,42.86459666666667
2017-01-01,43.27873291666666
2017-01-02,46.201229375
2017-01-03,39.142786666666666
2017-01-04,42.98161041666666
2017-01-05,59.572785
2017-01-06,68.32102895833333
2017-01-07,59.613714583333326
2017-01-08,45.611459375
2017-01-09,43.70407541666666
2017-01-10,44.675395625
2017-01-11,50.20033645833333
2017-01-12,69.71102958333333
2017-01-13,61.66299395833334
2017-01-14,59.39429270833333
2017-01-15,57.726925208333334
2017-01-16,69.66884291666666
2017-01-17,43.1864425
2017-01-18,40.87448916666667
2017-01-19,42.77627395833333
2017-01-20,42.86396583333333
2017-01-21,54.57403729166666
2017-01-22,61.20211125
2017-01-23,62.54619875
2017-01-24,43.73727875
2017-01-25,54.7767675
2017-01-26,77.46463791666666
2017-01-27,75.62698833333333
2017-01-28,44.86277895833334
2017-01-29,67.90458375
2017-01-30,46.758099791666666
2017-01-31,62.2407375
2017-02-01,41.08260083333334
2017-02-02,36.20438791666667
2017-02-03,43.10700729166667
2017-02-04,57.10520895833333
2017-02-05,46.777234791666665
2017-02-06,51.299600625000004
2017-02-07,53.424746666666664
2017-02-08,53.869163541666666
2017-02-09,70.16300229166667
2017-02-10,63.189715416666665
2017-02-11,63.332358125000006
2017-02-12,56.95026583333333
2017-02-13,37.75213458333334
2017-02-14,57.265026875
2017-02-15,45.174235833333334
2017-02-16,35.85812104166667
2017-02-17,37.98508916666667
2017-02-18,33.560872708333335
2017-02-19,33.63469145833333
2017-02-20,31.675397916666668
2017-02-21,34.16843625
2017-02-22,26.72645
2017-02-23,47.091035
2017-02-24,44.79429166666667
2017-02-25,42.90899458333333
2017-02-26,34.444825208333334
2017-02-27,53.87029979166667
2017-02-28,54.809244166666666
2017-03-01,47.180878541666665
2017-03-02,42.496348125000004
2017-03-03,54.436936874999994
2017-03-04,34.645821041666665
2017-03-05,52.244523125
2017-03-06,45.22368583333333
2017-03-07,36.138334375
2017-03-08,33.26662604166667
2017-03-09,30.600590625
2017-03-10,41.848516875
2017-03-11,42.34370270833333
2017-03-12,32.88524375
2017-03-13,29.522803125
2017-03-14,30.692090208333337
2017-03-15,32.87533
2017-03-16,32.04085395833334
2017-03-17,38.16869520833333
2017-03-18,50.355134791666664
2017-03-19,34.594123125
2017-03-20,38.45354020833333
2017-03-21,33.836765625
2017-03-22,30.618245208333335
2017-03-23,35.420219583333335
2017-03-24,62.70887541666667
2017-03-25,34.47675666666667
2017-03-26,30.35314608695652
2017-03-27,54.14497145833334
2017-03-28,45.3743225
2017-03-29,38.246045208333335
2017-03-30,35.54347645833334
2017-03-31,18.044578333333334
2017-04-01,27.204685833333333
2017-04-02,27.031111041666666
2017-04-03,30.812319583333334
2017-04-04,34.91058770833333
2017-04-05,32.120639375
2017-04-06,26.694939583333333
2017-04-07,33.249952291666666
2017-04-08,32.103160625
2017-04-09,31.95451125
2017-04-10,30.867633333333334
2017-04-11,26.939168541666664
2017-04-12,33.9945725
2017-04-13,46.659318750000004
2017-04-14,43.573970624999994
2017-04-15,30.901201041666667
2017-04-16,31.459831041666664
2017-04-17,44.79086291666667
2017-04-18,34.88229895833333
2017-04-19,45.80657333333334
2017-04-20,29.98413229166667
2017-04-21,41.00752833333333
2017-04-22,35.66005479166667
2017-04-23,28.235644166666663
2017-04-24,34.982575000000004
2017-04-25,48.87286604166667
2017-04-26,64.32311645833333
2017-04-27,50.142376041666665
2017-04-28,55.10446208333334
2017-04-29,45.42629875
2017-04-30,32.42791166666667
2017-05-01,42.67777458333333
2017-05-02,45.295549375
2017-05-03,39.993733541666664
2017-05-04,36.42724916666666
2017-05-05,33.647138958333336
2017-05-06,56.75162208333333
2017-05-07,45.372991041666666
2017-05-08,38.54844104166667
2017-05-09,61.978112083333336
2017-05-10,43.267218125
2017-05-11,43.06040541666667
2017-05-12,64.53428833333334
2017-05-13,48.050389375
2017-05-14,36.70276916666666
2017-05-15,58.06070020833334
2017-05-16,62.29591645833333
2017-05-17,177.83663020833333
2017-05-18,45.414168125
2017-05-19,43.183924166666664
2017-05-20,47.9843825
2017-05-21,36.480895625
2017-05-22,39.484489375
2017-05-23,37.052913958333335
2017-05-24,33.400884999999995
2017-05-25,37.47719625
2017-05-26,45.23561625
2017-05-27,60.380213958333336
2017-05-28,30.95856541666667
2017-05-29,64.43050583333333
2017-05-30,31.227436666666666
2017-05-31,31.012383541666665
2017-06-01,28.95250375
2017-06-02,36.16075729166666
2017-06-03,31.174276875
2017-06-04,32.716827708333334
2017-06-05,29.8728275
2017-06-06,31.41975604166667
2017-06-07,23.907729375
2017-06-08,42.669171874999996
2017-06-09,36.783115208333335
2017-06-10,29.038184375
2017-06-11,34.266889791666664
2017-06-12,25.66457145833333
2017-06-13,30.253463541666665
2017-06-14,30.765341875
2017-06-15,27.579801458333336
2017-06-16,30.520738750000003
2017-06-17,23.301092291666667
2017-06-18,43.24484208333333
2017-06-19,80.62779270833333
2017-06-20,37.99015375
2017-06-21,75.42277625
2017-06-22,41.43020020833333
2017-06-23,30.700075625
2017-06-24,4.724071666666667
2017-06-25,33.03811145833333
2017-06-26,27.985744375
2017-06-27,40.89822645833333
2017-06-28,34.719617291666665
2017-06-29,34.27030083333333
2017-06-30,38.92167979166667
2017-07-01,26.080106458333333
2017-07-02,24.714714791666665
2017-07-03,30.176110416666663
2017-07-04,35.87371354166667
2017-07-05,52.638111458333334
2017-07-06,44.48618916666667
2017-07-07,54.44693625
2017-07-08,22.210845625
2017-07-09,33.22587083333333
2017-07-10,46.6354725
2017-07-11,30.356186041666664
2017-07-12,32.191956874999995
2017-07-13,44.685014375
2017-07-14,32.104901250000005
2017-07-15,30.662768125
2017-07-16,33.58530708333333
2017-07-17,35.13476375
2017-07-18,32.922378333333334
2017-07-19,58.718495625
2017-07-20,35.11807708333333
2017-07-21,36.738517916666666
2017-07-22,35.750468125000005
2017-07-23,30.938083333333335
2017-07-24,35.74284
2017-07-25,42.882949583333335
2017-07-26,33.001475
2017-07-27,36.85201166666666
2017-07-28,55.63208125
2017-07-29,40.48086083333333
2017-07-30,41.81145895833333
2017-07-31,26.095245833333333
2017-08-01,30.67122270833333
2017-08-02,41.68501375
2017-08-03,43.333638541666666
2017-08-04,33.57175208333333
2017-08-05,28.846710625
2017-08-06,34.24417458333333
2017-08-07,36.700215625
2017-08-08,44.835225208333334
2017-08-09,39.99793625
2017-08-10,29.541413958333333
2017-08-11,40.369055625
2017-08-12,48.48293520833334
2017-08-13,40.284592708333335
2017-08-14,41.08119875
2017-08-15,36.55657708333333
2017-08-16,34.10747020833333
2017-08-17,57.00014291666667
2017-08-18,35.91364895833333
2017-08-19,21.010411041666668
2017-08-20,41.89667729166667
2017-08-21,44.136466874999996
2017-08-22,50.36313125
2017-08-23,50.588514583333335
2017-08-24,38.18851
2017-08-25,39.521860833333335
2017-08-26,44.265635
2017-08-27,36.816374583333335
2017-08-28,36.70719354166666
2017-08-29,59.74190333333333
2017-08-30,35.433815208333336
2017-08-31,41.22591791666667
2017-09-01,38.83692270833333
2017-09-02,29.909345416666667
2017-09-03,39.43492416666667
2017-09-04,58.75693166666667
2017-09-05,49.53986666666666
2017-09-06,37.412338541666664
2017-09-07,43.260191875000004
2017-09-08,40.130095833333336
2017-09-09,37.699766458333336
2017-09-10,53.0093775
2017-09-11,32.01032416666667
2017-09-12,53.35391895833334
2017-09-13,54.450956875
2017-09-14,43.61879916666667
2017-09-15,54.934148541666666
2017-09-16,53.40714416666666
2017-09-17,56.69454875
2017-09-18,47.728835624999995
2017-09-19,36.54665270833333
2017-09-20,54.81705916666667
2017-09-21,55.32733166666667
2017-09-22,37.907538333333335
2017-09-23,37.81718229166667
2017-09-24,57.127975625
2017-09-25,53.67826416666667
2017-09-26,40.150931875
2017-09-27,47.60203708333333
2017-09-28,44.362555625
2017-09-29,42.654584375
2017-09-30,45.546936875
2017-10-01,41.20778020833333
2017-10-02,29.976806041666666
2017-10-03,31.862603333333336
2017-10-04,53.06363291666667
2017-10-05,50.018880208333336
2017-10-06,51.61141270833334
2017-10-07,48.617846875
2017-10-08,49.60220604166667
2017-10-09,58.37122208333333
2017-10-10,31.80947666666667
2017-10-11,43.05826854166667
2017-10-12,24.91802125
2017-10-13,53.046340625
2017-10-14,40.602989791666666
2017-10-15,48.253864375
2017-10-16,58.58415125
2017-10-17,37.064985625
2017-10-18,59.60583041666666
2017-10-19,53.745177291666664
2017-10-20,38.128566041666666
2017-10-21,38.058092708333334
2017-10-22,36.438028958333334
2017-10-23,45.77748729166667
2017-10-24,38.69804833333333
2017-10-25,34.47034583333333
2017-10-26,34.081831666666666
2017-10-27,36.013276041666664
2017-10-28,36.147204375
2017-10-29,27.1591758
2017-10-30,47.79260958333333
2017-10-31,51.80447604166667
2017-11-01,47.193210625
2017-11-02,55.507458541666665
2017-11-03,40.391865
2017-11-04,41.826719583333336
2017-11-05,36.57649979166667
2017-11-06,38.13575604166667
2017-11-07,53.46014375000001
2017-11-08,44.498400000000004
2017-11-09,46.49675291666667
2017-11-10,43.023926249999995
2017-11-11,52.850233124999995
2017-11-12,47.77154541666667
2017-11-13,45.61563041666667
2017-11-14,38.09545229166667
2017-11-15,52.881179583333335
2017-11-16,43.59440020833333
2017-11-17,51.06254479166666
2017-11-18,50.35387458333333
2017-11-19,48.987715
2017-11-20,46.811403750000004
2017-11-21,45.93504604166667
2017-11-22,59.16209395833334
2017-11-23,49.67287145833333
2017-11-24,45.700685
2017-11-25,52.01118270833334
2017-11-26,58.49958645833333
2017-11-27,48.37290875
2017-11-28,54.865231666666666
2017-11-29,58.69863354166667
2017-11-30,56.602657083333334
2017-12-01,56.32110104166667
2017-12-02,53.74041604166666
2017-12-03,59.359764375
2017-12-04,51.720948125
2017-12-05,53.687061041666674
2017-12-06,51.333030208333334
2017-12-07,51.72205270833334
2017-12-08,59.912155000000006
2017-12-09,64.740831875
2017-12-10,67.59983729166667
2017-12-11,66.821360625
2017-12-12,75.93594125
2017-12-13,75.674074375
2017-12-14,49.95651791666666
2017-12-15,53.415560625000005
2017-12-16,68.5394125
2017-12-17,61.01981354166667
2017-12-18,68.28015
2017-12-19,57.184914166666665
2017-12-20,56.549027708333334
2017-12-21,51.68727979166667
2017-12-22,47.750701041666666
2017-12-23,49.303083750000006
2017-12-24,42.48643833333333
2017-12-25,43.75804770833333
2017-12-26,55.349731875
2017-12-27,55.16351145833334
2017-12-28,61.40872770833334
2017-12-29,61.496961875000004
2017-12-30,58.31869833333334
2017-12-31,29.46738458333333
2018-01-01,51.03429354166667
2018-01-02,47.86040166666667
2018-01-03,49.89379458333334
2018-01-04,44.45317166666666
2018-01-05,61.22936583333333
2018-01-06,51.31640770833334
2018-01-07,51.65405395833333
2018-01-08,64.31068270833333
2018-01-09,57.39592729166667
2018-01-10,44.273893125
2018-01-11,57.54387
2018-01-12,41.738965625
2018-01-13,46.79142604166666
2018-01-14,31.778869791666665
2018-01-15,55.52117583333333
2018-01-16,60.99873625
2018-01-17,53.453719166666666
2018-01-18,62.31841541666666
2018-01-19,53.272108124999995
2018-01-20,56.56664125
2018-01-21,59.61410791666666
2018-01-22,40.39601458333333
2018-01-23,38.728389166666666
2018-01-24,56.193643125
2018-01-25,56.197385833333335
2018-01-26,43.55303583333333
2018-01-27,40.594410625
2018-01-28,44.772398333333335
2018-01-29,38.98995729166666
2018-01-30,50.43400604166666
2018-01-31,51.834746458333335
2018-02-01,46.802945
2018-02-02,56.89310375
2018-02-03,48.95470375
2018-02-04,51.26035520833333
2018-02-05,43.740945625
2018-02-06,48.44574770833333
2018-02-07,48.59557229166666
2018-02-08,46.342095416666666
2018-02-09,57.63878
2018-02-10,52.34344333333333
2018-02-11,47.77046229166667
2018-02-12,43.18807041666667
2018-02-13,54.902282291666666
2018-02-14,54.121391249999995
2018-02-15,45.73748354166667
2018-02-16,45.757440624999994
2018-02-17,47.95520354166666
2018-02-18,50.29601895833333
2018-02-19,49.08041229166667
2018-02-20,45.88471125
2018-02-21,53.57664416666666
2018-02-22,50.073835624999994
2018-02-23,52.64680333333333
2018-02-24,45.798996875
2018-02-25,36.685621875
2018-02-26,50.906215624999994
2018-02-27,73.5012375
2018-02-28,122.73734375
2018-03-01,281.60585375
2018-03-02,163.18137020833333
2018-03-03,141.73160645833335
2018-03-04,83.80167041666667
2018-03-05,57.582804375
2018-03-06,66.93529895833333
2018-03-07,56.6499325
2018-03-08,53.1679375
2018-03-09,52.422504583333335
2018-03-10,50.10850479166667
2018-03-11,48.88487791666666
2018-03-12,58.66729479166667
2018-03-13,53.862590833333336
2018-03-14,46.22639708333333
2018-03-15,57.79647083333333
2018-03-16,56.16387875
2018-03-17,52.91959083333333
2018-03-18,67.27297625
2018-03-19,48.39144916666667
2018-03-20,55.594067708333334
2018-03-21,48.65853604166667
2018-03-22,44.93082437500001
2018-03-23,48.10920625
2018-03-24,46.93433375
2018-03-25,54.21141434782609
2018-03-26,45.261744166666666
2018-03-27,56.94217458333333
2018-03-28,46.145515208333336
2018-03-29,53.29599270833333
2018-03-30,65.67941604166667
2018-03-31,67.241205
2018-04-01,64.13222229166666
2018-04-02,62.359188749999994
2018-04-03,52.10037770833333
2018-04-04,46.15473375
2018-04-05,41.49837708333333
2018-04-06,39.483218125
2018-04-07,47.6875075
2018-04-08,53.78324979166666
2018-04-09,62.659912291666664
2018-04-10,61.485205
2018-04-11,77.11166729166666
2018-04-12,70.739454375
2018-04-13,73.79271645833333
2018-04-14,37.193891666666666
2018-04-15,52.18667541666667
2018-04-16,39.86780625
2018-04-17,39.81860520833333
2018-04-18,42.846113333333335
2018-04-19,52.28186354166667
2018-04-20,38.14112645833333
2018-04-21,41.78577895833333
2018-04-22,40.98525625
2018-04-23,28.914038333333334
2018-04-24,44.56841979166666
2018-04-25,47.28695666666667
2018-04-26,32.190221875
2018-04-27,49.67704166666667
2018-04-28,61.24075666666667
2018-04-29,60.045964375000004
2018-04-30,50.510753541666666
2018-05-01,45.73147104166667
2018-05-02,50.53847541666667
2018-05-03,48.277350000000006
2018-05-04,43.43932395833334
2018-05-05,35.900224791666666
2018-05-06,33.50209458333333
2018-05-07,48.48091395833333
2018-05-08,43.787389375000004
2018-05-09,42.48552625
2018-05-10,39.800885
2018-05-11,46.277868125
2018-05-12,54.839936458333334
2018-05-13,42.721424791666664
2018-05-14,45.07262083333333
2018-05-15,56.76508666666667
2018-05-16,42.04131375
2018-05-17,49.412355416666664
2018-05-18,44.645031458333335
2018-05-19,43.605415
2018-05-20,55.94330458333334
2018-05-21,53.14162729166667
2018-05-22,40.43579625
2018-05-23,60.18804708333334
2018-05-24,58.12210854166667
2018-05-25,61.09587416666667
2018-05-26,46.361075625000005
2018-05-27,49.153745625
2018-05-28,54.41122375
2018-05-29,57.5236025
2018-05-30,76.32848333333334
2018-05-31,59.392795416666665
2018-06-01,52.065690625
2018-06-02,59.95165083333333
2018-06-03,64.12613791666666
2018-06-04,54.053529375000004
2018-06-05,52.255744791666665
2018-06-06,45.128188333333334
2018-06-07,54.724844375
2018-06-08,57.733453958333335
2018-06-09,46.204045
2018-06-10,52.994961458333336
2018-06-11,45.96294270833334
2018-06-12,51.710025
2018-06-13,47.90405416666667
2018-06-14,43.890570833333335
2018-06-15,60.388150625
2018-06-16,44.70956104166667
2018-06-17,48.209085625
2018-06-18,46.06127312500001
2018-06-19,65.86198041666667
2018-06-20,59.51740479166667
2018-06-21,39.89518208333333
2018-06-22,49.474218541666666
2018-06-23,50.89308
2018-06-24,50.05433895833334
2018-06-25,52.92014583333333
2018-06-26,64.01654166666667
2018-06-27,48.251927708333334
2018-06-28,43.600446250000005
2018-06-29,47.30016
2018-06-30,56.82051479166666
2018-07-01,58.908321666666666
2018-07-02,61.12128354166666
2018-07-03,51.930651250000004
2018-07-04,52.03131895833334
2018-07-05,59.77577645833333
2018-07-06,71.615269375
2018-07-07,61.83382833333334
2018-07-08,59.610088749999996
2018-07-09,58.70689479166666
2018-07-10,59.943763958333335
2018-07-11,49.72729458333333
2018-07-12,60.690523750000004
2018-07-13,71.91616291666666
2018-07-14,55.28270520833333
2018-07-15,52.426085416666666
2018-07-16,65.36085145833333
2018-07-17,60.928666875000005
2018-07-18,60.13601229166667
2018-07-19,52.2822375
2018-07-20,48.495027291666666
2018-07-21,51.215819374999995
2018-07-22,53.673903125
2018-07-23,59.87666729166667
2018-07-24,50.998220833333335
2018-07-25,55.86411958333333
2018-07-26,63.37733125
2018-07-27,64.11846958333334
2018-07-28,25.583073541666668
2018-07-29,71.19743229166666
2018-07-30,59.61150125
2018-07-31,44.8472475
2018-08-01,43.578703125000004
2018-08-02,55.732035625
2018-08-03,62.181439375
2018-08-04,56.431824375
2018-08-05,52.658925
2018-08-06,53.96464583333333
2018-08-07,63.074945625
2018-08-08,48.478845
2018-08-09,56.152710000000006
2018-08-10,55.9317125
2018-08-11,47.04949083333333
2018-08-12,61.187237083333336
2018-08-13,76.98300416666667
2018-08-14,53.47796770833333
2018-08-15,60.216561041666665
2018-08-16,55.21215958333334
2018-08-17,53.893511458333336
2018-08-18,51.45286708333333
2018-08-19,49.747487291666665
2018-08-20,89.30081083333333
2018-08-21,65.82382395833334
2018-08-22,60.693310625
2018-08-23,71.18457916666667
2018-08-24,55.95081291666667
2018-08-25,43.590917708333336
2018-08-26,57.975586666666665
2018-08-27,52.76354125
2018-08-28,63.70577041666667
2018-08-29,67.81748895833333
2018-08-30,52.294131666666665
2018-08-31,52.96336979166667
2018-09-01,62.37959145833333
2018-09-02,47.922993749999996
2018-09-03,55.38455041666666
2018-09-04,56.73400833333333
2018-09-05,69.80275833333333
2018-09-06,62.95408750000001
2018-09-07,62.910093125
2018-09-08,75.32556333333333
2018-09-09,54.200263125
2018-09-10,50.223042291666665
2018-09-11,53.593730416666666
2018-09-12,66.22948479166666
2018-09-13,64.82558083333333
2018-09-14,58.99042333333333
2018-09-15,64.96033333333334
2018-09-16,51.57177541666667
2018-09-17,64.18879291666667
2018-09-18,55.25281145833333
2018-09-19,62.466799583333334
2018-09-20,84.613574375
2018-09-21,61.41706833333333
2018-09-22,78.880765625
2018-09-23,59.126556666666666
2018-09-24,73.02432395833334
2018-09-25,63.46792416666667
2018-09-26,64.58790145833333
2018-09-27,63.886811875
2018-09-28,62.774654166666664
2018-09-29,57.357080208333336
2018-09-30,66.48215333333333
2018-10-01,59.5038125
2018-10-02,66.72097520833334
2018-10-03,74.2533675
2018-10-04,67.16103291666667
2018-10-05,72.40285916666666
2018-10-06,62.935225833333334
2018-10-07,57.26246833333334
2018-10-08,53.596105
2018-10-09,62.48875291666667
2018-10-10,69.96994375
2018-10-11,74.54720895833334
2018-10-12,54.927323333333334
2018-10-13,62.83604625
2018-10-14,68.22962041666666
2018-10-15,69.4876675
2018-10-16,64.82475145833334
2018-10-17,55.28456229166667
2018-10-18,58.035947446808514
2018-10-19,68.798759375
2018-10-20,65.30344770833334
2018-10-21,61.291615
2018-10-22,53.13746833333334
2018-10-23,51.774346875
2018-10-24,54.86089979166667
2018-10-25,69.28563687500001
2018-10-26,63.113915
2018-10-27,66.72705875
2018-10-28,60.5229418
2018-10-29,57.09283479166667
2018-10-30,77.55727708333333
2018-10-31,59.121123125
2018-11-01,67.99416666666667
2018-11-02,57.857182083333335
2018-11-03,65.24583333333334
2018-11-04,60.97946083333333
2018-11-05,68.13000000000001
2018-11-06,65.65916666666666
2018-11-07,62.50541666666667
2018-11-08,57.781666666666666
2018-11-09,56.11895833333333
2018-11-10,64.84375
2018-11-11,55.799791666666664
2018-11-12,59.23020833333334
2018-11-13,53.749439583333334
2018-11-14,51.53750125
2018-11-15,65.85387125
2018-11-16,66.453125
2018-11-17,60.218333333333334
2018-11-18,65.49395833333334
2018-11-19,52.602448124999995
2018-11-20,76.92187541666667
2018-11-21,61.656666666666666
2018-11-22,74.07584333333334
2018-11-23,64.0656025
2018-11-24,64.90604166666667
2018-11-25,61.825625
2018-11-26,76.45604166666666
2018-11-27,53.75395833333334
2018-11-28,64.74708625000001
2018-11-29,65.10312499999999
2018-11-30,52.43
2018-12-01,62.243985
2018-12-02,64.79319958333333
2018-12-03,61.630017083333335
2018-12-04,59.99458333333333
2018-12-05,68.7075
2018-12-06,56.90083333333333
2018-12-07,44.43641354166667
2018-12-08,48.347843958333335
2018-12-09,73.685625
2018-12-10,63.613125
2018-12-11,54.080272083333334
2018-12-12,57.759686304347824
2018-12-13,63.56270833333334
2018-12-14,59.175547083333335
2018-12-15,72.35544312500001
2018-12-16,73.52604166666667
2018-12-17,54.098828125000004
2018-12-18,62.95488833333334
2018-12-19,73.656875
2018-12-20,67.79625
2018-12-21,77.764375
2018-12-22,65.62169791666666
2018-12-23,69.99791666666667
2018-12-24,65.76625
2018-12-25,63.51809583333333
2018-12-26,53.611875
2018-12-27,53.74604166666666
2018-12-28,53.12840979166666
2018-12-29,51.321041666666666
2018-12-30,42.072291666666665
2018-12-31,48.61515958333334
2019-01-01,30.82936170212766
2019-01-02,72.156875
2019-01-03,59.722639375
2019-01-04,50.79148708333333
2019-01-05,70.81658333333333
2019-01-06,72.79086291666667
2019-01-07,50.22707354166667
2019-01-08,65.94895833333334
2019-01-09,51.90729166666667
2019-01-10,69.61124270833334
2019-01-11,57.767494166666665
2019-01-12,52.403124999999996
2019-01-13,45.03541666666666
2019-01-14,59.333944374999994
2019-01-15,55.4375
2019-01-16,59.47083333333333
2019-01-17,52.58068708333334
2019-01-18,55.653979791666664
2019-01-19,67.40785958333333
2019-01-20,64.77145833333334
2019-01-21,58.18959229166666
2019-01-22,74.6038025
2019-01-23,76.97875
2019-01-24,82.45604166666666
2019-01-25,45.99125
2019-01-26,50.95229166666667
2019-01-27,54.265208333333334
2019-01-28,70.65038083333333
2019-01-29,58.87483208333333
2019-01-30,53.67234208333334
2019-01-31,67.63815208333334
2019-02-01,62.487984374999996
2019-02-02,57.18854166666667
2019-02-03,50.536249999999995
2019-02-04,50.47416666666667
2019-02-05,58.571161458333336
2019-02-06,47.884375
2019-02-07,53.635
2019-02-08,45.72104166666667
2019-02-09,51.102291666666666
2019-02-10,54.31593270833333
2019-02-11,52.76291666666666
2019-02-12,43.47416666666666
2019-02-13,41.97160354166667
2019-02-14,58.99373083333333
2019-02-15,48.795203750000006
2019-02-16,43.11666666666667
2019-02-17,45.11609229166667
2019-02-18,40.51541666666667
2019-02-19,37.932291666666664
2019-02-20,46.295208333333335
2019-02-21,47.427083333333336
2019-02-22,47.28854166666667
2019-02-23,45.904583333333335
2019-02-24,39.784633125
2019-02-25,45.87270833333333
2019-02-26,39.05958208333333
2019-02-27,50.32117916666667
2019-02-28,52.56260770833333
2019-03-01,48.686114583333335
2019-03-02,46.53187500000001
2019-03-03,38.97000104166667
2019-03-04,39.053688333333334
2019-03-05,53.478390625
2019-03-06,46.742195
2019-03-07,46.815416666666664
2019-03-08,49.717566250000004
2019-03-09,40.59146104166667
2019-03-10,52.231458333333336
2019-03-11,46.07479166666667
2019-03-12,48.88150083333333
2019-03-13,43.09642791666667
2019-03-14,48.815214375000004
2019-03-15,39.6025
2019-03-16,55.289791666666666
2019-03-17,44.564375000000005
2019-03-18,63.622083333333336
2019-03-19,34.732083333333335
2019-03-20,39.76578166666667
2019-03-21,47.434374999999996
2019-03-22,44.52948541666667
2019-03-23,40.155833333333334
2019-03-24,6.293125
2019-03-25,31.551490833333332
2019-03-26,34.975
2019-03-27,44.40729166666667
2019-03-28,45.517499375
2019-03-29,36.85034875
2019-03-30,43.630638125
2019-03-31,34.865176086956524
2019-04-01,40.71832520833333
2019-04-02,36.913904375
2019-04-03,49.91958333333333
2019-04-04,47.098750833333334
2019-04-05,48.4475
2019-04-06,55.599375
2019-04-07,53.29233812499999
2019-04-08,48.65558395833333
2019-04-09,38.745984791666665
2019-04-10,46.38033229166667
2019-04-11,37.87957041666667
2019-04-12,43.34483
2019-04-13,38.47104645833333
2019-04-14,37.861875
2019-04-15,37.778243124999996
2019-04-16,51.13073395833334
2019-04-17,49.99344645833333
2019-04-18,49.792691041666664
2019-04-19,40.6977625
2019-04-20,40.33687041666666
2019-04-21,30.9575
2019-04-22,35.45166666666667
2019-04-23,40.002874999999996
2019-04-24,46.964893958333334
2019-04-25,39.141041666666666
2019-04-26,23.21771708333333
2019-04-27,38.94625
2019-04-28,50.146616875
2019-04-29,37.886322916666664
2019-04-30,44.69104166666667
2019-05-01,38.154426666666666
2019-05-02,46.29287125
2019-05-03,50.42099854166667
2019-05-04,35.661254166666666
2019-05-05,39.185208333333335
2019-05-06,39.79770833333333
2019-05-07,44.39541666666667
2019-05-08,49.66083333333333
2019-05-09,75.58479166666667
2019-05-10,53.575887916666666
2019-05-11,40.562083333333334
2019-05-12,37.72811479166666
2019-05-13,42.0079625
2019-05-14,33.04319270833333
2019-05-15,34.14625
2019-05-16,27.357083333333335
2019-05-17,39.531444375
2019-05-18,51.064166666666665
2019-05-19,47.981646874999996
2019-05-20,48.56662395833334
2019-05-21,42.39
2019-05-22,36.315625000000004
2019-05-23,32.05216083333333
2019-05-24,37.32229541666667
2019-05-25,32.195833541666666
2019-05-26,-12.155601249999998
2019-05-27,38.79958333333334
2019-05-28,32.761685625
2019-05-29,37.97812416666667
2019-05-30,29.385835
2019-05-31,41.684610416666665
2019-06-01,43.200625
2019-06-02,43.0635575
2019-06-03,35.80797916666666
2019-06-04,43.433335
2019-06-05,34.10074770833334
2019-06-06,41.34354166666667
2019-06-07,43.29503125
2019-06-08,51.97160125
2019-06-09,45.94583333333333
2019-06-10,46.03929229166667
2019-06-11,49.993780416666674
2019-06-12,42.15339625
2019-06-13,53.535625
2019-06-14,37.68603916666667
2019-06-15,43.068958333333335
2019-06-16,34.43625
2019-06-17,33.1264375
2019-06-18,36.64037729166667
2019-06-19,49.35219979166666
2019-06-20,41.019084375
2019-06-21,33.519373333333334
2019-06-22,32.16042145833333
2019-06-23,39.83625
2019-06-24,75.52329145833333
2019-06-25,32.14813229166666
2019-06-26,41.263958333333335
2019-06-27,30.432981249999997
2019-06-28,33.02791666666666
2019-06-29,49.56121270833333
2019-06-30,31.5529975
2019-07-01,40.08520145833334
2019-07-02,29.413229166666667
2019-07-03,31.28025104166667
2019-07-04,31.834874791666667
2019-07-05,40.279781041666666
2019-07-06,38.61887708333334
2019-07-07,31.080107708333333
2019-07-08,41.37364395833333
2019-07-09,36.857015833333335
2019-07-10,39.98916666666667
2019-07-11,46.703547500000006
2019-07-12,49.674805625000005
2019-07-13,41.58353520833334
2019-07-14,41.058021458333336
2019-07-15,35.96802958333333
2019-07-16,48.89806333333333
2019-07-17,33.447740833333334
2019-07-18,39.83595833333333
2019-07-19,43.04018250000001
2019-07-20,41.249482291666666
2019-07-21,38.80286541666667
2019-07-22,34.795796458333335
2019-07-23,44.826385208333335
2019-07-24,55.69396208333333
2019-07-25,54.427770833333334
2019-07-26,47.661125625000004
2019-07-27,39.69864979166667
2019-07-28,42.64023770833334
2019-07-29,32.20524583333333
2019-07-30,31.97083604166667
2019-07-31,36.422869999999996
2019-08-01,43.820351458333334
2019-08-02,49.666666666666664
2019-08-03,41.624375
2019-08-04,41.005625
2019-08-05,36.94541666666667
2019-08-06,29.046041666666667
2019-08-07,31.562085
2019-08-08,51.881246874999995
2019-08-09,46.188715
2019-08-10,47.216874999999995
2019-08-11,40.62221375
2019-08-12,34.33326
2019-08-13,39.625046041666664
2019-08-14,37.27552416666666
2019-08-15,24.570836041666666
2019-08-16,42.63854666666666
2019-08-17,31.848128125000002
2019-08-18,28.179400416666667
2019-08-19,28.204970833333334
2019-08-20,36.596875000000004
2019-08-21,41.52541375
2019-08-22,41.13521375
2019-08-23,30.00872340425532
2019-08-24,40.02230041666667
2019-08-25,31.709474583333332
2019-08-26,42.83895833333333
2019-08-27,56.75457624999999
2019-08-28,32.708333958333334
2019-08-29,24.31125916666667
2019-08-30,25.385625625
2019-08-31,19.108786249999998
2019-09-01,29.763125
2019-09-02,13.89155
2019-09-03,30.375651875
2019-09-04,35.18958333333333
2019-09-05,26.21703958333333
2019-09-06,23.9531525
2019-09-07,27.667916666666667
2019-09-08,36.33920083333333
2019-09-09,24.576292916666663
2019-09-10,26.440315
2019-09-11,15.912083333333333
2019-09-12,34.07272666666667
2019-09-13,33.18450270833333
2019-09-14,41.494084791666666
2019-09-15,31.043544166666667
2019-09-16,35.60594916666667
2019-09-17,29.865207021276596
2019-09-18,41.696629375
2019-09-19,30.504583333333333
2019-09-20,28.516174583333335
2019-09-21,33.89604166666667
2019-09-22,45.17041666666666
2019-09-23,40.87882895833334
2019-09-24,44.509166666666665
2019-09-25,37.855624999999996
2019-09-26,30.362291666666668
2019-09-27,33.48229166666667
2019-09-28,28.611517083333336
2019-09-29,40.50354166666667
2019-09-30,32.159294583333335
2019-10-01,42.66458645833333
2019-10-02,31.711954255319146
2019-10-03,41.732293750000004
2019-10-04,52.743543125
2019-10-05,42.748333333333335
2019-10-06,25.90945520833333
2019-10-07,37.887501875
2019-10-08,31.074583333333333
2019-10-09,28.63
2019-10-10,33.97958333333333
2019-10-11,30.268814375
2019-10-12,35.09190708333333
2019-10-13,42.239793125
2019-10-14,53.136175
2019-10-15,40.95663770833333
2019-10-16,51.838214791666665
2019-10-17,46.049791666666664
2019-10-18,38.468125
2019-10-19,23.009185833333333
2019-10-20,30.964493541666666
2019-10-21,32.824925416666666
2019-10-22,29.900359166666664
2019-10-23,39.69334479166667
2019-10-24,45.804797083333334
2019-10-25,43.88912520833333
2019-10-26,48.04750000000001
2019-10-27,26.694008
2019-10-28,34.26583333333333
2019-10-29,29.499496250000004
2019-10-30,32.172445
2019-10-31,27.412715208333335
2019-11-01,36.4693525
2019-11-02,38.702086666666666
2019-11-03,40.284169999999996
2019-11-04,31.08885875
2019-11-05,33.669583333333335
2019-11-06,54.18296708333333
2019-11-07,30.58972083333333
2019-11-08,41.48241875
2019-11-09,39.89572041666667
2019-11-10,31.09395541666667
2019-11-11,37.912919375
2019-11-12,45.06979166666667
2019-11-13,42.02696291666667
2019-11-14,48.36479166666667
2019-11-15,44.561867916666664
2019-11-16,55.14197708333333
2019-11-17,53.995000000000005
2019-11-18,48.28884666666667
2019-11-19,54.98016375
2019-11-20,43.84396041666667
2019-11-21,47.74663770833333
2019-11-22,53.755833333333335
2019-11-23,48.02404255319149
2019-11-24,48.86396666666667
2019-11-25,53.83770833333333
2019-11-26,35.20395833333333
2019-11-27,46.14541666666667
2019-11-28,51.94162729166666
2019-11-29,45.87015520833333
2019-11-30,40.629583333333336
2019-12-01,45.83979166666666
2019-12-02,55.23522583333334
2019-12-03,42.531342708333334
2019-12-04,46.31354166666667
2019-12-05,51.101097708333334
2019-12-06,34.71145833333333
2019-12-07,22.720860625
2019-12-08,-2.8016666666666663
2019-12-09,50.273959999999995
2019-12-10,46.67154125
2019-12-11,49.74767333333333
2019-12-12,47.87562500000001
2019-12-13,47.11020833333333
2019-12-14,40.11336666666667
2019-12-15,35.604375
2019-12-16,46.21205895833333
2019-12-17,36.94316104166666
2019-12-18,43.11375
2019-12-19,31.444795
2019-12-20,36.55916666666666
2019-12-21,31.948709583333336
2019-12-22,38.986041666666665
2019-12-23,36.158856875000005
2019-12-24,24.6525
2019-12-25,32.714063125
2019-12-26,34.16069791666667
2019-12-27,47.49458333333333
2019-12-28,35.8325
2019-12-29,37.054375
2019-12-30,28.378977708333334
2019-12-31,38.24604166666666
2020-01-01,41.26209083333333
2020-01-02,17.714166666666667
2020-01-03,24.018958333333334
2020-01-04,27.113333333333333
2020-01-05,27.58
2020-01-06,34.715975416666666
2020-01-07,28.75125
2020-01-08,30.537916666666664
2020-01-09,30.611680208333336
2020-01-10,44.864377708333336
2020-01-11,32.66721375
2020-01-12,35.798336666666664
2020-01-13,36.88708125
2020-01-14,49.46958333333333
2020-01-15,30.064227916666667
2020-01-16,39.214164583333336
2020-01-17,31.079644166666668
2020-01-18,38.23596354166667
2020-01-19,41.382752708333335
2020-01-20,28.328125
2020-01-21,52.08579208333333
2020-01-22,58.81020833333333
2020-01-23,37.42945916666667
2020-01-24,35.906666666666666
2020-01-25,36.1132925
2020-01-26,35.13228958333333
2020-01-27,36.481868541666664
2020-01-28,37.77625
2020-01-29,34.09166666666667
2020-01-30,24.902708333333333
2020-01-31,32.42635020833333
2020-02-01,31.464536874999997
2020-02-02,37.49041666666667
2020-02-03,25.721249999999998
2020-02-04,34.578541666666666
2020-02-05,17.229791666666667
2020-02-06,37.137103125
2020-02-07,31.627143958333335
2020-02-08,30.16395833333333
2020-02-09,34.28958333333333
2020-02-10,40.20979166666667
2020-02-11,33.82333333333333
2020-02-12,24.029199791666667
2020-02-13,36.88104166666667
2020-02-14,38.6975
2020-02-15,31.511041666666667
2020-02-16,31.151669375
2020-02-17,32.096422708333336
2020-02-18,28.31520833333333
2020-02-19,28.542370833333333
2020-02-20,25.774375000000003
2020-02-21,33.13645833333333
2020-02-22,41.11718291666667
2020-02-23,32.174539583333335
2020-02-24,41.36638104166666
2020-02-25,47.949999999999996
2020-02-26,33.58550979166667
2020-02-27,32.35883729166667
2020-02-28,25.857376458333334
2020-02-29,23.66694520833333
2020-03-01,19.166879583333333
2020-03-02,36.8925
2020-03-03,40.53184875
2020-03-04,122.89082979166666
2020-03-05,27.040025416666666
2020-03-06,34.119166666666665
2020-03-07,16.194255208333335
2020-03-08,21.511192291666664
2020-03-09,28.808989999999998
2020-03-10,27.53409875
2020-03-11,34.280840000000005
2020-03-12,32.37833333333334
2020-03-13,27.382244375
2020-03-14,23.80866979166667
2020-03-15,35.335
2020-03-16,20.584837083333333
2020-03-17,27.160752916666667
2020-03-18,35.99121354166667
2020-03-19,34.762499999999996
2020-03-20,21.55364333333333
2020-03-21,22.76917
2020-03-22,22.323303541666665
2020-03-23,19.244170625
2020-03-24,11.725010833333334
2020-03-25,14.267255208333333
2020-03-26,23.169337708333334
2020-03-27,22.422705625000003
2020-03-28,18.214857291666664
2020-03-29,23.309565217391306
2020-03-30,30.12760354166667
2020-03-31,30.125445208333332
2020-04-01,36.096041666666665
2020-04-02,28.063752500000003
2020-04-03,26.338541666666668
2020-04-04,29.04758
2020-04-05,12.145416666666668
2020-04-06,14.266978125
2020-04-07,25.414472291666666
2020-04-08,19.301780416666666
2020-04-09,32.409015625
2020-04-10,37.06861395833334
2020-04-11,18.584763125
2020-04-12,34.57507916666667
2020-04-13,3.2587500000000005
2020-04-14,11.494097916666668
2020-04-15,20.626880416666665
2020-04-16,29.364545000000003
2020-04-17,26.87625
2020-04-18,28.719791666666666
2020-04-19,27.508958333333336
2020-04-20,8.167246041666667
2020-04-21,14.595625833333335
2020-04-22,35.37993541666667
2020-04-23,34.80073625
2020-04-24,18.70145833333333
2020-04-25,30.082916666666666
2020-04-26,22.935008333333332
2020-04-27,15.825419791666667
2020-04-28,33.901666666666664
2020-04-29,22.325829583333334
2020-04-30,21.06582979166667
2020-05-01,32.23729166666667
2020-05-02,24.457088125
2020-05-03,35.63229166666667
2020-05-04,28.278961041666665
2020-05-05,20.459775208333333
2020-05-06,22.4570875
2020-05-07,35.103541666666665
2020-05-08,27.531041666666667
2020-05-09,35.85607104166667
2020-05-10,25.670625
2020-05-11,27.507291666666664
2020-05-12,20.763749999999998
2020-05-13,20.22798583333333
2020-05-14,26.679291875
2020-05-15,23.398958333333336
2020-05-16,20.07645833333333
2020-05-17,27.73875
2020-05-18,30.496666458333333
2020-05-19,24.548439166666668
2020-05-20,25.63086125
2020-05-21,22.702293333333333
2020-05-22,-16.630041666666667
2020-05-23,25.46964208333333
2020-05-24,3.507908333333333
2020-05-25,33.73354104166667
2020-05-26,28.99072645833333
2020-05-27,26.491392708333333
2020-05-28,25.2460525
2020-05-29,21.248261875
2020-05-30,15.49733
2020-05-31,24.042916666666667
2020-06-01,28.09572291666667
2020-06-02,34.339999999999996
2020-06-03,20.10907125
2020-06-04,30.664792916666666
2020-06-05,15.16375625
2020-06-06,5.254583333333334
2020-06-07,25.474679166666665
2020-06-08,34.249797916666665
2020-06-09,28.266735
2020-06-10,25.978763125
2020-06-11,30.905626458333334
2020-06-12,32.12583458333334
2020-06-13,32.14479229166667
2020-06-14,30.129791666666666
2020-06-15,36.12854166666667
2020-06-16,26.771878958333332
2020-06-17,29.180109375
2020-06-18,33.46884145833334
2020-06-19,29.633333333333336
2020-06-20,31.032914791666666
2020-06-21,11.563754166666667
2020-06-22,25.958135
2020-06-23,33.99287708333333
2020-06-24,31.88479166666667
2020-06-25,31.734583333333333
2020-06-26,31.734791666666666
2020-06-27,18.258958333333336
2020-06-28,-16.908350208333335
2020-06-29,26.037710416666666
2020-06-30,35.381458333333335
2020-07-01,25.536455833333335
2020-07-02,32.34500833333333
2020-07-03,24.592667708333334
2020-07-04,19.490003958333332
2020-07-05,25.59458604166667
2020-07-06,20.508435416666668
2020-07-07,25.839565625000002
2020-07-08,31.98823916666667
2020-07-09,26.36741520833333
2020-07-10,26.804461458333336
2020-07-11,24.543403958333332
2020-07-12,20.928968333333334
2020-07-13,27.89719291666667
2020-07-14,34.39145833333333
2020-07-15,30.497431666666667
2020-07-16,31.139708125
2020-07-17,22.558333333333334
2020-07-18,30.10771
2020-07-19,23.499795416666668
2020-07-20,25.008130625000003
2020-07-21,33.26296020833333
2020-07-22,24.05086270833333
2020-07-23,30.508973333333333
2020-07-24,39.136041666666664
2020-07-25,35.766761458333335
2020-07-26,28.110219375
2020-07-27,24.39979166666667
2020-07-28,22.779583333333335
2020-07-29,22.966262916666665
2020-07-30,38.614923125
2020-07-31,36.53146854166666
2020-08-01,23.622709999999998
2020-08-02,27.386884374999998
2020-08-03,27.118880833333332
2020-08-04,29.609340208333332
2020-08-05,24.644583333333333
2020-08-06,38.43223666666667
2020-08-07,35.84354166666667
2020-08-08,31.56249
2020-08-09,40.27666791666667
2020-08-10,43.922503541666664
2020-08-11,49.786319999999996
2020-08-12,26.227609583333333
2020-08-13,39.987500000000004
2020-08-14,40.192691458333336
2020-08-15,42.95896
2020-08-16,41.12307125
2020-08-17,46.119791666666664
2020-08-18,34.78438333333333
2020-08-19,43.90541666666667
2020-08-20,36.30038604166666
2020-08-21,40.575695625
2020-08-22,30.40176166666667
2020-08-23,24.899830416666664
2020-08-24,20.849023958333333
2020-08-25,32.963945833333334
2020-08-26,41.894617708333335
2020-08-27,43.97718979166667
2020-08-28,34.62763291666666
2020-08-29,42.415981458333334
2020-08-30,36.093648333333334
2020-08-31,35.086416041666666
2020-09-01,40.28551041666667
2020-09-02,44.78687729166666
2020-09-03,40.774962083333335
2020-09-04,39.886675000000004
2020-09-05,36.88838875
2020-09-06,43.38791666666666
2020-09-07,40.131307916666664
2020-09-08,44.471295625
2020-09-09,33.61121666666667
2020-09-10,48.839247916666665
2020-09-11,38.71333333333333
2020-09-12,14.620693125
2020-09-13,33.20257791666666
2020-09-14,57.49708437499999
2020-09-15,112.65185458333333
2020-09-16,42.76895833333333
2020-09-17,34.30040833333333
2020-09-18,27.588116875
2020-09-19,34.300590625
2020-09-20,36.71813604166667
2020-09-21,31.0220125
2020-09-22,39.198519166666664
2020-09-23,46.683528333333335
2020-09-24,52.327715624999996
2020-09-25,37.88460395833334
2020-09-26,42.855625
2020-09-27,33.29855
2020-09-28,59.49086
2020-09-29,55.56875
2020-09-30,52.661979374999994
2020-10-01,36.82075916666667
2020-10-02,40.48375
2020-10-03,51.807500000000005
2020-10-04,41.39499979166667
2020-10-05,48.36000270833333
2020-10-06,43.829791666666665
2020-10-07,41.566383333333334
2020-10-08,54.062495625
2020-10-09,42.480365416666665
2020-10-10,45.943135833333336
2020-10-11,43.90047729166667
2020-10-12,41.461296041666664
2020-10-13,49.51166020833333
2020-10-14,50.208127708333336
2020-10-15,47.46768104166667
2020-10-16,45.80166666666667
2020-10-17,46.765687500000006
2020-10-18,52.21083333333333
2020-10-19,40.899375
2020-10-20,47.273196875
2020-10-21,43.65174854166667
2020-10-22,37.49208333333333
2020-10-23,49.58314875
2020-10-24,39.81650354166667
2020-10-25,26.2862738
2020-10-26,33.65988854166667
2020-10-27,41.864169374999996
2020-10-28,46.175000000000004
2020-10-29,34.64022958333333
2020-10-30,40.670998125000004
2020-10-31,29.277084583333334
2020-11-01,8.053333333333333
2020-11-02,27.965368958333332
2020-11-03,46.805006875000004
2020-11-04,26.676041666666666
2020-11-05,45.71000895833333
2020-11-06,48.038063333333334
2020-11-07,47.88229166666667
2020-11-08,59.183750624999995
2020-11-09,66.29770833333333
2020-11-10,33.41447791666666
2020-11-11,40.012430625
2020-11-12,32.288135833333335
2020-11-13,40.15833333333333
2020-11-14,42.074853749999996
2020-11-15,18.972909583333333
2020-11-16,30.794999375
2020-11-17,42.10045541666667
2020-11-18,35.430292916666666
2020-11-19,31.613333333333333
2020-11-20,36.8731825
2020-11-21,26.945791041666666
2020-11-22,28.580416666666665
2020-11-23,38.85802625
2020-11-24,46.39750375
2020-11-25,37.56520833333334
2020-11-26,54.85091395833334
2020-11-27,55.071110624999996
2020-11-28,57.79375354166667
2020-11-29,56.97314333333333
2020-11-30,35.30327270833333
2020-12-01,64.68045083333332
2020-12-02,70.38983270833333
2020-12-03,63.291282708333334
2020-12-04,38.109157708333335
2020-12-05,48.229373125
2020-12-06,91.61854166666666
2020-12-07,122.03593875
2020-12-08,50.71790979166667
2020-12-09,57.98687833333333
2020-12-10,36.47048958333333
2020-12-11,53.39833541666667
2020-12-12,54.27770833333333
2020-12-13,43.5525
2020-12-14,50.984166666666674
2020-12-15,44.47716895833333
2020-12-16,52.095415833333334
2020-12-17,54.947138125
2020-12-18,41.444915625
2020-12-19,46.27825729166667
2020-12-20,59.17520833333333
2020-12-21,62.221723125000004
2020-12-22,43.55781541666667
2020-12-23,52.234375
2020-12-24,54.100625
2020-12-25,61.69062208333333
2020-12-26,24.516041666666666
2020-12-27,54.01143166666666
2020-12-28,106.997503125
2020-12-29,80.15047375
2020-12-30,82.68346125000001
2020-12-31,69.45937500000001
2021-01-01,63.322575
2021-01-02,62.87238083333333
2021-01-03,55.170208333333335
2021-01-04,63.01558458333333
2021-01-05,68.73979166666666
2021-01-06,89.42666541666667
2021-01-07,172.03735765957447
2021-01-08,304.4113189583333
2021-01-09,72.26625
2021-01-10,62.86224791666667
2021-01-11,59.709150625
2021-01-12,90.61742854166665
2021-01-13,96.78205770833334
2021-01-14,43.247083333333336
2021-01-15,72.26977395833333
2021-01-16,56.39354479166667
2021-01-17,47.982899583333335
2021-01-18,59.0101775
2021-01-19,59.93
2021-01-20,95.511020625
2021-01-21,66.94743229166666
2021-01-22,81.98041666666667
2021-01-23,80.46333333333332
2021-01-24,58.08604166666667
2021-01-25,61.054423750000005
2021-01-26,81.28645854166668
2021-01-27,73.91645833333332
2021-01-28,67.83348625
2021-01-29,59.829794375
2021-01-30,41.40941541666667
2021-01-31,41.34646020833333
2021-02-01,100.638125
2021-02-02,59.535
2021-02-03,65.94895833333334
2021-02-04,65.480625
2021-02-05,52.38983208333334
2021-02-06,53.38062770833333
2021-02-07,28.27468479166667
2021-02-08,63.899140625
2021-02-09,50.427777291666665
2021-02-10,81.40733458333334
2021-02-11,64.08271104166667
2021-02-12,59.88229166666667
2021-02-13,60.48520833333333
2021-02-14,64.32916666666667
2021-02-15,60.85149729166667
2021-02-16,36.5143775
2021-02-17,33.572593958333336
2021-02-18,36.98854166666667
2021-02-19,38.69670395833334
2021-02-20,50.35625458333334
2021-02-21,35.9295975
2021-02-22,51.215936666666664
2021-02-23,37.12531979166667
2021-02-24,33.773601041666666
2021-02-25,40.01176291666667
2021-02-26,42.286875
2021-02-27,55.93725583333333
2021-02-28,46.1950575
2021-03-01,61.96729208333333
2021-03-02,75.13403958333333
2021-03-03,121.54820062499999
2021-03-04,66.0904175
2021-03-05,51.10891458333333
2021-03-06,59.127916666666664
2021-03-07,79.986545625
2021-03-08,50.11208333333334
2021-03-09,52.92041666666666
2021-03-10,58.285644166666664
2021-03-11,36.08807
2021-03-12,54.237107083333335
2021-03-13,70.60979437499999
2021-03-14,29.509931249999998
2021-03-15,43.78020833333333
2021-03-16,41.392621874999996
2021-03-17,59.6858075
2021-03-18,51.842313958333335
2021-03-19,53.306669375000006
2021-03-20,53.428896458333334
2021-03-21,56.416419375000004
2021-03-22,46.636532708333334
2021-03-23,54.92333333333334
2021-03-24,40.916939375
2021-03-25,57.34631104166667
2021-03-26,49.32244395833334
2021-03-27,48.7764625
2021-03-28,50.85522630434782
2021-03-29,28.977708333333336
2021-03-30,44.20991083333333
2021-03-31,47.71729166666666
2021-04-01,60.75000229166667
2021-04-02,48.25951416666667
2021-04-03,39.796484375
2021-04-04,46.50416666666666
2021-04-05,53.052715416666665
2021-04-06,67.68645833333333
2021-04-07,105.148543125
2021-04-08,48.082443125
2021-04-09,65.74490645833333
2021-04-10,72.18237166666667
2021-04-11,58.62291666666667
2021-04-12,293.43125
2021-04-13,88.73361104166666
2021-04-14,72.549375
2021-04-15,67.49937604166666
2021-04-16,78.17559479166667
2021-04-17,67.471524375
2021-04-18,48.284375000000004
2021-04-19,51.658914375
2021-04-20,54.65256895833334
2021-04-21,67.45172541666666
2021-04-22,65.350625
2021-04-23,64.31520833333333
2021-04-24,58.35458499999999
2021-04-25,46.92058583333333
2021-04-26,51.88708333333333
2021-04-27,69.97541041666666
2021-04-28,74.45868479166667
2021-04-29,85.88087791666668
2021-04-30,82.15871583333333
2021-05-01,74.949899375
2021-05-02,84.55286479166666
2021-05-03,69.48647729166667
2021-05-04,54.78478875
2021-05-05,83.03791666666667
2021-05-06,79.315906875
2021-05-07,76.60007083333333
2021-05-08,85.6125
2021-05-09,66.56438229166666
2021-05-10,72.473765625
2021-05-11,54.07083229166667
2021-05-12,69.69048041666666
2021-05-13,82.87089791666666
2021-05-14,107.51492083333333
2021-05-15,98.62083333333334
2021-05-16,89.19281833333334
2021-05-17,96.72708729166668
2021-05-18,69.73840479166667
2021-05-19,78.926399375
2021-05-20,72.122669375
2021-05-21,66.18229166666667
2021-05-22,87.43833333333333
2021-05-23,67.25458333333333
2021-05-24,68.739375
2021-05-25,94.02534645833333
2021-05-26,86.32999666666666
2021-05-27,58.8197975
2021-05-28,71.55848666666667
2021-05-29,64.84665
2021-05-30,61.362922499999996
2021-05-31,67.795378125
2021-06-01,65.75042499999999
2021-06-02,82.82310208333332
2021-06-03,54.44048166666667
2021-06-04,66.38333333333334
2021-06-05,54.52146104166667
2021-06-06,44.610459166666665
2021-06-07,46.191913125000006
2021-06-08,75.4814625
2021-06-09,76.60148208333334
2021-06-10,76.69537666666666
2021-06-11,78.37439041666667
2021-06-12,85.12130208333333
2021-06-13,66.156731875
2021-06-14,84.412301875
2021-06-15,80.660219375
2021-06-16,84.78458625
2021-06-17,89.96562979166667
2021-06-18,89.6445875
2021-06-19,93.89626
2021-06-20,65.720841875
2021-06-21,66.18479166666667
2021-06-22,57.698961458333336
2021-06-23,84.57791937500001
2021-06-24,92.02463875000001
2021-06-25,83.59126666666667
2021-06-26,85.972089375
2021-06-27,79.08772666666667
2021-06-28,125.72200020833333
2021-06-29,75.52540437500001
2021-06-30,82.65125666666667
2021-07-01,94.63377458333333
2021-07-02,97.15641708333334
2021-07-03,94.57291916666667
2021-07-04,73.75250458333333
2021-07-05,86.45021208333333
2021-07-06,92.96691625
2021-07-07,88.79687875
2021-07-08,110.21270979166667
2021-07-09,111.27394791666667
2021-07-10,103.962295
2021-07-11,105.23209437499999
2021-07-12,91.13521104166666
2021-07-13,98.75910020833334
2021-07-14,87.7973875
2021-07-15,87.63935791666667
2021-07-16,93.82273395833333
2021-07-17,82.35440541666667
2021-07-18,110.61666874999999
2021-07-19,117.06291416666666
2021-07-20,116.26686416666666
2021-07-21,111.431861875
2021-07-22,121.22188020833333
2021-07-23,92.03335645833333
2021-07-24,61.99350041666667
2021-07-25,80.10440833333332
2021-07-26,83.05500500000001
2021-07-27,91.99513229166666
2021-07-28,102.51835916666666
2021-07-29,57.41910291666667
2021-07-30,96.70333604166666
2021-07-31,104.11979166666667
2021-08-01,84.821249375
2021-08-02,77.994740625
2021-08-03,91.43559499999999
2021-08-04,104.574595
2021-08-05,112.67605583333334
2021-08-06,107.98084166666666
2021-08-07,84.5525
2021-08-08,82.84089895833334
2021-08-09,117.20378770833334
2021-08-10,99.54894875000001
2021-08-11,103.53010645833332
2021-08-12,110.33521854166666
2021-08-13,103.76076729166665
2021-08-14,104.58361270833332
2021-08-15,109.91292729166668
2021-08-16,102.043959375
2021-08-17,113.645014375
2021-08-18,107.25875541666666
2021-08-19,132.64777375
2021-08-20,129.70458625
2021-08-21,121.86043770833334
2021-08-22,111.161205
2021-08-23,116.22712354166667
2021-08-24,112.97208333333333
2021-08-25,121.847176875
2021-08-26,108.18020875
2021-08-27,106.09875249999999
2021-08-28,91.10318708333334
2021-08-29,105.836928125
2021-08-30,122.83800666666667
2021-08-31,135.05539083333335
2021-09-01,137.3264675
2021-09-02,151.85276812499998
2021-09-03,152.383223125
2021-09-04,139.64271666666667
2021-09-05,122.91261041666667
2021-09-06,117.37479104166665
2021-09-07,356.2687891666667
2021-09-08,208.32396104166665
2021-09-09,960.2364733333334
2021-09-10,170.1631275
2021-09-11,118.63541666666667
2021-09-12,119.58520833333334
2021-09-13,103.54041666666666
2021-09-14,165.63220083333334
2021-09-15,211.84854166666665
2021-09-16,100.14645833333333
2021-09-17,132.43604708333334
2021-09-18,177.05760270833332
2021-09-19,123.18259625
2021-09-20,114.78208812499999
2021-09-21,150.4975
2021-09-22,161.45290354166667
2021-09-23,128.656401875
2021-09-24,154.79625145833333
2021-09-25,184.18846229166664
2021-09-26,100.42251208333333
2021-09-27,106.42270833333333
2021-09-28,155.277925
2021-09-29,138.09891979166667
2021-09-30,160.579979375
2021-10-01,172.76250270833336
2021-10-02,196.27339854166667
2021-10-03,105.18884208333333
2021-10-04,132.18230145833334
2021-10-05,159.40251020833333
2021-10-06,189.81375
2021-10-07,200.8032875
2021-10-08,185.10416666666666
2021-10-09,145.06458333333333
2021-10-10,108.8925
2021-10-11,126.99083333333334
2021-10-12,149.92643770833334
2021-10-13,180.70687145833335
2021-10-14,186.796875
2021-10-15,144.43979166666665
2021-10-16,152.05297854166668
2021-10-17,172.60541666666666
2021-10-18,179.61133291666667
2021-10-19,176.537974375
2021-10-20,165.87027333333333
2021-10-21,173.13558291666666
2021-10-22,188.14009729166665
2021-10-23,167.9104275
2021-10-24,160.96802583333331
2021-10-25,143.93793333333335
2021-10-26,138.94812083333332
2021-10-27,206.04437499999997
2021-10-28,164.40625
2021-10-29,121.88913666666667
2021-10-30,127.17125
2021-10-31,93.77407740000001
2021-11-01,115.86712999999999
2021-11-02,415.0974872916667
2021-11-03,171.30626041666667
2021-11-04,189.33343979166668
2021-11-05,169.19083333333333
2021-11-06,114.04762
2021-11-07,134.31812520833333
2021-11-08,191.02482833333332
2021-11-09,151.87340062500002
2021-11-10,160.63748854166667
2021-11-11,158.40277291666666
2021-11-12,157.94041875
2021-11-13,177.77007916666665
2021-11-14,140.85270833333334
2021-11-15,126.38622770833332
2021-11-16,164.66041041666668
2021-11-17,149.15729666666667
2021-11-18,124.35996666666666
2021-11-19,172.57996937500002
2021-11-20,192.03145833333335
2021-11-21,188.47766875
2021-11-22,150.25136979166666
2021-11-23,176.31151666666668
2021-11-24,316.0654141666667
2021-11-25,212.393730625
2021-11-26,219.91478312499999
2021-11-27,234.35187499999998
2021-11-28,253.22634895833335
2021-11-29,254.23834291666665
2021-11-30,203.47658229166666
2021-12-01,187.88
2021-12-02,275.66840916666666
2021-12-03,228.72011041666667
2021-12-04,169.08753770833331
2021-12-05,163.8247125
2021-12-06,241.57248708333336
2021-12-07,211.79791666666665
2021-12-08,201.74493604166665
2021-12-09,234.82059458333333
2021-12-10,254.25958020833332
2021-12-11,230.85079875
2021-12-12,160.14824770833334
2021-12-13,253.24896666666666
2021-12-14,162.01185104166666
2021-12-15,232.13958333333335
2021-12-16,214.73104208333334
2021-12-17,275.34583333333336
2021-12-18,322.46572041666667
2021-12-19,302.22387291666666
2021-12-20,305.60812916666663
2021-12-21,351.05833916666666
2021-12-22,448.1958333333334
2021-12-23,338.5160416666667
2021-12-24,164.61395979166667
2021-12-25,136.027085
2021-12-26,175.90729166666665
2021-12-27,151.01395
2021-12-28,189.550625
2021-12-29,112.85897187500001
2021-12-30,80.94625
2021-12-31,77.45172270833334
2022-01-01,7.873490208333333
2022-01-02,34.743382708333336
2022-01-03,57.509791666666665
2022-01-04,151.104089375
2022-01-05,204.40562708333334
2022-01-06,171.47770833333334
2022-01-07,214.42501020833333
2022-01-08,185.76752291666665
2022-01-09,195.55895833333332
2022-01-10,206.881071875
2022-01-11,172.56458333333333
2022-01-12,167.80219
2022-01-13,146.86625
2022-01-14,241.14248166666667
2022-01-15,242.8125
2022-01-16,186.76055666666664
2022-01-17,232.05139520833333
2022-01-18,248.2591666666667
2022-01-19,182.98916666666665
2022-01-20,190.74146541666667
2022-01-21,157.16016375
2022-01-22,182.74916666666664
2022-01-23,174.74193875
2022-01-24,777.9035037499999
2022-01-25,288.28691083333337
2022-01-26,188.69343354166665
2022-01-27,204.41505458333333
2022-01-28,197.22680020833332
2022-01-29,189.829668125
2022-01-30,176.72058875000002
2022-01-31,178.99610729166668
2022-02-01,132.49699354166668
2022-02-02,161.57188
2022-02-03,136.399593125
2022-02-04,168.87387520833332
2022-02-05,129.47585729166667
2022-02-06,139.12812729166666
2022-02-07,172.37401708333334
2022-02-08,107.65177520833333
2022-02-09,147.46500833333332
2022-02-10,167.44062916666667
2022-02-11,123.35046625
2022-02-12,104.50505208333334
2022-02-13,144.09754125
2022-02-14,138.24059208333333
2022-02-15,167.28115208333332
2022-02-16,160.87395833333332
2022-02-17,149.30256875
2022-02-18,151.12791666666666
2022-02-19,179.68083333333334
2022-02-20,189.86833333333334
2022-02-21,223.46041666666667
2022-02-22,142.21797041666667
2022-02-23,171.171669375
2022-02-24,228.51454291666667
2022-02-25,199.82241041666666
2022-02-26,148.95516354166668
2022-02-27,99.87533520833334
2022-02-28,188.05225416666667
2022-03-01,228.68748041666666
2022-03-02,262.69461104166663
2022-03-03,318.718125
2022-03-04,349.61625000000004
2022-03-05,313.40458333333333
2022-03-06,304.68991666666665
2022-03-07,348.5568797916667
2022-03-08,328.4527375
2022-03-09,278.317560625
2022-03-10,249.45208541666668
2022-03-11,192.89741916666665
2022-03-12,159.592115
2022-03-13,234.29875
2022-03-14,220.32625
2022-03-15,206.197653125
2022-03-16,237.72227604166665
2022-03-17,201.756875
2022-03-18,186.546126875
2022-03-19,71.39228812500001
2022-03-20,137.62394020833332
2022-03-21,225.31729166666665
2022-03-22,216.623125
2022-03-23,226.06562499999998
2022-03-24,229.04333333333332
2022-03-25,211.27354375000002
2022-03-26,194.91458333333333
2022-03-27,171.03630434782607
2022-03-28,212.18968208333334
2022-03-29,254.26299375
2022-03-30,237.78830416666668
2022-03-31,245.59208333333333
2022-04-01,267.2474179166667
2022-04-02,246.1149783333333
2022-04-03,203.03208333333336
2022-04-04,179.2385416666667
2022-04-05,200.38020833333334
2022-04-06,204.63302624999997
2022-04-07,212.07625270833333
2022-04-08,211.39415770833332
2022-04-09,218.03166666666667
2022-04-10,181.64808875000003
2022-04-11,158.89208333333332
2022-04-12,208.88229375
2022-04-13,193.91854625
2022-04-14,160.66851229166667
2022-04-15,133.46241041666667
2022-04-16,114.80023666666666
2022-04-17,98.43496541666667
2022-04-18,129.49257395833334
2022-04-19,121.12816458333333
2022-04-20,155.24797895833333
2022-04-21,143.0661025
2022-04-22,149.94229166666665
2022-04-23,163.51826270833334
2022-04-24,139.12924479166665
2022-04-25,222.16541979166666
2022-04-26,157.74754104166666
2022-04-27,164.96638020833333
2022-04-28,178.84122104166667
2022-04-29,147.47219541666666
2022-04-30,98.56458333333335
2022-05-01,114.67580291666667
2022-05-02,168.46480104166668
2022-05-03,194.47480291666668
2022-05-04,158.305244375
2022-05-05,127.79431
2022-05-06,122.57998041666667
2022-05-07,175.99625416666666
2022-05-08,139.15416666666667
2022-05-09,79.48280708333333
2022-05-10,67.76354979166666
2022-05-11,53.94895833333334
2022-05-12,74.51868416666666
2022-05-13,85.938125
2022-05-14,107.803033125
2022-05-15,113.33387708333333
2022-05-16,140.594605
2022-05-17,136.61115666666666
2022-05-18,78.60380854166667
2022-05-19,120.67398979166667
2022-05-20,85.739375
2022-05-21,128.17340791666666
2022-05-22,122.96917333333333
2022-05-23,143.01458333333332
2022-05-24,121.41812499999999
2022-05-25,103.67396375
2022-05-26,108.12479166666667
2022-05-27,124.70129916666667
2022-05-28,161.73813916666668
2022-05-29,162.11394708333333
2022-05-30,168.68165104166667
2022-05-31,129.04444347826086
2022-06-01,151.41955708333333
2022-06-02,164.2875
2022-06-03,123.69301354166667
2022-06-04,112.90009854166668
2022-06-05,160.82126416666668
2022-06-06,146.54721145833335
2022-06-07,163.05744020833333
2022-06-08,142.51375
2022-06-09,78.75625000000001
2022-06-10,24.823333333333334
2022-06-11,94.82645729166667
2022-06-12,133.22375
2022-06-13,148.380418125
2022-06-14,192.91215187499998
2022-06-15,186.11200020833334
2022-06-16,193.90780166666664
2022-06-17,156.01541666666665
2022-06-18,183.73546604166665
2022-06-19,165.57500333333334
2022-06-20,159.60128749999998
2022-06-21,235.22214499999998
2022-06-22,190.95958791666666
2022-06-23,227.84054291666666
2022-06-24,247.75355333333334
2022-06-25,120.81229354166668
2022-06-26,163.00044208333333
2022-06-27,189.82222833333333
2022-06-28,152.76833333333335
2022-06-29,208.67938479166665
2022-06-30,254.481665
2022-07-01,250.01709791666667
2022-07-02,175.05417104166668
2022-07-03,164.33043333333333
2022-07-04,134.02814874999999
2022-07-05,288.67738395833334
2022-07-06,220.7175025
2022-07-07,219.12382270833334
2022-07-08,230.431875
2022-07-09,162.67227541666668
2022-07-10,202.15626791666668
2022-07-11,314.7793833333333
2022-07-12,353.53439625000004
2022-07-13,231.30987374999998
2022-07-14,206.99479458333334
2022-07-15,172.36521625
2022-07-16,141.13814937499998
2022-07-17,127.57694291666667
2022-07-18,283.31955625
2022-07-19,405.66938270833333
2022-07-20,184.81145833333335
2022-07-21,195.88583333333335
2022-07-22,261.26064708333337
2022-07-23,254.40070145833332
2022-07-24,249.60652416666667
2022-07-25,226.11993708333333
2022-07-26,235.95917166666666
2022-07-27,211.565704375
2022-07-28,260.7941460416667
2022-07-29,338.8049139583333
2022-07-30,277.225165
2022-07-31,241.60688604166668
2022-08-01,251.31936562500002
2022-08-02,213.55220166666666
2022-08-03,325.5964604166667
2022-08-04,282.50463291666665
2022-08-05,218.88337458333334
2022-08-06,213.5270833333333
2022-08-07,181.56125
2022-08-08,256.88774333333333
2022-08-09,266.20147645833333
2022-08-10,316.75683291666667
2022-08-11,408.13778333333335
2022-08-12,328.57459312500004
2022-08-13,334.93479479166666
2022-08-14,363.9081229166666
2022-08-15,380.8777235416667
2022-08-16,409.91083791666665
2022-08-17,390.4817683333333
2022-08-18,351.9985577083333
2022-08-19,331.54455624999997
2022-08-20,261.81120020833333
2022-08-21,382.31417000000005
2022-08-22,332.0983333333333
2022-08-23,523.65395
2022-08-24,500.7602354166667
2022-08-25,492.2226997916666
2022-08-26,563.7811127083334
2022-08-27,447.1333145833333
2022-08-28,354.99277750000005
2022-08-29,393.32925208333336
2022-08-30,306.67792000000003
2022-08-31,251.48814583333333
2022-09-01,360.71754104166666
2022-09-02,366.83833125
2022-09-03,261.103331875
2022-09-04,277.0032004166667
2022-09-05,283.04868479166663
2022-09-06,226.85770833333333
2022-09-07,193.306059375
2022-09-08,260.6736910416667
2022-09-09,240.96415208333335
2022-09-10,307.5129275
2022-09-11,255.37922145833332
2022-09-12,321.25828229166666
2022-09-13,252.18229166666666
2022-09-14,361.67495979166665
2022-09-15,274.1608333333333
2022-09-16,212.64511416666667
2022-09-17,144.10082833333334
2022-09-18,125.99958333333332
2022-09-19,228.36808020833334
2022-09-20,209.69333708333332
2022-09-21,244.36473333333333
2022-09-22,342.89355
2022-09-23,306.86397895833335
2022-09-24,180.79087
2022-09-25,178.67318833333334
2022-09-26,150.897936875
2022-09-27,255.10149229166666
2022-09-28,296.2369327083333
2022-09-29,232.10797395833333
2022-09-30,217.6784
2022-10-01,128.67157083333333
2022-10-02,115.81331333333333
2022-10-03,245.9248125
2022-10-04,166.69719999999998
2022-10-05,153.44104166666668
2022-10-06,123.97021124999999
2022-10-07,184.14500375
2022-10-08,137.73792958333334
2022-10-09,135.78543416666668
2022-10-10,128.52479166666666
2022-10-11,194.60376166666666
2022-10-12,194.68428833333334
2022-10-13,162.740625
2022-10-14,170.42177270833335
2022-10-15,114.72689166666667
2022-10-16,132.53770833333334
2022-10-17,73.59771083333334
2022-10-18,62.611875
2022-10-19,38.95710166666667
2022-10-20,140.46044416666666
2022-10-21,165.46889291666668
2022-10-22,64.43761739130434
2022-10-23,91.90169583333333
2022-10-24,45.720216666666666
2022-10-25,68.69062770833334
2022-10-26,42.78
2022-10-27,89.06843624999999
2022-10-28,83.92931583333333
2022-10-29,95.522189375
2022-10-30,97.31280000000001
2022-10-31,103.62566104166666
2022-11-01,82.97959895833334
2022-11-02,72.33698708333334
2022-11-03,117.43500354166667
2022-11-04,105.08901979166666
2022-11-05,124.121225
2022-11-06,154.05833333333334
2022-11-07,84.99
2022-11-08,96.85762145833333
2022-11-09,63.170698125
2022-11-10,58.098304375
2022-11-11,66.614169375
2022-11-12,149.94500270833333
2022-11-13,154.00293041666666
2022-11-14,113.62403270833333
2022-11-15,122.36040895833334
2022-11-16,148.77688145833335
2022-11-17,98.91167270833334
2022-11-18,115.58993020833333
2022-11-19,73.64302166666667
2022-11-20,112.69105
2022-11-21,156.86440270833333
2022-11-22,129.11625229166665
2022-11-23,142.083628125
2022-11-24,170.61250270833332
2022-11-25,135.39374999999998
2022-11-26,125.31875000000001
2022-11-27,171.47000291666666
2022-11-28,197.70020833333334
2022-11-29,342.70677479166665
2022-11-30,304.73833333333334
2022-12-01,374.5323633333333
2022-12-02,291.60656666666665
2022-12-03,256.02620437499996
2022-12-04,295.5916629166667
2022-12-05,284.89997999999997
2022-12-06,357.11314166666665
2022-12-07,316.6603283333333
2022-12-08,347.36157041666667
2022-12-09,385.801341875
2022-12-10,395.476013125
2022-12-11,412.6666760416667
2022-12-12,543.054899375
2022-12-13,493.4231333333333
2022-12-14,398.4008541666667
2022-12-15,453.6239679166667
2022-12-16,346.41229374999995
2022-12-17,269.80541562499997
2022-12-18,278.85854166666667
2022-12-19,209.11396666666667
2022-12-20,138.28813125
2022-12-21,198.79050187500002
2022-12-22,197.92945874999998
2022-12-23,168.58541666666667
2022-12-24,105.49939458333334
2022-12-25,112.27229770833333
2022-12-26,87.055001875
2022-12-27,99.18802291666667
2022-12-28,71.038016875
2022-12-29,124.33
2022-12-30,36.013784375
2022-12-31,153.31070604166666
2023-01-01,128.96896458333333
2023-01-02,96.59466229166667
2023-01-03,163.511044375
2023-01-04,48.08877437500001
2023-01-05,119.22312770833334
2023-01-06,102.432439375
2023-01-07,100.58759125
2023-01-08,113.90061874999999
2023-01-09,151.89369604166666
2023-01-10,141.76166666666668
2023-01-11,112.938325
2023-01-12,111.61167416666666
2023-01-13,152.05521625
2023-01-14,111.79754104166666
2023-01-15,131.53629229166668
2023-01-16,124.32961458333334
2023-01-17,157.2676689361702
2023-01-18,168.79875416666667
2023-01-19,168.81520833333335
2023-01-20,156.06929229166667
2023-01-21,156.45015416666666
2023-01-22,139.93955555555556
2023-01-23,145.12439874999998
2023-01-24,142.78271666666666
2023-01-25,178.7604277083333
2023-01-26,166.22624
2023-01-27,157.02125
2023-01-28,150.92083333333332
2023-01-29,85.93541666666665
2023-01-30,147.67188333333334
2023-01-31,150.68958333333333
2023-02-01,138.18779208333333
2023-02-02,137.24233083333334
2023-02-03,142.19979166666667
2023-02-04,116.19420708333332
2023-02-05,127.61910541666667
2023-02-06,167.47491812500002
2023-02-07,164.454635625
2023-02-08,148.92174291666666
2023-02-09,145.810595
2023-02-10,137.80625
2023-02-11,164.17644458333334
2023-02-12,152.00401291666665
2023-02-13,144.5533670833333
2023-02-14,181.425238125
2023-02-15,143.23833125000002
2023-02-16,111.549375
2023-02-17,98.46820854166667
2023-02-18,108.67791666666666
2023-02-19,105.94104166666666
2023-02-20,97.29757833333333
2023-02-21,145.36249999999998
2023-02-22,132.86459166666666
2023-02-23,127.90270833333334
2023-02-24,128.84875520833333
2023-02-25,137.66552666666666
2023-02-26,118.27674416666667
2023-02-27,155.80430291666667
2023-02-28,126.28588479166666
2023-03-01,121.84736520833333
2023-03-02,131.04284666666666
2023-03-03,174.5193822916667
2023-03-04,160.07344750000001
2023-03-05,149.45625312500002
2023-03-06,141.50414520833334
2023-03-07,238.12437333333332
2023-03-08,154.84583333333333
2023-03-09,152.68448854166667
2023-03-10,134.52020833333333
2023-03-11,130.06645833333332
2023-03-12,113.91350895833334
2023-03-13,104.141588125
2023-03-14,179.3256
2023-03-15,138.58090479166665
2023-03-16,122.01459166666666
2023-03-17,144.24916020833334
2023-03-18,107.20782608695652
2023-03-19,116.7035575
2023-03-20,163.295
2023-03-21,98.04417208333332
2023-03-22,87.357551875
2023-03-23,88.12461666666667
2023-03-24,23.654451666666663
2023-03-25,65.20062208333333
2023-03-26,129.6275352173913
2023-03-27,90.54040333333334
2023-03-28,130.80186895833333
2023-03-29,125.17507770833333
2023-03-30,110.788325
2023-03-31,111.81157833333333
2023-04-01,116.54511854166667
2023-04-02,139.97459958333334
2023-04-03,107.00146124999999
2023-04-04,100.89437500000001
2023-04-05,101.16875
2023-04-06,92.30840333333333
2023-04-07,86.76520291666667
2023-04-08,110.58456333333334
2023-04-09,60.80610166666667
2023-04-10,-9.337055833333334
2023-04-11,76.32093541666667
2023-04-12,104.61062500000001
2023-04-13,101.90480000000001
2023-04-14,101.13430958333333
2023-04-15,97.89917291666666
2023-04-16,114.44441625
2023-04-17,142.34396166666667
2023-04-18,105.8436625
2023-04-19,89.68746395833334
2023-04-20,99.69979645833332
2023-04-21,106.35479166666666
2023-04-22,95.31373520833334
2023-04-23,108.60583333333334
2023-04-24,94.40479166666667
2023-04-25,86.63446354166666
2023-04-26,88.93854541666667
2023-04-27,99.71668
2023-04-28,126.177486875
2023-04-29,101.91698833333334
2023-04-30,91.288125
2023-05-01,90.575
2023-05-02,96.415391875
2023-05-03,75.25801083333333
2023-05-04,63.564847500000006
2023-05-05,89.28483125000001
2023-05-06,94.55729166666667
2023-05-07,77.93270833333334
2023-05-08,97.11856020833334
2023-05-09,90.89653770833333
2023-05-10,83.74418041666667
2023-05-11,93.768335625
2023-05-12,86.96708333333333
2023-05-13,107.68333291666666
2023-05-14,91.178549375
2023-05-15,79.36729166666667
2023-05-16,63.869395
2023-05-17,65.0505825
2023-05-18,67.956586875
2023-05-19,84.684171875
2023-05-20,54.92040729166666
2023-05-21,73.694206875
2023-05-22,79.88833333333334
2023-05-23,63.62158770833333
2023-05-24,52.05017604166667
2023-05-25,70.4777125
2023-05-26,58.083003749999996
2023-05-27,35.488123333333334
2023-05-28,36.69335958333333
2023-05-29,26.50039729166667
2023-05-30,87.13624291666667
2023-05-31,74.964485
2023-06-01,71.85416666666667
2023-06-02,51.31782458333333
2023-06-03,66.55220208333334
2023-06-04,75.85276479166667
2023-06-05,78.21964166666667
2023-06-06,103.61979124999999
2023-06-07,66.54892354166667
2023-06-08,68.41807041666667
2023-06-09,81.35312499999999
2023-06-10,92.68833270833333
2023-06-11,131.55501229166666
2023-06-12,136.20263645833333
2023-06-13,94.50500020833333
2023-06-14,97.76324770833334
2023-06-15,106.99737291666666
2023-06-16,95.24951208333333
2023-06-17,94.34973520833334
2023-06-18,95.30375562500001
2023-06-19,83.182229375
2023-06-20,101.527561875
2023-06-21,93.08185312500001
2023-06-22,98.93067916666666
2023-06-23,90.98956520833333
2023-06-24,103.133114375
2023-06-25,106.54874729166666
2023-06-26,84.48125145833333
2023-06-27,84.74900958333333
2023-06-28,109.60745166666668
2023-06-29,83.58604166666667
2023-06-30,68.15906375
2023-07-01,0.8835814583333336
2023-07-02,5.248866666666666
2023-07-03,23.803542916666668
2023-07-04,86.09991166666667
2023-07-05,70.61263395833333
2023-07-06,86.60083333333334
2023-07-07,56.87221208333333
2023-07-08,99.69000395833332
2023-07-09,99.17062499999999
2023-07-10,90.06000479166666
2023-07-11,89.31269375
2023-07-12,89.78845916666667
2023-07-13,63.05702604166667
2023-07-14,73.98270833333333
2023-07-15,37.51224666666666
2023-07-16,26.04313479166667
2023-07-17,46.96748125
2023-07-18,83.99332875
2023-07-19,88.21732270833333
2023-07-20,93.35375270833333
2023-07-21,78.93430395833333
2023-07-22,72.07126083333334
2023-07-23,15.542201666666665
2023-07-24,108.42159395833333
2023-07-25,85.18311583333333
2023-07-26,85.67800416666667
2023-07-27,87.43768041666668
2023-07-28,82.01262833333332
2023-07-29,61.38022270833333
2023-07-30,54.59467645833333
2023-07-31,67.72896041666667
2023-08-01,66.09583333333333
2023-08-02,68.1368725
2023-08-03,93.99775354166667
2023-08-04,79.04755708333333
2023-08-05,63.06047229166666
2023-08-06,77.72836875
2023-08-07,60.287085625
2023-08-08,63.79333604166666
2023-08-09,73.43699854166667
2023-08-10,96.31973166666667
2023-08-11,61.47678375
2023-08-12,77.63557979166667
2023-08-13,76.166668125
2023-08-14,94.41584395833333
2023-08-15,94.57435604166666
2023-08-16,79.67233270833333
2023-08-17,69.76223145833333
2023-08-18,62.55953374999999
2023-08-19,42.173697708333336
2023-08-20,82.80814166666666
2023-08-21,98.98657916666667
2023-08-22,91.60151458333333
2023-08-23,95.159560625
2023-08-24,96.91999354166667
2023-08-25,82.96715166666667
2023-08-26,73.22499541666666
2023-08-27,69.71551125
2023-08-28,98.42378500000001
2023-08-29,84.61414229166667
2023-08-30,81.97895833333332
2023-08-31,80.14583416666666
2023-09-01,100.43977
2023-09-02,82.40372604166667
2023-09-03,66.49747416666666
2023-09-04,80.575625
2023-09-05,84.576365
2023-09-06,85.558125
2023-09-07,86.82602687500001
2023-09-08,105.93224895833333
2023-09-09,101.04775083333334
2023-09-10,94.22887416666667
2023-09-11,90.45323333333334
2023-09-12,89.19634833333333
2023-09-13,77.8412875
2023-09-14,81.78499041666667
2023-09-15,95.99742125
2023-09-16,84.59958333333334
2023-09-17,91.16028375
2023-09-18,68.09105416666667
2023-09-19,53.447300000000006
2023-09-20,71.107394375
2023-09-21,62.639068333333334
2023-09-22,78.94761020833333
2023-09-23,77.54069729166666
2023-09-24,2.0991614583333336
2023-09-25,25.759415625000003
2023-09-26,90.56050291666666
2023-09-27,89.17042083333332
2023-09-28,103.09604166666666
2023-09-29,76.04708333333333
2023-09-30,103.45332604166667
2023-10-01,81.58365145833334
2023-10-02,80.13772104166667
2023-10-03,36.699995625
2023-10-04,68.12908354166667
2023-10-05,49.86428291666667
2023-10-06,18.956675
2023-10-07,55.692204583333336
2023-10-08,76.98810291666666
2023-10-09,89.64484020833333
2023-10-10,100.76606062500001
2023-10-11,87.87625000000001
2023-10-12,92.83512979166666
2023-10-13,79.38656437499999
2023-10-14,32.09997645833334
2023-10-15,72.03679854166667
2023-10-16,127.99717791666666
2023-10-17,85.85520833333334
2023-10-18,108.70077270833333
2023-10-19,95.06340937499999
2023-10-20,99.96845541666666
2023-10-21,115.90775624999999
2023-10-22,142.50854166666667
2023-10-23,135.955504375
2023-10-24,137.65612625
2023-10-25,122.89475
2023-10-26,108.63083541666667
2023-10-27,118.35562499999999
2023-10-28,124.63145833333334
2023-10-29,85.60507019999999
2023-10-30,99.16020833333333
2023-10-31,98.39858375
2023-11-01,76.29824979166666
2023-11-02,78.24784229166667
2023-11-03,85.639641875
2023-11-04,98.24741145833333
2023-11-05,95.13375
2023-11-06,69.93833541666667
2023-11-07,101.35145895833334
2023-11-08,97.92362395833334
2023-11-09,84.25208541666667
2023-11-10,67.70229166666667
2023-11-11,78.82512979166667
2023-11-12,95.35068458333332
2023-11-13,79.935625
2023-11-14,81.10164999999999
2023-11-15,105.08417708333333
2023-11-16,115.08157083333333
2023-11-17,96.07228041666667
2023-11-18,88.54001416666667
2023-11-19,69.73812208333334
2023-11-20,95.63271250000001
2023-11-21,93.39240083333334
2023-11-22,88.32854375
2023-11-23,48.61993604166667
2023-11-24,79.07699208333334
2023-11-25,88.21999999999998
2023-11-26,94.44090895833334
2023-11-27,96.49745333333334
2023-11-28,111.8964625
2023-11-29,105.02208333333334
2023-11-30,135.72010041666667
2023-12-01,120.50417208333333
2023-12-02,151.9080625
2023-12-03,100.19395833333334
2023-12-04,99.657500625
2023-12-05,99.69133
2023-12-06,117.29187645833333
2023-12-07,102.80059958333334
2023-12-08,88.7638475
2023-12-09,50.389632291666665
2023-12-10,86.10333625
2023-12-11,81.537619375
2023-12-12,80.827650625
2023-12-13,78.63083333333334
2023-12-14,85.01728125
2023-12-15,71.52030020833332
2023-12-16,58.3848125
2023-12-17,67.54417083333334
2023-12-18,64.60980541666667
2023-12-19,62.56626208333333
2023-12-20,31.009861458333333
2023-12-21,44.13045791666667
2023-12-22,51.02950375
2023-12-23,36.79467604166667
2023-12-24,6.155416666666667
2023-12-25,35.49228333333333
2023-12-26,52.55792979166667
2023-12-27,41.076675
2023-12-28,17.693323125
2023-12-29,65.96315270833334
2023-12-30,56.29219333333333
2023-12-31,32.016124166666664
2024-01-01,67.38918625000001
2024-01-02,41.751810416666665
2024-01-03,78.159108125
2024-01-04,70.96238541666666
2024-01-05,78.403404375
2024-01-06,79.78010479166666
2024-01-07,89.37531333333334
2024-01-08,80.93181395833334
2024-01-09,65.291570625
2024-01-10,89.68437916666666
2024-01-11,92.57875270833334
2024-01-12,106.77376104166666
2024-01-13,86.570594375
2024-01-14,88.68887625
2024-01-15,83.65620833333334
2024-01-16,86.0999475
2024-01-17,74.63908520833333
2024-01-18,87.40879020833334
2024-01-19,75.10975375
2024-01-20,79.74041666666666
2024-01-21,79.02791666666667
2024-01-22,70.904145
2024-01-23,53.13958333333333
2024-01-24,47.14707791666667
2024-01-25,69.28332270833333
2024-01-26,49.17180916666667
2024-01-27,47.20708583333334
2024-01-28,64.45694041666667
2024-01-29,83.561241875
2024-01-30,57.58212291666666
2024-01-31,57.99107406507516
2024-02-01,53.39309980994318
2024-02-02,50.758586298609146
2024-02-03,32.63690917235638
2024-02-04,31.138672569786475
2024-02-05,52.68982026143791
2024-02-06,54.019793729372935
2024-02-07,70.5378513875059
2024-02-08,68.519118037252
2024-02-09,53.49000385406104
2024-02-10,71.05386659110287
2024-02-11,64.46339415355602
2024-02-12,62.815002192982455
2024-02-13,63.05940315954192
2024-02-14,55.43949718234574
2024-02-15,55.87292091836735
2024-02-16,68.95821769257101
2024-02-17,62.22151441926665
2024-02-18,51.696041666666666
2024-02-19,45.68541834145512
2024-02-20,47.986041666666665
2024-02-21,50.494286718941744
2024-02-22,70.4773931435428
2024-02-23,58.742501284264165
2024-02-24,73.04156542501863
2024-02-25,60.49518318832447
2024-02-26,54.86363651363873
2024-02-27,56.328598351482924
2024-02-28,66.59291666666667
2024-02-29,63.73057052402487
2024-03-01,79.65764018201898
2024-03-02,62.01885803181191
2024-03-03,59.410264718636405
2024-03-04,65.40189359815123
2024-03-05,65.89937450840587
2024-03-06,69.75353681474367
2024-03-07,69.88967381595275
2024-03-08,74.02041193611868
2024-03-09,69.60596506024889
2024-03-10,61.99041666666667
2024-03-11,83.31718299643592
2024-03-12,66.90407027855163
2024-03-13,61.95384141289969
2024-03-14,75.16522451819658
2024-03-15,39.74430537740145
2024-03-16,67.04469652219741
2024-03-17,71.6650886266011
2024-03-18,61.2866180444783
2024-03-19,66.35284621677557
2024-03-20,82.46042429305082
2024-03-21,61.666354956367734
2024-03-22,40.01394793300958
2024-03-23,3.7021511780761576
2024-03-24,38.8218585860782
2024-03-25,70.95375243527353
2024-03-26,68.4649832896201
2024-03-27,61.96479722939994
2024-03-28,72.48460856069907
2024-03-29,85.26435010806593
2024-03-30,72.24900341949322
2024-03-31,63.66941843589134
2024-04-01,67.9670221114475
2024-04-02,61.244348958333326
2024-04-03,64.61020977011493
2024-04-04,52.67208333333334
2024-04-05,34.07753661302
2024-04-06,24.36974139051868
2024-04-07,10.298522736170364
2024-04-08,52.68656800071539
2024-04-09,19.45260466512887
2024-04-10,47.98587131539352
2024-04-11,47.30851903260835
2024-04-12,15.806666666666667
2024-04-13,-1.1245024642622006
2024-04-14,7.097712542087542
2024-04-15,17.251238425925926
2024-04-16,50.79355324074074
2024-04-17,76.83648611111111
2024-04-18,56.1102436885547
2024-04-19,43.94128721707819
2024-04-20,69.27024283433
2024-04-21,46.11048100252814
2024-04-22,75.0706041390158
2024-04-23,68.62317620295835
2024-04-24,75.38073726488072
2024-04-25,69.09550254622819
2024-04-26,69.02042090401225
2024-04-27,81.08915265688155
2024-04-28,55.2258722088865
2024-04-29,58.17871151571697
2024-04-30,54.42777056968009
2024-05-01,75.27267053180027
2024-05-02,60.36001467708536
2024-05-03,73.22974303753459
2024-05-04,77.35970469413735
2024-05-05,72.83758849252503
2024-05-06,74.16344366778955
2024-05-07,65.40795500951856
2024-05-08,64.64426085148418
2024-05-09,66.29771697558569
2024-05-10,66.77349987151072
2024-05-11,47.131018566919685
2024-05-12,33.20597681356178
2024-05-13,91.71103016626269
2024-05-14,76.89485773230278
2024-05-15,79.08229166666666
2024-05-16,75.5225
2024-05-17,64.89561798962391
2024-05-18,74.68502315633255
2024-05-19,75.038445592512
2024-05-20,81.71881758315983
2024-05-21,84.99876294219364
2024-05-22,69.97895833333334
2024-05-23,82.61036756601622
2024-05-24,98.61416083071926
2024-05-25,65.46068049410611
2024-05-26,74.96977927429634
2024-05-27,57.192023314817135
2024-05-28,83.92078120887454
2024-05-29,63.878906507280796
2024-05-30,70.96312916708338
2024-05-31,83.53959134842056
2024-06-01,87.02028657720446
2024-06-02,45.27543222038802
2024-06-03,87.91712415463634
2024-06-04,65.98021330189637
2024-06-05,29.130838050385666
2024-06-06,45.510753585595175
2024-06-07,40.09702492567117
2024-06-08,30.971092290054887
2024-06-09,51.20293922902494
2024-06-10,50.7789096225412
2024-06-11,80.75833741830066
2024-06-12,85.79644239256095
2024-06-13,84.98680429821233
2024-06-14,89.08422340758909
2024-06-15,96.1374105744556
2024-06-16,19.359435359982804
2024-06-17,101.67723756698012
2024-06-18,85.05581326364614
2024-06-19,77.70675326430586
2024-06-20,81.79846851925875
2024-06-21,88.05530549004423
2024-06-22,76.34875000000001
2024-06-23,73.93145150152935
2024-06-24,86.13613488142784
2024-06-25,82.18488459062162
2024-06-26,93.33310261659982
2024-06-27,57.901434555042556
2024-06-28,39.760473571191504
2024-06-29,63.857924836601306
2024-06-30,86.17375277777778
2024-07-01,86.10671190216421
2024-07-02,81.39235418444893
2024-07-03,74.43881928788707
2024-07-04,22.28414032097376
2024-07-05,41.29235654324546
2024-07-06,64.99390729781781
2024-07-07,54.92365213708777
2024-07-08,73.48884455256683
2024-07-09,91.49526501685754
2024-07-10,75.69520833333333
2024-07-11,83.0409973948439
2024-07-12,64.74963384763574
2024-07-13,65.95774548014296
2024-07-14,54.45977682455804
2024-07-15,81.47457573443513
2024-07-16,91.63910613832202
2024-07-17,76.16046333348123
2024-07-18,64.15358454576823
2024-07-19,65.60088359662768
2024-07-20,68.2686717448223
2024-07-21,71.10214503602441
2024-07-22,87.24189564642495
2024-07-23,99.27414842913181
2024-07-24,81.86735485753186
2024-07-25,75.72150424494264
2024-07-26,64.35882623253829
2024-07-27,66.81409455353514
2024-07-28,76.50156292181829
2024-07-29,71.62896221979601
2024-07-30,72.31169823502519
2024-07-31,71.61200802269242
2024-08-01,87.85710664989885
2024-08-02,80.38595501301991
2024-08-03,72.01301502086999
2024-08-04,38.021132806085035
2024-08-05,53.101304967621054
2024-08-06,63.7484862163737
2024-08-07,48.641335507857825
2024-08-08,77.1975
2024-08-09,17.07554726241483
2024-08-10,17.365042394171265
2024-08-11,58.27145015312659
2024-08-12,59.18262809255422
2024-08-13,77.601043814433
2024-08-14,71.89524060287879
2024-08-15,48.938120818799185
2024-08-16,72.1655296209127
2024-08-17,79.99082696936759
2024-08-18,54.65327190375455
2024-08-19,81.54993208769383
2024-08-20,50.76551074805613
2024-08-21,8.153588134143092
2024-08-22,15.16921420052224
2024-08-23,28.389237546426287
2024-08-24,18.160860476569155
2024-08-25,5.608031518930406
2024-08-26,73.31325984438004
2024-08-27,61.360423227641945
2024-08-28,87.20773289903845
2024-08-29,82.97625210437711
2024-08-30,84.01440131142799
2024-08-31,78.66648150243932
2024-09-01,62.30793366363181
2024-09-02,90.55270255371362
2024-09-03,82.54778334484031
2024-09-04,81.69478114655222
2024-09-05,80.19025321493656
2024-09-06,94.01241894968473
2024-09-07,93.4041801734313
2024-09-08,90.5335346745894
2024-09-09,75.47562777777777
2024-09-10,71.70279385096127
2024-09-11,52.93106450346041
2024-09-12,57.182431019106794
2024-09-13,68.72388510271327
2024-09-14,21.215481353985016
2024-09-15,80.77145956176322
2024-09-16,92.09576421542222
2024-09-17,77.54553634534557
2024-09-18,82.21063699101346
2024-09-19,88.83949221004013
2024-09-20,81.80757371800108
2024-09-21,96.45759393691287
2024-09-22,98.75788469431545
2024-09-23,82.08276478537786
2024-09-24,87.06334271689268
2024-09-25,80.59875
2024-09-26,79.4268897774369
2024-09-27,60.984301117868704
2024-09-28,66.1758739876593
2024-09-29,84.36041427874069
2024-09-30,61.447875832338354
2024-10-01,90.40541278371086
2024-10-02,95.65751381789822
2024-10-03,73.9223746361976
2024-10-04,87.9692134711866
2024-10-05,73.47062093351157
2024-10-06,91.17644187156246
2024-10-07,69.63083482719934
2024-10-08,70.45075032872145
2024-10-09,69.44359866216514
2024-10-10,87.09646821403477
2024-10-11,75.16457033436713
2024-10-12,76.43875
2024-10-13,88.28416666666668
2024-10-14,151.23726248569267
2024-10-15,91.21896041583368
2024-10-16,84.19463821465989
2024-10-17,88.7481140698972
2024-10-18,77.68266398762019
2024-10-19,86.21098373718752
2024-10-20,33.824155244082675
2024-10-21,63.39445814841148
2024-10-22,66.49522004908947
2024-10-23,85.83722049796792
2024-10-24,89.28925340843911
2024-10-25,103.81560042292809
2024-10-26,86.18470056035494
2024-10-27,40.91554188043829
2024-10-28,76.04023834100356
2024-10-29,89.32335890389948
2024-10-30,88.63914538968919
2024-10-31,79.74892321193936
2024-11-01,92.5534096494638
2024-11-02,82.64675911139588
2024-11-03,91.1256165264715
2024-11-04,91.13524445998773
2024-11-05,110.48642976963099
2024-11-06,95.79782566493157
2024-11-07,88.39194540194431
2024-11-08,100.66488024190244
2024-11-09,89.94163244435465
2024-11-10,83.25631227526686
2024-11-11,103.6666765702966
2024-11-12,99.25549364703083
2024-11-13,101.33541528978975
2024-11-14,90.13542970975455
2024-11-15,92.43315975195854
2024-11-16,83.56742079210986
2024-11-17,88.24158933488145
2024-11-18,95.94407937533919
2024-11-19,97.19254968378742
2024-11-20,98.35208333333333
2024-11-21,103.12534420601769
2024-11-22,112.31126017570155
2024-11-23,70.80239285193508
2024-11-24,33.716986766254934
2024-11-25,86.02666765231801
2024-11-26,117.88512181570523
2024-11-27,101.63558596754596
2024-11-28,109.09309244787296
2024-11-29,100.28290232177204
2024-11-30,100.64304712649745
2024-12-01,102.10387146963893
2024-12-02,92.86161939708063
2024-12-03,115.62250980725624
2024-12-04,125.0630749521813
2024-12-05,92.57220329630469
2024-12-06,66.93648300851885
2024-12-07,64.30758238969474
2024-12-08,58.59740343800191
2024-12-09,96.10106894054958
2024-12-10,115.80194742929565
2024-12-11,150.31051528714542
2024-12-12,174.93244023936734
2024-12-13,107.87829871582348
2024-12-14,74.22910696983978
2024-12-15,54.146153157884406
2024-12-16,83.85625118147448
2024-12-17,87.97124339248039
2024-12-18,55.34941494113329
2024-12-19,47.16663622061379
2024-12-20,67.55730026335493
2024-12-21,9.956672891447532
2024-12-22,51.05408686823228
2024-12-23,75.18531401715695
2024-12-24,101.26063312249028
2024-12-25,84.36637198671914
2024-12-26,102.770625
2024-12-27,115.77154959476768
2024-12-28,99.20761916481058
2024-12-29,96.08954883460996
2024-12-30,72.70311693602774
2024-12-31,32.48129165517387
2025-01-01,57.44328617032514
2025-01-02,109.80082511972586
2025-01-03,93.07398165838663
2025-01-04,113.46928172257043
2025-01-05,118.32270898214472
2025-01-06,102.68348773118423
2025-01-07,102.7975
2025-01-08,696.2012043627693
2025-01-09,95.6668433167686
2025-01-10,107.56045281732588
2025-01-11,118.58387043946789
2025-01-12,112.8717554990834
2025-01-13,98.22723625084679
2025-01-14,92.37522874160561
2025-01-15,103.04927758914289
2025-01-16,120.23547520342169
2025-01-17,118.1752455131553
2025-01-18,102.80007718696874
2025-01-19,111.65733179205064
2025-01-20,139.23890541207072
2025-01-21,118.70116186356934
2025-01-22,118.96629349651964
2025-01-23,116.70120499998785
2025-01-24,84.47429496039099
2025-01-25,75.98137387109175
2025-01-26,95.0034404858418
2025-01-27,76.9808441047584
2025-01-28,75.51958550720856
2025-01-29,111.3508743312705
2025-01-30,116.09067643828837
2025-01-31,136.07176950817112
2025-02-01,111.9094980304784
2025-02-02,96.16076043813763
2025-02-03,102.2679794228034
2025-02-04,119.11708383964604
2025-02-05,126.26251501474802
2025-02-06,120.03212267953603
2025-02-07,125.42729340561566
2025-02-08,135.59788554280078
2025-02-09,115.5264908486963
2025-02-10,116.61729591836735
2025-02-11,135.18127921584207
2025-02-12,131.29718255154702
2025-02-13,130.23707759852854
2025-02-14,95.06756242692752
2025-02-15,114.07626028719727
2025-02-16,87.47092957038541
2025-02-17,104.53770833333333
2025-02-18,97.84349963314732
2025-02-19,99.90541993086775
2025-02-20,74.66532719081165
2025-02-21,49.475764571962344
2025-02-22,50.83693677759601
2025-02-23,42.70233147402416
2025-02-24,53.022271838087086
2025-02-25,88.4102539684696
2025-02-26,106.04416977070106
2025-02-27,90.6412269645012
2025-02-28,100.14140537545819
2025-03-01,91.63810269555167
2025-03-02,106.29795719119427
2025-03-03,90.47766480982739
2025-03-04,78.27538561220007
2025-03-05,67.6645009664892
2025-03-06,93.57633724486196
2025-03-07,91.71836219960443
2025-03-08,87.04948951359899
2025-03-09,89.42492289774809
2025-03-10,75.76644587278763
2025-03-11,85.0006362185532
2025-03-12,88.1953171431846
2025-03-13,94.81267190417013
2025-03-14,103.84908325614235
2025-03-15,87.6887529953044
2025-03-16,98.16352044764507
2025-03-17,106.3440996374873
2025-03-18,90.31881627273528
2025-03-19,124.85750074219101
2025-03-20,112.18907923775373
2025-03-21,103.13365449641866
2025-03-22,96.07420411933403
2025-03-23,109.68611654325296
2025-03-24,93.63323486030306
2025-03-25,83.23283346793882
2025-03-26,88.72236424440938
2025-03-27,79.75344145898298
2025-03-28,46.402881889411
2025-03-29,53.55007103902053
2025-03-30,9.77995332797167
2025-03-31,90.61927431827449
2025-04-01,53.1659669577397
2025-04-02,55.8485396039604
2025-04-03,107.70457658854167
2025-04-04,72.47446419291087
2025-04-05,27.045156892892177
2025-04-06,29.29583706525298
2025-04-07,88.15704070104083
2025-04-08,89.3757561813381
2025-04-09,89.24411180288398
2025-04-10,70.6786680128367
2025-04-11,74.0496317812169
2025-04-12,64.90250484496124
2025-04-13,55.45655580593666
2025-04-14,76.8046876536469
2025-04-15,88.00486613538622
2025-04-16,70.99839335675567
2025-04-17,84.54540946318942
2025-04-18,90.83499492968662
2025-04-19,64.53733792904207
2025-04-20,94.67373544665203
2025-04-21,91.88417257864585
2025-04-22,76.39765986946553
2025-04-23,80.27010214959601
2025-04-24,73.57740213237939
2025-04-25,86.02979166666667
2025-04-26,82.64770833333334
2025-04-27,38.64687066140177
2025-04-28,90.63143039758019
2025-04-29,94.44172028352648
2025-04-30,83.57759744180389
2025-05-01,69.82223483867159
2025-05-02,73.66748079246496
2025-05-03,53.77974318114105
2025-05-04,17.35655343929066
2025-05-05,70.92723505742482
2025-05-06,78.20852344986253
2025-05-07,91.19481147294346
2025-05-08,101.99596977214931
2025-05-09,107.63089166013664
2025-05-10,73.15237345568323
2025-05-11,73.46465625171906
2025-05-12,92.12729590007773
2025-05-13,91.24713504747886
2025-05-14,76.65087209845574
2025-05-15,94.84285090857794
2025-05-16,62.943729574980104
2025-05-17,59.01251708944226
2025-05-18,74.49202536593982
2025-05-19,73.28703258468803
2025-05-20,83.96494669386283
2025-05-21,80.0877297414979
2025-05-22,93.38500528938555
2025-05-23,68.60418386355218
2025-05-24,28.240903687677413
2025-05-25,9.266349189870537
2025-05-26,28.648763029366293
2025-05-27,71.7780136898932
2025-05-28,89.63741313274106
2025-05-29,34.629763841800646
2025-05-30,71.08707348949036
2025-05-31,57.071284259340736
2025-06-01,27.044757370444618
2025-06-02,62.882799804852546
2025-06-03,0.4002931489941595
2025-06-04,34.662319960243416
2025-06-05,89.73641448006089
2025-06-06,91.34117137308164
2025-06-07,105.94104132158627
2025-06-08,41.27121950087619
2025-06-09,85.16652264322089
2025-06-10,48.75791926124458
2025-06-11,90.01379320395411
2025-06-12,81.8887896037652
2025-06-13,79.14232803786119
2025-06-14,77.4004388405465
2025-06-15,61.158176956995284
2025-06-16,82.88306450082068
2025-06-17,75.57878352553132
2025-06-18,116.03451693847437
2025-06-19,110.3452418786198
2025-06-20,105.52847544002883
2025-06-21,94.36639536999724
2025-06-22,16.522573691758563
2025-06-23,37.10472076276961
2025-06-24,73.61174485453245
2025-06-25,98.32721519173897
2025-06-26,49.088077395407026
2025-06-27,52.924813264683
2025-06-28,1.4414044503894685
2025-06-29,65.41724767140765
2025-06-30,116.91014107660298
2025-07-01,89.55879805354628
2025-07-02,78.83162029673576
2025-07-03,81.83561614311652
2025-07-04,50.41178488023714
2025-07-05,15.10823444743371
2025-07-06,96.0652811251815
2025-07-07,68.29126722347151
2025-07-08,73.6512881858336
2025-07-09,77.67640522062173
2025-07-10,82.45241515666656
2025-07-11,82.66968797550223
2025-07-12,79.65425257908771
2025-07-13,78.63180552722808
2025-07-14,72.75142650903462
2025-07-15,92.23136815873416
2025-07-16,86.9499236962695
2025-07-17,85.17542770834491
2025-07-18,91.77387879435673
2025-07-19,86.84906556803476
2025-07-20,97.95975524861295
2025-07-21,71.09517722077098
2025-07-22,86.70279101704341
2025-07-23,90.65106727914326
2025-07-24,86.12633551231859
2025-07-25,79.10902400460307
2025-07-26,79.74410707667779
2025-07-27,82.94624204213694
2025-07-28,71.54786563730723
2025-07-29,74.79094551369231
2025-07-30,73.54160890342926
2025-07-31,77.91156190648026
2025-08-01,90.13884905299615
2025-08-02,48.31835019272287
2025-08-03,52.808997919629604
2025-08-04,35.23483825128839
2025-08-05,27.73746909477291
2025-08-06,50.927570116833415
2025-08-07,50.400557359471584
2025-08-08,78.58717083975787
2025-08-09,40.71840278347424
2025-08-10,71.36283267904471
2025-08-11,87.39206130746591
2025-08-12,84.13558735258368
2025-08-13,100.43744851286466
2025-08-14,79.16838374911752
2025-08-15,72.72873328775546
2025-08-16,87.04687948757292
2025-08-17,77.35990048048255
2025-08-18,96.81473279090069
2025-08-19,75.4728295797083
2025-08-20,88.01818662983412
2025-08-21,67.68686849020973
2025-08-22,89.08473926908283
2025-08-23,80.63430676611928
2025-08-24,84.22964280871616
2025-08-25,78.76249036149876
2025-08-26,104.20125277777778
2025-08-27,75.08331379759413
2025-08-28,72.6614168333861
2025-08-29,83.10102820086897
2025-08-30,41.13717284954027
2025-08-31,36.855869448773625
2025-09-01,41.58661232480562
2025-09-02,80.75958691424434
2025-09-03,99.08151333203021
2025-09-04,77.2073786680822
2025-09-05,74.11143653615908
2025-09-06,17.5890390369482
2025-09-07,29.588541507905934
2025-09-08,84.41070553109957
2025-09-09,74.69403920894204
2025-09-10,50.474741854948945
2025-09-11,4.550044646961184
2025-09-12,18.554308751106834
2025-09-13,32.71739808652832
2025-09-14,77.09510181215232
2025-09-15,31.99871970268911
2025-09-16,33.33092906004624
2025-09-17,65.50300271297066
2025-09-18,71.66245833767992
2025-09-19,72.71770265558506
2025-09-20,71.4833685086369
2025-09-21,39.71704058976028
2025-09-22,71.23732301854378
2025-09-23,91.49092459159539
2025-09-24,93.5272217750383
2025-09-25,88.573810931313
2025-09-26,89.17878733417984
2025-09-27,82.55146850795846
2025-09-28,95.73614802890891
2025-09-29,86.40980264352977
2025-09-30,88.70390074407351
2025-10-01,90.67205238174454
2025-10-02,85.63137643046065
2025-10-03,67.04368787937918
2025-10-04,9.577343949959824
2025-10-05,40.816734242691275
2025-10-06,86.60160088074342
2025-10-07,89.05867515417934
2025-10-08,93.04029109311296
2025-10-09,97.94110217231457
2025-10-10,87.96530328241664
2025-10-11,97.5524619202
2025-10-12,117.45813220451022
2025-10-13,140.38675235400135
2025-10-14,99.40980496577002
2025-10-15,96.31000380692673
2025-10-16,82.70669527563226
2025-10-17,94.99627061335353
2025-10-18,88.78610329546301
2025-10-19,66.55791653712073
2025-10-20,76.25004997120594
2025-10-21,79.4058119364329
2025-10-22,101.37519371177075
2025-10-23,73.8324563779572
2025-10-24,36.05311193958756
2025-10-25,24.958823843499584
2025-10-26,28.813596043358594
2025-10-27,56.43853562021169
2025-10-28,50.99905969011093
2025-10-29,63.6008311332073
2025-10-30,78.4679689788658
2025-10-31,52.24070861565295
2025-11-01,53.40493784566402
2025-11-02,81.13278483810552
2025-11-03,42.60366742862787
2025-11-04,65.97295458602868
2025-11-05,85.05960221223293
2025-11-06,85.01520126357318
2025-11-07,79.45483704467574
2025-11-08,71.75886943499519
2025-11-09,81.64067985609022
2025-11-10,73.20987559046681
2025-11-11,73.33250490556533
2025-11-12,43.9063519345162
2025-11-13,59.99594735347598
2025-11-14,75.22425966057752
2025-11-15,84.92326538601256
2025-11-16,91.07727673050955
2025-11-17,81.76230444000556
2025-11-18,81.85985961742755
2025-11-19,91.20308760150478
2025-11-20,101.6895273644224
2025-11-21,98.59719163496221
2025-11-22,83.75235900076277
2025-11-23,75.54505718247442
2025-11-24,75.45099783315615
2025-11-25,97.5805819566743
2025-11-26,82.72817870269317
2025-11-27,62.283201507960314
2025-11-28,81.55190558818519
2025-11-29,47.34378892717786
2025-11-30,66.27433789697234
2025-12-01,82.83001376848647
2025-12-02,82.61331416535809
2025-12-03,81.05815023093658
2025-12-04,82.17760629587029
2025-12-05,73.0400254069249
2025-12-06,61.279113206776636
2025-12-07,76.80184009557927
2025-12-08,75.11196917479624
2025-12-09,63.23324909800308
2025-12-10,57.47937944265782
2025-12-11,70.84167076751163
2025-12-12,79.64116172216362
2025-12-13,72.82847011861709
2025-12-14,62.26837083809928
2025-12-15,82.31267658538748
2025-12-16,87.66438143348783
2025-12-17,75.02467908068003
2025-12-18,55.37018119192225
2025-12-19,63.429513521097874
2025-12-20,92.84234668711026
2025-12-21,83.46523505800339
2025-12-22,67.62365444773583
2025-12-23,72.59127019334571
2025-12-24,70.25029141878709
2025-12-25,79.88352751957866
2025-12-26,73.24971529870804
2025-12-27,72.60157932976726
2025-12-28,84.05395054400111
2025-12-29,95.80447186418128
2025-12-30,87.11141188949087
2025-12-31,73.80492251028046
2026-01-01,64.49187500000001
2026-01-02,86.85863061550673
2026-01-03,83.38211293668535
2026-01-04,93.61207623539524
2026-01-05,149.16192850517092
2026-01-06,142.34565532046926
2026-01-07,75.15858554023707
2026-01-08,145.345039933249
2026-01-09,91.55413495135043
2026-01-10,85.64341085374309
2026-01-11,83.91635527241776
2026-01-12,85.0489892151411
2026-01-13,92.92267706170789
2026-01-14,92.02966310173083
2026-01-15,105.15363479342125
2026-01-16,99.35291719418238
2026-01-17,102.18061917440421
2026-01-18,106.03657872886377
2026-01-19,105.52255247694445
2026-01-20,83.5644031761247
2026-01-21,94.77090576691292
2026-01-22,98.25958319225587
2026-01-23,91.42482020850211
2026-01-24,94.3634507074513
2026-01-25,102.63980144619353
2026-01-26,104.9815396382355
2026-01-27,100.22993920719091
2026-01-28,110.8467137529717
2026-01-29,115.88992076012137
2026-01-30,96.63844410378859
2026-01-31,96.61272876065924
2026-02-01,103.0638601982364
2026-02-02,98.67031009370585
2026-02-03,89.46810463066406
2026-02-04,89.46630283252762
2026-02-05,80.42285789234232
2026-02-06,99.33965472945441
2026-02-07,90.38593512160107
2026-02-08,83.30505537869233
2026-02-09,85.64480243552612
2026-02-10,79.44337022149583
2026-02-11,80.56043767345045
2026-02-12,79.67367138183504
2026-02-13,73.12449774242901
2026-02-14,79.90484175540607
2026-02-15,77.78861368150508
2026-02-16,78.89125166802535
2026-02-17,76.53278406672273
2026-02-18,69.73854166666666
2026-02-19,98.11885926999135
2026-02-20,78.32354727875611
2026-02-21,75.93272558723986
2026-02-22,47.4132478439035
2026-02-23,63.73291050872934
2026-02-24,74.59553090107703
2026-02-25,79.3166924871823
2026-02-26,41.73260535280398
2026-02-27,73.77600027353677
2026-02-28,77.98918571201706
2026-03-01,39.098302684561176
2026-03-02,60.96928318374257
2026-03-03,100.67395833333335
2026-03-04,136.12547237556598
2026-03-05,102.24159605529992
2026-03-06,111.42856494498348
2026-03-07,132.68427493028352
2026-03-08,137.74416666666667
2026-03-09,142.41692904278753
2026-03-10,83.23471293955195
2026-03-11,56.210681430024145
2026-03-12,88.14091012934334
2026-03-13,79.27092234867116
2026-03-14,101.82059172156299
2026-03-15,47.817428271788636
2026-03-16,103.89869270478586
2026-03-17,84.61335758267242
2026-03-18,109.65032033079042
2026-03-19,107.46022105306962
2026-03-20,130.6796666676808
2026-03-21,127.09796559217953
2026-03-22,122.74982591109081
2026-03-23,119.45570430050365
2026-03-24,49.86368234001338
2026-03-25,47.73247149984467
2026-03-26,119.93426482719599
2026-03-27,96.19606759166125
2026-03-28,56.21210112440673
2026-03-29,73.7504206417382
2026-03-30,63.31513394908796
2026-03-31,112.60566612897561
2026-04-01,122.28126397178373
2026-04-02,95.49249567127532
2026-04-03,51.776287264601685
2026-04-04,91.77818919356821
2026-04-05,15.503087397025778
2026-04-06,70.25535358556901
2026-04-07,45.335083230234126
2026-04-08,97.50308318041868
2026-04-09,102.93512953091931
2026-04-10,76.01189222042773
2026-04-11,-2.0833849244448355
2026-04-12,57.00108245373687
2026-04-13,116.7964781287702
2026-04-14,103.64588533233173
2026-04-15,92.5061693822772
2026-04-16,87.46396347352801
2026-04-17,86.68833759529196
2026-04-18,68.64715369750097
2026-04-19,99.72996756277693
2026-04-20,101.41814730508297
2026-04-21,78.3601838584227
2026-04-22,66.62315304221856
2026-04-23,109.2974372553628
2026-04-24,102.91657503963397
2026-04-25,103.2623103071485
2026-04-26,103.05269867028608
2026-04-27,92.00290884979188
2026-04-28,101.04363938951757
2026-04-29,101.27890257797276
2026-04-30,55.763121179341
2026-05-01,114.8925274014757
2026-05-02,92.36479166666668
2026-05-03,98.82279928256558
2026-05-04,112.72731472525385
2026-05-05,112.06926558437858
2026-05-06,100.62205477221995
2026-05-07,118.11407768136854
2026-05-08,106.32072726516923
2026-05-09,97.05798512596425
2026-05-10,60.2964772306974
2026-05-11,108.76730292806951
2026-05-12,104.07731457700972
2026-05-13,121.28703067908002
2026-05-14,90.45882445660983
2026-05-15,108.31760031132113
2026-05-16,101.22845108417431
2026-05-17,91.26439257978319
2026-05-18,115.33577563136136
2026-05-19,101.6191910882511
2026-05-20,110.06196055928903
2026-05-21,112.37665275178777
2026-05-22,115.19268562836288
2026-05-23,110.35698071974961
2026-05-24,88.97413006020223
2026-05-25,100.60305399340854
2026-05-26,121.88370546611792
2026-05-27,100.80687499999999
2026-05-28,68.48000315658548
2026-05-29,97.07329960480301
2026-05-30,110.25135329832148
2026-05-31,105.046875
2026-06-01,114.23106468183977
2026-06-02,121.85371493737027
2026-06-03,108.14410877821076
2026-06-04,35.360631712845134
2026-06-05,88.03417024021162
2026-06-06,90.89247092211157
2026-06-07,39.45925172831024
2026-06-08,106.96354166666667
2026-06-09,98.16086422895494
2026-06-10,101.37907300714254
2026-06-11,120.29875301932367
2026-06-12,76.76108232127326
2026-06-13,20.92800293911723
2026-06-14,46.29771498163239
2026-06-15,103.49719355633196
2026-06-16,111.45550713373301
2026-06-17,125.12891798631846
2026-06-18,108.31489196301953
2026-06-19,89.63358794537032
2026-06-20,105.61614133217334
2026-06-21,112.85560127412201
2026-06-22,101.89449642034974
2026-06-23,204.2250668045522
2026-06-24,107.80054012488233
2026-06-25,105.24791739699337
2026-06-26,115.27946717344145
2026-06-27,79.25535003757183
2026-06-28,56.037778898648526
2026-06-29,112.30234140650332
2026-06-30,110.41544881326983
2026-07-01,97.4521052199986
2026-07-02,42.597882180260584
2026-07-03,105.31802288791174
2026-07-04,62.98379268957377
2026-07-05,100.13172992219627
2026-07-06,70.05896087153972
2026-07-07,102.48083814723005
2026-07-08,117.7049050830164
2026-07-09,113.44425138593918
2026-07-10,125.14302110169581
2026-07-11,116.415
2026-07-12,66.83396590908822
2026-07-13,110.7444347300119
2026-07-14,114.07374465928764
2026-07-15,117.86207272821707
2026-07-16,120.81281411840439
2026-07-17,118.18914208141793
2026-07-18,117.08046014318269
2026-07-19,75.19335280988422
2026-07-20,114.89184626643375
2026-07-21,146.9645536374114
2026-07-22,148.11043536243844
2026-07-23,118.11851779102687
2026-07-24,129.11162319493243
2026-07-25,64.70561429569024
2026-07-26,56.50358298984395
2026-07-27,112.45528927915042
